group_type,problem_class,operation_band,method,metric,planned_instances,n,mean,sample_variance,sample_sd,min,q1,median,q3,max,iqr,lower_fence,upper_fence,whisker_low,whisker_high,outlier_count,nonzero_range
overall,ALL,ALL,XG,hv_deficit_pct,88,69,3.4982824958228935,8.632859609824626,2.9381728352540164,0.337034285850224,1.5111312819896194,2.9180671182441387,4.816864504633078,18.652064192597685,3.305733222643459,-3.4474685519755686,9.775464338598265,0.337034285850224,8.679906065950915,2,True
overall,ALL,ALL,XG,makespan_gap_pct,88,69,18.40542311881201,152.26259394023188,12.339473000911825,3.995680345572361,9.701492537313428,14.935064935064934,20.2247191011236,52.727272727272734,10.523226563810173,-6.083347308401832,36.00955894683886,3.995680345572361,28.735632183908045,9,True
overall,ALL,ALL,XG,flowtime_gap_pct,88,69,14.586924746315088,64.02793567326354,8.001745789092748,2.3457419683834857,9.636363636363644,12.576249928738381,17.413972888425434,43.440114262395426,7.77760925206179,-2.0300502417290414,29.080386766518117,2.3457419683834857,27.59764884338263,4,True
overall,ALL,ALL,XG,seconds,88,69,0.03503543333333333,0.0019339467151431372,0.04397666102767623,0.0008549,0.0100713,0.0163906,0.045322,0.1893087,0.0352507,-0.04280475000000001,0.09819805000000001,0.0008549,0.0971652,6,True
overall,ALL,ALL,XH,hv_deficit_pct,88,69,0.8979828188011804,1.9121175333363156,1.3827933805656996,0.0,0.06787237730464524,0.20571594184465303,1.136588741498823,6.279757966956057,1.0687163641941777,-1.5352021689866213,2.7396632877900897,0.0,2.691377096422043,8,True
overall,ALL,ALL,XH,makespan_gap_pct,88,69,3.0246848008296405,16.669189009574264,4.082791815605379,0.0,0.0,1.195219123505975,4.335585585585577,20.503144654088047,4.335585585585577,-6.5033783783783665,10.838963963963945,0.0,10.6951871657754,4,True
overall,ALL,ALL,XH,flowtime_gap_pct,88,69,4.490123488257616,26.805922458964904,5.177443621997723,0.0,0.8827238335435084,2.139860139860139,7.295150809671869,21.2207105064248,6.41242697612836,-8.735916630649033,16.913791273864412,0.0,15.729903354782504,2,True
overall,ALL,ALL,XH,seconds,88,69,39.81976202028986,2371.908410691028,48.7022423579349,0.7005763,9.8332048,17.9291937,46.8827464,217.6222366,37.0495416,-45.74110759999999,102.4570588,0.7005763,101.0313781,7,True
overall,ALL,ALL,XT,hv_deficit_pct,88,69,1.3635818251107203,1.6129153881917924,1.2700060583287751,0.00017893969852522673,0.34556105013833216,0.6731107916723267,2.2978543309761568,5.060703021289958,1.9522932808378246,-2.5828788711184045,5.2262942522328935,0.00017893969852522673,5.060703021289958,0,True
overall,ALL,ALL,XT,makespan_gap_pct,88,69,6.910018954640168,38.547135287398724,6.208633930857796,0.0,2.9629629629629672,5.142857142857138,8.557457212713926,33.7837837837838,5.594494249750959,-5.428778411663471,16.949198587340362,0.0,16.603773584905657,4,True
overall,ALL,ALL,XT,flowtime_gap_pct,88,69,6.975940483401618,23.30190574728441,4.827204755061091,0.0,3.2786885245901676,6.048387096774199,9.926933736457544,18.830795748348184,6.648245211867376,-6.693679293210897,19.899301554258606,0.0,18.830795748348184,0,True
overall,ALL,ALL,XT,seconds,88,69,35.606222755072466,2104.2126762844164,45.871697987805256,0.585453,8.7435831,14.8107767,44.6211723,208.578921,35.877589199999996,-45.072800699999995,98.4375561,0.585453,93.844299,7,True
overall,ALL,ALL,XE,hv_deficit_pct,88,69,1.7002117808284944,2.575384406478108,1.604800425747111,0.0567508409035522,0.4290051756600577,1.3805396220058386,2.522049190822573,6.432066645999191,2.093044015162515,-2.710560847083715,5.661615213566345,0.0567508409035522,4.809628972352586,4,True
overall,ALL,ALL,XE,makespan_gap_pct,88,69,11.22601113831487,106.87590815709099,10.338080487067751,0.44303797468354666,3.6717062634989306,9.451851851851846,14.746856948691821,46.89265536723164,11.075150685192892,-12.941019764290406,31.359582976481157,0.44303797468354666,27.586206896551737,5,True
overall,ALL,ALL,XE,flowtime_gap_pct,88,69,8.840776138696567,53.61175287072707,7.322004702998153,0.33466372493120566,2.6070375425909953,8.524173027989823,11.44781144781144,36.99245052030198,8.840773905220445,-10.654123315239673,24.708972305642106,0.33466372493120566,19.386218876664742,3,True
overall,ALL,ALL,XE,seconds,88,69,19.783545752173914,1854.872151389561,43.068226703563745,0.4295705,2.2689143,4.5124103,9.7832875,215.3897201,7.5143732,-9.002645499999998,21.0548473,0.4295705,19.6884327,10,True
overall,ALL,ALL,XHT,hv_deficit_pct,88,69,0.7282564000394537,1.1175876096630204,1.0571601627298584,0.011556258923162144,0.07369395949359259,0.19103698001177172,0.99047941005449,4.530677698651031,0.9167854505608974,-1.3014842163477536,2.3656575858958364,0.011556258923162144,2.361926924212121,6,True
overall,ALL,ALL,XHT,makespan_gap_pct,88,69,2.536903245082141,10.504395320162713,3.241048490868767,0.0,0.4184100418409997,1.195219123505975,3.2163742690058506,15.283018867924536,2.797964227164851,-3.7785362989062765,7.413320609753127,0.0,7.020083227790841,8,True
overall,ALL,ALL,XHT,flowtime_gap_pct,88,69,4.0011225021881645,18.014212722956053,4.244315342072977,0.0,0.953211275791932,2.033898305084736,6.9444649093079125,15.502544506734006,5.9912536335159805,-8.03366917448204,15.931345359581883,0.0,15.502544506734006,0,True
overall,ALL,ALL,XHT,seconds,88,69,39.81907147246377,2545.2490341572293,50.45046118874662,0.7272916,9.4402448,18.0726149,44.3348124,224.1580624,34.894567599999995,-42.901606599999994,96.6766638,0.7272916,94.7065819,8,True
overall,ALL,ALL,XHE,hv_deficit_pct,88,69,0.466126681457936,0.17882818811320542,0.422880820223861,0.020241735154924445,0.15338614529635253,0.32868801720433716,0.6581484291652839,1.7436365129935294,0.5047622838689314,-0.6037572805070446,1.415291854968681,0.020241735154924445,1.3980813189689578,3,True
overall,ALL,ALL,XHE,makespan_gap_pct,88,69,1.8442830263265697,2.4792714682169805,1.5745702487399476,0.0,0.48701298701299134,1.5748031496062964,2.850627137970352,5.319148936170204,2.3636141509573605,-3.0584082394230494,6.396048364406393,0.0,5.319148936170204,0,True
overall,ALL,ALL,XHE,flowtime_gap_pct,88,69,3.053340114643371,4.235003284632811,2.0579123607755534,0.0,1.725535610885931,2.7838427947598277,3.90920554854981,9.327817778287194,2.183669937663879,-1.5499692956098876,7.184710455045629,0.0,5.957242873812296,5,True
overall,ALL,ALL,XHE,seconds,88,69,30.067742089855074,1982.2816848879872,44.52282206787871,0.5339266,6.1604302,11.409389000000001,39.2926603,206.0527459,33.1322301,-43.53791495,88.99100545,0.5339266,73.1229804,6,True
overall,ALL,ALL,XTE,hv_deficit_pct,88,69,0.879394488036067,0.5539102291057534,0.7442514555617298,0.04369188145373348,0.3738511862001581,0.6531591157133754,1.0711902443765853,3.4699300359942065,0.6973390581764272,-0.6721574010644826,2.1171988316412262,0.04369188145373348,2.082252404135332,6,True
overall,ALL,ALL,XTE,makespan_gap_pct,88,69,5.416842348839264,33.49321357059348,5.787332163492388,0.0,2.6415094339622636,3.731343283582089,5.681818181818188,32.88288288288288,3.0403087478559243,-1.918953687821623,10.242281303602073,0.0,9.055118110236226,6,True
overall,ALL,ALL,XTE,flowtime_gap_pct,88,69,5.345456908004405,14.504414547169201,3.808466167260673,0.0,2.9541446208112943,4.639737991266379,6.7127061938669685,17.731221257026064,3.7585615730556743,-2.683697738772217,12.35054855345048,0.0,11.04088466916906,5,True
overall,ALL,ALL,XTE,seconds,88,69,28.24100984347826,1831.3359309661457,42.79411093790997,0.5433815,5.5417974,9.7424991,32.2989363,205.5534303,26.7571389,-34.59391095,72.43464465,0.5433815,61.0184296,7,True
overall,ALL,ALL,XHTE,hv_deficit_pct,88,69,0.45656924399773013,0.2542072292480791,0.5041896758642318,0.015379388100145164,0.11927887454216135,0.26896236624277536,0.558646637406568,2.2473240839845254,0.4393677628644066,-0.5397727697544485,1.2176982817031778,0.015379388100145164,0.9826283740488773,9,True
overall,ALL,ALL,XHTE,makespan_gap_pct,88,69,1.7165526504618167,2.619148142414141,1.618378244544254,0.0,0.4417261297995134,1.4866979655712154,2.4114544084400835,6.562955760816713,1.96972827864057,-2.5128662881613417,5.366046826400939,0.0,5.253164556962031,3,True
overall,ALL,ALL,XHTE,flowtime_gap_pct,88,69,3.3290248070125052,6.908776610988714,2.6284551757617467,0.0,1.3484452194129526,2.679444553099941,4.762558331045841,10.11868168509238,3.414113111632888,-3.7727244480363797,9.883727998495173,0.0,9.290548317296633,1,True
overall,ALL,ALL,XHTE,seconds,88,69,33.12925124927536,2132.6861686107973,46.18101524014817,0.6367196,7.0659434,12.9917872,44.5472329,224.066186,37.481289499999995,-49.15599084999999,100.76916714999999,0.6367196,100.3962429,5,True
overall,ALL,ALL,NSGA-II,hv_deficit_pct,88,69,2.8863300748671423,3.6419661268653614,1.9083935985182305,0.21419929486476974,1.3343617172711597,2.0415730090721174,4.543564215040785,7.631618228131176,3.2092024977696254,-3.479442029383278,9.357367961695223,0.21419929486476974,7.631618228131176,0,True
overall,ALL,ALL,NSGA-II,makespan_gap_pct,88,69,23.490431657272946,647.8690676724259,25.453272238995638,0.0,4.715605250364607,9.5100864553314,47.74774774774775,82.86852589641434,43.03214249738315,-59.83260849571012,112.29596149382247,0.0,82.86852589641434,0,True
overall,ALL,ALL,NSGA-II,flowtime_gap_pct,88,69,26.47291027228761,562.1991560081849,23.710739254780414,0.7050092764378402,5.262335389231532,17.215689011410817,43.038605230386054,87.27924238546198,37.77626984115452,-51.40206937250026,99.70300999211784,0.7050092764378402,87.27924238546198,0,True
overall,ALL,ALL,NSGA-II,seconds,88,69,0.5417891246354396,0.3736633482727073,0.6112800898710078,0.09010699996724725,0.19022449990734458,0.36935659998562187,0.578787500038743,3.127786500030197,0.38856300013139844,-0.3926200002897531,1.1616320002358407,0.09010699996724725,1.0369740999303758,6,True
overall,ALL,ALL,SPEA2,hv_deficit_pct,88,69,2.8009093690966953,3.587261395310705,1.894006704135628,0.19442887246912122,1.3867067338044659,1.8711603317571046,4.38472843382347,7.102379552568094,2.9980217000190046,-3.1103258162240413,8.881760983851978,0.19442887246912122,7.102379552568094,0,True
overall,ALL,ALL,SPEA2,makespan_gap_pct,88,69,22.930168835049873,607.4247560363549,24.645988639865003,0.0,4.742317928865236,9.253246753246746,46.93877551020409,81.27490039840637,42.196457581338855,-58.55236844314305,110.23346188221237,0.0,81.27490039840637,0,True
overall,ALL,ALL,SPEA2,flowtime_gap_pct,88,69,25.764589776360097,540.165848957432,23.24146830467972,0.7142857142857117,5.127100387763894,15.701224831629279,44.287729196050776,87.15126695674431,39.16062880828688,-53.61384282466643,103.0286724084811,0.7142857142857117,87.15126695674431,0,True
overall,ALL,ALL,SPEA2,seconds,88,69,0.5678225101336188,0.37163152963600077,0.6096158869616185,0.1234859999967739,0.21947939996607602,0.39975039998535067,0.6184911999152973,3.1565886000171304,0.3990117999492213,-0.37903829995775595,1.2170088998391293,0.1234859999967739,1.065220299991779,6,True
overall,ALL,ALL,MOEA/D,hv_deficit_pct,88,69,2.2480481527725584,2.972332566762564,1.7240454073958043,0.03488454812018427,0.9613516135385303,1.694767230028238,3.8206527246858246,6.991862534492377,2.8593011111472943,-3.3276000531824113,8.109604391406766,0.03488454812018427,6.991862534492377,0,True
overall,ALL,ALL,MOEA/D,makespan_gap_pct,88,69,18.997562535486374,504.01266981896646,22.45022649816626,0.0,1.4866979655712154,7.390146471371506,35.71428571428572,74.10358565737052,34.227587748714505,-49.85468365750054,87.05566733735748,0.0,74.10358565737052,0,True
overall,ALL,ALL,MOEA/D,flowtime_gap_pct,88,69,22.665476564237878,480.0814734835912,21.91076159067939,0.07809391898860873,3.231365790607499,15.098615190935805,36.8279569892473,75.37752751471717,33.5965911986398,-47.1635210073522,87.222843787207,0.07809391898860873,75.37752751471717,0,True
overall,ALL,ALL,MOEA/D,seconds,88,69,0.7152874768083997,0.39314139296712636,0.6270098826710201,0.23522909998428077,0.32944230001885444,0.511223700013943,0.7955720999743789,3.4549122999887913,0.4661297999555245,-0.3697523999144323,1.4947667999076657,0.23522909998428077,1.4563608999596909,4,True
overall,ALL,ALL,SMS-EMOA,hv_deficit_pct,88,69,2.9016787905616668,3.7145319558713985,1.9273121065025764,0.30692254154222054,1.3984180274064895,1.9304534661118478,4.524575512520057,7.86204760683471,3.1261574851135676,-3.2908182002638617,9.213811740190408,0.30692254154222054,7.86204760683471,0,True
overall,ALL,ALL,SMS-EMOA,makespan_gap_pct,88,69,23.44387419396316,633.8252375042526,25.175886032158882,0.0,4.958677685950419,9.645669291338589,47.19101123595506,82.86852589641434,42.23233355000464,-58.38982263905654,110.53951156096201,0.0,82.86852589641434,0,True
overall,ALL,ALL,SMS-EMOA,flowtime_gap_pct,88,69,26.438693623592503,554.453266145672,23.546831339814535,1.6093044011825652,5.718257645968494,16.610011808065273,44.22698320787492,85.44919375479907,38.50872556190643,-52.044830696891154,101.99007155073457,1.6093044011825652,85.44919375479907,0,True
overall,ALL,ALL,SMS-EMOA,seconds,88,69,0.5425366376867464,0.3705364940466663,0.6087170886763952,0.09682650002650917,0.1878116000443697,0.3797505999682471,0.5843899000901729,3.1272622999968007,0.3965783000458032,-0.4070558500243351,1.1792573501588777,0.09682650002650917,1.1674818999599665,6,True
class,FJSP,ALL,XG,hv_deficit_pct,39,32,2.8485599802891794,5.48213197423941,2.341395304992177,0.337034285850224,0.6843398202859508,2.0699374211141484,4.508753003077453,8.679906065950915,3.8244131827915027,-5.052279953901303,10.245372777264707,0.337034285850224,8.679906065950915,0,True
class,FJSP,ALL,XG,makespan_gap_pct,39,32,21.47230641801704,221.1304494508227,14.870455589887712,6.153846153846154,10.102538488659068,15.467532467532465,26.964127826196787,51.977401129943516,16.86158933753772,-15.189845517647509,52.256511832503364,6.153846153846154,51.977401129943516,0,True
class,FJSP,ALL,XG,flowtime_gap_pct,39,32,15.226658519370213,100.58031744027821,10.02897389767658,2.3457419683834857,9.613025415444778,11.997849943055428,16.22218009079323,43.440114262395426,6.609154675348453,-0.30070659757790175,26.13591210381591,2.3457419683834857,20.72958888245513,4,True
class,FJSP,ALL,XG,seconds,39,32,0.0269086125,0.0010455555049914517,0.03233505071886314,0.0019368,0.007602724999999999,0.01462335,0.03127695,0.1350907,0.023674225,-0.027908612500000006,0.0667882875,0.0019368,0.0654522,4,True
class,FJSP,ALL,XH,hv_deficit_pct,39,32,0.17075192568367475,0.04149540490747495,0.20370420935139005,0.0,0.03405524591096887,0.0784120316917658,0.20487017998381263,0.8750744236618258,0.17081493407284376,-0.22216715519829677,0.46109258109307827,0.0,0.4503858788769133,3,True
class,FJSP,ALL,XH,makespan_gap_pct,39,32,0.9070649827268629,1.4555673134624834,1.2064689442594383,0.0,0.0,0.4553709002861561,1.5475469412477239,5.319148936170204,1.5475469412477239,-2.3213204118715858,3.8688673531193096,0.0,3.0303030303030276,1,True
class,FJSP,ALL,XH,flowtime_gap_pct,39,32,1.8288442166696603,2.5716815589377933,1.6036463322496621,0.0,0.8072987284943822,1.2944283176218208,2.405635743413659,7.407407407407418,1.5983370149192766,-1.5902067938845328,4.803141265792574,0.0,3.8461538461538547,2,True
class,FJSP,ALL,XH,seconds,39,32,31.733462565625,1376.9255531332344,37.10694750492466,2.3917669,9.377897525,15.87221675,37.2074365,131.618793,27.829538975,-32.3664109375,78.9517449625,2.3917669,78.1747591,4,True
class,FJSP,ALL,XT,hv_deficit_pct,39,32,1.108394053116383,1.0085274033356189,1.0042546506417676,0.07062055121063171,0.2948041333861118,0.5644421385178899,1.9027892896415128,3.469122849420747,1.607985156255401,-2.11717360099699,4.314767024024615,0.07062055121063171,3.469122849420747,0,True
class,FJSP,ALL,XT,makespan_gap_pct,39,32,7.942730329199053,60.55710347113839,7.7818444774448166,1.195219123505975,3.1628477905073615,5.021711724331146,7.981801266196192,33.7837837837838,4.818953475688831,-4.0655824230258855,15.210231479729439,1.195219123505975,15.161290322580644,4,True
class,FJSP,ALL,XT,flowtime_gap_pct,39,32,6.908196044285778,21.131233071204587,4.596872096459133,1.526717557251911,4.143303352470223,5.88754068503996,7.315082756235459,18.830795748348184,3.1717794037652354,-0.6143657531776299,12.072751861883312,1.526717557251911,10.688216892596447,5,True
class,FJSP,ALL,XT,seconds,39,32,27.442434984375,1263.8734143853917,35.550997375395696,1.7217316999999999,7.78952375,13.764853800000001,27.12173915,148.2382852,19.3322154,-21.20879935,56.120062250000004,1.7217316999999999,38.6070077,5,True
class,FJSP,ALL,XE,hv_deficit_pct,39,32,2.1023587344226122,2.9726849405954665,1.7241475982628247,0.2680094860737281,0.5177842670246791,1.5484881456992783,3.2438668771747032,6.187628274589896,2.726082610150024,-3.571339648200357,7.332990792399739,0.2680094860737281,6.187628274589896,0,True
class,FJSP,ALL,XE,makespan_gap_pct,39,32,15.840973617657092,143.3631123100044,11.973433605695753,3.597122302158273,7.454436353280991,10.822510822510822,18.896046482253382,46.89265536723164,11.44161012897239,-9.707978840177594,36.05846167571197,3.597122302158273,34.05797101449275,3,True
class,FJSP,ALL,XE,flowtime_gap_pct,39,32,12.146980491991128,65.00013829204175,8.062266324802335,2.243753187149422,7.73846815196399,9.400205589156375,12.513555299729283,36.99245052030198,4.775087147765293,0.5758374303160503,19.676186021377223,2.243753187149422,19.386218876664742,3,True
class,FJSP,ALL,XE,seconds,39,32,3.4521226625,7.200424171934238,2.6833606116089275,0.7505392,1.838794775,2.46804625,4.0312531499999995,13.0794173,2.1924583749999993,-1.449892787499999,7.3199407124999984,0.7505392,5.7859114,3,True
class,FJSP,ALL,XHT,hv_deficit_pct,39,32,0.1926157899407012,0.06595969684937719,0.25682619969422354,0.020241735154924445,0.0541536419095906,0.09819447415855276,0.2519913124819778,1.3956907706793364,0.19783767057238721,-0.24260286394899022,0.5487478183405586,0.020241735154924445,0.4814020259656715,1,True
class,FJSP,ALL,XHT,makespan_gap_pct,39,32,0.9213478810655339,0.8500774989112317,0.9219964744570511,0.0,0.0,0.9068206009989366,1.5209790209790186,3.731343283582089,1.5209790209790186,-2.281468531468528,3.8024475524475467,0.0,3.731343283582089,0,True
class,FJSP,ALL,XHT,flowtime_gap_pct,39,32,2.263979029358598,4.205181602039511,2.0506539449745076,0.12722646310432406,0.8625979971993047,1.4646677667645824,2.8016713944609197,8.01007556675064,1.939073397261615,-2.046012098693118,5.710281490353342,0.12722646310432406,5.3254437869822535,3,True
class,FJSP,ALL,XHT,seconds,39,32,30.56142400625,1317.1227915346826,36.29218637027373,2.1758097,8.5874235,15.2855937,36.690715,129.4595856,28.103291499999997,-33.567513749999996,78.84565225,2.1758097,73.972285,4,True
class,FJSP,ALL,XHE,hv_deficit_pct,39,32,0.2696926772716941,0.06822737335332422,0.26120370087983863,0.020241735154924445,0.07420528939183768,0.2353078445717638,0.3719075404332445,1.3950250497939964,0.2977022510414068,-0.3723480871702725,0.8184609169953547,0.020241735154924445,0.5988574075542319,1,True
class,FJSP,ALL,XHE,makespan_gap_pct,39,32,1.4029746309077877,2.173558331165561,1.47429926784407,0.0,0.0,1.0545203588681828,2.14213244788784,5.319148936170204,2.14213244788784,-3.21319867183176,5.355331119719599,0.0,5.319148936170204,0,True
class,FJSP,ALL,XHE,flowtime_gap_pct,39,32,2.6878731129433966,3.635426452858187,1.9066794310681037,0.2577319587628857,1.6802520942648336,2.164755466642254,3.3420416127127703,8.01007556675064,1.6617895184479368,-0.8124321834070716,5.834725890384675,0.2577319587628857,5.825242718446599,2,True
class,FJSP,ALL,XHE,seconds,39,32,17.496170971875,407.2646805098855,20.18079979856808,1.4642186,5.323629925,8.73627505,20.059467400000003,73.1229804,14.735837475000004,-16.780126287500007,42.163223612500005,1.4642186,41.9103573,4,True
class,FJSP,ALL,XTE,hv_deficit_pct,39,32,1.100102999741623,0.9635839369867378,0.9816231135149263,0.13501511965807733,0.30914322276280604,0.6573253211407004,1.9194385728774466,3.4699300359942065,1.6102953501146406,-2.106299802409155,4.3348815980494075,0.13501511965807733,3.4699300359942065,0,True
class,FJSP,ALL,XTE,makespan_gap_pct,39,32,7.942758766802832,57.05660897782127,7.553582526048237,2.0408163265306145,3.1692307692307686,5.501490035388345,7.224182531938555,32.88288288288288,4.054951762707787,-2.913196874830911,13.306610176000234,2.0408163265306145,12.254901960784315,5,True
class,FJSP,ALL,XTE,flowtime_gap_pct,39,32,6.974666117686128,19.100966000954475,4.370465192740296,1.2820512820512775,4.382334922942016,5.725299998605726,7.533214643958974,17.731221257026064,3.150879721016958,-0.34398465858342053,12.259534225484412,1.2820512820512775,9.958289885297189,5,True
class,FJSP,ALL,XTE,seconds,39,32,15.574349581249999,359.02000983172,18.947823353401837,1.1876496,5.138517975,8.17945635,16.621274525,78.7349454,11.482756550000001,-12.085616850000001,33.84540935,1.1876496,20.8687233,5,True
class,FJSP,ALL,XHTE,hv_deficit_pct,39,32,0.23790304569794515,0.07723288929623968,0.277908059070333,0.015379388100145164,0.07168702210069156,0.16276005569180185,0.2995338476913023,1.441493754508305,0.22784682559061076,-0.2700832162852246,0.6413040860772184,0.015379388100145164,0.558646637406568,2,True
class,FJSP,ALL,XHTE,makespan_gap_pct,39,32,1.1336347339402162,1.2318984715784698,1.1099092177193906,0.0,0.0,0.9556437071763457,2.004227986015122,3.731343283582089,2.004227986015122,-3.0063419790226833,5.0105699650378055,0.0,3.731343283582089,0,True
class,FJSP,ALL,XHTE,flowtime_gap_pct,39,32,2.8806445351547554,6.197308947191711,2.4894394845409904,0.2577319587628857,1.1434259791200274,2.0792523742925395,3.5950836336183514,8.964737329083983,2.451657654498324,-2.5340605026274585,7.272570115365838,0.2577319587628857,6.642820643842606,3,True
class,FJSP,ALL,XHTE,seconds,39,32,21.7746988375,671.7392715274138,25.917933396152826,1.6879619,6.080459100000001,10.6334914,25.4288326,100.3962429,19.3483735,-22.94210115,54.451392850000005,1.6879619,54.1540609,4,True
class,FJSP,ALL,NSGA-II,hv_deficit_pct,39,32,4.663225037302516,1.5851469418820756,1.259026187925444,1.8335419055220958,3.7880254874234605,4.605700846258398,5.465463923747147,7.631618228131176,1.6774384363236865,1.271867832937931,7.9816215782326765,1.8335419055220958,7.631618228131176,0,True
class,FJSP,ALL,NSGA-II,makespan_gap_pct,39,32,44.32179404508907,572.3866376109596,23.92460318607102,2.48565965583174,23.160183428210004,51.10507470058031,64.42078722510156,82.86852589641434,41.26060379689156,-38.730722267127334,126.3116929204389,2.48565965583174,82.86852589641434,0,True
class,FJSP,ALL,NSGA-II,flowtime_gap_pct,39,32,47.01878414122598,373.03586269106034,19.31413634339005,10.937095521615326,37.63078192050013,46.28570031128051,59.83381033872301,87.27924238546198,22.203028418222885,4.3262392931657985,93.13835296605734,10.937095521615326,87.27924238546198,0,True
class,FJSP,ALL,NSGA-II,seconds,39,32,0.35929124375252286,0.03727020760161962,0.19305493415507313,0.13588360010180622,0.20125237497268245,0.26653424999676645,0.5551150999672245,0.6859262000070885,0.3538627249945421,-0.32954171251913067,1.0859091874590376,0.13588360010180622,0.6859262000070885,0,True
class,FJSP,ALL,SPEA2,hv_deficit_pct,39,32,4.545427609289533,1.7056432171263398,1.3060027630622915,1.6996079165938593,3.660003864120387,4.50135530897029,5.419046672292258,7.102379552568094,1.7590428081718712,1.0214396518625803,8.057610884550066,1.6996079165938593,7.102379552568094,0,True
class,FJSP,ALL,SPEA2,makespan_gap_pct,39,32,43.17188223176762,530.4444952793926,23.031380663768132,1.7208413001912115,24.868035190615842,49.712643678160916,60.405414199258146,81.27490039840637,35.537379008642304,-28.438033322347614,113.7114827122216,1.7208413001912115,81.27490039840637,0,True
class,FJSP,ALL,SPEA2,flowtime_gap_pct,39,32,45.75248877457942,368.59136242040626,19.19873335458374,10.665286047113632,37.22004084055904,45.03035309597713,59.422807241203465,87.15126695674431,22.20276640064443,3.9158912395923977,92.7269568421701,10.665286047113632,87.15126695674431,0,True
class,FJSP,ALL,SPEA2,seconds,39,32,0.3874738906197308,0.040846677443511094,0.20210560962900334,0.14993249997496605,0.22416337503818795,0.316704299999401,0.5824698499345686,0.757101200055331,0.3583064748963807,-0.31329633730638307,1.1199295622791396,0.14993249997496605,0.757101200055331,0,True
class,FJSP,ALL,MOEA/D,hv_deficit_pct,39,32,3.757241968561815,1.5600963260414142,1.2490381603623704,1.3932607727584423,3.0268480899003443,3.931480496182499,4.161403190274044,6.991862534492377,1.1345551003736993,1.3250154393397953,5.863235840834593,1.3932607727584423,5.240314872386964,2,True
class,FJSP,ALL,MOEA/D,makespan_gap_pct,39,32,36.49513832670224,498.1741769050975,22.319815790124647,0.19120458891013214,17.454142947501584,36.47591098067987,53.984615384615395,74.10358565737052,36.530472437113815,-37.34156570816914,108.78032404028612,0.19120458891013214,74.10358565737052,0,True
class,FJSP,ALL,MOEA/D,flowtime_gap_pct,39,32,40.40068386467886,388.74189930674794,19.716538725312514,2.2662889518413554,28.352248844052127,39.27428658112814,54.52208485778354,75.37752751471717,26.169836013731413,-10.902505176544992,93.77683887838066,2.2662889518413554,75.37752751471717,0,True
class,FJSP,ALL,MOEA/D,seconds,39,32,0.5280510093798512,0.04126876046388958,0.20314713993529315,0.2711783000268042,0.3471836500102654,0.461885699944105,0.7045146500167903,0.8819401999935508,0.35733100000652485,-0.18881284999952186,1.2405111500265775,0.2711783000268042,0.8819401999935508,0,True
class,FJSP,ALL,SMS-EMOA,hv_deficit_pct,39,32,4.687649829061493,1.733715587238909,1.3167063405478494,1.8806489840991092,4.045779904491988,4.605728190147779,5.520787188164054,7.86204760683471,1.4750072836720651,1.8332689789838907,7.733298113672151,1.8806489840991092,6.975191193239805,1,True
class,FJSP,ALL,SMS-EMOA,makespan_gap_pct,39,32,44.13997294924844,551.6519301555978,23.487271662660135,2.48565965583174,21.58602150537634,48.41318591318591,59.94465127005569,82.86852589641434,38.35862976467935,-35.95192314164268,117.48259591707472,2.48565965583174,82.86852589641434,0,True
class,FJSP,ALL,SMS-EMOA,flowtime_gap_pct,39,32,46.87269568110733,365.51910420347633,19.118553925532034,11.260678229355413,38.8183632118347,44.914203692829645,59.59600852997079,85.44919375479907,20.777645318136088,7.651895234630569,90.76247650717492,11.260678229355413,85.44919375479907,0,True
class,FJSP,ALL,SMS-EMOA,seconds,39,32,0.35674405625104555,0.03816149046718066,0.1953496620605745,0.1179453000659123,0.2012642999761738,0.2650020999717526,0.5573417000414338,0.6839598000515252,0.35607740006526,-0.3328518001217162,1.0914578001393238,0.1179453000659123,0.6839598000515252,0,True
class,JSP,ALL,XG,hv_deficit_pct,21,19,3.5596082830413915,17.838751292990224,4.223594593825291,1.2114864255469704,1.4876627103717177,2.187041157682179,3.126500503468904,18.652064192597685,1.6388377930971862,-0.9705939792740614,5.584757193114683,1.2114864255469704,4.816864504633078,2,True
class,JSP,ALL,XG,makespan_gap_pct,21,19,16.83719511484406,138.6493519456784,11.774945942367566,3.995680345572361,9.715608817872468,13.010989010989004,18.65667692175298,52.727272727272734,8.94106810388051,-3.6959933379482983,32.06827907757375,3.995680345572361,20.954773869346745,2,True
class,JSP,ALL,XG,flowtime_gap_pct,21,19,11.32292622553319,22.00519862295807,4.6909699021586215,3.571428571428581,8.217211766425503,10.383701408770541,14.513877421911747,22.808155699721965,6.296665655486244,-1.2277867168038625,23.958875905141113,3.571428571428581,22.808155699721965,0,True
class,JSP,ALL,XG,seconds,21,19,0.021641815789473683,0.0005061330057080702,0.02249739997662108,0.0008549,0.0046473,0.0134687,0.028744350000000002,0.0717369,0.024097050000000002,-0.031498275,0.064889925,0.0008549,0.0505621,2,True
class,JSP,ALL,XH,hv_deficit_pct,21,19,0.27079073591193636,0.06109021992965502,0.24716435812967658,0.0121362452932261,0.08356740618708502,0.20498975095515348,0.3996225135723841,0.7802207575096864,0.31605510738529907,-0.3905152548908636,0.8737051746503327,0.0121362452932261,0.7802207575096864,0,True
class,JSP,ALL,XH,makespan_gap_pct,21,19,1.3659430207658403,1.9911315820591113,1.4110746195928519,0.0,0.25185185185184755,1.0778859527120987,1.899922454799996,4.596527068437184,1.6480706029481484,-2.220254052570375,4.372028359222218,0.0,4.335585585585577,1,True
class,JSP,ALL,XH,flowtime_gap_pct,21,19,1.7290189716204727,1.9580500419999296,1.3993034131309512,0.0,0.5761036330596769,1.2263560756605507,2.8045295325618835,4.614102697635669,2.2284258995022066,-2.766535216193633,6.147168381815193,0.0,4.614102697635669,0,True
class,JSP,ALL,XH,seconds,21,19,26.454374984210528,782.9245670226803,27.980789249459715,0.7005763,5.20037615,17.4997045,35.46616435,87.390567,30.2657882,-40.19830614999999,80.86484665,0.7005763,62.9939975,2,True
class,JSP,ALL,XT,hv_deficit_pct,21,19,0.43364792246361034,0.05528599789307962,0.23512974693364433,0.00017893969852522673,0.28826387047297675,0.4168929388063458,0.5904558394231152,0.8369815355994903,0.30219196895013845,-0.16502408295223092,1.0437437928483229,0.00017893969852522673,0.8369815355994903,0,True
class,JSP,ALL,XT,makespan_gap_pct,21,19,3.012675462903848,4.7010490661870605,2.168190274442504,0.0,1.9355403073889499,2.5127334465195217,3.7679263006143326,8.090452261306535,1.8323859932253828,-0.813038682449124,6.516505290452407,0.0,6.354060482500845,1,True
class,JSP,ALL,XT,flowtime_gap_pct,21,19,3.3346581978098198,9.297231376886183,3.0491361689642824,0.0,1.1713394119405418,2.559608722233553,4.751467023353406,11.04088466916906,3.5801276114128644,-4.198852005178755,10.121658440472704,0.0,8.808874034097869,1,True
class,JSP,ALL,XT,seconds,21,19,22.14284287894737,566.3758382209965,23.79865202529329,0.585453,4.301141749999999,14.0110701,27.86494665,72.1515265,23.5638049,-31.0445656,63.210654,0.585453,57.3129647,2,True
class,JSP,ALL,XE,hv_deficit_pct,21,19,2.3091148254940927,2.0401519116735227,1.428338864441321,1.0744359380449708,1.449536235357618,1.9296928460389218,2.408033601663556,6.432066645999191,0.958497366305938,0.011790185898711059,3.845779651122463,1.0744359380449708,2.75983821010638,2,True
class,JSP,ALL,XE,makespan_gap_pct,21,19,12.460690647024292,25.761210393751835,5.075550255268077,3.6717062634989306,9.263370859846631,11.950970377936665,15.500413469341634,24.76265822784811,6.237042609495003,-0.09219305439587266,24.85597738358414,3.6717062634989306,24.76265822784811,0,True
class,JSP,ALL,XE,flowtime_gap_pct,21,19,9.965133190990949,19.002925655659464,4.359234526342838,1.0714285714285676,7.346628363261809,9.337177844226119,12.29071543766267,17.025941371274378,4.94408707440086,-0.06950224833948138,19.70684604926396,1.0714285714285676,17.025941371274378,0,True
class,JSP,ALL,XE,seconds,21,19,5.580297178947369,19.996516951258513,4.471746521355891,0.4295705,1.94098925,5.2296405,8.2256811,15.1916478,6.284691849999999,-7.486048524999998,17.652718874999998,0.4295705,15.1916478,0,True
class,JSP,ALL,XHT,hv_deficit_pct,21,19,0.1915075755169798,0.028427916853102687,0.16860580314183343,0.011556258923162144,0.07898121733889152,0.12015181689680743,0.24395302935229513,0.6342403924892159,0.1649718120134036,-0.1684765006812139,0.49141074737240054,0.011556258923162144,0.37976374460080287,2,True
class,JSP,ALL,XHT,makespan_gap_pct,21,19,1.193194649013015,1.4225872056038515,1.1927226021183013,0.0,0.40030473511486475,0.994035785288272,1.468043581823486,4.494382022471921,1.0677388467086213,-1.2013035349480672,3.0696518518864178,0.0,2.6225769669327326,2,True
class,JSP,ALL,XHT,flowtime_gap_pct,21,19,1.1454042650430585,0.7874448982123609,0.8873809205816636,0.0,0.35597605678611144,1.2100665861036974,1.7521913520446741,2.718560531977321,1.3962152952585627,-1.7383468861017328,3.8465142949325184,0.0,2.718560531977321,0,True
class,JSP,ALL,XHT,seconds,21,19,27.274503210526316,898.8807738401107,29.98134042767452,0.7272916,5.03644595,16.0956026,35.31337145,92.4801859,30.276925499999997,-40.37894229999999,80.72875969999998,0.7272916,65.7970276,2,True
class,JSP,ALL,XHE,hv_deficit_pct,21,19,0.331099436438776,0.07791241550818642,0.2791279554401286,0.07833201383511401,0.12827721771110356,0.19479297148121688,0.49489631576019044,0.9423320312777927,0.3666190980490869,-0.42165142936252675,1.0448249628338209,0.07833201383511401,0.9423320312777927,0,True
class,JSP,ALL,XHE,makespan_gap_pct,21,19,1.5157386467304,2.065323357168796,1.4371232922643749,0.0,0.4442669033880686,1.155778894472359,1.916847337223515,5.005107252298258,1.4725804338354465,-1.764603747365101,4.125717987976685,0.0,3.0581039755351647,2,True
class,JSP,ALL,XHE,flowtime_gap_pct,21,19,2.1159746829678707,2.298262052079069,1.5160019960669804,0.0,0.9906275528335229,2.012228155715512,3.137524680916315,5.582751796687835,2.146897128082792,-2.2297181392906653,6.3578703730405035,0.0,5.582751796687835,0,True
class,JSP,ALL,XHE,seconds,21,19,16.560713657894738,303.74757267805467,17.428355420924106,0.5339266,3.52469295,11.409389000000001,21.199569500000003,54.5562937,17.674876550000004,-22.987621875000006,47.71188432500001,0.5339266,39.2926603,2,True
class,JSP,ALL,XTE,hv_deficit_pct,21,19,0.4899688044581793,0.04793528972695971,0.21894129287770206,0.04369188145373348,0.3397043010886114,0.4809194344497558,0.6578721729942394,0.9533513188413445,0.318167871905628,-0.13754750676983063,1.1351239808526814,0.04369188145373348,0.9533513188413445,0,True
class,JSP,ALL,XTE,makespan_gap_pct,21,19,3.278871634326739,5.684537040342103,2.384226717479297,0.0,1.8959833453636388,2.6415094339622636,4.75783482938934,8.844221105527627,2.8618514840257014,-2.3967938806749136,9.050612055427893,0.0,8.844221105527627,0,True
class,JSP,ALL,XTE,flowtime_gap_pct,21,19,3.735958754765897,9.558099713206623,3.0916176531399584,0.0,1.410922831336936,3.0193687528514035,5.745528359220408,11.04088466916906,4.334605527883472,-5.090985460488271,12.247436651045616,0.0,11.04088466916906,0,True
class,JSP,ALL,XTE,seconds,21,19,14.613372563157894,240.62593942829355,15.512122337974695,0.5433815,3.1337272499999997,9.463367,18.5475009,51.6295776,15.41377365,-19.986933225,41.668161375,0.5433815,32.2989363,2,True
class,JSP,ALL,XHTE,hv_deficit_pct,21,19,0.22409647911889713,0.016050253550050193,0.1266895952714752,0.024699083218882034,0.1683117388150801,0.21645622226381667,0.2798387360466503,0.48872444577208185,0.11152699723157022,0.001021242967724767,0.44712923189400566,0.024699083218882034,0.4458810250150824,1,True
class,JSP,ALL,XHTE,makespan_gap_pct,21,19,1.1258598444526358,1.077831767662778,1.0381867691618778,0.0,0.48717464945368105,0.7997218358831715,1.6282131964951319,3.7793667007150145,1.1410385470414508,-1.2243831711084951,3.3397710170573083,0.0,2.98423423423424,1,True
class,JSP,ALL,XHTE,flowtime_gap_pct,21,19,1.945793876139976,2.420692748506123,1.5558575604810754,0.0,0.9383560666110125,1.906051452973645,2.6386094558536577,6.717818502980788,1.7002533892426452,-1.6120240172529554,5.1889895397176256,0.0,3.2056393735446997,1,True
class,JSP,ALL,XHTE,seconds,21,19,19.49849557368421,426.7964108476105,20.659051547629442,0.6367196,4.00199495,12.0763183,25.7837523,66.257548,21.78175735,-28.670641075000002,58.456388325000006,0.6367196,48.0769477,2,True
class,JSP,ALL,NSGA-II,hv_deficit_pct,21,19,1.6201986253577734,0.1474152164672892,0.3839468927694157,0.556586023185579,1.526092933991846,1.6943283965194067,1.7750302408699459,2.2068334643280174,0.24893730687809978,1.1526869736746965,2.1484362011870957,1.3343617172711597,2.0775959002563016,3,True
class,JSP,ALL,NSGA-II,makespan_gap_pct,21,19,7.02961893637063,15.183675186555668,3.896623562336458,0.0,4.978999602359336,7.973568281938337,9.377423799442152,12.504247366632693,4.398424197082816,-1.6186366932648886,15.975060095066375,0.0,12.504247366632693,0,True
class,JSP,ALL,NSGA-II,flowtime_gap_pct,21,19,13.245139526393674,35.15905043656495,5.929506761659433,2.1428571428571352,8.723010888102856,14.070118411887634,17.136477071427848,25.84271730330463,8.413466183324992,-3.8971883868846326,29.756676346415336,2.1428571428571352,25.84271730330463,0,True
class,JSP,ALL,NSGA-II,seconds,21,19,1.0189507105203934,0.9402382223723332,0.9696588175086809,0.09010699996724725,0.28556200000457466,0.7701209000078961,1.2916689499397762,3.127786500030197,1.0061069499352016,-1.2235984248982277,2.8008293748425785,0.09010699996724725,2.2711207000538707,2,True
class,JSP,ALL,SPEA2,hv_deficit_pct,21,19,1.567150478372366,0.1723883773914514,0.4151967935707734,0.19442887246912122,1.5280094062924299,1.6337652677835268,1.762613570570215,2.089568925860641,0.2346041642777852,1.176103159875752,2.114519816986893,1.3130391048150059,2.089568925860641,2,True
class,JSP,ALL,SPEA2,makespan_gap_pct,21,19,7.174097208498949,13.746012081402005,3.707561473718542,0.0,5.36483531049109,7.406119610570228,9.824551309544981,12.300373768263672,4.459715999053891,-1.324738688089747,16.51412530812582,0.0,12.300373768263672,0,True
class,JSP,ALL,SPEA2,flowtime_gap_pct,21,19,12.745328399128287,40.18536133348435,6.339192482760273,0.7142857142857117,8.355471892451426,13.214921445708526,16.03789588840482,26.213476116876432,7.682423995953393,-3.168164101478663,27.561531882334908,0.7142857142857117,26.213476116876432,0,True
class,JSP,ALL,SPEA2,seconds,21,19,1.0460349368237842,0.9249935954335824,0.9617658735022689,0.1234859999967739,0.326205600053072,0.756190299987793,1.3242065999656916,3.1565886000171304,0.9980009999126196,-1.1707958998158574,2.821208099834621,0.1234859999967739,2.253061299910769,2,True
class,JSP,ALL,MOEA/D,hv_deficit_pct,21,19,1.5749038707152554,0.08129163523232298,0.2851168799498251,1.11695682091989,1.3922930505816333,1.5507244909101936,1.7348710648790566,2.1591542305858136,0.3425780142974233,0.8784260291354984,2.248738086325192,1.11695682091989,2.1591542305858136,0,True
class,JSP,ALL,MOEA/D,makespan_gap_pct,21,19,6.618747801175884,14.09184536618298,3.753910676372439,0.0,4.360684318328878,6.5606361829025905,8.727066412762507,12.979952429493725,4.36638209443363,-2.188888823321567,15.276639554412952,0.0,12.979952429493725,0,True
class,JSP,ALL,MOEA/D,flowtime_gap_pct,21,19,12.819531192669347,34.634219675654876,5.885084508794659,5.35714285714286,8.256184153832235,11.768705048842442,16.17045831472258,26.575034959888132,7.914274160890345,-3.6152270875032837,28.0418695560581,5.35714285714286,26.575034959888132,0,True
class,JSP,ALL,MOEA/D,seconds,21,19,1.2013393263148733,0.9784156978868268,0.989148976588879,0.23522909998428077,0.47225155000342056,0.889552199980244,1.437366549973376,3.4549122999887913,0.9651149999699555,-0.9754209499515127,2.8850390499283094,0.23522909998428077,2.480868099955842,2,True
class,JSP,ALL,SMS-EMOA,hv_deficit_pct,21,19,1.6064318603597565,0.08274111700245354,0.28764755692071076,1.0961807591391648,1.4189647074898948,1.629188582900687,1.8301701103599688,2.0837402132556804,0.411205402870074,0.8021566031847838,2.44697821466508,1.0961807591391648,2.0837402132556804,0,True
class,JSP,ALL,SMS-EMOA,makespan_gap_pct,21,19,7.160252461987399,15.741050705358024,3.9674993012422854,0.0,5.363625210760747,7.973568281938337,10.000690831077385,12.725225225225234,4.637065620316638,-1.5919732197142098,16.956289261552342,0.0,12.725225225225234,0,True
class,JSP,ALL,SMS-EMOA,flowtime_gap_pct,21,19,13.028715077135924,39.65550947309988,6.297262061650276,2.499999999999991,8.785982679259918,12.42065643839112,16.940068738423577,26.53823507764774,8.154086059163658,-3.4451464094855684,29.171197827169063,2.499999999999991,26.53823507764774,0,True
class,JSP,ALL,SMS-EMOA,seconds,21,19,1.0212294368661547,0.9089850156884419,0.9534070566596631,0.09682650002650917,0.2966183999669738,0.7916604999918491,1.327792250085622,3.1272622999968007,1.0311738501186483,-1.2501423752109986,2.8745530252635945,0.09682650002650917,2.2046053999802098,2,True
class,PFSP,ALL,XG,hv_deficit_pct,28,18,4.588611970263305,3.5889525388422214,1.894453097556712,1.890667438109106,2.9804481739787976,4.143230273309168,6.367822644322462,7.7469992488772395,3.387374470343665,-2.100613531536699,11.448884349837959,1.890667438109106,7.7469992488772395,0,True
class,PFSP,ALL,XG,makespan_gap_pct,28,18,14.608537924413682,23.289286285987394,4.82589745912482,7.579944729569688,10.099153247693144,15.372181889474334,17.141827746640477,25.094339622641513,7.042674498947333,-0.4648585007278552,27.705839495061475,7.579944729569688,25.094339622641513,0,True
class,PFSP,ALL,XG,flowtime_gap_pct,28,18,16.894952032820203,31.08317956373264,5.5752291041474376,7.4034180669251715,12.366982574978074,16.85352118801756,20.29264373056317,27.59764884338263,7.925661155585097,0.4784908416004292,32.18113546394082,7.4034180669251715,27.59764884338263,0,True
class,PFSP,ALL,XG,seconds,28,18,0.06362082222222222,0.004103275521340653,0.06405681479234394,0.0101616,0.0116546,0.0434471,0.08478355,0.1893087,0.07312895,-0.098038825,0.194476975,0.0101616,0.1893087,0,True
class,PFSP,ALL,XH,hv_deficit_pct,28,18,2.85287382739317,2.0265606110936396,1.423573184312503,1.136588741498823,1.9416136864065514,2.550719047893252,3.2606958388968543,6.279757966956057,1.319082152490303,-0.03700954232890297,5.239319067632309,1.136588741498823,4.764391420134784,2,True
class,PFSP,ALL,XH,makespan_gap_pct,28,18,8.540236356413034,18.187249197701767,4.264651122624425,3.2964863797868116,5.08706214775812,8.555213394819106,10.37904161988315,20.503144654088047,5.29197947212503,-2.8509070604294253,18.317010828070696,3.2964863797868116,13.35584894074302,1,True
class,PFSP,ALL,XH,flowtime_gap_pct,28,18,12.13578584975319,16.71397909707976,4.088273363790607,6.017521183397956,9.109977061927514,11.434036608375086,13.927019510540813,21.2207105064248,4.817042448613298,1.884413389007567,21.15258318346076,6.017521183397956,20.691126279863493,1,True
class,PFSP,ALL,XH,seconds,28,18,68.30331403333334,4966.02040309998,70.46999647438604,9.8332048,10.509100125,46.814773450000004,99.77628545,217.6222366,89.267185325,-123.39167786249999,233.6770634375,9.8332048,217.6222366,0,True
class,PFSP,ALL,XT,hv_deficit_pct,28,18,2.798845872561492,1.2837898362061937,1.1330444987758397,1.0009860961454842,1.9453112157902437,2.7707259512568916,3.5409758923737074,5.060703021289958,1.5956646765834637,-0.4481857990849516,5.934472907248903,1.0009860961454842,5.060703021289958,0,True
class,PFSP,ALL,XT,makespan_gap_pct,28,18,9.187950196701598,14.305319220164083,3.782237329962794,1.4866979655712154,6.669892609714539,9.469985436958051,11.281783366866632,16.603773584905657,4.611890757152093,-0.24794352601360004,18.19961950259477,1.4866979655712154,16.603773584905657,0,True
class,PFSP,ALL,XT,flowtime_gap_pct,28,18,10.939950787732231,13.364926322353865,3.6558072053041673,5.410279531109108,8.132014995228559,10.238732199283696,13.482719289875439,18.43907996866767,5.35070429464688,0.10595855325824033,21.50877573184576,5.410279531109108,18.43907996866767,0,True
class,PFSP,ALL,XT,seconds,28,18,64.33096866111111,4310.759730602984,65.65637616106287,9.3753874,9.99170275,44.4798785,93.681516525,208.578921,83.689813775,-115.5430179125,219.2162371875,9.3753874,208.578921,0,True
class,PFSP,ALL,XE,hv_deficit_pct,28,18,0.34255287173637594,0.05013460462824888,0.22390758055110346,0.0567508409035522,0.20547980929907228,0.30173127854016824,0.40616904524999053,0.9349634772784055,0.20068923595091825,-0.0955540446273051,0.7072028991763679,0.0567508409035522,0.601330407880285,2,True
class,PFSP,ALL,XE,makespan_gap_pct,28,18,1.7183605825131971,1.2935051825525181,1.137323692953118,0.44303797468354666,0.81811254423651,1.3670496064862259,2.59698524074522,4.088050314465419,1.7788726965087098,-1.8501965005265546,5.2652942855082845,0.44303797468354666,4.088050314465419,0,True
class,PFSP,ALL,XE,flowtime_gap_pct,28,18,1.776258177639943,0.9645768172342997,0.9821287172434678,0.33466372493120566,1.189378860003204,1.7659326285180077,2.1831123021599175,3.9787881313552154,0.9937334421567134,-0.301221303231866,3.6737124653949875,0.33466372493120566,3.552322957284826,1,True
class,PFSP,ALL,XE,seconds,28,18,63.80950473888889,4605.365845913465,67.86284584301976,8.8164263,9.664189675,41.39384545,87.812693825,215.3897201,78.14850415,-107.55856654999998,205.03545004999998,8.8164263,184.0276043,1,True
class,PFSP,ALL,XHT,hv_deficit_pct,28,18,2.247074577210958,1.0154067189411073,1.0076739149849554,0.6826981518036845,1.4682594759907714,2.2078985236954676,2.7722139065738336,4.530677698651031,1.3039544305830622,-0.4876721698838218,4.728145552448427,0.6826981518036845,4.530677698651031,0,True
class,PFSP,ALL,XHT,makespan_gap_pct,28,18,6.827360743629075,12.53937261379577,3.5410976566307473,1.4866979655712154,4.223974660169705,6.901149375764293,8.574545280020917,15.283018867924536,4.350570619851212,-2.3018812696071143,15.100401209797736,1.4866979655712154,11.482959778937673,1,True
class,PFSP,ALL,XHT,flowtime_gap_pct,28,18,10.103746815316116,9.327214094423377,3.054048803543155,3.856558229867524,8.295810425977212,9.976133139734221,12.262625032610284,15.502544506734006,3.966814606633072,2.345588516027604,18.212846942559892,3.856558229867524,15.502544506734006,0,True
class,PFSP,ALL,XHT,seconds,28,18,69.51860013333334,5556.274763036814,74.54042368431249,9.4402448,10.27945505,43.72554995,98.121541525,224.1580624,87.842086475,-121.48367466250002,229.88467123750002,9.4402448,224.1580624,0,True
class,PFSP,ALL,XHE,hv_deficit_pct,28,18,0.9578714475314795,0.1593550183666008,0.39919295881390593,0.49118634492079094,0.6601679185534726,0.7872556109271955,1.2503173465513606,1.7436365129935294,0.590149427997888,-0.22505622344335952,2.135541488548193,0.49118634492079094,1.7436365129935294,0,True
class,PFSP,ALL,XHE,makespan_gap_pct,28,18,2.975628129978139,1.924258457994206,1.3871764336212629,0.32000000000000917,2.001592845809835,2.959538485854274,4.049278811420781,5.031599416626165,2.0476859656109463,-1.0699361026065843,7.1208077598372,0.32000000000000917,5.031599416626165,0,True
class,PFSP,ALL,XHE,flowtime_gap_pct,28,18,4.692500517767465,3.7989118972841864,1.949079756522084,2.2440296458962283,3.5839552197388214,3.9351796529634497,5.67984154148975,9.327817778287194,2.0958863217509283,0.44012573711242897,8.823671024116141,2.2440296458962283,7.875044710365375,1,True
class,PFSP,ALL,XHE,seconds,28,18,66.67462075555555,4944.563038270605,70.3175869770188,8.9699965,9.971848099999999,41.6076108,94.12910155,206.0527459,84.15725345,-116.264032075,220.364981725,8.9699965,206.0527459,0,True
class,PFSP,ALL,XTE,hv_deficit_pct,28,18,0.8980842443361824,0.14620494033282594,0.38236754612914775,0.31697756920027187,0.5891174569759794,0.8532573243500985,1.0851264222854984,1.6751845861136316,0.496008965309519,-0.1548959909882991,1.8291398702497768,0.31697756920027187,1.6751845861136316,0,True
class,PFSP,ALL,XTE,makespan_gap_pct,28,18,3.1830711377783643,1.5077171869303196,1.2278913579508244,1.3620213185945529,2.107471389467258,3.051797891264596,4.033009643909829,5.283018867924527,1.9255382544425714,-0.7808359921965993,6.921317025573686,1.3620213185945529,5.283018867924527,0,True
class,PFSP,ALL,XTE,flowtime_gap_pct,28,18,4.147999696988656,3.656273757346562,1.9121385298525213,1.3456336269681568,2.9655727870013635,3.771205317403159,4.97591764789182,9.369876015058098,2.0103448608904566,-0.049944504334321405,7.991434939227505,1.3456336269681568,6.981371895315891,1,True
class,PFSP,ALL,XTE,seconds,28,18,65.14424521666666,4464.348443744114,66.81577990073987,9.0958247,9.5378917,45.8626619,93.84287900000001,205.5534303,84.30498730000001,-116.91958925000002,220.30035995000003,9.0958247,205.5534303,0,True
class,PFSP,ALL,XHTE,hv_deficit_pct,28,18,1.0906970705694494,0.28281979448686934,0.5318080428941154,0.31972867117897597,0.6774671573040458,0.948135012720952,1.4323362639419412,2.2473240839845254,0.7548691066378954,-0.4548365026527974,2.5646399238987847,0.31972867117897597,2.2473240839845254,0,True
class,PFSP,ALL,XHTE,makespan_gap_pct,28,18,3.3763602417321312,3.142359975258566,1.7726702951362856,0.32000000000000917,2.1516312425437945,3.2003709593627083,4.756284439333092,6.562955760816713,2.604653196789297,-1.7553485526401515,8.663264234517037,0.32000000000000917,6.562955760816713,0,True
class,PFSP,ALL,XHTE,flowtime_gap_pct,28,18,5.586222384013952,5.859538961503004,2.42064845888514,1.366442394395495,4.073426483989695,4.840829227666554,7.651434108387628,10.11868168509238,3.578007624397933,-1.2935849526072039,13.018445544984527,1.366442394395495,10.11868168509238,0,True
class,PFSP,ALL,XHTE,seconds,28,18,67.70314208333333,5137.897407004077,71.67912811275035,9.4129925,9.866627225,44.142480899999995,100.4658905,224.066186,90.599263275,-126.0322676875,236.3647854125,9.4129925,224.066186,0,True
class,PFSP,ALL,NSGA-II,hv_deficit_pct,28,18,1.0638777827974788,0.26956555095468787,0.519197025178966,0.21419929486476974,0.7196004811213075,1.0158226767076395,1.2772949935824478,2.247680736039137,0.5576945124611403,-0.11694128757040301,2.1138367622741585,0.21419929486476974,1.9297427267443656,1,True
class,PFSP,ALL,NSGA-II,makespan_gap_pct,28,18,3.832200839885618,2.782714336036016,1.6681469767487564,1.0964912280701844,2.184195644519371,4.347826817990752,4.909119850646909,6.518231687641185,2.724924206127538,-1.9031906646719357,8.996506159838216,1.0964912280701844,6.518231687641185,0,True
class,PFSP,ALL,NSGA-II,flowtime_gap_pct,28,18,3.9095591815074346,2.113118635995861,1.4536569870488227,0.7050092764378402,2.974663299458169,4.616672963679946,5.056057925047802,5.344542447629541,2.081394625589633,-0.14742863892628044,8.178149863432251,0.7050092764378402,5.344542447629541,0,True
class,PFSP,ALL,NSGA-II,seconds,28,18,0.36255923888206276,0.07996866226153244,0.2827873092299802,0.12487709999550134,0.13503325000056066,0.2645837000454776,0.47735755002941005,1.0369740999303758,0.3423243000288494,-0.37845320004271343,0.9908440000726841,0.12487709999550134,0.5251954999985173,2,True
class,PFSP,ALL,SPEA2,hv_deficit_pct,28,18,1.0018446600739979,0.19931599803334998,0.4464482030799878,0.232288286369986,0.6526339622582339,0.9649713914622382,1.2444093033985775,1.815102295336679,0.5917753411403436,-0.23502904945228142,2.1320723151090926,0.232288286369986,1.815102295336679,0,True
class,PFSP,ALL,SPEA2,makespan_gap_pct,28,18,3.576309513355415,2.5469023129499453,1.5959017240889068,0.3654970760234022,2.4855663436376183,3.871586237158142,4.7855794822163125,6.195546950629227,2.300013138578694,-0.9644533642304229,8.235599190084354,0.3654970760234022,6.195546950629227,0,True
class,PFSP,ALL,SPEA2,flowtime_gap_pct,28,18,3.973100788825991,1.7017385764606254,1.3045070243048236,0.9845484464773735,3.6611975555414675,4.164365739431986,4.796947128133638,5.704244762954791,1.1357495725921707,1.9575731966532115,6.500571487021894,1.9608962466105329,5.704244762954791,2,True
class,PFSP,ALL,SPEA2,seconds,28,18,0.38366249442980105,0.07990991353335618,0.2826834157380942,0.14882909995503724,0.15658842495759018,0.29588664998300374,0.4963958749722224,1.065220299991779,0.3398074500146322,-0.3531227500643581,1.0061070499941707,0.14882909995503724,0.5371674000052735,2,True
class,PFSP,ALL,MOEA/D,hv_deficit_pct,28,18,0.2755781113188114,0.04507302458890182,0.2123040851912695,0.03488454812018427,0.16996864638129106,0.22211066641222854,0.32631221862603477,0.9613516135385303,0.1563435722447437,-0.06454671198582451,0.5608275769931503,0.03488454812018427,0.5503150247241462,1,True
class,PFSP,ALL,MOEA/D,makespan_gap_pct,28,18,0.9572877928747959,0.5253242541045157,0.7247925593606185,0.1936108422071703,0.389972650482856,0.6659119496855381,1.4518770794224034,2.526487367563157,1.0619044289395474,-1.2028839929264652,3.0447337228317246,0.1936108422071703,2.526487367563157,0,True
class,PFSP,ALL,MOEA/D,flowtime_gap_pct,28,18,1.5291614778873481,1.330825051553695,1.1536139092234001,0.07809391898860873,0.6003921365250797,1.129901630969865,2.5526479651964475,3.6121830209481898,1.9522558286713678,-2.327991606481972,5.481031708203499,0.07809391898860873,3.6121830209481898,0,True
class,PFSP,ALL,MOEA/D,seconds,28,18,0.5350975777578747,0.09693223242209008,0.311339416749775,0.2626648999284953,0.29027399999904446,0.4450036000343971,0.6682703000260517,1.2751252999296412,0.37799630002700724,-0.2767204500414664,1.2352647500665626,0.2626648999284953,0.716776099987328,2,True
class,PFSP,ALL,SMS-EMOA,hv_deficit_pct,28,18,1.0938242595528829,0.26928096401919444,0.5189228883169391,0.30692254154222054,0.6621883862814926,1.0950973079446646,1.4609861320848738,2.109478085656258,0.7987977458033813,-0.5360082324235793,2.6591827507899457,0.30692254154222054,2.109478085656258,0,True
class,PFSP,ALL,SMS-EMOA,makespan_gap_pct,28,18,3.839077123874863,3.107038845704299,1.7626794506387993,0.9502923976608235,2.2011384822092306,4.37523131672598,5.195961810334627,6.729559748427683,2.994823328125396,-2.2910965099788636,9.688196802522722,0.9502923976608235,6.729559748427683,0,True
class,PFSP,ALL,SMS-EMOA,flowtime_gap_pct,28,18,4.266556209270316,1.8112618381681092,1.3458312814644,1.6093044011825652,3.5340118099091766,4.078314856561105,5.442463800937125,6.311468578096346,1.908451991027948,0.6713338233672546,8.305141787479046,1.6093044011825652,6.311468578096346,0,True
class,PFSP,ALL,SMS-EMOA,seconds,28,18,0.36754771666083896,0.0965983243387465,0.31080270967085616,0.12324200000148267,0.13604875004966743,0.27142235002247617,0.4426576499827206,1.1674818999599665,0.3066088999330532,-0.32386459984991234,0.9025709998823004,0.12324200000148267,0.48330590000841767,2,True
class_size,FJSP,1-150,XG,hv_deficit_pct,19,19,2.753963218098125,5.816435319580604,2.4117286994147173,0.5045440620031316,0.8835444233616541,1.9194966794008006,4.6729113479930255,8.679906065950915,3.7893669246313717,-4.800505963585404,10.356961734940082,0.5045440620031316,8.679906065950915,0,True
class_size,FJSP,1-150,XG,makespan_gap_pct,19,19,21.044699326802036,177.0215741455296,13.304945476984473,6.153846153846154,11.466942148760328,16.326530612244895,24.615384615384617,51.72413793103448,13.148442466624289,-8.255721551176105,44.338048315321046,6.153846153846154,43.627450980392155,2,True
class_size,FJSP,1-150,XG,flowtime_gap_pct,19,19,13.695968155474823,76.91933722570215,8.770366994926846,2.3457419683834857,9.815641568021261,11.878926327812689,14.978246670578198,40.981093510475205,5.162605102556936,2.071733914185857,22.7221543244136,2.3457419683834857,17.413972888425434,2,True
class_size,FJSP,1-150,XG,seconds,19,19,0.014586199999999999,0.00015199871332444444,0.012328775824243235,0.0019368,0.00601085,0.0106516,0.0173983,0.0425121,0.011387449999999999,-0.011070324999999997,0.034479474999999996,0.0019368,0.0335697,2,True
class_size,FJSP,1-150,XH,hv_deficit_pct,19,19,0.20525313705219003,0.05998870129287205,0.24492590980309137,0.0,0.0339818006455328,0.07991563152790482,0.2546021414945143,0.8750744236618258,0.22062034084898152,-0.2969487106279395,0.5855326527679866,0.0,0.5423095903773323,2,True
class_size,FJSP,1-150,XH,makespan_gap_pct,19,19,1.1219626600613557,2.0458037777646156,1.43031597130306,0.0,0.0,0.694444444444442,1.587401574803149,5.319148936170204,1.587401574803149,-2.3811023622047234,3.9685039370078723,0.0,3.0303030303030276,1,True
class_size,FJSP,1-150,XH,flowtime_gap_pct,19,19,1.9637581122585173,3.7252568340023,1.9300924418281888,0.0,0.7020124963673435,1.142204454597362,2.548566773256955,7.407407407407418,1.8465542768896115,-2.067818918967074,5.318398188591372,0.0,4.8866498740554265,1,True
class_size,FJSP,1-150,XH,seconds,19,19,15.071425657894737,167.106656123649,12.926973973968115,2.3917669,5.59586285,9.8156155,17.521223300000003,42.2682268,11.925360450000003,-12.292177825000007,35.40926397500001,2.3917669,34.5609698,2,True
class_size,FJSP,1-150,XT,hv_deficit_pct,19,19,0.8978144602855457,0.8798909848943065,0.9380250449184747,0.2170299414383292,0.3070081771697042,0.48015264943356284,0.985365796249843,3.469122849420747,0.6783576190801388,-0.710528251450504,2.002902224870051,0.2170299414383292,1.6297605943678684,3,True
class_size,FJSP,1-150,XT,makespan_gap_pct,19,19,6.090397118351638,24.93287992663921,4.993283481501847,2.0408163265306145,3.1342062193125964,4.597701149425282,5.990515390121698,22.916666666666675,2.8563091708091015,-1.150257536901056,10.274979146335351,2.0408163265306145,6.8571428571428505,3,True
class_size,FJSP,1-150,XT,flowtime_gap_pct,19,19,5.739277013886635,13.152096724908041,3.626581961697273,1.526717557251911,3.6589949173169156,5.099150141643061,6.536620728511078,17.731221257026064,2.8776258111941626,-0.6574437994743283,10.853059445302321,1.526717557251911,10.688216892596447,1,True
class_size,FJSP,1-150,XT,seconds,19,19,13.147851736842105,135.76090014741888,11.651647958439995,1.7217316999999999,4.492181,8.7435831,15.67745325,38.6070077,11.185272249999999,-12.285727374999999,32.455361624999995,1.7217316999999999,28.8510842,2,True
class_size,FJSP,1-150,XE,hv_deficit_pct,19,19,1.8625065051858272,2.582557466142346,1.6070337476675298,0.4360648961159286,0.7065605170704037,1.409792549750566,2.7703170970567403,6.173113268476715,2.063756579986337,-2.389074352909102,5.865951967036246,0.4360648961159286,4.809628972352586,1,True
class_size,FJSP,1-150,XE,makespan_gap_pct,19,19,13.97823903240276,63.774697923023574,7.985906205498758,3.597122302158273,9.524409448818904,10.606060606060597,17.76762563279417,32.35294117647059,8.243216183975267,-2.840414827143997,30.132449908757074,3.597122302158273,27.586206896551737,1,True
class_size,FJSP,1-150,XE,flowtime_gap_pct,19,19,10.108900171715105,39.57252371964176,6.290669576415675,2.243753187149422,7.359000705774898,9.118387909319893,11.563321782299884,33.367399080224835,4.204321076524986,1.0525190909874196,17.869803397087363,2.243753187149422,13.169897377423023,1,True
class_size,FJSP,1-150,XE,seconds,19,19,2.1209863578947368,1.1451407693773525,1.070112503140372,0.7505392,1.28880915,1.9773682,2.4417334,4.5124103,1.1529242499999999,-0.44057722499999974,4.171119774999999,0.7505392,3.3575942,2,True
class_size,FJSP,1-150,XHT,hv_deficit_pct,19,19,0.2228390570596165,0.09928860171623263,0.31510093893264207,0.020241735154924445,0.06262565563748268,0.07728570234332155,0.27694180191475404,1.3956907706793364,0.21431614627727136,-0.25884856377842436,0.5984160213306611,0.020241735154924445,0.4814020259656715,1,True
class_size,FJSP,1-150,XHT,makespan_gap_pct,19,19,0.9707527113248363,1.0947864310890472,1.0463204246735545,0.0,0.0,1.0204081632652962,1.5566323440339147,3.731343283582089,1.5566323440339147,-2.334948516050872,3.8915808600847868,0.0,3.731343283582089,0,True
class_size,FJSP,1-150,XHT,flowtime_gap_pct,19,19,2.4480197395403485,5.298877983117556,2.301929187250893,0.12722646310432406,0.9354101821319682,1.5444015444015413,3.0234170572675523,8.01007556675064,2.088006875135584,-2.196600130571408,6.155427369970928,0.12722646310432406,5.825242718446599,2,True
class_size,FJSP,1-150,XHT,seconds,19,19,14.181087142105262,155.87731544999008,12.485083718181071,2.1758097,5.31397315,8.9763155,17.51233585,44.3348124,12.1983627,-12.9835709,35.8098799,2.1758097,32.8023165,2,True
class_size,FJSP,1-150,XHE,hv_deficit_pct,19,19,0.3114281880229506,0.10040524676132333,0.31686786956288787,0.020241735154924445,0.08592591942296335,0.2658384853775231,0.4324850748424758,1.3950250497939964,0.34655915541951243,-0.4339128137063053,0.9523238079717444,0.020241735154924445,0.5988574075542319,1,True
class_size,FJSP,1-150,XHE,makespan_gap_pct,19,19,1.6114243388505065,2.736659552354039,1.6542852088905464,0.0,0.0,1.5151515151515138,2.2352647352647304,5.319148936170204,2.2352647352647304,-3.3528971028970957,5.588161838161826,0.0,5.319148936170204,0,True
class_size,FJSP,1-150,XHE,flowtime_gap_pct,19,19,2.776495606265645,4.661495946879351,2.1590497786941714,0.4160887656033285,1.3433029994994516,2.136752136752129,3.4099255062427836,8.01007556675064,2.066622506743332,-1.756630760615546,6.509859266357781,0.4160887656033285,5.825242718446599,2,True
class_size,FJSP,1-150,XHE,seconds,19,19,8.259063636842106,46.93828985981508,6.85115244756786,1.4642186,3.22678305,5.5862891999999995,9.3833751,23.2830517,6.15659205,-6.008105025000001,18.618263175000003,1.4642186,17.8793386,3,True
class_size,FJSP,1-150,XTE,hv_deficit_pct,19,19,0.8911892035487514,0.8406176111793594,0.9168520116023956,0.2187355070728425,0.3774338024023105,0.5063993216424478,0.7338572712853042,3.4699300359942065,0.3564234688829937,-0.15720140092218005,1.2684924746097948,0.2187355070728425,0.762042678381647,4,True
class_size,FJSP,1-150,XTE,makespan_gap_pct,19,19,6.033316272612176,21.985396627534985,4.688858776667835,2.0408163265306145,3.398561151079138,4.878048780487809,6.5911330049261085,22.916666666666675,3.1925718538469705,-1.3902966296913175,11.379990785696563,2.0408163265306145,7.086614173228356,2,True
class_size,FJSP,1-150,XTE,flowtime_gap_pct,19,19,5.792019415437621,12.432531622971236,3.525979526737391,1.2820512820512775,4.221044307179344,5.099150141643061,6.625188588588104,17.731221257026064,2.40414428140876,0.6148278850662043,10.231405010701245,1.2820512820512775,9.958289885297189,1,True
class_size,FJSP,1-150,XTE,seconds,19,19,7.746605747368421,40.740327539874386,6.382815016892969,1.1876496,2.76739785,5.3529118,8.84228765,20.8687233,6.074889799999999,-6.344936849999998,17.954622349999998,1.1876496,17.9205287,2,True
class_size,FJSP,1-150,XHTE,hv_deficit_pct,19,19,0.2540397782048135,0.10713403949479516,0.32731336589695686,0.015379388100145164,0.06619186641194652,0.17940467192588683,0.32515296681116523,1.441493754508305,0.2589611003992187,-0.32224978418688155,0.7135946174099933,0.015379388100145164,0.558646637406568,1,True
class_size,FJSP,1-150,XHTE,makespan_gap_pct,19,19,1.290808077426072,1.5999555512631545,1.2648934940393812,0.0,0.0,1.1428571428571344,2.06207482993197,3.731343283582089,2.06207482993197,-3.0931122448979553,5.155187074829925,0.0,3.731343283582089,0,True
class_size,FJSP,1-150,XHTE,flowtime_gap_pct,19,19,2.7670924518352633,6.313202871506847,2.512608778044614,0.4160887656033285,1.104206646562489,1.637554585152845,3.469754289426419,8.654848800834202,2.36554764286393,-2.4441148177334058,7.0180757537223135,0.4160887656033285,6.642820643842606,2,True
class_size,FJSP,1-150,XHTE,seconds,19,19,10.067329410526316,76.31024331598275,8.735573439447622,1.6879619,3.7006865500000004,6.4500636,11.584095,30.4877022,7.883408449999999,-8.124426125,23.409207674999998,1.6879619,23.367289,2,True
class_size,FJSP,1-150,NSGA-II,hv_deficit_pct,19,19,5.165898120854157,1.373926338524214,1.1721460397596426,3.165208373010475,4.363602259507731,5.256808831680737,5.651243139742484,7.631618228131176,1.2876408802347532,2.4321409391556013,7.5827044600946145,3.165208373010475,6.830455167215388,1,True
class_size,FJSP,1-150,NSGA-II,makespan_gap_pct,19,19,46.44037068102975,431.837316954246,20.780695776471152,9.756097560975618,33.92001915708812,53.06122448979591,59.83140495867769,75.38461538461539,25.911385801589567,-4.947059545296227,98.69848366106203,9.756097560975618,75.38461538461539,0,True
class_size,FJSP,1-150,NSGA-II,flowtime_gap_pct,19,19,46.759760886729175,229.18767465206344,15.138945625507194,15.15151515151516,41.18781784185158,48.0453972257251,58.17857583108439,69.83050847457628,16.990757989232804,15.701680858002376,83.6647128149336,17.8470254957507,69.83050847457628,1,True
class_size,FJSP,1-150,NSGA-II,seconds,19,19,0.20987990526727549,0.004440900332334328,0.06664008052466869,0.13588360010180622,0.1473301500082016,0.218228799989447,0.24409875000128523,0.3624434999655932,0.09676859999308363,0.00217725001857616,0.38925164999091066,0.13588360010180622,0.3624434999655932,0,True
class_size,FJSP,1-150,SPEA2,hv_deficit_pct,19,19,4.996738095211885,1.5523805654379235,1.2459456510770939,2.9627001374905815,4.005194954068092,5.120454983500267,5.654099850585547,7.102379552568094,1.6489048965174558,1.531837609291908,8.127457195361732,2.9627001374905815,7.102379552568094,0,True
class_size,FJSP,1-150,SPEA2,makespan_gap_pct,19,19,44.743389293700574,395.8591143797961,19.896208542830365,7.317073170731714,37.368295019157095,50.0,56.56978363822081,70.50359712230217,19.201488619063717,8.56606209056152,85.37201656681638,9.714285714285719,70.50359712230217,1,True
class_size,FJSP,1-150,SPEA2,flowtime_gap_pct,19,19,45.34193443277637,234.79367615658416,15.32297869725675,11.473087818696893,41.63241338813858,45.76976421636616,56.11896638962457,65.9322033898305,14.486553001485987,19.9025838859096,77.84879589185354,22.262773722627728,65.9322033898305,2,True
class_size,FJSP,1-150,SPEA2,seconds,19,19,0.23410703157270818,0.00570253616878584,0.07551513867289021,0.14993249997496605,0.16873360000317916,0.2409694999223575,0.26049120002426207,0.39975039998535067,0.09175760002108291,0.0310971999715548,0.39812760005588643,0.14993249997496605,0.3687854999443516,1,True
class_size,FJSP,1-150,MOEA/D,hv_deficit_pct,19,19,4.097037058630651,1.6193736534710101,1.2725461301937193,1.3932607727584423,3.7457018245601326,3.9400641938901138,4.537744814074967,6.991862534492377,0.7920429895148349,2.5576373402878803,5.72580929834722,3.4979701101373273,5.240314872386964,4,True
class_size,FJSP,1-150,MOEA/D,makespan_gap_pct,19,19,37.25584261593585,379.4739069709338,19.480090014446386,4.878048780487809,27.34674329501916,36.170212765957444,52.77414432090691,69.23076923076923,25.427401025887754,-10.794358243812475,90.91524585973855,4.878048780487809,69.23076923076923,0,True
class_size,FJSP,1-150,MOEA/D,flowtime_gap_pct,19,19,39.191223916572476,307.1213681148418,17.524878547791474,2.2662889518413554,30.27684991769587,39.94334277620397,52.78109527899678,63.55932203389831,22.50424536130091,-3.479518124255492,86.53746332094815,2.2662889518413554,63.55932203389831,0,True
class_size,FJSP,1-150,MOEA/D,seconds,19,19,0.3734594421142614,0.005181316877558606,0.07198136479366452,0.2711783000268042,0.31500170001527295,0.36736100004054606,0.41620435001095757,0.511223700013943,0.10120264999568462,0.163197725021746,0.5680083250044845,0.2711783000268042,0.511223700013943,0,True
class_size,FJSP,1-150,SMS-EMOA,hv_deficit_pct,19,19,5.2230585618255105,1.4949894595899664,1.2226976157619538,3.24863632160306,4.184826944732956,4.93291964409186,5.888115537973404,7.86204760683471,1.7032885932404476,1.6298940548722847,8.443048427834075,3.24863632160306,7.86204760683471,0,True
class_size,FJSP,1-150,SMS-EMOA,makespan_gap_pct,19,19,46.357476017249326,404.8940598001599,20.121979519921986,9.714285714285719,38.06273946360154,50.0,58.55206611570249,75.38461538461539,20.48932665210095,7.328749485450114,89.28605609385392,9.714285714285719,75.38461538461539,0,True
class_size,FJSP,1-150,SMS-EMOA,flowtime_gap_pct,19,19,46.90547241152887,247.97220008820034,15.747133075204525,14.164305949008504,43.944813308266795,46.45892351274787,57.71819914601657,75.59322033898306,13.773385837749778,23.284734551642128,78.37827790264124,24.556830031282594,75.59322033898306,2,True
class_size,FJSP,1-150,SMS-EMOA,seconds,19,19,0.20647984210058654,0.005296321575748058,0.07277583098631069,0.1179453000659123,0.13794414995936677,0.22175040002912283,0.23625015001744032,0.36608930001966655,0.09830600005807355,-0.009514850127743557,0.38370915010455064,0.1179453000659123,0.36608930001966655,0,True
class_size,FJSP,151-500,XG,hv_deficit_pct,20,13,2.9868167865684128,5.402644897481193,2.3243590293844867,0.337034285850224,0.44790197209637617,3.6232265035635924,4.182857895333047,7.206963059326643,3.734955923236671,-5.15453191275863,9.785291780188054,0.337034285850224,7.206963059326643,0,True
class_size,FJSP,151-500,XG,makespan_gap_pct,20,13,22.097270628254353,305.0086621881895,17.464497192538623,6.374501992031867,8.764940239043817,14.149139579349912,39.61352657004831,51.977401129943516,30.84858633100449,-37.507939257462915,85.88640606655504,6.374501992031867,51.977401129943516,0,True
class_size,FJSP,151-500,XG,flowtime_gap_pct,20,13,17.46382135890963,135.32173794630458,11.632787195951991,6.383782422563589,9.636363636363644,13.181469157921688,20.191220314588264,43.440114262395426,10.55485667822462,-6.195921380973287,36.02350533192519,6.383782422563589,20.72958888245513,2,True
class_size,FJSP,151-500,XG,seconds,20,13,0.04491829230769231,0.0018812264416857693,0.04337310735566186,0.0091727,0.011615,0.0208585,0.0681903,0.1350907,0.056575299999999995,-0.07324794999999999,0.15305324999999997,0.0091727,0.1350907,0,True
class_size,FJSP,151-500,XH,hv_deficit_pct,20,13,0.12032707829892161,0.012574161890744883,0.11213457045329457,0.018346047946593558,0.03545650904054343,0.07690843185562679,0.1666509934531768,0.3775035649219327,0.13119448441263337,-0.16133521757840663,0.36344272007212686,0.018346047946593558,0.29672356923960974,1,True
class_size,FJSP,151-500,XH,makespan_gap_pct,20,13,0.5929837620072196,0.5115223602590695,0.7152079140075769,0.0,0.0,0.4184100418409997,0.8474576271186418,2.136752136752129,0.8474576271186418,-1.2711864406779627,2.1186440677966045,0.0,1.8018018018018056,1,True
class_size,FJSP,151-500,XH,flowtime_gap_pct,20,13,1.6316623692705616,0.9846852531271294,0.9923130822110174,0.2577319587628857,1.0406039583758409,1.3698630136986356,2.0476068594829755,3.799195633438668,1.0070029011071346,-0.4699003932848611,3.5581112111436775,0.2577319587628857,2.951074294589695,1,True
class_size,FJSP,151-500,XH,seconds,20,13,56.085670353846155,2224.378001536563,47.16331202891251,10.8838417,19.8853452,37.0528537,85.8323383,131.618793,65.9469931,-79.03514445,184.75282795,10.8838417,131.618793,0,True
class_size,FJSP,151-500,XT,hv_deficit_pct,20,13,1.4161642272537605,1.112699000061356,1.0548454863444958,0.07062055121063171,0.23868432193074884,1.7837516414722865,2.4157144603262792,2.5954329384164865,2.1770301383955304,-3.026860885662547,5.681259667919575,0.07062055121063171,2.5954329384164865,0,True
class_size,FJSP,151-500,XT,makespan_gap_pct,20,13,10.649986560437585,105.66722240409072,10.279456328235007,1.195219123505975,3.2504780114722687,6.006493506493515,15.161290322580644,33.7837837837838,11.910812311108376,-14.615740455190299,33.027508789243214,1.195219123505975,24.011299435028242,1,True
class_size,FJSP,151-500,XT,flowtime_gap_pct,20,13,8.616616165638371,29.535527568540832,5.434659839266928,1.8131453034500034,4.223776223776232,6.226650062266503,13.283149971048068,18.830795748348184,9.059373747271836,-9.365284397131523,26.872210591955824,1.8131453034500034,18.830795748348184,0,True
class_size,FJSP,151-500,XT,seconds,20,13,48.33451819230769,2264.981976593992,47.59182678353492,8.6969091,12.6150635,23.6733884,72.4027538,148.2382852,59.7876903,-77.06647195,162.08428924999998,8.6969091,148.2382852,0,True
class_size,FJSP,151-500,XE,hv_deficit_pct,20,13,2.452911992537914,3.5813839495243074,1.8924544775302543,0.2680094860737281,0.4185516532893119,3.20609201458969,3.337273502568261,6.187628274589896,2.918721849278949,-3.9595311206291117,7.715356276486684,0.2680094860737281,6.187628274589896,0,True
class_size,FJSP,151-500,XE,makespan_gap_pct,20,13,18.563431857644193,261.16941426155034,16.16073681060212,4.2735042735042805,6.779661016949157,11.038961038961048,34.05797101449275,46.89265536723164,27.278309997543595,-34.13780397936623,74.97543601080814,4.2735042735042805,46.89265536723164,0,True
class_size,FJSP,151-500,XE,flowtime_gap_pct,20,13,15.125713267779162,92.36918060912585,9.61088864825339,6.169730546461838,8.783216783216785,12.234450985410806,18.98838285185567,36.99245052030198,10.205166068638883,-6.524532319741541,34.296131954813994,6.169730546461838,32.260844584889405,1,True
class_size,FJSP,151-500,XE,seconds,20,13,5.397629569230769,9.977424958338453,3.1587062158957506,2.3673522,3.5963407,3.97842,5.7859114,13.0794173,2.1895707,0.31198464999999986,9.07026745,2.3673522,8.7290751,2,True
class_size,FJSP,151-500,XHT,hv_deficit_pct,20,13,0.14844332261305573,0.01790288420828882,0.13380165996088697,0.030642306856198953,0.04396570327832583,0.11910324597378397,0.17717716612477563,0.44922340460837873,0.1332114628464498,-0.15585149099134887,0.37699436039445033,0.030642306856198953,0.36986517826824716,1,True
class_size,FJSP,151-500,XHT,makespan_gap_pct,20,13,0.8491408214557841,0.5443408854909964,0.7377946092856713,0.0,0.3225806451612856,0.8474576271186418,1.195219123505975,2.136752136752129,0.8726384783446894,-0.9863770723557486,2.504176841023009,0.0,2.136752136752129,0,True
class_size,FJSP,151-500,XHT,flowtime_gap_pct,20,13,1.994996452939117,2.7830588455503804,1.6682502346921402,0.2577319587628857,0.8685991314008712,1.3849339891276236,2.195804195804185,5.3254437869822535,1.327205064403314,-1.1222084652040998,4.186611792409156,0.2577319587628857,3.167193335248486,2,True
class_size,FJSP,151-500,XHT,seconds,20,13,54.50191634615385,2123.0090270333403,46.07612209196147,11.0298366,18.0726149,36.6773856,90.7028126,129.4595856,72.6301977,-90.87268164999999,199.64810914999998,11.0298366,129.4595856,0,True
class_size,FJSP,151-500,XHE,hv_deficit_pct,20,13,0.20869462309678088,0.018857417831908405,0.13732231367082484,0.031030075376503596,0.07504558035369424,0.23203984108868259,0.2726025778616803,0.4497289947605565,0.19755699750798605,-0.22128991590828484,0.5689380741236594,0.031030075376503596,0.4497289947605565,0,True
class_size,FJSP,151-500,XHE,makespan_gap_pct,20,13,1.0983173654530447,1.3406877789621923,1.1578807274336127,0.0,0.3225806451612856,0.8474576271186418,1.8018018018018056,3.984063745019917,1.47922115664052,-1.8962510897994944,4.020633536762586,0.0,3.984063745019917,0,True
class_size,FJSP,151-500,XHE,flowtime_gap_pct,20,13,2.558347930395495,2.3686641638968524,1.5390465112844551,0.2577319587628857,1.77629134150874,2.195804195804185,3.2925967074032947,5.3254437869822535,1.5163053658945547,-0.498166707333092,5.567054756245127,0.2577319587628857,5.3254437869822535,0,True
class_size,FJSP,151-500,XHE,seconds,20,13,30.996558615384615,649.1475772537481,25.478374698040454,6.9859491,10.2453631,19.6108258,47.7068399,73.1229804,37.4614768,-45.9468521,103.8990551,6.9859491,73.1229804,0,True
class_size,FJSP,151-500,XTE,hv_deficit_pct,20,13,1.4054385480235119,1.0582285977688302,1.0287023854200155,0.13501511965807733,0.25436394340351276,1.8582593815964166,2.263249843090742,2.5715215204495823,2.0088858996872294,-2.7589649061273316,5.2765786926215865,0.13501511965807733,2.5715215204495823,0,True
class_size,FJSP,151-500,XTE,makespan_gap_pct,20,13,10.733482412158407,100.20820807011022,10.010404990314338,2.136752136752129,2.9288702928870203,6.168831168831179,16.774193548387096,32.88288288288288,13.845323255500077,-17.839114590363096,37.54217843163721,2.136752136752129,32.88288288288288,0,True
class_size,FJSP,151-500,XTE,flowtime_gap_pct,20,13,8.703149759433947,25.244203457866075,5.024360999954728,2.3293880634600805,4.435702658708629,7.471980074719808,13.283149971048068,17.25797184717035,8.84744731233944,-8.835468309800532,26.55432093955723,2.3293880634600805,17.25797184717035,0,True
class_size,FJSP,151-500,XTE,seconds,20,13,27.014898261538463,627.5480423865317,25.050909013178178,5.8817212,7.6877205,13.1284195,42.4653771,78.7349454,34.7776566,-44.4787644,94.631862,5.8817212,78.7349454,0,True
class_size,FJSP,151-500,XHTE,hv_deficit_pct,20,13,0.2143185904955991,0.03780236865330517,0.19442831237580901,0.048285096672084915,0.08833132168516444,0.15713687847759283,0.2726025778616803,0.7566385422126287,0.18427125617651585,-0.18807556257960933,0.5490094621264541,0.048285096672084915,0.40414745415804365,1,True
class_size,FJSP,151-500,XHTE,makespan_gap_pct,20,13,0.9039198473070426,0.6861909066013545,0.8283664084216323,0.0,0.3225806451612856,0.48701298701299134,1.5936254980079667,2.136752136752129,1.2710448528466811,-1.583986634108736,3.5001927772779884,0.0,2.136752136752129,0,True
class_size,FJSP,151-500,XHTE,flowtime_gap_pct,20,13,3.0466052723140127,6.489656639775191,2.5474804493411116,0.2577319587628857,1.320217447579597,2.1108978891021035,3.490376328641198,8.964737329083983,2.1701588810616013,-1.935020874012805,6.7456146502336,0.2577319587628857,6.485234510712212,1,True
class_size,FJSP,151-500,XHTE,seconds,20,13,38.885469538461535,1086.6687830681274,32.96465960795177,8.3125689,13.4401219,25.1707705,58.1602863,100.3962429,44.7201644,-53.64012470000001,125.2405329,8.3125689,100.3962429,0,True
class_size,FJSP,151-500,NSGA-II,hv_deficit_pct,20,13,3.928548992111655,1.0492684306154012,1.0243380450883397,1.8335419055220958,3.28225754470427,3.999037407236772,4.630452033577404,5.550323392393675,1.3481944888731339,1.259965811394569,6.652743766887105,1.8335419055220958,5.550323392393675,0,True
class_size,FJSP,151-500,NSGA-II,makespan_gap_pct,20,13,41.225412807945006,813.4163825436674,28.520455510802545,2.48565965583174,10.039370078740163,40.39548022598871,64.40677966101696,82.86852589641434,54.36740958227679,-71.51174429467503,145.95789403443214,2.48565965583174,82.86852589641434,0,True
class_size,FJSP,151-500,NSGA-II,flowtime_gap_pct,20,13,47.39735659010592,619.6329757930863,24.89242808150877,10.937095521615326,26.606353449162135,42.54777070063693,66.20998372219206,87.27924238546198,39.60363027302993,-32.79909196038276,125.61542913173696,10.937095521615326,87.27924238546198,0,True
class_size,FJSP,151-500,NSGA-II,seconds,20,13,0.5776616615386536,0.002614642053659946,0.051133570711030404,0.515158100053668,0.5539143000496551,0.5567792999790981,0.5964578000130132,0.6859262000070885,0.042543499963358045,0.4900990501046181,0.6602730499580503,0.515158100053668,0.6559297000057995,1,True
class_size,FJSP,151-500,SPEA2,hv_deficit_pct,20,13,3.8858199760184027,1.283839885446995,1.1330665847367467,1.6996079165938593,3.0828857027316636,4.060143902837887,4.595453716919684,5.8920792526397925,1.51256801418802,0.8140336814496334,6.864305738201714,1.6996079165938593,5.8920792526397925,0,True
class_size,FJSP,151-500,SPEA2,makespan_gap_pct,20,13,40.87506421817329,766.9010326265013,27.69297803824105,1.7208413001912115,10.826771653543311,42.09039548022599,61.53846153846154,81.27490039840637,50.71168988491823,-65.24076317383404,137.60599636583888,1.7208413001912115,81.27490039840637,0,True
class_size,FJSP,151-500,SPEA2,flowtime_gap_pct,20,13,46.3525297356762,599.3469068929388,24.48156259091602,10.665286047113632,24.324046468592584,43.5118306351183,63.90209790209791,87.15126695674431,39.57805143350532,-35.0430306816654,123.26917505235589,10.665286047113632,87.15126695674431,0,True
class_size,FJSP,151-500,SPEA2,seconds,20,13,0.6116254538423024,0.005293655937422456,0.07275751464572203,0.5067947000497952,0.5697481000097468,0.6033404000336304,0.6289839999517426,0.757101200055331,0.05923589994199574,0.48089425009675324,0.7178378498647362,0.5067947000497952,0.6486240000231192,2,True
class_size,FJSP,151-500,MOEA/D,hv_deficit_pct,20,13,3.260618375384286,1.151187672536292,1.0729341417516232,1.4645390950867587,2.888669803891153,3.0280608632579087,3.979775958798226,5.086446234015685,1.0911061549070733,1.252010571530543,5.616435191158836,1.4645390950867587,5.086446234015685,0,True
class_size,FJSP,151-500,MOEA/D,makespan_gap_pct,20,13,35.383339750130034,715.4837633592017,26.748528246600817,0.19120458891013214,6.331168831168821,40.67796610169492,55.64853556485356,74.10358565737052,49.317366733684736,-67.64488126935828,129.62458566538066,0.19120458891013214,74.10358565737052,0,True
class_size,FJSP,151-500,MOEA/D,flowtime_gap_pct,20,13,42.16835609652666,537.8667109947036,23.19195358297148,10.419363189231156,22.041739488023037,38.605230386052305,62.67895109851169,75.37752751471717,40.63721161048865,-38.91407792770994,123.63476851424466,10.419363189231156,75.37752751471717,0,True
class_size,FJSP,151-500,MOEA/D,seconds,20,13,0.7539925307680208,0.0056959121439930874,0.07547126700932671,0.643624100019224,0.6907639999408275,0.7456387999700382,0.8197659000288695,0.8819401999935508,0.12900190008804202,0.49726114980876446,1.0132687501609325,0.643624100019224,0.8819401999935508,0,True
class_size,FJSP,151-500,SMS-EMOA,hv_deficit_pct,20,13,3.905129373483312,1.1190323163608034,1.0578432380843599,1.8806489840991092,3.2226869572710815,4.027372891481884,4.749594399114942,5.584107598591348,1.5269074418438606,0.9323257945052905,7.039955561880733,1.8806489840991092,5.584107598591348,0,True
class_size,FJSP,151-500,SMS-EMOA,makespan_gap_pct,20,13,40.8990069267856,798.5947909401266,28.259419508194547,2.48565965583174,10.22727272727273,40.96045197740112,63.13559322033899,82.86852589641434,52.908320493066256,-69.13520801232666,142.49807395993838,2.48565965583174,82.86852589641434,0,True
class_size,FJSP,151-500,SMS-EMOA,flowtime_gap_pct,20,13,46.82479122895277,572.2951986565087,23.922692128113603,11.260678229355413,27.048421918371535,40.697384806973844,65.16549104720563,85.44919375479907,38.1170691288341,-30.12718177487962,122.34109474045678,11.260678229355413,85.44919375479907,0,True
class_size,FJSP,151-500,SMS-EMOA,seconds,20,13,0.5763609846247933,0.0026378609266776774,0.05136011026738239,0.5116192999994382,0.5332650999771431,0.5734651000238955,0.5901175000471994,0.6839598000515252,0.05685240007005632,0.44798649987205863,0.6753961001522839,0.5116192999994382,0.6559514999389648,1,True
class_size,JSP,1-150,XG,hv_deficit_pct,5,5,8.127398624518635,43.460481760857334,6.59245642843829,2.187041157682179,4.660793568996602,4.816864504633078,10.320229698683637,18.652064192597685,5.659436129687035,-3.828360625533951,18.80938389321419,2.187041157682179,18.652064192597685,0,True
class_size,JSP,1-150,XG,makespan_gap_pct,5,5,25.327141486253726,435.37292880947876,20.865591983202364,3.995680345572361,12.762762762762758,15.219611848825343,41.93037974683544,52.727272727272734,29.167616984072684,-30.98866271334627,85.68180522294446,3.995680345572361,52.727272727272734,0,True
class_size,JSP,1-150,XG,flowtime_gap_pct,5,5,11.185657806185372,61.02725532039284,7.811994324139825,3.571428571428581,6.70763462139361,7.490709955016617,15.350360183366085,22.808155699721965,8.642725561972476,-6.256453721565104,28.3144485263248,3.571428571428581,22.808155699721965,0,True
class_size,JSP,1-150,XG,seconds,5,5,0.0018980800000000001,6.666858320000001e-07,0.0008165083171652326,0.0008549,0.0012354,0.0022201,0.0023923,0.0027877,0.0011569,-0.0004999500000000001,0.00412765,0.0008549,0.0027877,0,True
class_size,JSP,1-150,XH,hv_deficit_pct,5,5,0.5645207086405812,0.05803126237557261,0.2408967878066717,0.20571594184465303,0.430575181657733,0.6866468304595807,0.719444831731253,0.7802207575096864,0.28886965007351995,-0.0027292934525469104,1.1527493068415329,0.20571594184465303,0.7802207575096864,0,True
class_size,JSP,1-150,XH,makespan_gap_pct,5,5,0.9193054136874368,4.225612218175146,2.055629397088674,0.0,0.0,0.0,0.0,4.596527068437184,0.0,0.0,0.0,0.0,0.0,1,True
class_size,JSP,1-150,XH,flowtime_gap_pct,5,5,2.897427983099039,3.000811593602177,1.7322850786178865,0.0,2.993512511584795,3.261296660117874,3.6182280461568572,4.614102697635669,0.6247155345720623,2.0564392097267015,4.55530134801495,2.993512511584795,3.6182280461568572,2,True
class_size,JSP,1-150,XH,seconds,5,5,1.8112233800000002,0.654071716382817,0.8087470039405507,0.7005763,1.2452323,2.1537056,2.3122834,2.6443193000000003,1.0670511,-0.35534435,3.91286005,0.7005763,2.6443193000000003,0,True
class_size,JSP,1-150,XT,hv_deficit_pct,5,5,0.23374585276668913,0.07376214688641483,0.2715918755898542,0.00017893969852522673,0.007888811929135375,0.2426496422758384,0.2493393007119371,0.6686725692180095,0.24145048878280173,-0.3542869212450672,0.6115150338861397,0.00017893969852522673,0.2493393007119371,1,True
class_size,JSP,1-150,XT,makespan_gap_pct,5,5,1.036854386484598,1.8540281039869817,1.3616270061903817,0.0,0.0,0.30030030030030463,1.8196202531645556,3.06435137895813,1.8196202531645556,-2.7294303797468333,4.5490506329113884,0.0,3.06435137895813,0,True
class_size,JSP,1-150,XT,flowtime_gap_pct,5,5,0.9134578207722743,0.9184807162235475,0.9583739960075855,0.0,0.0,0.8605515353021786,1.5102593479845883,2.1964782205746047,1.5102593479845883,-2.2653890219768824,3.7756483699614707,0.0,2.1964782205746047,0,True
class_size,JSP,1-150,XT,seconds,5,5,1.49676934,0.4585043080199381,0.6771294617869895,0.585453,0.9667039,1.8886844,1.9259444000000001,2.117061,0.9592405000000002,-0.4721568500000004,3.3648051500000005,0.585453,2.117061,0,True
class_size,JSP,1-150,XE,hv_deficit_pct,5,5,3.8112440881803478,4.537020454002725,2.1300282753998188,1.9296928460389218,2.1527911095488905,2.75983821010638,5.781831629208356,6.432066645999191,3.6290405196594655,-3.2907696699403077,11.225392408697555,1.9296928460389218,6.432066645999191,0,True
class_size,JSP,1-150,XE,makespan_gap_pct,5,5,12.400845297635064,73.9944611821931,8.602003323772498,3.6717062634989306,5.255255255255253,11.950970377936665,16.36363636363636,24.76265822784811,11.108381108381106,-11.407316407316404,33.02620802620802,3.6717062634989306,24.76265822784811,0,True
class_size,JSP,1-150,XE,flowtime_gap_pct,5,5,6.836822262632447,29.868168534380438,5.4651778136105,1.0714285714285676,3.9311558771758293,5.686907613790226,7.98952193844138,15.505097312326232,4.05836606126555,-2.1563932147224962,14.077071030339706,1.0714285714285676,7.98952193844138,1,True
class_size,JSP,1-150,XE,seconds,5,5,0.84158636,0.10834548581729801,0.3291587547328766,0.4295705,0.5750467,0.9135487,1.103499,1.1862669000000001,0.5284523,-0.2176317499999999,1.89617745,0.4295705,1.1862669000000001,0,True
class_size,JSP,1-150,XHT,hv_deficit_pct,5,5,0.3712117215323696,0.04018537431533856,0.20046290009709666,0.15680820256150918,0.1996476249760848,0.36711704471247275,0.4982453429225653,0.6342403924892159,0.2985977179464805,-0.24824895194363594,0.946141919842286,0.15680820256150918,0.6342403924892159,0,True
class_size,JSP,1-150,XHT,makespan_gap_pct,5,5,0.9938131133551442,3.8716179274420974,1.9676427336897564,0.0,0.0,0.0,0.4746835443038,4.494382022471921,0.4746835443038,-0.7120253164557,1.1867088607595,0.0,0.4746835443038,1,True
class_size,JSP,1-150,XHT,flowtime_gap_pct,5,5,1.432059553373879,1.2973514362816398,1.1390133608881152,0.0,0.5282669138090723,1.715782580222669,2.1976877408603324,2.718560531977321,1.66942082705126,-1.9758643267678178,4.701818981437222,0.0,2.718560531977321,0,True
class_size,JSP,1-150,XHT,seconds,5,5,1.72924706,0.5987071229832731,0.7737616706604645,0.7272916,1.1132057,1.9679349,2.3789749000000002,2.4588282,1.2657692000000003,-0.7854481000000004,4.277628700000001,0.7272916,2.4588282,0,True
class_size,JSP,1-150,XHE,hv_deficit_pct,5,5,0.6579007668861858,0.09540407589355625,0.3088755022554496,0.19479297148121688,0.4981628529554749,0.7854669049245255,0.868749073791919,0.9423320312777927,0.3705862208364441,-0.05771647829919124,1.4246284050465852,0.19479297148121688,0.9423320312777927,0,True
class_size,JSP,1-150,XHE,makespan_gap_pct,5,5,1.2700087922318026,4.698835424029851,2.1676797328087587,0.0,0.0,0.0,1.3449367088607556,5.005107252298258,1.3449367088607556,-2.0174050632911333,3.362341772151889,0.0,1.3449367088607556,1,True
class_size,JSP,1-150,XHE,flowtime_gap_pct,5,5,3.2020099766576804,4.215812426772489,2.05324436606374,0.0,2.993512511584795,3.2874918140143983,4.146293761001374,5.582751796687835,1.152781249416579,1.2643406374599264,5.875465635126242,2.993512511584795,5.582751796687835,1,True
class_size,JSP,1-150,XHE,seconds,5,5,1.33367306,0.36686251946434295,0.6056917693549607,0.5339266,0.8643422,1.5417199,1.8376563,1.8907203,0.9733141,-0.5956289499999999,3.29762745,0.5339266,1.8907203,0,True
class_size,JSP,1-150,XTE,hv_deficit_pct,5,5,0.2967415276525398,0.0481351031318248,0.21939713565091226,0.04369188145373348,0.2194349131878326,0.2517805718379229,0.3261645798276258,0.6426356919555842,0.10672966663979322,0.05934041322814276,0.48625907978731564,0.2194349131878326,0.3261645798276258,2,True
class_size,JSP,1-150,XTE,makespan_gap_pct,5,5,1.1856906427380043,3.3847374720834784,1.8397656024840443,0.0,0.0,0.0,1.7405063291139333,4.187946884576088,1.7405063291139333,-2.6107594936709,4.351265822784834,0.0,4.187946884576088,0,True
class_size,JSP,1-150,XTE,flowtime_gap_pct,5,5,1.021015966169676,1.1036853444564425,1.0505642981067091,0.0,0.0,0.9192255036182262,1.9893761066555493,2.1964782205746047,1.9893761066555493,-2.984064159983324,4.973440266638873,0.0,2.1964782205746047,0,True
class_size,JSP,1-150,XTE,seconds,5,5,1.19758662,0.243645848918197,0.4936049522828929,0.5433815,0.8201795,1.360933,1.6153171,1.6481219999999999,0.7951376,-0.3725269000000001,2.8080235,0.5433815,1.6481219999999999,0,True
class_size,JSP,1-150,XHTE,hv_deficit_pct,5,5,0.3069965748466186,0.01274602016483621,0.11289827352460359,0.20814326859209809,0.21690481793842364,0.30588728817245725,0.31532305375803205,0.48872444577208185,0.0984182358196084,0.06927746420901104,0.46295040748744465,0.20814326859209809,0.31532305375803205,1,True
class_size,JSP,1-150,XHTE,makespan_gap_pct,5,5,1.024860681915154,2.7101925806591805,1.6462662544859445,0.0,0.0,0.0,1.3449367088607556,3.7793667007150145,1.3449367088607556,-2.0174050632911333,3.362341772151889,0.0,1.3449367088607556,1,True
class_size,JSP,1-150,XHTE,flowtime_gap_pct,5,5,1.6540557928828825,1.8439029740711335,1.3579038898505054,0.0,0.5282669138090723,1.906051452973645,2.679444553099941,3.156516044531754,2.151177639290869,-2.698499545127231,5.906211012036245,0.0,3.156516044531754,0,True
class_size,JSP,1-150,XHTE,seconds,5,5,1.4625298,0.37254020981624,0.6103607210627499,0.6367196,1.00982,1.6986485999999998,1.9379048,2.029556,0.9280848000000002,-0.3823072000000003,3.330032,0.6367196,2.029556,0,True
class_size,JSP,1-150,NSGA-II,hv_deficit_pct,5,5,1.3103936788807435,0.307469268094183,0.5544991146018026,0.556586023185579,0.8867092953656286,1.6074974806516762,1.6943283965194067,1.8068471986814272,0.8076191011537781,-0.32471935636503857,2.9057570482500736,0.556586023185579,1.8068471986814272,0,True
class_size,JSP,1-150,NSGA-II,makespan_gap_pct,5,5,1.662403973775044,4.2363401999400585,2.0582371583323575,0.0,0.0,1.2257405515832431,2.1021021021021102,4.984177215189867,2.1021021021021102,-3.1531531531531654,5.255255255255276,0.0,4.984177215189867,0,True
class_size,JSP,1-150,NSGA-II,flowtime_gap_pct,5,5,6.433406249990412,8.22451077813164,2.8678407867473465,2.1428571428571352,5.55143651529193,6.415020535888916,8.683693516699421,9.37402353921466,3.132257001407491,0.8530510131806937,13.382079018810657,2.1428571428571352,9.37402353921466,0,True
class_size,JSP,1-150,NSGA-II,seconds,5,5,0.1515547199640423,0.0021351259061092487,0.04620742263001961,0.09010699996724725,0.11606579995714128,0.16819110000506043,0.19022449990734458,0.193185199983418,0.0741586999502033,0.004827750031836331,0.30146254983264953,0.09010699996724725,0.193185199983418,0,True
class_size,JSP,1-150,SPEA2,hv_deficit_pct,5,5,1.1855296008337235,0.3781357374887194,0.6149274245703467,0.19442887246912122,0.9867762978345684,1.5029473767951829,1.5530714357896769,1.690424021280068,0.5662951379551084,0.13733359090190578,2.4025141427223398,0.19442887246912122,1.690424021280068,0,True
class_size,JSP,1-150,SPEA2,makespan_gap_pct,5,5,2.1211415511657306,4.634911671455548,2.1528845002590242,0.0,0.0,2.2471910112359605,3.453453453453448,4.905063291139244,3.453453453453448,-5.180180180180171,8.633633633633618,0.0,4.905063291139244,0,True
class_size,JSP,1-150,SPEA2,flowtime_gap_pct,5,5,5.403808936572809,10.893412945597538,3.3005170724596375,0.7142857142857117,4.341873655388229,4.874884151992576,8.068107400130975,9.019893761066555,3.7262337447427463,-1.2474769617258907,13.657458017245094,0.7142857142857117,9.019893761066555,0,True
class_size,JSP,1-150,SPEA2,seconds,5,5,0.17886695999186486,0.0020085417656094855,0.04481675764275552,0.1234859999967739,0.14156939997337759,0.1880002999678254,0.21947939996607602,0.2217997000552714,0.07790999999269843,0.02470439998432994,0.33634439995512366,0.1234859999967739,0.2217997000552714,0,True
class_size,JSP,1-150,MOEA/D,hv_deficit_pct,5,5,1.3710459335571668,0.023533934378355957,0.1534077389780449,1.11695682091989,1.3881274836862523,1.3964586174770144,1.4209386316776484,1.5327481140250288,0.03281114799139617,1.338910761699158,1.4701553536647427,1.3881274836862523,1.4209386316776484,2,True
class_size,JSP,1-150,MOEA/D,makespan_gap_pct,5,5,1.5082146349035819,2.174412845191372,1.4745890428154456,0.0,0.0,1.6516516516516422,2.927215189873422,2.962206332992845,2.927215189873422,-4.390822784810133,7.3180379746835555,0.0,2.962206332992845,0,True
class_size,JSP,1-150,MOEA/D,flowtime_gap_pct,5,5,7.167907855884139,4.012774917106066,2.0031911833637013,5.35714285714286,5.45667905339331,6.413345690454131,9.051140506197264,9.561231172233132,3.5944614528039542,0.0649868741873787,14.442832685403195,5.35714285714286,9.561231172233132,0,True
class_size,JSP,1-150,MOEA/D,seconds,5,5,0.3063920799875632,0.003383371549928893,0.05816675639855546,0.23522909998428077,0.26057759998366237,0.32663609995506704,0.32944230001885444,0.38007529999595135,0.06886470003519207,0.15728054993087426,0.43273935007164255,0.23522909998428077,0.38007529999595135,0,True
class_size,JSP,1-150,SMS-EMOA,hv_deficit_pct,5,5,1.3030856536687252,0.07080622930068552,0.26609439922832934,1.0961807591391648,1.150236871766186,1.1676580171891326,1.355599888378578,1.7457527318705646,0.2053630166123921,0.8421923468475978,1.6636444132971662,1.0961807591391648,1.355599888378578,1,True
class_size,JSP,1-150,SMS-EMOA,makespan_gap_pct,5,5,1.7009615251330468,5.186413716998278,2.2773699122009754,0.0,0.0,0.9009009009008917,2.1450459652706755,5.458860759493667,2.1450459652706755,-3.217568947906013,5.362614913176689,0.0,2.1450459652706755,1,True
class_size,JSP,1-150,SMS-EMOA,flowtime_gap_pct,5,5,6.128497606668395,7.773721889734051,2.78813950327706,2.499999999999991,4.772149423039318,5.718257645968494,7.999166753463172,9.652914210871,3.2270173304238536,-0.06837657259646246,12.839692749098951,2.499999999999991,9.652914210871,0,True
class_size,JSP,1-150,SMS-EMOA,seconds,5,5,0.15486854002811015,0.002107974749997149,0.04591268615532257,0.09682650002650917,0.1214449000544846,0.16016960004344583,0.1878116000443697,0.20809009997174144,0.06636669998988509,0.021894850069656968,0.28736165002919734,0.09682650002650917,0.20809009997174144,0,True
class_size,JSP,151-500,XG,hv_deficit_pct,8,8,2.3134589589474204,0.40031351649132185,0.6327033400349028,1.464194138753816,1.910063943823534,2.386699541064885,2.6152236063014977,3.180820573732346,0.7051596624779637,0.8523244501065885,3.6729631000184435,1.464194138753816,3.180820573732346,0,True
class_size,JSP,151-500,XG,makespan_gap_pct,8,8,16.124092006146334,18.76048592300752,4.33133765977758,9.92010652463382,12.122259896120656,17.14242500322548,19.98281064082952,20.954773869346745,7.860550744708863,0.3314337790573614,31.773636757892817,9.92010652463382,20.954773869346745,0,True
class_size,JSP,151-500,XG,flowtime_gap_pct,8,8,10.054468953876059,6.6286022957344874,2.5746072119324315,6.342388360034046,8.675254035169184,10.18808360639355,11.639069614852215,13.67739466045741,2.9638155796830308,4.229530665644638,16.08479298437676,6.342388360034046,13.67739466045741,0,True
class_size,JSP,151-500,XG,seconds,8,8,0.0131033875,3.419785480982143e-05,0.005847893194118838,0.0065069,0.009263500000000001,0.0119293,0.01632305,0.0219174,0.007059549999999998,-0.0013258249999999958,0.026912374999999995,0.0065069,0.0219174,0,True
class_size,JSP,151-500,XH,hv_deficit_pct,8,8,0.2496613644896173,0.020975359398156944,0.14482872435451796,0.11071179904138528,0.14308930047997326,0.21302902663243306,0.28908477477875283,0.5450339391682935,0.14599547429877957,-0.0759039109681961,0.5080779862269222,0.11071179904138528,0.3686698454870352,1,True
class_size,JSP,151-500,XH,makespan_gap_pct,8,8,2.095312694338575,1.5002409960787058,1.2248432536772638,0.5326231691078487,1.2826870200056906,1.899922454799996,2.7314587190833404,4.335585585585577,1.4487716990776498,-0.8904705286107841,4.904616267699815,0.5326231691078487,4.335585585585577,0,True
class_size,JSP,151-500,XH,flowtime_gap_pct,8,8,1.5916240780650819,1.319730719727275,1.1487953341336632,0.0,0.8101250107836855,1.5479792343030652,2.163057755171377,3.5295093525776533,1.3529327443876917,-1.219274105797852,4.192456871752915,0.0,3.5295093525776533,0,True
class_size,JSP,151-500,XH,seconds,8,8,15.760113625,49.88222778732508,7.062735149170262,7.756433,10.986580374999999,14.80611065,19.661501349999998,26.0204346,8.674920975,-2.0258010874999997,32.6738828125,7.756433,26.0204346,0,True
class_size,JSP,151-500,XT,hv_deficit_pct,8,8,0.4430000609353224,0.04190351566453359,0.2047034822970376,0.14002448679749646,0.34577599031766215,0.40974420099064157,0.5073084324669297,0.8369815355994903,0.16153244214926754,0.10347732709376084,0.749607095690831,0.14002448679749646,0.5879018088532639,1,True
class_size,JSP,151-500,XT,makespan_gap_pct,8,8,3.7215719465028965,5.246164404928001,2.2904506990826063,1.5312916111850816,2.350166914837404,2.5384485539592605,4.7413023770635,8.090452261306535,2.391135462226096,-1.23653627850174,8.328005570402643,1.5312916111850816,8.090452261306535,0,True
class_size,JSP,151-500,XT,flowtime_gap_pct,8,8,2.2143634634561287,2.1235670653938103,1.4572463983121764,0.09121486802348144,1.2662214946175643,2.475532245955414,2.9170327043689603,4.669707505342724,1.650811209751396,-1.20999532000953,5.393249518996054,0.09121486802348144,4.669707505342724,0,True
class_size,JSP,151-500,XT,seconds,8,8,13.034688425,35.29103215336604,5.9406255691943795,6.4852225,9.135936825,11.9977859,15.7712218,22.3457292,6.635284974999999,-0.8169906375,25.7241492625,6.4852225,22.3457292,0,True
class_size,JSP,151-500,XE,hv_deficit_pct,8,8,2.0646158023768666,0.21457368488809753,0.463220989256853,1.427843564760889,1.776422349315726,2.108177765731567,2.3571946365356116,2.7072777164065975,0.5807722872198855,0.9052639184858978,3.2283530673654397,1.427843564760889,2.7072777164065975,0,True
class_size,JSP,151-500,XE,makespan_gap_pct,8,8,14.073565984166605,11.553695560641115,3.3990727501248212,9.786950732356846,11.077676610494102,14.103954872303493,16.26190271293647,19.89949748743718,5.18422610244237,3.301337456830547,24.038241866600025,9.786950732356846,19.89949748743718,0,True
class_size,JSP,151-500,XE,flowtime_gap_pct,8,8,9.640578116246262,5.985728490260164,2.4465748486936105,6.021205789025608,8.485066458001027,9.888261422828338,10.989640248593046,13.511530732671995,2.504573790592019,4.728205772112998,14.746500934481075,6.021205789025608,13.511530732671995,0,True
class_size,JSP,151-500,XE,seconds,8,8,4.4095410875,1.9231502118880843,1.3867769149679714,2.6957116,3.3802525,4.4949836,5.3855981,6.2929453,2.0053456,0.3722341,8.3936165,2.6957116,6.2929453,0,True
class_size,JSP,151-500,XHT,hv_deficit_pct,8,8,0.15142345732064022,0.013659341824865558,0.11687318693723363,0.024699083218882034,0.08534160916113531,0.11959484118516661,0.18236002508441596,0.37976374460080287,0.09701841592328064,-0.06018601472378565,0.3278876489693369,0.024699083218882034,0.26355341144304045,1,True
class_size,JSP,151-500,XHT,makespan_gap_pct,8,8,1.6441098853919227,0.8598413621668614,0.927276313817441,0.5326231691078487,0.9342060842492228,1.468043581823486,2.275408639638937,3.153153153153143,1.3412025553897142,-1.0775977488353488,4.287212472723509,0.5326231691078487,3.153153153153143,0,True
class_size,JSP,151-500,XHT,flowtime_gap_pct,8,8,1.0106307019301903,0.7007731165995629,0.837121924572259,0.0,0.14876082512478295,1.2022603219570827,1.736091600212275,1.970055161544515,1.587330775087492,-2.232235337506455,4.1170877628435125,0.0,1.970055161544515,0,True
class_size,JSP,151-500,XHT,seconds,8,8,15.475508475,52.072768570323014,7.216146379496678,7.6140637,10.512249175,14.1775621,19.05061415,27.760112200000002,8.538364975000002,-2.295298287500005,31.858161612500005,7.6140637,27.760112200000002,0,True
class_size,JSP,151-500,XHE,hv_deficit_pct,8,8,0.2778802204685821,0.028160670188067012,0.16781141256799853,0.10298198846868667,0.16585929432597624,0.19901861101534468,0.39863302426926817,0.54529648961964,0.23277372994329193,-0.18330130058896166,0.7477936191842061,0.10298198846868667,0.54529648961964,0,True
class_size,JSP,151-500,XHE,makespan_gap_pct,8,8,2.046489058134482,1.764538544618286,1.3283593431817635,0.26631158455392434,1.0932492651938908,1.899922454799996,2.902496347361555,4.335585585585577,1.809247082167664,-1.6206213580576054,5.616366970613051,0.26631158455392434,4.335585585585577,0,True
class_size,JSP,151-500,XHE,flowtime_gap_pct,8,8,1.888745326731181,1.5572267509542348,1.247888917714327,0.0,1.1611776944487673,1.866110002047694,2.729758845782931,3.703703703703698,1.5685811513341639,-1.1916940325524785,5.082630572784177,0.0,3.703703703703698,0,True
class_size,JSP,151-500,XHE,seconds,8,8,10.0871553,18.97175195207848,4.355657464961918,5.1586656,7.061221625,9.5425334,12.497613025,16.7588926,5.4363914,-1.0933654750000006,20.652200125,5.1586656,16.7588926,0,True
class_size,JSP,151-500,XTE,hv_deficit_pct,8,8,0.5055237593298456,0.04610766184023399,0.21472694716833746,0.3274417075207148,0.3627932685975749,0.43484709320274484,0.5342931940507389,0.9533513188413445,0.17149992545316406,0.10554338041782879,0.791543082230485,0.3274417075207148,0.6944144728536883,1,True
class_size,JSP,151-500,XTE,makespan_gap_pct,8,8,4.093751948927599,6.378158905284515,2.525501713577822,1.5312916111850816,2.399184734524784,3.079164502913856,5.295585636948241,8.844221105527627,2.8964009024234567,-1.945416619110401,9.640186990583427,1.5312916111850816,8.844221105527627,0,True
class_size,JSP,151-500,XTE,flowtime_gap_pct,8,8,2.703630284794195,2.4932138672409523,1.5789914082226515,0.6185041127335422,1.4465250599579205,2.7054122612643394,3.4549758320540414,5.030142579184083,2.008450772096121,-1.5661510981862612,6.467651990198223,0.6185041127335422,5.030142579184083,0,True
class_size,JSP,151-500,XTE,seconds,8,8,9.03138585,14.23398050538827,3.772794787076057,4.6193325,6.465529575,8.40728935,11.439435075,14.2666002,4.973905500000001,-0.9953286750000014,18.900293325,4.6193325,14.2666002,0,True
class_size,JSP,151-500,XHTE,hv_deficit_pct,8,8,0.20089322415413613,0.016767746894433527,0.12949033513908878,0.024699083218882034,0.14314713623232167,0.21502469481724518,0.23738028777496867,0.4458810250150824,0.094233151542647,0.0017974089183511732,0.37873001508893916,0.024699083218882034,0.2460735524038582,1,True
class_size,JSP,151-500,XHTE,makespan_gap_pct,8,8,1.3073141857811081,0.9289514216966599,0.9638212602431324,0.5326231691078487,0.5947926634311762,0.799823699313551,1.8831956385993498,2.98423423423424,1.2884029751681736,-1.3378117993210843,3.81580010135161,0.5326231691078487,2.98423423423424,0,True
class_size,JSP,151-500,XHTE,flowtime_gap_pct,8,8,1.6351140698613182,1.2479104112098311,1.1170991053661403,0.01160900859067393,1.0599534388854193,1.7521913520446741,2.231156261606065,3.2056393735446997,1.171202822720646,-0.6968507951955496,3.987960495687034,0.01160900859067393,3.2056393735446997,0,True
class_size,JSP,151-500,XHTE,seconds,8,8,11.463624025,23.182827156047374,4.814854842676711,5.9744339,8.31571645,10.713638450000001,14.120917725,18.7297549,5.805201275,-0.392085462499999,22.8287196375,5.9744339,18.7297549,0,True
class_size,JSP,151-500,NSGA-II,hv_deficit_pct,8,8,1.8184050866894022,0.04395576728653944,0.2096563075286299,1.5391508095772166,1.7271948965873585,1.7403190721563988,1.879407847588424,2.2068334643280174,0.15221295100106547,1.4988754700857603,2.1077272740900224,1.5391508095772166,2.0415730090721174,1,True
class_size,JSP,151-500,NSGA-II,makespan_gap_pct,8,8,9.132061418488183,5.327215292714916,2.3080761020198004,4.973821989528804,8.240451815900489,9.117419652645552,10.712499700099565,12.311557788944727,2.4720478841990765,4.532379989601874,14.42057152639818,4.973821989528804,12.311557788944727,0,True
class_size,JSP,151-500,NSGA-II,flowtime_gap_pct,8,8,12.922979048825214,11.304075379966001,3.362153384360387,8.439407149084577,9.913913060221859,13.706297762927644,15.404111040466372,17.057265131444876,5.490197980244513,1.6786160898550886,23.639408010833144,8.439407149084577,17.057265131444876,0,True
class_size,JSP,151-500,NSGA-II,seconds,8,8,0.6697751000028802,0.0486086667720934,0.2204737326125119,0.3779388000257313,0.5181000750162639,0.6796954500023276,0.8179530750203412,0.9453422999940813,0.29985300000407733,0.06832057501014788,1.2677325750264572,0.3779388000257313,0.9453422999940813,0,True
class_size,JSP,151-500,SPEA2,hv_deficit_pct,8,8,1.773438365200146,0.020052573112039694,0.14160710826805162,1.5658785413381393,1.7057437748623534,1.762613570570215,1.8719763814384005,1.9992496261691972,0.1662326065760471,1.4563948649982827,2.121325291302471,1.5658785413381393,1.9992496261691972,0,True
class_size,JSP,151-500,SPEA2,makespan_gap_pct,8,8,9.073395403831466,4.33132149469197,2.081182715354894,5.824607329842935,7.815493829475978,9.420263298273046,10.173759332580811,11.993243243243246,2.3582655031048336,4.278095574818727,13.711157587238063,5.824607329842935,11.993243243243246,0,True
class_size,JSP,151-500,SPEA2,flowtime_gap_pct,8,8,12.540231051115757,10.57733543752352,3.2522815741450675,7.342796875890767,10.563119349333316,13.18619824318854,14.95907770281848,16.37456694518036,4.395958353485163,3.9691818191055717,21.553015233046224,7.342796875890767,16.37456694518036,0,True
class_size,JSP,151-500,SPEA2,seconds,8,8,0.707591099999263,0.05619948773610441,0.23706431139271977,0.43061150005087256,0.5346652249863837,0.683250300004147,0.8636525750043802,1.0319582999218255,0.3289873500179965,0.041184199959388934,1.357133600031375,0.43061150005087256,1.0319582999218255,0,True
class_size,JSP,151-500,MOEA/D,hv_deficit_pct,8,8,1.6906415207074894,0.07062699983557155,0.26575740786584207,1.2892519715372641,1.5541538056766475,1.6962167291396713,1.8523258088830459,2.115163678530896,0.29817200320639836,1.10689580086705,2.299583813692643,1.2892519715372641,2.115163678530896,0,True
class_size,JSP,151-500,MOEA/D,makespan_gap_pct,8,8,8.16165982314985,4.632331888746471,2.152285271228345,5.759162303664911,6.524250722082603,7.828482585742769,9.011204438383341,12.311557788944727,2.4869537163007385,2.793820147631495,12.741635012834449,5.759162303664911,12.311557788944727,0,True
class_size,JSP,151-500,MOEA/D,flowtime_gap_pct,8,8,11.876568426269168,13.341592941784883,3.6526145350672965,7.41248485621373,8.359420179211956,12.201659446019585,14.664911356524545,17.065416751579377,6.3054911773125895,-1.0988165867569286,24.12314812249343,7.41248485621373,17.065416751579377,0,True
class_size,JSP,151-500,MOEA/D,seconds,8,8,0.8662820375175215,0.058367545541414274,0.24159376138761174,0.5644278000108898,0.7207770750683267,0.8425621499773115,0.9780251250194851,1.239185000071302,0.25724804995115846,0.33490500014158897,1.3638971999462228,0.5644278000108898,1.239185000071302,0,True
class_size,JSP,151-500,SMS-EMOA,hv_deficit_pct,8,8,1.759655609937101,0.04028849006105627,0.20071992940676386,1.4395113875733,1.6211181493722748,1.8301701103599688,1.8689455984680663,2.018504846970115,0.24782744909579146,1.2493769757285875,2.2406867721117534,1.4395113875733,2.018504846970115,0,True
class_size,JSP,151-500,SMS-EMOA,makespan_gap_pct,8,8,9.128146320842568,5.69757487255949,2.38695933617636,5.268389662027828,8.32289094142052,9.275960289440789,10.561244076711956,12.725225225225234,2.2383531352914368,4.965361238483364,13.918773779649111,5.268389662027828,12.725225225225234,0,True
class_size,JSP,151-500,SMS-EMOA,flowtime_gap_pct,8,8,12.381821359002505,13.851286988445816,3.7217317190315877,6.082891511316335,10.092619405137786,12.310862233590736,15.593043727045247,17.270125668781876,5.500424321907461,1.8419829222765927,23.843680209906438,6.082891511316335,17.270125668781876,0,True
class_size,JSP,151-500,SMS-EMOA,seconds,8,8,0.6890338500234066,0.05723684144104321,0.23924222336586662,0.3851466999622062,0.5241884751012549,0.6891256499802694,0.8387634750106372,1.0051351999863982,0.3145749999093823,0.05232597523718141,1.3106259748747107,0.3851466999622062,1.0051351999863982,0,True
class_size,JSP,501+,XG,hv_deficit_pct,8,6,1.4146487639356498,0.020329092271706834,0.14258012579496077,1.2114864255469704,1.3441073665267755,1.4061330538625794,1.4949573040426378,1.6161425254909378,0.1508499375158623,1.117832460252982,1.7212322103164313,1.2114864255469704,1.6161425254909378,0,True
class_size,JSP,501+,XG,makespan_gap_pct,8,6,10.713043950266309,6.675555621502707,2.5837096627722524,8.862478777589144,8.970739156807367,9.293000489476267,12.136019536019532,14.882772680937828,3.165280379212165,4.22281858798912,16.88394010483778,8.862478777589144,14.882772680937828,0,True
class_size,JSP,501+,XG,flowtime_gap_pct,8,6,13.128592937199214,14.611132064981936,3.8224510546221433,8.943713577834389,9.865121208664235,13.29288478107622,16.41812357929799,17.059671286642963,6.553002370633756,0.035617652713600734,26.247627135248624,8.943713577834389,17.059671286642963,0,True
class_size,JSP,501+,XG,seconds,8,6,0.0494795,0.000337281765332,0.018365232515054092,0.0281084,0.0344021,0.0500148,0.06335687499999999,0.0717369,0.028954774999999995,-0.009030062499999998,0.10678903749999999,0.0281084,0.0717369,0,True
class_size,JSP,501+,XH,hv_deficit_pct,8,6,0.05418825386782437,0.0008426989977822648,0.02902927828559065,0.0121362452932261,0.03607885905103081,0.05859811555694594,0.07457429388472714,0.08732491992344826,0.03849543483369633,-0.021664293199513684,0.13231744613527163,0.0121362452932261,0.08732491992344826,0,True
class_size,JSP,501+,XH,makespan_gap_pct,8,6,0.765648128567531,0.20416843202236176,0.45185001053708274,0.0,0.5650024473812965,0.9133923155630996,1.1098789584666424,1.1428571428571344,0.544876511085346,-0.2523123192467225,1.9271937250946614,0.0,1.1428571428571344,0,True
class_size,JSP,501+,XH,flowtime_gap_pct,8,6,0.9385379867955216,0.6554922549115542,0.8096247617949652,0.11422175886177666,0.3210892839709878,0.88144936633342,1.2222837032713374,2.283909690477026,0.9011944193003496,-1.0307023449795367,2.574075332221862,0.11422175886177666,2.283909690477026,0,True
class_size,JSP,501+,XH,seconds,8,6,61.2493498,505.0692554699101,22.47374591539893,33.9874834,43.3315196,62.74277,78.5142467,87.390567,35.1827271,-9.442571050000005,131.28833735,33.9874834,87.390567,0,True
class_size,JSP,501+,XT,hv_deficit_pct,8,6,0.5877634625820952,0.012752255868889688,0.11292588661989636,0.4168929388063458,0.5471098011235437,0.5742736151077565,0.6530855612524866,0.7437292000411766,0.10597576012894294,0.38814616093012927,0.8120492014459011,0.4168929388063458,0.7437292000411766,0,True
class_size,JSP,501+,XT,makespan_gap_pct,8,6,3.713997715121157,2.7977768212813636,1.6726556194511062,2.051460361613344,2.6252908256303833,3.111437428618047,4.672120830711135,6.354060482500845,2.0468300050807517,-0.4449541819907443,7.742365838332263,2.051460361613344,6.354060482500845,0,True
class_size,JSP,501+,XT,flowtime_gap_pct,8,6,6.846051491146029,7.0960873269965505,2.6638482177099636,3.8646752974840437,5.0772224787500155,6.264324202380555,8.28651505403673,11.04088466916906,3.2092925752867147,0.263283615819943,13.100453916966803,3.8646752974840437,11.04088466916906,0,True
class_size,JSP,501+,XT,seconds,8,6,51.492110100000005,396.52946877239265,19.913047701755566,27.5085793,34.20270925,54.729929850000005,68.036777,72.1515265,33.83406775,-16.548392375000006,118.787878625,27.5085793,72.1515265,0,True
class_size,JSP,501+,XE,hv_deficit_pct,8,6,1.3833391374118487,0.034014652899384976,0.18443061811799302,1.0744359380449708,1.3295839130039981,1.3938741473890348,1.487095388553858,1.6115276211635998,0.1575114755498599,1.0933166996792083,1.7233626018786479,1.3125986766700515,1.6115276211635998,1,True
class_size,JSP,501+,XE,makespan_gap_pct,8,6,10.360061321992227,7.908673982530354,2.8122364734371743,7.267037552155764,8.890114657113152,9.263370859846631,11.95636955636955,14.746856948691821,3.066254899256398,4.290732308228555,16.555751905254148,7.267037552155764,14.746856948691821,0,True
class_size,JSP,501+,XE,flowtime_gap_pct,8,6,13.004799064282617,15.093628442045407,3.8850519226961957,8.7971525281781,9.59333423840767,13.227655960862561,16.333285165412185,17.025941371274378,6.739950927004516,-0.5165921520991059,26.44321155591896,8.7971525281781,17.025941371274378,0,True
class_size,JSP,501+,XE,seconds,8,6,11.090230983333333,8.128677758108632,2.8510836112097153,8.1383079,8.741257475,10.656737249999999,13.010577925,15.1916478,4.26932045,2.337276799999999,19.4145586,8.1383079,15.1916478,0,True
class_size,JSP,501+,XHT,hv_deficit_pct,8,6,0.09519961143260776,0.005074495383149485,0.07123549243986094,0.011556258923162144,0.06852611853523649,0.07898121733889152,0.10395923593407297,0.2243526472615498,0.03543311739883648,0.015376442436981774,0.15710891203232769,0.06540539104613607,0.11192093668701553,2,True
class_size,JSP,501+,XHT,makespan_gap_pct,8,6,0.7581256135560303,0.2280273350512916,0.47752207807733,0.0,0.47521367521367597,1.000481437894507,1.0954626776053356,1.120543293718157,0.6202490023916596,-0.4551598283738134,2.025836181192825,0.0,1.120543293718157,0,True
class_size,JSP,501+,XHT,flowtime_gap_pct,8,6,1.0862229422511989,0.7004016909082791,0.8369000483380791,0.26520570890185,0.5278569333936167,0.9906275528335229,1.2222837032713374,2.5977743586073743,0.6944267698777207,-0.5137832214229643,2.263923858087918,0.26520570890185,1.2263560756605507,1,True
class_size,JSP,501+,XHT,seconds,8,6,64.29420965,642.7333916634215,25.352187117947466,35.1773471,42.94727625,65.6189726,85.014544825,92.4801859,42.067268575,-20.1536266125,148.1154476875,35.1773471,92.4801859,0,True
class_size,JSP,501+,XHE,hv_deficit_pct,8,6,0.12972394902619291,0.00474322703477724,0.06887108997814134,0.07833201383511401,0.08304116234108261,0.10175738207521823,0.14832164537420256,0.255851427268039,0.06528048303311995,-0.014879562208597319,0.2462423699238825,0.07833201383511401,0.16040227525455641,1,True
class_size,JSP,501+,XHE,makespan_gap_pct,8,6,1.0128463102737888,0.39116418151717147,0.625431196469421,0.0,0.7361381548446844,1.0992146232151279,1.4669490102427185,1.6740088105726914,0.7308108553980341,-0.36007812825236685,2.56316529333977,0.0,1.6740088105726914,0,True
class_size,JSP,501+,XHE,flowtime_gap_pct,8,6,1.5139177465419484,1.023923181415351,1.0118908940272915,0.44674640467037285,0.8809080361984356,1.218211330882124,2.0195212867729073,3.145239202776695,1.1386132505744717,-0.827011839663272,3.727441162634615,0.44674640467037285,3.145239202776695,0,True
class_size,JSP,501+,XHE,seconds,8,6,37.8813253,222.24124406950142,14.9077578484996,20.4199224,25.6516082,37.98072165,50.601471925,54.5562937,24.949863725,-11.773187387500002,88.0262675125,20.4199224,54.5562937,0,True
class_size,JSP,501+,XTE,hv_deficit_pct,8,6,0.6302515953006571,0.008169209151983735,0.09038367746437259,0.5103593368492199,0.5680087054752286,0.6318878242524861,0.6956720742822525,0.7437254296080997,0.1276633688070239,0.3765136522646928,0.8871671274927884,0.5103593368492199,0.7437254296080997,0,True
class_size,JSP,501+,XTE,makespan_gap_pct,8,6,3.9366820411828707,2.864008915577799,1.692338298206892,2.051460361613344,2.617883418222977,3.8014684287812073,4.991576705233092,6.354060482500845,2.3736932870101146,-0.9426565122921948,8.552116635748263,2.051460361613344,6.354060482500845,0,True
class_size,JSP,501+,XTE,flowtime_gap_pct,8,6,7.3748490385583505,5.069846623653199,2.25163199116845,4.51547614893395,6.5238621529092935,6.716072153860142,8.279615753165887,11.04088466916906,1.7557536002565932,3.8902317525244037,10.913246153550777,4.51547614893395,8.799674966270077,1,True
class_size,JSP,501+,XTE,seconds,8,6,33.23584313333333,200.13816685269123,14.147019716275624,18.5322274,21.4923272,31.28996095,44.1576522,51.6295776,22.665325000000003,-12.50566030000001,78.15563970000001,18.5322274,51.6295776,0,True
class_size,JSP,501+,XHTE,hv_deficit_pct,8,6,0.1859507392988106,0.014629282499197796,0.12095157088354742,0.055805398105523984,0.09686054635638097,0.17433767029006453,0.23668414553652262,0.38272255477671546,0.13982359918014164,-0.1128748524138315,0.4464195443067351,0.055805398105523984,0.38272255477671546,0,True
class_size,JSP,501+,XHTE,makespan_gap_pct,8,6,0.9680866914625738,0.31875555170562986,0.5645844061835483,0.3259259259259295,0.5312250563204279,0.8922208500298678,1.4329931528573203,1.6740088105726914,0.9017680965368924,-0.8214270884849106,2.7856452976626587,0.3259259259259295,1.6740088105726914,0,True
class_size,JSP,501+,XHTE,flowtime_gap_pct,8,6,2.6031486872257648,4.73421230601274,2.175824511768525,0.26520570890185,1.7545459043395772,2.198796561787375,2.5235584674770104,6.717818502980788,0.7690125631374332,0.6010270596334275,3.67707731218316,1.6405004292898262,2.5977743586073743,2,True
class_size,JSP,501+,XHTE,seconds,8,6,45.241629116666665,279.8716606552081,16.729365219732877,25.5601055,31.1291622,47.2856996,56.309229099999996,66.257548,25.180066899999996,-6.640938149999993,94.07932944999999,25.5601055,66.257548,0,True
class_size,JSP,501+,NSGA-II,hv_deficit_pct,8,6,1.6140941323131264,0.06430018583993521,0.25357481310243574,1.3343617172711597,1.491497486101434,1.5696904105166887,1.64326748564535,2.0775959002563016,0.1517699995439159,1.2638424867855602,1.8709224849612238,1.3343617172711597,1.6489080599848327,1,True
class_size,JSP,501+,NSGA-II,makespan_gap_pct,8,6,8.699041429043548,4.59027187130664,2.1424919769526887,6.696296296296289,7.104657717216156,8.451979387149134,9.188641579133943,12.504247366632693,2.083983861917787,3.978681924339476,12.314617372010623,6.696296296296289,9.27472527472528,1,True
class_size,JSP,501+,NSGA-II,flowtime_gap_pct,8,6,19.351131226821007,12.86173581620019,3.586326228356839,15.645686477976174,17.354312679104886,18.44943932054897,20.160035685080068,25.84271730330463,2.8057230059751816,13.145728170142114,24.36862019404284,15.645686477976174,20.503815927136483,1,True
class_size,JSP,501+,NSGA-II,seconds,8,6,2.2073481833407036,0.6728975266460636,0.8203033138090224,1.2687643999233842,1.521646499983035,2.206993100058753,2.9070140500261914,3.127786500030197,1.3853675500431564,-0.5564048250816995,4.985065375090926,1.2687643999233842,3.127786500030197,0,True
class_size,JSP,501+,SPEA2,hv_deficit_pct,8,6,1.6101173605508612,0.07407858092806809,0.27217380646944717,1.3130391048150059,1.4375722277408076,1.6119669886666799,1.6440328830646527,2.089568925860641,0.20646065532384505,1.1278812447550401,1.9537238660504204,1.3130391048150059,1.6474554214916948,1,True
class_size,JSP,501+,SPEA2,makespan_gap_pct,8,6,8.852495995833277,5.02934238547847,2.2426195364971004,6.548148148148147,7.270032105285734,8.202210908850482,10.227597529804662,12.300373768263672,2.9575654245189273,2.8336839685073434,14.663945666583054,6.548148148148147,12.300373768263672,0,True
class_size,JSP,501+,SPEA2,flowtime_gap_pct,8,6,19.136724415274553,18.159157294740574,4.2613562740916855,14.085590582173403,16.34149779216849,19.21448655963316,20.334975492646464,26.213476116876432,3.9934777004779747,10.351281241451527,26.325192043363426,14.085590582173403,26.213476116876432,0,True
class_size,JSP,501+,SPEA2,seconds,8,6,2.2199333666164116,0.6607947300163778,0.8128928158228351,1.3229595999000594,1.5288842500012834,2.1961187499109656,2.9050359999237116,3.1565886000171304,1.3761517499224283,-0.5353433748823591,4.969263624807354,1.3229595999000594,3.1565886000171304,0,True
class_size,JSP,501+,MOEA/D,hv_deficit_pct,8,6,1.5904686183573509,0.11166384157737232,0.33416140048990145,1.172648899022255,1.416432744219276,1.5722862609260813,1.6695374302566708,2.1591542305858136,0.2531046860373949,1.0367757151631836,2.049194459312763,1.172648899022255,1.694767230028238,1,True
class_size,JSP,501+,MOEA/D,makespan_gap_pct,8,6,8.820309410437513,6.763126918958913,2.600601261046936,6.044444444444452,6.915250317070331,8.414092625345049,10.0937517490998,12.979952429493725,3.178501432029469,2.147498169026128,14.861503897144004,6.044444444444452,12.979952429493725,0,True
class_size,JSP,501+,MOEA/D,flowtime_gap_pct,8,6,18.786500995190593,26.70553404413086,5.167739742298451,11.768705048842442,15.780142279893,18.984103919977393,21.01720327193934,26.575034959888132,5.237060992046342,7.924550791823487,28.87279476000885,11.768705048842442,26.575034959888132,0,True
class_size,JSP,501+,MOEA/D,seconds,8,6,2.3938717499841005,0.7507629610409657,0.8664657875767316,1.4183721999870613,1.6616955999634229,2.3792838999652304,3.0764800000179093,3.4549122999887913,1.4147844000544865,-0.46048100011830684,5.198656600099639,1.4183721999870613,3.4549122999887913,0,True
class_size,JSP,501+,SMS-EMOA,hv_deficit_pct,8,6,1.6549220331658232,0.05241464644318771,0.22894245225206206,1.3984180274064895,1.5702586295773535,1.6174404884687354,1.647831350703488,2.0837402132556804,0.07757272112613456,1.4538995478881516,1.7641904323926898,1.5584473747575434,1.6540456066377551,2,True
class_size,JSP,501+,SMS-EMOA,makespan_gap_pct,8,6,9.085803097559134,4.092724927154229,2.0230484243226186,7.140740740740736,7.626215436270395,8.367089743685641,10.464878076083512,12.096500169894675,2.8386626398131165,3.36822147655072,14.722872035803187,7.140740740740736,12.096500169894675,0,True
class_size,JSP,501+,SMS-EMOA,flowtime_gap_pct,8,6,19.641421260036758,16.39303962205622,4.0488318836494335,15.128938828209515,16.990605467183794,19.2507111911155,20.894698582473175,26.53823507764774,3.904093115289381,11.134465794249722,26.750838255407245,15.128938828209515,26.53823507764774,0,True
class_size,JSP,501+,SMS-EMOA,seconds,8,6,2.186124300021523,0.6350045917755182,0.7968717536564577,1.2722561000846326,1.5508464000595268,2.129002899979241,2.8580712499970105,3.1272622999968007,1.3072248499374837,-0.4099908748466987,4.818908524903236,1.2722561000846326,3.1272622999968007,0,True
class_size,PFSP,1-150,XG,hv_deficit_pct,6,6,5.940158289020877,2.1211152855329933,1.456404918123045,3.875999842534217,4.952922729108145,6.204877334235714,6.855662918691494,7.7469992488772395,1.9027401895833496,2.0988124447331202,9.709773203066518,3.875999842534217,7.7469992488772395,0,True
class_size,PFSP,1-150,XG,makespan_gap_pct,6,6,12.670842658835582,12.789223934821653,3.576202446006329,8.406432748538005,9.598028169014093,13.326049822064057,15.016716842572364,17.03089675960814,5.418688673558272,1.469995158676685,23.144749852909772,8.406432748538005,17.03089675960814,0,True
class_size,PFSP,1-150,XG,flowtime_gap_pct,6,6,17.298111659207425,41.198526614264324,6.418607840822208,7.4034180669251715,13.428413222860723,19.053397756163903,21.661814256186943,24.19375157470396,8.23340103332622,1.0783116728713917,34.011915806176276,7.4034180669251715,24.19375157470396,0,True
class_size,PFSP,1-150,XG,seconds,6,6,0.01117805,4.163774749999998e-07,0.0006452731785840783,0.0101616,0.01091885,0.0112596,0.011455074999999999,0.012062,0.0005362249999999978,0.010114512500000004,0.012259412499999995,0.0101616,0.012062,0,True
class_size,PFSP,1-150,XH,hv_deficit_pct,6,6,3.5712435125661948,2.782092733258912,1.6679606509923763,1.844984277313888,2.4541210739492088,3.0916237192303297,4.43129433016588,6.279757966956057,1.977173256216671,-0.5116388103757976,7.397054214490886,1.844984277313888,6.279757966956057,0,True
class_size,PFSP,1-150,XH,makespan_gap_pct,6,6,7.254910285796897,13.331823935551157,3.6512770280480167,3.9906103286384997,4.22959064327485,6.495660504153622,9.151193345456761,13.03692539562924,4.921602702181911,-3.152813409998016,16.533597398729626,3.9906103286384997,13.03692539562924,0,True
class_size,PFSP,1-150,XH,flowtime_gap_pct,6,6,11.64456696418951,28.528713317245284,5.341227697565915,6.017521183397956,9.078727321712071,9.844000055022374,13.049150194751286,21.2207105064248,3.9704228730392153,3.123093012153248,19.00478450431011,6.017521183397956,13.930739021777928,1,True
class_size,PFSP,1-150,XH,seconds,6,6,10.208797283333334,0.2284738939849815,0.4779894287376882,9.8332048,9.986674725,10.0008618,10.226873625,11.1336987,0.24019889999999933,9.626376375000001,10.587171974999999,9.8332048,10.3009006,1,True
class_size,PFSP,1-150,XT,hv_deficit_pct,6,6,2.8675404949646564,1.2515955709456295,1.1187473222071325,1.0009860961454842,2.4500018646292974,3.0831791551433674,3.445717122299821,4.2323926842124715,0.9957152576705237,0.9564289781235118,4.939290008805607,1.0009860961454842,4.2323926842124715,0,True
class_size,PFSP,1-150,XT,makespan_gap_pct,6,6,5.859571700217481,7.6414013604937,2.764308477810264,1.4866979655712154,4.356052631578944,6.511107761868873,7.967795873816991,8.557457212713926,3.611743242238047,-1.0615622317781268,13.385410737174062,1.4866979655712154,8.557457212713926,0,True
class_size,PFSP,1-150,XT,flowtime_gap_pct,6,6,9.417819908020686,12.211649281322856,3.494517031196565,5.410279531109108,6.436077026724813,9.59563815562927,11.971201481240406,13.75941769888902,5.535124454515594,-1.8666096550485785,20.273888163013797,5.410279531109108,13.75941769888902,0,True
class_size,PFSP,1-150,XT,seconds,6,6,9.833341116666666,0.16498722181769349,0.4061861910721406,9.3753874,9.715952175,9.76490285,9.788037925000001,10.5994687,0.07208575000000117,9.607823549999999,9.896166550000004,9.7062708,9.7891141,2,True
class_size,PFSP,1-150,XE,hv_deficit_pct,6,6,0.33846931123601526,0.025367696286480293,0.1592723964988293,0.1675304827377655,0.22577341791588934,0.3145237694326508,0.40616904524999053,0.601330407880285,0.1803956273341012,-0.04482002308526245,0.6767624862511423,0.1675304827377655,0.601330407880285,0,True
class_size,PFSP,1-150,XE,makespan_gap_pct,6,6,1.4159075052411096,0.46416260416093336,0.6812947997459935,0.7117437722419906,1.0076191395358869,1.2915945968206999,1.5585622080469153,2.639999999999998,0.5509430685110284,0.18120453676934434,2.3849768108134577,0.7117437722419906,1.5825169555388152,1,True
class_size,PFSP,1-150,XE,flowtime_gap_pct,6,6,1.3088707427926782,0.35799027315809634,0.5983228836991749,0.6175499066494394,0.7920771495996459,1.337068675891051,1.757549618457377,2.053413958175865,0.965472468857731,-0.6561315536869505,3.205758321743973,0.6175499066494394,2.053413958175865,0,True
class_size,PFSP,1-150,XE,seconds,6,6,9.451633916666665,0.11255449779670165,0.33549142730731835,8.8164263,9.439288524999998,9.52781905,9.615459699999999,9.7832875,0.17617117500000035,9.175031762499998,9.8797164625,9.4299612,9.7832875,1,True
class_size,PFSP,1-150,XHT,hv_deficit_pct,6,6,2.360100778646849,1.7429893790311444,1.3202232307572626,0.6826981518036845,1.6397105690383496,2.2884520348945947,2.78225901213684,4.530677698651031,1.1425484430984902,-0.07411209560938592,4.496081676784575,0.6826981518036845,2.9315419250645736,1,True
class_size,PFSP,1-150,XHT,makespan_gap_pct,6,6,4.698483658184179,8.407071862415995,2.8994951047408226,1.4866979655712154,2.9040935672514645,3.8901757245599744,6.227655937831833,9.341637010676163,3.3235623705803685,-2.081249988619088,11.212999493702386,1.4866979655712154,9.341637010676163,0,True
class_size,PFSP,1-150,XHT,flowtime_gap_pct,6,6,8.008572008398936,9.668171072592008,3.109368275484911,3.856558229867524,5.874530758616703,8.465640105925576,9.482528592248212,12.431274544805436,3.607997833631509,0.4625340081694391,14.894525342695475,3.856558229867524,12.431274544805436,0,True
class_size,PFSP,1-150,XHT,seconds,6,6,10.096307683333333,0.1747482698078936,0.41802902986263235,9.4402448,10.058467949999999,10.107116600000001,10.118017825,10.7594648,0.05954987500000186,9.969143137499996,10.207342637500004,10.0444515,10.1194518,2,True
class_size,PFSP,1-150,XHE,hv_deficit_pct,6,6,1.014055048892822,0.14354006479595724,0.378866816699427,0.6165413686889054,0.6932030823973784,0.9669564263608377,1.3429809610226218,1.4636016316269096,0.6497778786252434,-0.28146373554048665,2.317647778960487,0.6165413686889054,1.4636016316269096,0,True
class_size,PFSP,1-150,XHE,makespan_gap_pct,6,6,2.2369985612692065,2.260815150864381,1.5036007285394555,0.32000000000000917,1.4392901497557897,1.9490761870056494,3.0151443038644086,4.563977180114098,1.5758541541086188,-0.9244910814071385,5.378925535027337,0.32000000000000917,4.563977180114098,0,True
class_size,PFSP,1-150,XHE,flowtime_gap_pct,6,6,3.453048531604841,0.7046084026246605,0.8394095559526711,2.2440296458962283,3.0091992429687906,3.592377301947325,3.742702120423358,4.6818899899468525,0.7335028774545673,1.9089449267869396,4.842956436605209,2.2440296458962283,4.6818899899468525,0,True
class_size,PFSP,1-150,XHE,seconds,6,6,9.653924666666667,0.2643100209269984,0.5141109033340943,8.9699965,9.359057125,9.70614195,9.7976624,10.4697362,0.43860527500000046,8.701149212499999,10.4555703125,8.9699965,9.8058854,1,True
class_size,PFSP,1-150,XTE,hv_deficit_pct,6,6,0.9394510900789355,0.15954091788046104,0.39942573512539353,0.31697756920027187,0.7486575897222597,0.9681414484606243,1.1975743412954403,1.433897798635575,0.44891675157318056,0.07528246236248892,1.870949468655211,0.31697756920027187,1.433897798635575,0,True
class_size,PFSP,1-150,XTE,makespan_gap_pct,6,6,2.786945453503187,0.8665571939959811,0.9308905381386047,1.4866979655712154,2.2127192982456134,2.8924312615278946,3.2690835211304394,4.069329314242642,1.056364222884826,0.6281729639183744,4.853629855457679,1.4866979655712154,4.069329314242642,0,True
class_size,PFSP,1-150,XTE,flowtime_gap_pct,6,6,2.5596053010633946,0.6491584424529347,0.8057036939551256,1.3456336269681568,2.0954730070228464,2.695161797092449,3.051459153542757,3.555872902534807,0.9559861465199107,0.6614937872429805,4.485438373322623,1.3456336269681568,3.555872902534807,0,True
class_size,PFSP,1-150,XTE,seconds,6,6,9.378547333333334,0.07849043079333055,0.2801614370203911,9.0958247,9.2072001,9.3407773,9.415613825000001,9.890671,0.20841372500000155,8.894579512499998,9.728234412500004,9.0958247,9.4202986,1,True
class_size,PFSP,1-150,XHTE,hv_deficit_pct,6,6,0.9134233745003162,0.231351375140064,0.48098999484403415,0.31972867117897597,0.6304196616329,0.8036851814361978,1.2272137688787406,1.6123867598924702,0.5967941072458406,-0.26477149923586085,2.1224049297475016,0.31972867117897597,1.6123867598924702,0,True
class_size,PFSP,1-150,XHTE,makespan_gap_pct,6,6,2.177686580249042,2.397724897389022,1.5484588781717847,0.32000000000000917,1.1723862351650516,1.9490761870056494,3.0151443038644086,4.563977180114098,1.842758068699357,-1.5917508678839838,5.779281406913444,0.32000000000000917,4.563977180114098,0,True
class_size,PFSP,1-150,XHTE,flowtime_gap_pct,6,6,3.455916872836299,1.4363364358287996,1.1984725427930334,1.366442394395495,3.159078085228323,3.6340747861849265,4.161722512269095,4.762558331045841,1.0026444270407717,1.6551114446671655,5.665689152830252,3.1541310177499726,4.762558331045841,1,True
class_size,PFSP,1-150,XHTE,seconds,6,6,9.64841185,0.05368169165028699,0.23169309797723148,9.4129925,9.4390046,9.6374502,9.820479175000001,9.9482333,0.38147457500000037,8.866792737499999,10.3926910375,9.4129925,9.9482333,0,True
class_size,PFSP,1-150,NSGA-II,hv_deficit_pct,6,6,1.4660135531589125,0.397670842673271,0.630611483144155,0.48177980190202696,1.1754008566847662,1.501685129435859,1.8728795996386078,2.247680736039137,0.6974787429538416,0.12918274225400395,2.91909771406937,0.48177980190202696,2.247680736039137,0,True
class_size,PFSP,1-150,NSGA-II,makespan_gap_pct,6,6,3.8531105128671603,2.862500570501006,1.6918926001673409,1.0964912280701844,3.259339548560641,3.9438434163701075,4.790218538055758,6.030969845150769,1.5308789894951165,0.9630210643179664,7.086537022298432,1.0964912280701844,6.030969845150769,0,True
class_size,PFSP,1-150,NSGA-II,flowtime_gap_pct,6,6,4.154097013046572,1.87778173230747,1.3703217623271806,1.9793129868471482,3.3824863947822803,4.905423589311287,5.051994215433026,5.158730158730163,1.6695078206507454,0.8782246638061619,7.556255946409144,1.9793129868471482,5.158730158730163,0,True
class_size,PFSP,1-150,NSGA-II,seconds,6,6,0.13123266664721692,1.9458889572612285e-05,0.0044112231379303726,0.12487709999550134,0.12821609998354688,0.132271199952811,0.1348120500042569,0.13545309996698052,0.006595950020710006,0.11832217495248187,0.1447059750353219,0.12487709999550134,0.13545309996698052,0,True
class_size,PFSP,1-150,SPEA2,hv_deficit_pct,6,6,1.2987718270626447,0.2551460012517115,0.5051197890121822,0.5347447643929915,0.9914622791205613,1.386176526534838,1.704449121329249,1.815102295336679,0.7129868422086877,-0.0780179841924703,2.7739293846422806,0.5347447643929915,1.815102295336679,0,True
class_size,PFSP,1-150,SPEA2,makespan_gap_pct,6,6,3.1872739056218125,3.4286746612830235,1.851668075353416,0.3654970760234022,2.0856306283728476,3.670113197832048,4.523134890730973,5.052974735126314,2.4375042623581256,-1.570625765164341,8.179391284268162,0.3654970760234022,5.052974735126314,0,True
class_size,PFSP,1-150,SPEA2,flowtime_gap_pct,6,6,4.192534629778692,0.3537023388236668,0.5947287943455124,3.6344167296548324,3.75224570680035,3.998961490068198,4.54406079907152,5.127100387763894,0.79181509227117,2.564523068393595,5.731783437478275,3.6344167296548324,5.127100387763894,0,True
class_size,PFSP,1-150,SPEA2,seconds,6,6,0.15281804996387413,1.3263003607388171e-05,0.0036418406894574854,0.14882909995503724,0.15016279998235404,0.15199874993413687,0.15536657493794337,0.15804170002229512,0.005203774955589324,0.14235713754897006,0.16317223737132736,0.14882909995503724,0.15804170002229512,0,True
class_size,PFSP,1-150,MOEA/D,hv_deficit_pct,6,6,0.3063922178071332,0.10933425707184606,0.33065731062815784,0.035779947295089265,0.16850293592953758,0.20186402799265424,0.260549345584693,0.9613516135385303,0.09204640965515543,0.03043332144680444,0.39861896006742614,0.035779947295089265,0.27884672041179615,1,True
class_size,PFSP,1-150,MOEA/D,makespan_gap_pct,6,6,1.172071533513556,0.7538562592911413,0.8682489615836816,0.3558718861210064,0.4341228070175507,1.0633489827856057,1.615080670744723,2.526487367563157,1.1809578637271723,-1.3373139885732077,3.3865174663354813,0.3558718861210064,2.526487367563157,0,True
class_size,PFSP,1-150,MOEA/D,flowtime_gap_pct,6,6,1.4772019154689915,1.3991110858159084,1.1828402621723308,0.2641913602284829,0.6527185578991235,1.0954964665340405,2.2775257320503117,3.231365790607499,1.6248071741511882,-1.784492203327659,4.714736493277094,0.2641913602284829,3.231365790607499,0,True
class_size,PFSP,1-150,MOEA/D,seconds,6,6,0.2823764332958187,0.00011403933716240487,0.010678920224554769,0.2626648999284953,0.280008599977009,0.2861439999542199,0.2891810750006698,0.2911487999372184,0.009172475023660809,0.2662498874415178,0.302939787536161,0.2781744999811053,0.2911487999372184,1,True
class_size,PFSP,1-150,SMS-EMOA,hv_deficit_pct,6,6,1.4145654106537675,0.41431176072222764,0.6436705374042124,0.567462727865542,0.9040813513126911,1.671294043018673,1.78246334346924,2.109478085656258,0.878381992156549,-0.4134916369221324,3.1000363317040636,0.567462727865542,2.109478085656258,0,True
class_size,PFSP,1-150,SMS-EMOA,makespan_gap_pct,6,6,3.5587475108781574,3.434111332455057,1.8531355407673387,0.9502923976608235,2.1826391325414027,4.37523131672598,4.787481662591686,5.275056518462695,2.6048425300502833,-1.7246246625340222,8.69474545766711,0.9502923976608235,5.275056518462695,0,True
class_size,PFSP,1-150,SMS-EMOA,flowtime_gap_pct,6,6,4.245701694433664,0.8416601826306699,0.9174203958004585,3.520171367368796,3.585097172284868,3.817522241318927,4.770430959496641,5.723304968432608,1.1853337872117735,1.8070964914672076,6.548431640314302,3.520171367368796,5.723304968432608,0,True
class_size,PFSP,1-150,SMS-EMOA,seconds,6,6,0.1310447166712644,3.901483978240796e-05,0.006246186018876476,0.12324200000148267,0.12708654996822588,0.1305966000072658,0.13407455006381497,0.14068269997369498,0.006988000095589086,0.11660454982484225,0.1445565502071986,0.12324200000148267,0.14068269997369498,0,True
class_size,PFSP,151-500,XG,hv_deficit_pct,10,10,4.285694425603691,2.8417089459355696,1.6857369148047894,2.8041223274278715,2.9804481739787976,3.6311616689868877,5.19103993750438,7.118431766432975,2.2105917635255823,-0.33543947130957585,8.506927582792754,2.8041223274278715,7.118431766432975,0,True
class_size,PFSP,151-500,XG,makespan_gap_pct,10,10,15.081447921198068,31.31997994714399,5.596425640276478,7.579944729569688,10.445155183801564,15.46910874709626,17.216409347556883,25.094339622641513,6.771254163755319,0.2882739381685848,27.373290593189864,7.579944729569688,25.094339622641513,0,True
class_size,PFSP,151-500,XG,flowtime_gap_pct,10,10,17.582874139486083,30.16774157319491,5.492516870542585,10.933229207340878,13.785667693961424,17.145762007170916,19.25488532919042,27.59764884338263,5.469217635228995,5.58184124111793,27.458711782033912,10.933229207340878,25.134230577511918,1,True
class_size,PFSP,151-500,XG,seconds,10,10,0.07064254,0.002539967863867111,0.05039809385152489,0.0220094,0.042509649999999996,0.046468800000000005,0.08478355,0.169282,0.0422739,-0.02090120000000001,0.1481944,0.0220094,0.1442377,1,True
class_size,PFSP,151-500,XH,hv_deficit_pct,10,10,2.754564365453266,1.3119615918098846,1.1454089190371641,1.670626689480048,2.014102379487576,2.550719047893252,2.919339562303197,5.642255834199061,0.9052371828156209,0.6562466052641445,4.277195336526628,1.670626689480048,3.3662018283063477,1,True
class_size,PFSP,151-500,XH,makespan_gap_pct,10,10,9.037790217170338,25.017135858008064,5.001713292263768,3.2964863797868116,5.626913732377919,7.974617753098768,10.471648707409576,20.503144654088047,4.844734975031657,-1.6401887301695668,17.738751169957062,3.2964863797868116,13.35584894074302,1,True
class_size,PFSP,151-500,XH,flowtime_gap_pct,10,10,13.22294954169696,10.587352267659021,3.253821179422591,8.785630613041784,11.421314008483247,12.403297302345539,14.071752512421698,20.691126279863493,2.6504385039384513,7.44565625257557,18.047410268329376,8.785630613041784,15.729903354782504,1,True
class_size,PFSP,151-500,XH,seconds,10,10,74.63533743,2555.3194926998613,50.55016807785965,20.8387795,46.780786975,49.4322818,99.77628545,157.0441805,52.995498475000005,-32.71246073750001,179.2695331625,20.8387795,157.0441805,0,True
class_size,PFSP,151-500,XT,hv_deficit_pct,10,10,3.0529583166064245,1.1667323953274458,1.0801538757637477,1.8279587486118132,2.29094792077843,2.7707259512568916,3.6326681198002726,5.060703021289958,1.3417201990218426,0.27836762224566636,5.645248418333036,1.8279587486118132,5.060703021289958,0,True
class_size,PFSP,151-500,XT,makespan_gap_pct,10,10,10.694044556815989,11.360826767045468,3.3705825560347082,5.790240349599407,8.281353039870831,10.910428004118256,12.142665292705374,16.603773584905657,3.8613122528345425,2.4893846606190175,17.934633671957187,5.790240349599407,16.603773584905657,0,True
class_size,PFSP,151-500,XT,flowtime_gap_pct,10,10,12.450545148590898,12.396742367661851,3.520900789238721,7.335304289619016,10.184958830779383,12.23899205333885,14.689871293470619,18.43907996866767,4.504912462691236,3.4275901367425297,21.447239987507473,7.335304289619016,18.43907996866767,0,True
class_size,PFSP,151-500,XT,seconds,10,10,70.50945217,2182.5900943944953,46.71819874946481,20.1201652,44.4092316,47.8510948,93.681516525,146.1402104,49.27228492500001,-29.499195787500014,167.58994391250002,20.1201652,146.1402104,0,True
class_size,PFSP,151-500,XE,hv_deficit_pct,10,10,0.34781002622680135,0.08051639573818481,0.2837541114031386,0.0567508409035522,0.13258441237749274,0.28444992099147526,0.4352734783426071,0.9349634772784055,0.30268906596511436,-0.3214491865701788,0.8893070772902787,0.0567508409035522,0.7108659023998043,1,True
class_size,PFSP,151-500,XE,makespan_gap_pct,10,10,1.7050235263780356,1.9022039344948594,1.379204094575875,0.44303797468354666,0.6390062896519388,1.1153248043269892,2.4705252166155987,4.088050314465419,1.8315189269636598,-2.1082721007935508,5.2178036070610885,0.44303797468354666,4.088050314465419,0,True
class_size,PFSP,151-500,XE,flowtime_gap_pct,10,10,1.8583072200116502,1.1146948622982096,1.0557911073210502,0.33466372493120566,1.4845881591314003,1.8820128851367746,2.2310743254794874,3.9787881313552154,0.7464861663480871,0.3648589096092698,3.350803575001618,0.418595752821882,2.6070375425909953,2,True
class_size,PFSP,151-500,XE,seconds,10,10,69.24439574,2537.5171481268767,50.37377440818661,18.5319298,41.037440825000004,44.702225999999996,87.812693825,158.4286234,46.77525299999999,-29.125438674999984,157.97557332499997,18.5319298,149.6298785,1,True
class_size,PFSP,151-500,XHT,hv_deficit_pct,10,10,2.402367033150248,0.6333894194999716,0.7958576628392615,1.3435447289118607,1.9151192471613232,2.267615087583752,2.7722139065738336,3.8935578421526174,0.8570946594125104,0.6294772580425576,4.057855895692599,1.3435447289118607,3.8935578421526174,0,True
class_size,PFSP,151-500,XHT,makespan_gap_pct,10,10,7.568013530941082,13.030880869017624,3.6098311413440967,3.9281484405842892,4.681193180237147,7.272126523521316,8.574545280020917,15.283018867924536,3.89335209978377,-1.1588349694385078,14.414573429696572,3.9281484405842892,11.482959778937673,1,True
class_size,PFSP,151-500,XHT,flowtime_gap_pct,10,10,11.765740745582029,5.054281736396028,2.2481729774187813,8.06883471858091,10.638263773188644,11.608079152091799,13.320073383821851,15.502544506734006,2.6818096106332074,6.615549357238833,17.342787799771664,8.06883471858091,15.502544506734006,0,True
class_size,PFSP,151-500,XHT,seconds,10,10,74.2881971,2816.8630670861708,53.07412803886815,21.302314,43.717139124999996,47.07912675,98.121541525,164.0021828,54.4044024,-37.889464475000004,179.728145125,21.302314,164.0021828,0,True
class_size,PFSP,151-500,XHE,hv_deficit_pct,10,10,0.9891478826025013,0.19446436504937104,0.4409811391084329,0.49118634492079094,0.6787402768223538,0.827405113585733,1.2503173465513606,1.7436365129935294,0.5715770697290068,-0.17862532777115636,2.107682951144871,0.49118634492079094,1.7436365129935294,0,True
class_size,PFSP,151-500,XHE,makespan_gap_pct,10,10,3.1018676116700683,1.3898677168602942,1.1789265103730149,1.4202476329206126,2.1457930946413963,3.1154186573039477,3.9035206418180923,4.716981132075482,1.757727547176696,-0.49079822612364765,6.540111962583136,1.4202476329206126,4.716981132075482,0,True
class_size,PFSP,151-500,XHE,flowtime_gap_pct,10,10,5.224256506237068,4.473897230262186,2.1151589137136213,2.6877133105801976,3.864141357715339,4.890559892764967,5.938604340317122,9.327817778287194,2.0744629826017826,0.7524468838126652,9.050298814219795,2.6877133105801976,7.875044710365375,1,True
class_size,PFSP,151-500,XHE,seconds,10,10,73.43731571000001,2934.1463914698484,54.16776155122019,19.7529493,40.8218991,47.1327805,94.12910155,173.885586,53.30720245,-39.13890457499999,174.089905225,19.7529493,173.885586,0,True
class_size,PFSP,151-500,XTE,hv_deficit_pct,10,10,0.9542241247897876,0.14578763174823847,0.3818214658033758,0.4009807317386871,0.7553474130574861,0.9389762072967545,1.0840414623569772,1.6751845861136316,0.3286940492994911,0.26230633910824946,1.5770825363062138,0.4009807317386871,1.3780122857707133,1,True
class_size,PFSP,151-500,XTE,makespan_gap_pct,10,10,3.268839205617098,1.9927232500536571,1.41163849836056,1.3620213185945529,2.107471389467258,3.0538347563858648,4.642357454052226,5.283018867924527,2.534886064584968,-1.6948577074101938,8.444686550929678,1.3620213185945529,5.283018867924527,0,True
class_size,PFSP,151-500,XTE,flowtime_gap_pct,10,10,5.015227720052247,3.9853142505526993,1.9963251865747473,2.9051819184123584,3.557018211725765,4.732057858150595,5.522266728628117,9.369876015058098,1.965248516902352,0.6091454363722373,8.470139503981645,2.9051819184123584,6.981371895315891,1,True
class_size,PFSP,151-500,XTE,seconds,10,10,72.44225464,2477.4082598400055,49.77356989246407,20.8890005,44.63164955,49.425838549999995,93.84287900000001,158.0150906,49.21122945000001,-29.185194625000015,167.659723175,20.8890005,158.0150906,0,True
class_size,PFSP,151-500,XHTE,hv_deficit_pct,10,10,1.2699220583560777,0.3188962439160667,0.5647089904686011,0.5151724565594429,0.8395939117104984,1.3277391821947981,1.6654738349992897,2.2473240839845254,0.8258799232887913,-0.3992259732226887,2.9042937199324768,0.5151724565594429,2.2473240839845254,0,True
class_size,PFSP,151-500,XHTE,makespan_gap_pct,10,10,3.7370911165484855,2.3551568377630816,1.5346520249760471,1.7047817047816993,2.371742709428659,3.630855535662636,5.144970132489712,5.786163522012577,2.773227423061053,-1.7880984251629206,9.304811267081291,1.7047817047816993,5.786163522012577,0,True
class_size,PFSP,151-500,XHTE,flowtime_gap_pct,10,10,6.7252507231007534,5.278266585901562,2.297447841823958,3.8775123246113097,4.896209563754816,6.550441348949432,8.592846781312973,10.11868168509238,3.696637217558157,-0.6487462625824199,14.137802607650208,3.8775123246113097,10.11868168509238,0,True
class_size,PFSP,151-500,XHTE,seconds,10,10,73.26157846,2640.415961277149,51.38497797291684,18.7666318,43.9401049,46.842381200000005,100.4658905,160.6732999,56.5257856,-40.84857349999999,185.25456889999998,18.7666318,160.6732999,0,True
class_size,PFSP,151-500,NSGA-II,hv_deficit_pct,10,10,0.9302249490489101,0.09611420870379817,0.31002291641715485,0.21419929486476974,0.8839466491845749,0.9654702506251445,1.1054057685461693,1.28928336306251,0.22145911936159446,0.5517579701421832,1.4375944475885611,0.6691547651032859,1.28928336306251,1,True
class_size,PFSP,151-500,NSGA-II,makespan_gap_pct,10,10,3.6499810860056603,3.468562207193407,1.8624076372248388,1.5559978288402387,2.042725536898887,3.352974863786251,5.011654547362454,6.518231687641185,2.968929010463567,-2.4106679787964636,9.465048063057804,1.5559978288402387,6.518231687641185,0,True
class_size,PFSP,151-500,NSGA-II,flowtime_gap_pct,10,10,3.92314587153743,2.6533873738350606,1.6289221509437033,0.7050092764378402,3.378182447190947,4.616672963679946,5.134476403630267,5.344542447629541,1.75629395643932,0.7437415125319671,7.768917338289247,1.5730462430969983,5.344542447629541,1,True
class_size,PFSP,151-500,NSGA-II,seconds,10,10,0.366896910010837,0.014905505015603728,0.12208810349744863,0.20794919994659722,0.2634691500279587,0.3734507000190206,0.47735755002941005,0.5251954999985173,0.21388840000145137,-0.05736344997421838,0.7981901500315871,0.20794919994659722,0.5251954999985173,0,True
class_size,PFSP,151-500,SPEA2,hv_deficit_pct,10,10,0.9282242266056528,0.10912098157413437,0.33033465088321323,0.232288286369986,0.8681131502443734,0.9649713914622382,1.0766558082032502,1.3983053270460233,0.20854265795887683,0.5552991633060582,1.3894697951415655,0.5816037948239261,1.2509305239198132,2,True
class_size,PFSP,151-500,SPEA2,makespan_gap_pct,10,10,3.5305859756265145,2.358148286048744,1.5356263497507276,1.5198118328207055,2.4855663436376183,3.3637485780671383,4.5671249933696085,6.195546950629227,2.0815586497319902,-0.636771630960367,7.689462967967594,1.5198118328207055,6.195546950629227,0,True
class_size,PFSP,151-500,SPEA2,flowtime_gap_pct,10,10,4.120967002647955,2.325516011132515,1.5249642655264137,0.9845484464773735,3.926543168669755,4.526265805606533,5.1641461182033,5.704244762954791,1.237602949533545,2.0701387443694377,7.020550542503617,3.8636671494513886,5.704244762954791,2,True
class_size,PFSP,151-500,SPEA2,seconds,10,10,0.386978209996596,0.013851653181101155,0.11769304644328464,0.22958809998817742,0.29410827497486025,0.39449005003552884,0.4963958749722224,0.5371674000052735,0.20228759999736212,-0.009323125021182932,0.7998272749682656,0.22958809998817742,0.5371674000052735,0,True
class_size,PFSP,151-500,MOEA/D,hv_deficit_pct,10,10,0.28196750775157264,0.019780915208140185,0.14064464159057102,0.03488454812018427,0.20491092202470085,0.2826332040512636,0.34930911281555455,0.5503150247241462,0.1443981907908537,-0.011686364161579699,0.5659063990018351,0.03488454812018427,0.5503150247241462,0,True
class_size,PFSP,151-500,MOEA/D,makespan_gap_pct,10,10,0.7090217493204509,0.19474094031800238,0.4412946185010671,0.1936108422071703,0.389972650482856,0.6529429598175596,0.8062904381498925,1.555275325767136,0.41631778766703653,-0.2345040310176988,1.4307671196504472,0.1936108422071703,1.3474144209759675,1,True
class_size,PFSP,151-500,MOEA/D,flowtime_gap_pct,10,10,1.751442671125354,1.4223330313543396,1.1926160452359928,0.38449114836773823,0.6667978197110291,1.787702574701544,2.6316922005175716,3.6121830209481898,1.9648943808065424,-2.2805437514987843,5.579033771727385,0.38449114836773823,3.6121830209481898,0,True
class_size,PFSP,151-500,MOEA/D,seconds,10,10,0.5388953299960122,0.01901842407785673,0.13790730248198146,0.35269079997669905,0.4370380500040483,0.5067674999590963,0.6682703000260517,0.716776099987328,0.23123225002200343,0.09018967497104313,1.0151186750590568,0.35269079997669905,0.716776099987328,0,True
class_size,PFSP,151-500,SMS-EMOA,hv_deficit_pct,10,10,1.0170298120025312,0.12888499161974948,0.35900555931593797,0.30692254154222054,0.7828711468470806,1.0950973079446646,1.2683789456468475,1.5049798825212513,0.4855077987997669,0.054609448647430225,1.9966406438464979,0.30692254154222054,1.5049798825212513,0,True
class_size,PFSP,151-500,SMS-EMOA,makespan_gap_pct,10,10,3.7493411058010384,3.52363684888364,1.8771352771933194,1.7173312277931396,2.2011384822092306,3.1307044203744305,5.269366450109342,6.729559748427683,3.068227967900111,-2.401203469640936,9.87170840195951,1.7173312277931396,6.729559748427683,0,True
class_size,PFSP,151-500,SMS-EMOA,flowtime_gap_pct,10,10,4.414276425267505,2.7616154435616096,1.6618108928399793,1.6093044011825652,3.484192351894222,5.132304095672935,5.511870510492561,6.311468578096346,2.027678158598339,0.44267511399671333,8.553387748390069,1.6093044011825652,6.311468578096346,0,True
class_size,PFSP,151-500,SMS-EMOA,seconds,10,10,0.3547566399909556,0.01187141155179195,0.1089560074148826,0.20031230000313371,0.2702826250169892,0.3818745999597013,0.4426576499827206,0.48330590000841767,0.17237502496573143,0.011720087568392046,0.7012201874313178,0.20031230000313371,0.48330590000841767,0,True
class_size,PFSP,501+,XG,hv_deficit_pct,12,2,2.0485607372886516,0.049860587851603015,0.22329484510754613,1.890667438109106,1.9696140876988788,2.0485607372886516,2.1275073868784244,2.2064540364681973,0.15789329917954564,1.7327741389295603,2.364347335647743,1.890667438109106,2.2064540364681973,0,True
class_size,PFSP,501+,XG,makespan_gap_pct,12,2,18.057073737226048,1.5427128548338596,1.2420599240108585,17.178804742317922,17.617939239771985,18.057073737226048,18.49620823468011,18.935342732134174,0.8782689949081259,16.300535747409796,19.8136117270423,17.178804742317922,18.935342732134174,0,True
class_size,PFSP,501+,XG,flowtime_gap_pct,12,2,12.24586262032914,1.9760862682176958,1.405733356016601,11.251859031749678,11.748860826039408,12.24586262032914,12.742864414618872,13.239866208908602,0.9940035885794636,10.257855443170213,14.233869797488067,11.251859031749678,13.239866208908602,0,True
class_size,PFSP,501+,XG,seconds,12,2,0.18584055,2.4056128845000043e-05,0.004904704766344254,0.1823724,0.184106475,0.18584055,0.187574625,0.1893087,0.003468150000000003,0.17890425,0.19277685,0.1823724,0.1893087,0,True
class_size,PFSP,501+,XH,hv_deficit_pct,12,2,1.189312081573618,0.005559501177284983,0.0745620625873841,1.136588741498823,1.1629504115362206,1.189312081573618,1.2156737516110154,1.242035421648413,0.052723340074794844,1.0838654014240283,1.2947587617232077,1.136588741498823,1.242035421648413,0,True
class_size,PFSP,501+,XH,makespan_gap_pct,12,2,9.908445264474931,1.237925638523754,1.1126210669063183,9.121703363174461,9.515074313824696,9.908445264474931,10.301816215125164,10.6951871657754,0.7867419013004682,8.334961461873995,11.481929067075868,9.121703363174461,10.6951871657754,0,True
class_size,PFSP,501+,XH,flowtime_gap_pct,12,2,8.17362404672538,1.5434304564385501,1.242348766022871,7.295150809671869,7.734387428198625,8.17362404672538,8.612860665252136,9.052097283778892,0.8784732370535107,6.416677572618359,9.9305705208324,7.295150809671869,9.052097283778892,0,True
class_size,PFSP,501+,XH,seconds,12,2,210.9267473,89.65915393282913,9.468851774783948,204.231258,207.57900265,210.9267473,214.27449195,217.6222366,6.695489299999991,197.5357687,224.31772589999997,204.231258,217.6222366,0,True
class_size,PFSP,501+,XT,hv_deficit_pct,12,2,1.322199785127337,0.030845418693367637,0.17562863859111258,1.198011583809,1.2601056844681686,1.322199785127337,1.3842938857865055,1.4463879864456741,0.12418820131833685,1.0738233824906633,1.5705761877640108,1.198011583809,1.4463879864456741,0,True
class_size,PFSP,501+,XT,makespan_gap_pct,12,2,11.642613885581987,1.5334086750649238,1.2383087963286556,10.766997338495043,11.204805612038516,11.642613885581987,12.080422159125458,12.51823043266893,0.8756165470869419,9.891380791408103,13.393846979755871,10.766997338495043,12.51823043266893,0,True
class_size,PFSP,501+,XT,flowtime_gap_pct,12,2,7.953371622573535,0.015261824516069396,0.12353875714151165,7.866016529659414,7.909694076116475,7.953371622573535,7.997049169030595,8.040726715487656,0.08735509291412047,7.778661436745294,8.128081808401776,7.866016529659414,8.040726715487656,0,True
class_size,PFSP,501+,XT,seconds,12,2,196.93143375,271.327918477825,16.4720344365177,185.2839465,191.107690125,196.93143375,202.75517737500002,208.578921,11.647487250000012,173.63645924999997,220.22640825000002,185.2839465,208.578921,0,True
class_size,PFSP,501+,XE,hv_deficit_pct,12,2,0.3285177807853312,3.183851663544679e-05,0.005642562949178927,0.32452788626069484,0.32652283352301303,0.3285177807853312,0.3305127280476494,0.3325076753099676,0.003989894524636384,0.32053799173605846,0.336497569834604,0.32452788626069484,0.3325076753099676,0,True
class_size,PFSP,501+,XE,makespan_gap_pct,12,2,2.692405095005268,0.10076829313091866,0.31744021977518644,2.4679409629808857,2.5801730289930767,2.692405095005268,2.8046371610174594,2.9168692270296503,0.22446413202438276,2.2434768309565025,3.1413333590540335,2.4679409629808857,2.9168692270296503,0,True
class_size,PFSP,501+,XE,flowtime_gap_pct,12,2,2.768175270323203,1.2297751899345257,1.108952293804619,1.9840275833615806,2.376101426842392,2.768175270323203,3.1602491138040145,3.552322957284826,0.7841476869616226,1.199879896399958,4.3364706442464485,1.9840275833615806,3.552322957284826,0,True
class_size,PFSP,501+,XE,seconds,12,2,199.7086622,491.79115372630474,22.176364754537765,184.0276043,191.86813325,199.7086622,207.54919115,215.3897201,15.681057900000013,168.34654639999997,231.07077800000002,184.0276043,215.3897201,0,True
class_size,PFSP,501+,XHT,hv_deficit_pct,12,2,1.1315336932068376,0.039792621591245296,0.1994808802648647,0.99047941005449,1.0610065516306637,1.1315336932068376,1.2020608347830115,1.2725879763591852,0.1410542831523478,0.849425126902142,1.4136422595115332,0.99047941005449,1.2725879763591852,0,True
class_size,PFSP,501+,XHT,makespan_gap_pct,12,2,9.510728063403729,6.7767555724957,2.6032202312704356,7.66997338495039,8.590350724177059,9.510728063403729,10.431105402630397,11.351482741857065,1.8407546784533384,5.829218706497051,13.192237420310406,7.66997338495039,11.351482741857065,0,True
class_size,PFSP,501+,XHT,flowtime_gap_pct,12,2,8.079301584738086,2.575708559802816,1.6049014174717449,6.9444649093079125,7.511883247022999,8.079301584738086,8.646719922453173,9.214138260168259,1.134836675430174,5.809628233877738,10.348974935598434,6.9444649093079125,9.214138260168259,0,True
class_size,PFSP,501+,XHT,seconds,12,2,223.93749265,0.09730202923013373,0.31193273189925697,223.7169229,223.82720777499998,223.93749265,224.04777752500001,224.1580624,0.2205697500000383,223.49635314999992,224.37863215000007,223.7169229,224.1580624,0,True
class_size,PFSP,501+,XHE,hv_deficit_pct,12,2,0.6329384680923422,0.0012710842745984729,0.03565226885625195,0.6077285070194005,0.6203334875558714,0.6329384680923422,0.6455434486288131,0.6581484291652839,0.02520996107294171,0.5825185459464588,0.6833583902382256,0.6077285070194005,0.6581484291652839,0,True
class_size,PFSP,501+,XHE,makespan_gap_pct,12,2,4.560319427645288,0.44420965602763146,0.6664905520917993,4.08903943866441,4.324679433154849,4.560319427645288,4.795959422135726,5.031599416626165,0.47127998898087764,3.617759449683532,5.502879405607043,4.08903943866441,5.031599416626165,0,True
class_size,PFSP,501+,XHE,flowtime_gap_pct,12,2,5.752076533907324,6.502890831642867,2.550076632503986,3.9489000545184005,4.850488294212862,5.752076533907324,6.653664773601786,7.555253013296248,1.8031764793889238,2.1457235751294768,9.358429492685172,3.9489000545184005,7.555253013296248,0,True
class_size,PFSP,501+,XHE,seconds,12,2,203.92323425,9.069639734971426,3.0115842566615045,201.7937226,202.858478425,203.92323425,204.987990075,206.0527459,2.129511650000012,199.66421094999998,208.18225755000003,201.7937226,206.0527459,0,True
class_size,PFSP,501+,XTE,hv_deficit_pct,12,2,0.49328430483989716,0.006180571155517727,0.07861660864930341,0.43769396775008573,0.46548913629499145,0.49328430483989716,0.5210794733848029,0.5488746419297086,0.055590337089811426,0.3821036306602743,0.60446497901952,0.43769396775008573,0.5488746419297086,0,True
class_size,PFSP,501+,XTE,makespan_gap_pct,12,2,3.942607851410229,1.195049957580468,1.0931834052804077,3.169610452455851,3.55610915193304,3.942607851410229,4.329106550887419,4.715605250364607,0.7729973989543786,2.396613053501472,5.488602649318986,3.169610452455851,4.715605250364607,0,True
class_size,PFSP,501+,XTE,flowtime_gap_pct,12,2,4.577042769446482,0.01605250969598888,0.12669849918601594,4.487453401505892,4.532248085476187,4.577042769446482,4.621837453416777,4.666632137387072,0.08958936794059014,4.397864033565302,4.756221505327662,4.487453401505892,4.666632137387072,0,True
class_size,PFSP,501+,XTE,seconds,12,2,195.95129175,184.40212946679245,13.579474565195534,186.3491532,191.150222475,195.95129175,200.752361025,205.5534303,9.602138550000006,176.74701464999998,215.15556885,186.3491532,205.5534303,0,True
class_size,PFSP,501+,XHTE,hv_deficit_pct,12,2,0.7263932198437073,0.0059071016454121,0.07685767135043906,0.6720466392456048,0.6992199295446561,0.7263932198437073,0.7535665101427585,0.7807398004418098,0.05434658059810249,0.6177000586475023,0.8350863810399123,0.6720466392456048,0.7807398004418098,0,True
class_size,PFSP,501+,XHTE,makespan_gap_pct,12,2,5.168726852099626,3.887748499804883,1.9717374317603455,3.7744979433825376,4.471612397741081,5.168726852099626,5.86584130645817,6.562955760816713,1.3942289087170883,2.380269034665449,7.957184669533802,3.7744979433825376,6.562955760816713,0,True
class_size,PFSP,501+,XHTE,flowtime_gap_pct,12,2,6.281997222112912,3.754810644478086,1.9377333780678099,4.911812810349647,5.596905016231279,6.281997222112912,6.967089427994544,7.652181633876176,1.3701844117632653,3.541628398586381,9.022366045639442,4.911812810349647,7.652181633876176,0,True
class_size,PFSP,501+,XHTE,seconds,12,2,214.07515089999998,199.64156473886365,14.129457340565619,204.0841158,209.07963335,214.07515089999998,219.07066845,224.066186,9.991035100000005,194.09308069999997,234.0572211,204.0841158,224.066186,0,True
class_size,PFSP,501+,NSGA-II,hv_deficit_pct,12,2,0.5257346404560215,0.001126324715551794,0.03356076154606438,0.5020035983850146,0.513869119420518,0.5257346404560215,0.5376001614915249,0.5494656825270283,0.023731042071006847,0.4782725563140078,0.5731967245980352,0.5020035983850146,0.5494656825270283,0,True
class_size,PFSP,501+,NSGA-II,makespan_gap_pct,12,2,4.680570590340782,0.002454854805969994,0.049546491358823726,4.645535930316957,4.66305326032887,4.680570590340782,4.698087920352695,4.715605250364607,0.03503466002382449,4.610501270293133,4.750639910388431,4.645535930316957,4.715605250364607,0,True
class_size,PFSP,501+,NSGA-II,flowtime_gap_pct,12,2,3.108012236740043,1.0080282887619707,1.004006119882728,2.3980727010181724,2.7530424688791078,3.108012236740043,3.4629820046009785,3.817951772461914,0.7099395357218707,1.6881331652963016,4.527891308183785,2.3980727010181724,3.817951772461914,0,True
class_size,PFSP,501+,NSGA-II,seconds,12,2,1.0348505999427289,9.018504395073086e-06,0.0030030824822293986,1.032727099955082,1.0337888499489054,1.0348505999427289,1.0359123499365523,1.0369740999303758,0.0021234999876469374,1.030603599967435,1.0390975999180228,1.032727099955082,1.0369740999303758,0,True
class_size,PFSP,501+,SPEA2,hv_deficit_pct,12,2,0.47916532644978194,0.0009716173293814002,0.03117077684918039,0.45712425876487384,0.4681447926073279,0.47916532644978194,0.490185860292236,0.50120639413469,0.0220410676849081,0.43508319107996574,0.5232474618195981,0.45712425876487384,0.50120639413469,0,True
class_size,PFSP,501+,SPEA2,makespan_gap_pct,12,2,4.972034025200722,0.10553896983122862,0.32486761893304883,4.742317928865236,4.857175977032979,4.972034025200722,5.086892073368466,5.201750121536208,0.22971609633548695,4.512601832529748,5.431466217871696,4.742317928865236,5.201750121536208,0,True
class_size,PFSP,501+,SPEA2,flowtime_gap_pct,12,2,2.575468196858066,1.8170948460257461,1.34799660460468,1.6222906567256556,2.0988794267918607,2.575468196858066,3.0520569669242716,3.5286457369904767,0.953177540132411,0.6691131165932442,4.4818232771228885,1.6222906567256556,3.5286457369904767,0,True
class_size,PFSP,501+,SPEA2,seconds,12,2,1.0596172499936074,6.278833856402215e-05,0.007923909298068861,1.0540141999954358,1.0568157249945216,1.0596172499936074,1.0624187749926932,1.065220299991779,0.0056030499981716275,1.0484111499972641,1.0708233499899507,1.0540141999954358,1.065220299991779,0,True
class_size,PFSP,501+,MOEA/D,hv_deficit_pct,12,2,0.15118880969003934,0.004491200239660041,0.06701641768745954,0.1038010462924066,0.12749492799122297,0.15118880969003934,0.1748826913888557,0.19857657308767207,0.04738776339763273,0.056413282894773875,0.2459643364853048,0.1038010462924066,0.19857657308767207,0,True
class_size,PFSP,501+,MOEA/D,makespan_gap_pct,12,2,1.5542667887302408,1.8026421021959393,1.342625078790032,0.6048874909266866,1.0795771398284637,1.5542667887302408,2.0289564376320177,2.503646086533795,0.949379297803554,-0.3444918068768674,3.453025384337349,0.6048874909266866,2.503646086533795,0,True
class_size,PFSP,501+,MOEA/D,flowtime_gap_pct,12,2,0.5736341989523885,0.4911203381331625,0.7007997846269379,0.07809391898860873,0.32586405897049864,0.5736341989523885,0.8214043389342784,1.0691744789161683,0.4955402799637798,-0.41744636097517107,1.5647147588799482,0.07809391898860873,1.0691744789161683,0,True
class_size,PFSP,501+,MOEA/D,seconds,12,2,1.2742722499533556,1.4553885240815447e-06,0.0012063948458450678,1.27341919997707,1.2738457249652129,1.2742722499533556,1.2746987749414984,1.2751252999296412,0.000853049976285547,1.2725661500007845,1.2759783499059267,1.27341919997707,1.2751252999296412,0,True
class_size,PFSP,501+,SMS-EMOA,hv_deficit_pct,12,2,0.5155730440019879,0.0012805357624867306,0.03578457436503515,0.49026952880659724,0.5029212864042926,0.5155730440019879,0.5282248015996832,0.5408765591973785,0.025303515195390647,0.4649660136112066,0.5661800743927692,0.49026952880659724,0.5408765591973785,0,True
class_size,PFSP,501+,SMS-EMOA,makespan_gap_pct,12,2,5.128746053234101,0.05784649910107488,0.2405129915432322,4.958677685950419,5.04371186959226,5.128746053234101,5.213780236875943,5.298814420517783,0.17006836728368313,4.788609318666735,5.468882787801467,4.958677685950419,5.298814420517783,0,True
class_size,PFSP,501+,SMS-EMOA,flowtime_gap_pct,12,2,3.5905186737943295,0.5937357580281372,0.770542508904043,3.045662840555785,3.3180907571750575,3.5905186737943295,3.8629465904136016,4.135374507032874,0.544855833238544,2.5008070073172415,4.680230340271418,3.045662840555785,4.135374507032874,0,True
class_size,PFSP,501+,SMS-EMOA,seconds,12,2,1.1410120999789797,0.0014013006220669044,0.03743395012641471,1.1145422999979928,1.1277771999884862,1.1410120999789797,1.154246999969473,1.1674818999599665,0.026469799980986863,1.088072500017006,1.1939516999409534,1.1145422999979928,1.1674818999599665,0,True
