instance,problem_class,method,family,cohort,operations,operation_band,metric,value,valid_seeds
lar01_1,FJSP,XG,Behnke-Geiger,extension,50,1-150,hv_deficit_pct,1.9194966794008006,3
lar01_1,FJSP,XG,Behnke-Geiger,extension,50,1-150,makespan_gap_pct,20.2247191011236,3
lar01_1,FJSP,XG,Behnke-Geiger,extension,50,1-150,flowtime_gap_pct,14.563106796116498,3
lar01_1,FJSP,XG,Behnke-Geiger,extension,50,1-150,seconds,0.0181934,3
lar01_1,FJSP,XH,Behnke-Geiger,extension,50,1-150,hv_deficit_pct,0.0,3
lar01_1,FJSP,XH,Behnke-Geiger,extension,50,1-150,makespan_gap_pct,0.0,3
lar01_1,FJSP,XH,Behnke-Geiger,extension,50,1-150,flowtime_gap_pct,0.0,3
lar01_1,FJSP,XH,Behnke-Geiger,extension,50,1-150,seconds,14.543948499999999,3
lar01_1,FJSP,XT,Behnke-Geiger,extension,50,1-150,hv_deficit_pct,0.48015264943356284,3
lar01_1,FJSP,XT,Behnke-Geiger,extension,50,1-150,makespan_gap_pct,4.494382022471921,3
lar01_1,FJSP,XT,Behnke-Geiger,extension,50,1-150,flowtime_gap_pct,4.299583911234395,3
lar01_1,FJSP,XT,Behnke-Geiger,extension,50,1-150,seconds,15.1618731,3
lar01_1,FJSP,XE,Behnke-Geiger,extension,50,1-150,hv_deficit_pct,1.618480899052288,3
lar01_1,FJSP,XE,Behnke-Geiger,extension,50,1-150,makespan_gap_pct,16.85393258426966,3
lar01_1,FJSP,XE,Behnke-Geiger,extension,50,1-150,flowtime_gap_pct,12.482662968099856,3
lar01_1,FJSP,XE,Behnke-Geiger,extension,50,1-150,seconds,2.4861139,3
lar01_1,FJSP,XHT,Behnke-Geiger,extension,50,1-150,hv_deficit_pct,0.020241735154924445,3
lar01_1,FJSP,XHT,Behnke-Geiger,extension,50,1-150,makespan_gap_pct,0.0,3
lar01_1,FJSP,XHT,Behnke-Geiger,extension,50,1-150,flowtime_gap_pct,0.4160887656033285,3
lar01_1,FJSP,XHT,Behnke-Geiger,extension,50,1-150,seconds,11.5100649,3
lar01_1,FJSP,XHE,Behnke-Geiger,extension,50,1-150,hv_deficit_pct,0.020241735154924445,3
lar01_1,FJSP,XHE,Behnke-Geiger,extension,50,1-150,makespan_gap_pct,0.0,3
lar01_1,FJSP,XHE,Behnke-Geiger,extension,50,1-150,flowtime_gap_pct,0.4160887656033285,3
lar01_1,FJSP,XHE,Behnke-Geiger,extension,50,1-150,seconds,7.8611492,3
lar01_1,FJSP,XTE,Behnke-Geiger,extension,50,1-150,hv_deficit_pct,0.5063993216424478,3
lar01_1,FJSP,XTE,Behnke-Geiger,extension,50,1-150,makespan_gap_pct,4.494382022471921,3
lar01_1,FJSP,XTE,Behnke-Geiger,extension,50,1-150,flowtime_gap_pct,4.854368932038833,3
lar01_1,FJSP,XTE,Behnke-Geiger,extension,50,1-150,seconds,8.9350388,3
lar01_1,FJSP,XHTE,Behnke-Geiger,extension,50,1-150,hv_deficit_pct,0.02027824210563134,3
lar01_1,FJSP,XHTE,Behnke-Geiger,extension,50,1-150,makespan_gap_pct,0.0,3
lar01_1,FJSP,XHTE,Behnke-Geiger,extension,50,1-150,flowtime_gap_pct,0.4160887656033285,3
lar01_1,FJSP,XHTE,Behnke-Geiger,extension,50,1-150,seconds,8.8729264,3
lar01_1,FJSP,NSGA-II,Behnke-Geiger,extension,50,1-150,hv_deficit_pct,5.173794715721125,3
lar01_1,FJSP,NSGA-II,Behnke-Geiger,extension,50,1-150,makespan_gap_pct,50.56179775280898,3
lar01_1,FJSP,NSGA-II,Behnke-Geiger,extension,50,1-150,flowtime_gap_pct,46.3245492371706,3
lar01_1,FJSP,NSGA-II,Behnke-Geiger,extension,50,1-150,seconds,0.14908360003028065,3
lar01_1,FJSP,SPEA2,Behnke-Geiger,extension,50,1-150,hv_deficit_pct,5.37377979167969,3
lar01_1,FJSP,SPEA2,Behnke-Geiger,extension,50,1-150,makespan_gap_pct,52.80898876404494,3
lar01_1,FJSP,SPEA2,Behnke-Geiger,extension,50,1-150,flowtime_gap_pct,45.76976421636616,3
lar01_1,FJSP,SPEA2,Behnke-Geiger,extension,50,1-150,seconds,0.17384299996774644,3
lar01_1,FJSP,MOEA/D,Behnke-Geiger,extension,50,1-150,hv_deficit_pct,3.8032767835799675,3
lar01_1,FJSP,MOEA/D,Behnke-Geiger,extension,50,1-150,makespan_gap_pct,34.8314606741573,3
lar01_1,FJSP,MOEA/D,Behnke-Geiger,extension,50,1-150,flowtime_gap_pct,35.22884882108184,3
lar01_1,FJSP,MOEA/D,Behnke-Geiger,extension,50,1-150,seconds,0.31968790001701564,3
lar01_1,FJSP,SMS-EMOA,Behnke-Geiger,extension,50,1-150,hv_deficit_pct,4.858268791478315,3
lar01_1,FJSP,SMS-EMOA,Behnke-Geiger,extension,50,1-150,makespan_gap_pct,47.19101123595506,3
lar01_1,FJSP,SMS-EMOA,Behnke-Geiger,extension,50,1-150,flowtime_gap_pct,44.10540915395285,3
lar01_1,FJSP,SMS-EMOA,Behnke-Geiger,extension,50,1-150,seconds,0.13686239998787642,3
lar01_3,FJSP,XG,Behnke-Geiger,extension,50,1-150,hv_deficit_pct,2.0058307329087754,3
lar01_3,FJSP,XG,Behnke-Geiger,extension,50,1-150,makespan_gap_pct,22.72727272727273,3
lar01_3,FJSP,XG,Behnke-Geiger,extension,50,1-150,flowtime_gap_pct,13.399153737658676,3
lar01_3,FJSP,XG,Behnke-Geiger,extension,50,1-150,seconds,0.0166032,3
lar01_3,FJSP,XH,Behnke-Geiger,extension,50,1-150,hv_deficit_pct,0.19744200122625566,3
lar01_3,FJSP,XH,Behnke-Geiger,extension,50,1-150,makespan_gap_pct,1.1363636363636465,3
lar01_3,FJSP,XH,Behnke-Geiger,extension,50,1-150,flowtime_gap_pct,2.6798307475317307,3
lar01_3,FJSP,XH,Behnke-Geiger,extension,50,1-150,seconds,12.9395746,3
lar01_3,FJSP,XT,Behnke-Geiger,extension,50,1-150,hv_deficit_pct,0.5986378813699567,3
lar01_3,FJSP,XT,Behnke-Geiger,extension,50,1-150,makespan_gap_pct,5.681818181818188,3
lar01_3,FJSP,XT,Behnke-Geiger,extension,50,1-150,flowtime_gap_pct,6.7700987306064775,3
lar01_3,FJSP,XT,Behnke-Geiger,extension,50,1-150,seconds,12.9676429,3
lar01_3,FJSP,XE,Behnke-Geiger,extension,50,1-150,hv_deficit_pct,1.1294832415651546,3
lar01_3,FJSP,XE,Behnke-Geiger,extension,50,1-150,makespan_gap_pct,11.363636363636353,3
lar01_3,FJSP,XE,Behnke-Geiger,extension,50,1-150,flowtime_gap_pct,9.30888575458393,3
lar01_3,FJSP,XE,Behnke-Geiger,extension,50,1-150,seconds,2.2689143,3
lar01_3,FJSP,XHT,Behnke-Geiger,extension,50,1-150,hv_deficit_pct,0.2658384853775231,3
lar01_3,FJSP,XHT,Behnke-Geiger,extension,50,1-150,makespan_gap_pct,2.2727272727272707,3
lar01_3,FJSP,XHT,Behnke-Geiger,extension,50,1-150,flowtime_gap_pct,2.6798307475317307,3
lar01_3,FJSP,XHT,Behnke-Geiger,extension,50,1-150,seconds,8.2565601,3
lar01_3,FJSP,XHE,Behnke-Geiger,extension,50,1-150,hv_deficit_pct,0.2658384853775231,3
lar01_3,FJSP,XHE,Behnke-Geiger,extension,50,1-150,makespan_gap_pct,2.2727272727272707,3
lar01_3,FJSP,XHE,Behnke-Geiger,extension,50,1-150,flowtime_gap_pct,1.9746121297602226,3
lar01_3,FJSP,XHE,Behnke-Geiger,extension,50,1-150,seconds,6.1632052,3
lar01_3,FJSP,XTE,Behnke-Geiger,extension,50,1-150,hv_deficit_pct,0.6737504338196088,3
lar01_3,FJSP,XTE,Behnke-Geiger,extension,50,1-150,makespan_gap_pct,5.681818181818188,3
lar01_3,FJSP,XTE,Behnke-Geiger,extension,50,1-150,flowtime_gap_pct,6.911142454160779,3
lar01_3,FJSP,XTE,Behnke-Geiger,extension,50,1-150,seconds,8.0023835,3
lar01_3,FJSP,XHTE,Behnke-Geiger,extension,50,1-150,hv_deficit_pct,0.2927027585711617,3
lar01_3,FJSP,XHTE,Behnke-Geiger,extension,50,1-150,makespan_gap_pct,2.2727272727272707,3
lar01_3,FJSP,XHTE,Behnke-Geiger,extension,50,1-150,flowtime_gap_pct,2.6798307475317307,3
lar01_3,FJSP,XHTE,Behnke-Geiger,extension,50,1-150,seconds,6.1240373,3
lar01_3,FJSP,NSGA-II,Behnke-Geiger,extension,50,1-150,hv_deficit_pct,4.645503884499358,3
lar01_3,FJSP,NSGA-II,Behnke-Geiger,extension,50,1-150,makespan_gap_pct,44.31818181818181,3
lar01_3,FJSP,NSGA-II,Behnke-Geiger,extension,50,1-150,flowtime_gap_pct,42.17207334273625,3
lar01_3,FJSP,NSGA-II,Behnke-Geiger,extension,50,1-150,seconds,0.16055999998934567,3
lar01_3,FJSP,SPEA2,Behnke-Geiger,extension,50,1-150,hv_deficit_pct,5.081458298526076,3
lar01_3,FJSP,SPEA2,Behnke-Geiger,extension,50,1-150,makespan_gap_pct,50.0,3
lar01_3,FJSP,SPEA2,Behnke-Geiger,extension,50,1-150,flowtime_gap_pct,44.287729196050776,3
lar01_3,FJSP,SPEA2,Behnke-Geiger,extension,50,1-150,seconds,0.16417270002420992,3
lar01_3,FJSP,MOEA/D,Behnke-Geiger,extension,50,1-150,hv_deficit_pct,3.595225276842906,3
lar01_3,FJSP,MOEA/D,Behnke-Geiger,extension,50,1-150,makespan_gap_pct,32.95454545454546,3
lar01_3,FJSP,MOEA/D,Behnke-Geiger,extension,50,1-150,flowtime_gap_pct,34.13258110014104,3
lar01_3,FJSP,MOEA/D,Behnke-Geiger,extension,50,1-150,seconds,0.3018815000541508,3
lar01_3,FJSP,SMS-EMOA,Behnke-Geiger,extension,50,1-150,hv_deficit_pct,4.93291964409186,3
lar01_3,FJSP,SMS-EMOA,Behnke-Geiger,extension,50,1-150,makespan_gap_pct,47.72727272727273,3
lar01_3,FJSP,SMS-EMOA,Behnke-Geiger,extension,50,1-150,flowtime_gap_pct,44.00564174894217,3
lar01_3,FJSP,SMS-EMOA,Behnke-Geiger,extension,50,1-150,seconds,0.13673370005562901,3
lar02_2,FJSP,XG,Behnke-Geiger,extension,100,1-150,hv_deficit_pct,0.9822941060167567,3
lar02_2,FJSP,XG,Behnke-Geiger,extension,100,1-150,makespan_gap_pct,15.999999999999993,3
lar02_2,FJSP,XG,Behnke-Geiger,extension,100,1-150,flowtime_gap_pct,11.878926327812689,3
lar02_2,FJSP,XG,Behnke-Geiger,extension,100,1-150,seconds,0.0425121,3
lar02_2,FJSP,XH,Behnke-Geiger,extension,100,1-150,hv_deficit_pct,0.034128691176404935,3
lar02_2,FJSP,XH,Behnke-Geiger,extension,100,1-150,makespan_gap_pct,1.6000000000000014,3
lar02_2,FJSP,XH,Behnke-Geiger,extension,100,1-150,flowtime_gap_pct,1.142204454597362,3
lar02_2,FJSP,XH,Behnke-Geiger,extension,100,1-150,seconds,42.2682268,3
lar02_2,FJSP,XT,Behnke-Geiger,extension,100,1-150,hv_deficit_pct,0.3188824508052468,3
lar02_2,FJSP,XT,Behnke-Geiger,extension,100,1-150,makespan_gap_pct,4.0000000000000036,3
lar02_2,FJSP,XT,Behnke-Geiger,extension,100,1-150,flowtime_gap_pct,6.33923472301543,3
lar02_2,FJSP,XT,Behnke-Geiger,extension,100,1-150,seconds,38.0283679,3
lar02_2,FJSP,XE,Behnke-Geiger,extension,100,1-150,hv_deficit_pct,0.6579804466444239,3
lar02_2,FJSP,XE,Behnke-Geiger,extension,100,1-150,makespan_gap_pct,9.600000000000009,3
lar02_2,FJSP,XE,Behnke-Geiger,extension,100,1-150,flowtime_gap_pct,9.937178754997134,3
lar02_2,FJSP,XE,Behnke-Geiger,extension,100,1-150,seconds,4.5124103,3
lar02_2,FJSP,XHT,Behnke-Geiger,extension,100,1-150,hv_deficit_pct,0.0340271044010132,3
lar02_2,FJSP,XHT,Behnke-Geiger,extension,100,1-150,makespan_gap_pct,1.6000000000000014,3
lar02_2,FJSP,XHT,Behnke-Geiger,extension,100,1-150,flowtime_gap_pct,1.142204454597362,3
lar02_2,FJSP,XHT,Behnke-Geiger,extension,100,1-150,seconds,44.3348124,3
lar02_2,FJSP,XHE,Behnke-Geiger,extension,100,1-150,hv_deficit_pct,0.06716895261655864,3
lar02_2,FJSP,XHE,Behnke-Geiger,extension,100,1-150,makespan_gap_pct,1.6000000000000014,3
lar02_2,FJSP,XHE,Behnke-Geiger,extension,100,1-150,flowtime_gap_pct,1.142204454597362,3
lar02_2,FJSP,XHE,Behnke-Geiger,extension,100,1-150,seconds,23.2830517,3
lar02_2,FJSP,XTE,Behnke-Geiger,extension,100,1-150,hv_deficit_pct,0.28533481365728974,3
lar02_2,FJSP,XTE,Behnke-Geiger,extension,100,1-150,makespan_gap_pct,3.200000000000003,3
lar02_2,FJSP,XTE,Behnke-Geiger,extension,100,1-150,flowtime_gap_pct,6.33923472301543,3
lar02_2,FJSP,XTE,Behnke-Geiger,extension,100,1-150,seconds,20.8687233,3
lar02_2,FJSP,XHTE,Behnke-Geiger,extension,100,1-150,hv_deficit_pct,0.034022080879159144,3
lar02_2,FJSP,XHTE,Behnke-Geiger,extension,100,1-150,makespan_gap_pct,1.6000000000000014,3
lar02_2,FJSP,XHTE,Behnke-Geiger,extension,100,1-150,flowtime_gap_pct,1.3706453455168521,3
lar02_2,FJSP,XHTE,Behnke-Geiger,extension,100,1-150,seconds,30.4877022,3
lar02_2,FJSP,NSGA-II,Behnke-Geiger,extension,100,1-150,hv_deficit_pct,3.8342813147011934,3
lar02_2,FJSP,NSGA-II,Behnke-Geiger,extension,100,1-150,makespan_gap_pct,55.2,3
lar02_2,FJSP,NSGA-II,Behnke-Geiger,extension,100,1-150,flowtime_gap_pct,54.48315248429469,3
lar02_2,FJSP,NSGA-II,Behnke-Geiger,extension,100,1-150,seconds,0.24772629991639405,3
lar02_2,FJSP,SPEA2,Behnke-Geiger,extension,100,1-150,hv_deficit_pct,3.6843270661474414,3
lar02_2,FJSP,SPEA2,Behnke-Geiger,extension,100,1-150,makespan_gap_pct,52.0,3
lar02_2,FJSP,SPEA2,Behnke-Geiger,extension,100,1-150,flowtime_gap_pct,55.11136493432325,3
lar02_2,FJSP,SPEA2,Behnke-Geiger,extension,100,1-150,seconds,0.2476477000163868,3
lar02_2,FJSP,MOEA/D,Behnke-Geiger,extension,100,1-150,hv_deficit_pct,3.922896798474884,3
lar02_2,FJSP,MOEA/D,Behnke-Geiger,extension,100,1-150,makespan_gap_pct,54.400000000000006,3
lar02_2,FJSP,MOEA/D,Behnke-Geiger,extension,100,1-150,flowtime_gap_pct,52.02741290691033,3
lar02_2,FJSP,MOEA/D,Behnke-Geiger,extension,100,1-150,seconds,0.3809716999530792,3
lar02_2,FJSP,SMS-EMOA,Behnke-Geiger,extension,100,1-150,hv_deficit_pct,4.051915575495357,3
lar02_2,FJSP,SMS-EMOA,Behnke-Geiger,extension,100,1-150,makespan_gap_pct,57.60000000000001,3
lar02_2,FJSP,SMS-EMOA,Behnke-Geiger,extension,100,1-150,flowtime_gap_pct,58.48086807538549,3
lar02_2,FJSP,SMS-EMOA,Behnke-Geiger,extension,100,1-150,seconds,0.22175040002912283,3
lar02_3,FJSP,XG,Behnke-Geiger,extension,100,1-150,hv_deficit_pct,0.713167717460006,3
lar02_3,FJSP,XG,Behnke-Geiger,extension,100,1-150,makespan_gap_pct,11.363636363636353,3
lar02_3,FJSP,XG,Behnke-Geiger,extension,100,1-150,flowtime_gap_pct,6.659388646288211,3
lar02_3,FJSP,XG,Behnke-Geiger,extension,100,1-150,seconds,0.0361009,3
lar02_3,FJSP,XH,Behnke-Geiger,extension,100,1-150,hv_deficit_pct,0.07369395949359259,3
lar02_3,FJSP,XH,Behnke-Geiger,extension,100,1-150,makespan_gap_pct,0.0,3
lar02_3,FJSP,XH,Behnke-Geiger,extension,100,1-150,flowtime_gap_pct,2.4017467248908186,3
lar02_3,FJSP,XH,Behnke-Geiger,extension,100,1-150,seconds,41.5151349,3
lar02_3,FJSP,XT,Behnke-Geiger,extension,100,1-150,hv_deficit_pct,0.2938148229419624,3
lar02_3,FJSP,XT,Behnke-Geiger,extension,100,1-150,makespan_gap_pct,3.0303030303030276,3
lar02_3,FJSP,XT,Behnke-Geiger,extension,100,1-150,flowtime_gap_pct,4.039301310043664,3
lar02_3,FJSP,XT,Behnke-Geiger,extension,100,1-150,seconds,38.6070077,3
lar02_3,FJSP,XE,Behnke-Geiger,extension,100,1-150,hv_deficit_pct,0.46072410745232606,3
lar02_3,FJSP,XE,Behnke-Geiger,extension,100,1-150,makespan_gap_pct,6.060606060606055,3
lar02_3,FJSP,XE,Behnke-Geiger,extension,100,1-150,flowtime_gap_pct,6.0589519650654955,3
lar02_3,FJSP,XE,Behnke-Geiger,extension,100,1-150,seconds,4.1897526,3
lar02_3,FJSP,XHT,Behnke-Geiger,extension,100,1-150,hv_deficit_pct,0.07369395949359259,3
lar02_3,FJSP,XHT,Behnke-Geiger,extension,100,1-150,makespan_gap_pct,0.0,3
lar02_3,FJSP,XHT,Behnke-Geiger,extension,100,1-150,flowtime_gap_pct,2.4017467248908186,3
lar02_3,FJSP,XHT,Behnke-Geiger,extension,100,1-150,seconds,36.7307032,3
lar02_3,FJSP,XHE,Behnke-Geiger,extension,100,1-150,hv_deficit_pct,0.15338614529635253,3
lar02_3,FJSP,XHE,Behnke-Geiger,extension,100,1-150,makespan_gap_pct,1.5151515151515138,3
lar02_3,FJSP,XHE,Behnke-Geiger,extension,100,1-150,flowtime_gap_pct,2.7838427947598277,3
lar02_3,FJSP,XHE,Behnke-Geiger,extension,100,1-150,seconds,21.4053922,3
lar02_3,FJSP,XTE,Behnke-Geiger,extension,100,1-150,hv_deficit_pct,0.29501765829518245,3
lar02_3,FJSP,XTE,Behnke-Geiger,extension,100,1-150,makespan_gap_pct,3.0303030303030276,3
lar02_3,FJSP,XTE,Behnke-Geiger,extension,100,1-150,flowtime_gap_pct,4.639737991266379,3
lar02_3,FJSP,XTE,Behnke-Geiger,extension,100,1-150,seconds,20.2538648,3
lar02_3,FJSP,XHTE,Behnke-Geiger,extension,100,1-150,hv_deficit_pct,0.07369395949359259,3
lar02_3,FJSP,XHTE,Behnke-Geiger,extension,100,1-150,makespan_gap_pct,0.0,3
lar02_3,FJSP,XHTE,Behnke-Geiger,extension,100,1-150,flowtime_gap_pct,1.637554585152845,3
lar02_3,FJSP,XHTE,Behnke-Geiger,extension,100,1-150,seconds,26.2030189,3
lar02_3,FJSP,NSGA-II,Behnke-Geiger,extension,100,1-150,hv_deficit_pct,4.18658309082941,3
lar02_3,FJSP,NSGA-II,Behnke-Geiger,extension,100,1-150,makespan_gap_pct,53.78787878787878,3
lar02_3,FJSP,NSGA-II,Behnke-Geiger,extension,100,1-150,flowtime_gap_pct,59.170305676855904,3
lar02_3,FJSP,NSGA-II,Behnke-Geiger,extension,100,1-150,seconds,0.218228799989447,3
lar02_3,FJSP,SPEA2,Behnke-Geiger,extension,100,1-150,hv_deficit_pct,3.9284146909177586,3
lar02_3,FJSP,SPEA2,Behnke-Geiger,extension,100,1-150,makespan_gap_pct,52.27272727272727,3
lar02_3,FJSP,SPEA2,Behnke-Geiger,extension,100,1-150,flowtime_gap_pct,55.021834061135365,3
lar02_3,FJSP,SPEA2,Behnke-Geiger,extension,100,1-150,seconds,0.2678681000834331,3
lar02_3,FJSP,MOEA/D,Behnke-Geiger,extension,100,1-150,hv_deficit_pct,4.06921649532459,3
lar02_3,FJSP,MOEA/D,Behnke-Geiger,extension,100,1-150,makespan_gap_pct,53.03030303030303,3
lar02_3,FJSP,MOEA/D,Behnke-Geiger,extension,100,1-150,flowtime_gap_pct,54.91266375545851,3
lar02_3,FJSP,MOEA/D,Behnke-Geiger,extension,100,1-150,seconds,0.413539000088349,3
lar02_3,FJSP,SMS-EMOA,Behnke-Geiger,extension,100,1-150,hv_deficit_pct,4.199683827763312,3
lar02_3,FJSP,SMS-EMOA,Behnke-Geiger,extension,100,1-150,makespan_gap_pct,56.060606060606055,3
lar02_3,FJSP,SMS-EMOA,Behnke-Geiger,extension,100,1-150,flowtime_gap_pct,56.27729257641923,3
lar02_3,FJSP,SMS-EMOA,Behnke-Geiger,extension,100,1-150,seconds,0.2347728000022471,3
lar03_4,FJSP,XG,Behnke-Geiger,extension,250,151-500,hv_deficit_pct,0.44790197209637617,3
lar03_4,FJSP,XG,Behnke-Geiger,extension,250,151-500,makespan_gap_pct,8.786610878661083,3
lar03_4,FJSP,XG,Behnke-Geiger,extension,250,151-500,flowtime_gap_pct,9.636363636363644,3
lar03_4,FJSP,XG,Behnke-Geiger,extension,250,151-500,seconds,0.1350907,3
lar03_4,FJSP,XH,Behnke-Geiger,extension,250,151-500,hv_deficit_pct,0.031099696697667323,3
lar03_4,FJSP,XH,Behnke-Geiger,extension,250,151-500,makespan_gap_pct,0.4184100418409997,3
lar03_4,FJSP,XH,Behnke-Geiger,extension,250,151-500,flowtime_gap_pct,2.139860139860139,3
lar03_4,FJSP,XH,Behnke-Geiger,extension,250,151-500,seconds,121.3070837,3
lar03_4,FJSP,XT,Behnke-Geiger,extension,250,151-500,hv_deficit_pct,0.14621432154909852,3
lar03_4,FJSP,XT,Behnke-Geiger,extension,250,151-500,makespan_gap_pct,2.5104602510460206,3
lar03_4,FJSP,XT,Behnke-Geiger,extension,250,151-500,flowtime_gap_pct,4.223776223776232,3
lar03_4,FJSP,XT,Behnke-Geiger,extension,250,151-500,seconds,148.2382852,3
lar03_4,FJSP,XE,Behnke-Geiger,extension,250,151-500,hv_deficit_pct,0.4185516532893119,3
lar03_4,FJSP,XE,Behnke-Geiger,extension,250,151-500,makespan_gap_pct,8.368200836820083,3
lar03_4,FJSP,XE,Behnke-Geiger,extension,250,151-500,flowtime_gap_pct,8.783216783216785,3
lar03_4,FJSP,XE,Behnke-Geiger,extension,250,151-500,seconds,13.0794173,3
lar03_4,FJSP,XHT,Behnke-Geiger,extension,250,151-500,hv_deficit_pct,0.030642306856198953,3
lar03_4,FJSP,XHT,Behnke-Geiger,extension,250,151-500,makespan_gap_pct,0.4184100418409997,3
lar03_4,FJSP,XHT,Behnke-Geiger,extension,250,151-500,flowtime_gap_pct,2.195804195804185,3
lar03_4,FJSP,XHT,Behnke-Geiger,extension,250,151-500,seconds,121.7203823,3
lar03_4,FJSP,XHE,Behnke-Geiger,extension,250,151-500,hv_deficit_pct,0.04137583852211746,3
lar03_4,FJSP,XHE,Behnke-Geiger,extension,250,151-500,makespan_gap_pct,0.4184100418409997,3
lar03_4,FJSP,XHE,Behnke-Geiger,extension,250,151-500,flowtime_gap_pct,2.195804195804185,3
lar03_4,FJSP,XHE,Behnke-Geiger,extension,250,151-500,seconds,73.1229804,3
lar03_4,FJSP,XTE,Behnke-Geiger,extension,250,151-500,hv_deficit_pct,0.14665923082595178,3
lar03_4,FJSP,XTE,Behnke-Geiger,extension,250,151-500,makespan_gap_pct,2.9288702928870203,3
lar03_4,FJSP,XTE,Behnke-Geiger,extension,250,151-500,flowtime_gap_pct,4.139860139860141,3
lar03_4,FJSP,XTE,Behnke-Geiger,extension,250,151-500,seconds,78.7349454,3
lar03_4,FJSP,XHTE,Behnke-Geiger,extension,250,151-500,hv_deficit_pct,0.048285096672084915,3
lar03_4,FJSP,XHTE,Behnke-Geiger,extension,250,151-500,makespan_gap_pct,0.4184100418409997,3
lar03_4,FJSP,XHTE,Behnke-Geiger,extension,250,151-500,flowtime_gap_pct,1.146853146853144,3
lar03_4,FJSP,XHTE,Behnke-Geiger,extension,250,151-500,seconds,100.3962429,3
lar03_4,FJSP,NSGA-II,Behnke-Geiger,extension,250,151-500,hv_deficit_pct,3.056182950364972,3
lar03_4,FJSP,NSGA-II,Behnke-Geiger,extension,250,151-500,makespan_gap_pct,59.41422594142261,3
lar03_4,FJSP,NSGA-II,Behnke-Geiger,extension,250,151-500,flowtime_gap_pct,63.62237762237761,3
lar03_4,FJSP,NSGA-II,Behnke-Geiger,extension,250,151-500,seconds,0.5567792999790981,3
lar03_4,FJSP,SPEA2,Behnke-Geiger,extension,250,151-500,hv_deficit_pct,2.9964549056402445,3
lar03_4,FJSP,SPEA2,Behnke-Geiger,extension,250,151-500,makespan_gap_pct,57.74058577405859,3
lar03_4,FJSP,SPEA2,Behnke-Geiger,extension,250,151-500,flowtime_gap_pct,63.90209790209791,3
lar03_4,FJSP,SPEA2,Behnke-Geiger,extension,250,151-500,seconds,0.6033404000336304,3
lar03_4,FJSP,MOEA/D,Behnke-Geiger,extension,250,151-500,hv_deficit_pct,3.0280608632579087,3
lar03_4,FJSP,MOEA/D,Behnke-Geiger,extension,250,151-500,makespan_gap_pct,55.64853556485356,3
lar03_4,FJSP,MOEA/D,Behnke-Geiger,extension,250,151-500,flowtime_gap_pct,68.44755244755245,3
lar03_4,FJSP,MOEA/D,Behnke-Geiger,extension,250,151-500,seconds,0.6907639999408275,3
lar03_4,FJSP,SMS-EMOA,Behnke-Geiger,extension,250,151-500,hv_deficit_pct,2.978604210711766,3
lar03_4,FJSP,SMS-EMOA,Behnke-Geiger,extension,250,151-500,makespan_gap_pct,60.25104602510461,3
lar03_4,FJSP,SMS-EMOA,Behnke-Geiger,extension,250,151-500,flowtime_gap_pct,59.454545454545446,3
lar03_4,FJSP,SMS-EMOA,Behnke-Geiger,extension,250,151-500,seconds,0.5901175000471994,3
med01_2,FJSP,XG,Behnke-Geiger,extension,50,1-150,hv_deficit_pct,2.1340441093195217,3
med01_2,FJSP,XG,Behnke-Geiger,extension,50,1-150,makespan_gap_pct,26.37362637362637,3
med01_2,FJSP,XG,Behnke-Geiger,extension,50,1-150,flowtime_gap_pct,9.543010752688176,3
med01_2,FJSP,XG,Behnke-Geiger,extension,50,1-150,seconds,0.0115423,3
med01_2,FJSP,XH,Behnke-Geiger,extension,50,1-150,hv_deficit_pct,0.033834910114660666,3
med01_2,FJSP,XH,Behnke-Geiger,extension,50,1-150,makespan_gap_pct,0.0,3
med01_2,FJSP,XH,Behnke-Geiger,extension,50,1-150,flowtime_gap_pct,0.6720430107526987,3
med01_2,FJSP,XH,Behnke-Geiger,extension,50,1-150,seconds,8.1625547,3
med01_2,FJSP,XT,Behnke-Geiger,extension,50,1-150,hv_deficit_pct,0.6308200543278075,3
med01_2,FJSP,XT,Behnke-Geiger,extension,50,1-150,makespan_gap_pct,5.494505494505497,3
med01_2,FJSP,XT,Behnke-Geiger,extension,50,1-150,flowtime_gap_pct,6.048387096774199,3
med01_2,FJSP,XT,Behnke-Geiger,extension,50,1-150,seconds,8.7435831,3
med01_2,FJSP,XE,Behnke-Geiger,extension,50,1-150,hv_deficit_pct,1.5179653138998828,3
med01_2,FJSP,XE,Behnke-Geiger,extension,50,1-150,makespan_gap_pct,18.681318681318682,3
med01_2,FJSP,XE,Behnke-Geiger,extension,50,1-150,flowtime_gap_pct,7.526881720430101,3
med01_2,FJSP,XE,Behnke-Geiger,extension,50,1-150,seconds,1.8256942999999999,3
med01_2,FJSP,XHT,Behnke-Geiger,extension,50,1-150,hv_deficit_pct,0.033834910114660666,3
med01_2,FJSP,XHT,Behnke-Geiger,extension,50,1-150,makespan_gap_pct,0.0,3
med01_2,FJSP,XHT,Behnke-Geiger,extension,50,1-150,flowtime_gap_pct,0.6720430107526987,3
med01_2,FJSP,XHT,Behnke-Geiger,extension,50,1-150,seconds,8.107605,3
med01_2,FJSP,XHE,Behnke-Geiger,extension,50,1-150,hv_deficit_pct,0.19237583390888657,3
med01_2,FJSP,XHE,Behnke-Geiger,extension,50,1-150,makespan_gap_pct,2.19780219780219,3
med01_2,FJSP,XHE,Behnke-Geiger,extension,50,1-150,flowtime_gap_pct,0.6720430107526987,3
med01_2,FJSP,XHE,Behnke-Geiger,extension,50,1-150,seconds,5.1008083,3
med01_2,FJSP,XTE,Behnke-Geiger,extension,50,1-150,hv_deficit_pct,0.7056718641889614,3
med01_2,FJSP,XTE,Behnke-Geiger,extension,50,1-150,makespan_gap_pct,5.494505494505497,3
med01_2,FJSP,XTE,Behnke-Geiger,extension,50,1-150,flowtime_gap_pct,7.123655913978499,3
med01_2,FJSP,XTE,Behnke-Geiger,extension,50,1-150,seconds,5.5417974,3
med01_2,FJSP,XHTE,Behnke-Geiger,extension,50,1-150,hv_deficit_pct,0.061148069975291985,3
med01_2,FJSP,XHTE,Behnke-Geiger,extension,50,1-150,makespan_gap_pct,0.0,3
med01_2,FJSP,XHTE,Behnke-Geiger,extension,50,1-150,flowtime_gap_pct,1.0752688172043001,3
med01_2,FJSP,XHTE,Behnke-Geiger,extension,50,1-150,seconds,5.9497245,3
med01_2,FJSP,NSGA-II,Behnke-Geiger,extension,50,1-150,hv_deficit_pct,5.551679871807947,3
med01_2,FJSP,NSGA-II,Behnke-Geiger,extension,50,1-150,makespan_gap_pct,51.64835164835164,3
med01_2,FJSP,NSGA-II,Behnke-Geiger,extension,50,1-150,flowtime_gap_pct,42.4731182795699,3
med01_2,FJSP,NSGA-II,Behnke-Geiger,extension,50,1-150,seconds,0.14557669998612255,3
med01_2,FJSP,SPEA2,Behnke-Geiger,extension,50,1-150,hv_deficit_pct,4.492584226678487,3
med01_2,FJSP,SPEA2,Behnke-Geiger,extension,50,1-150,makespan_gap_pct,41.758241758241766,3
med01_2,FJSP,SPEA2,Behnke-Geiger,extension,50,1-150,flowtime_gap_pct,37.76881720430107,3
med01_2,FJSP,SPEA2,Behnke-Geiger,extension,50,1-150,seconds,0.16044200002215803,3
med01_2,FJSP,MOEA/D,Behnke-Geiger,extension,50,1-150,hv_deficit_pct,4.649361368134852,3
med01_2,FJSP,MOEA/D,Behnke-Geiger,extension,50,1-150,makespan_gap_pct,43.956043956043956,3
med01_2,FJSP,MOEA/D,Behnke-Geiger,extension,50,1-150,flowtime_gap_pct,36.8279569892473,3
med01_2,FJSP,MOEA/D,Behnke-Geiger,extension,50,1-150,seconds,0.3069490999914706,3
med01_2,FJSP,SMS-EMOA,Behnke-Geiger,extension,50,1-150,hv_deficit_pct,4.571199400993131,3
med01_2,FJSP,SMS-EMOA,Behnke-Geiger,extension,50,1-150,makespan_gap_pct,41.758241758241766,3
med01_2,FJSP,SMS-EMOA,Behnke-Geiger,extension,50,1-150,flowtime_gap_pct,40.7258064516129,3
med01_2,FJSP,SMS-EMOA,Behnke-Geiger,extension,50,1-150,seconds,0.1448328000260517,3
med01_3,FJSP,XG,Behnke-Geiger,extension,50,1-150,hv_deficit_pct,2.277723972444523,3
med01_3,FJSP,XG,Behnke-Geiger,extension,50,1-150,makespan_gap_pct,28.735632183908045,3
med01_3,FJSP,XG,Behnke-Geiger,extension,50,1-150,flowtime_gap_pct,11.473087818696893,3
med01_3,FJSP,XG,Behnke-Geiger,extension,50,1-150,seconds,0.0106516,3
med01_3,FJSP,XH,Behnke-Geiger,extension,50,1-150,hv_deficit_pct,0.0410814936075643,3
med01_3,FJSP,XH,Behnke-Geiger,extension,50,1-150,makespan_gap_pct,0.0,3
med01_3,FJSP,XH,Behnke-Geiger,extension,50,1-150,flowtime_gap_pct,0.8498583569405138,3
med01_3,FJSP,XH,Behnke-Geiger,extension,50,1-150,seconds,9.8558409,3
med01_3,FJSP,XT,Behnke-Geiger,extension,50,1-150,hv_deficit_pct,0.5302463956658232,3
med01_3,FJSP,XT,Behnke-Geiger,extension,50,1-150,makespan_gap_pct,4.597701149425282,3
med01_3,FJSP,XT,Behnke-Geiger,extension,50,1-150,flowtime_gap_pct,5.099150141643061,3
med01_3,FJSP,XT,Behnke-Geiger,extension,50,1-150,seconds,9.1132597,3
med01_3,FJSP,XE,Behnke-Geiger,extension,50,1-150,hv_deficit_pct,1.5790109774986738,3
med01_3,FJSP,XE,Behnke-Geiger,extension,50,1-150,makespan_gap_pct,19.54022988505748,3
med01_3,FJSP,XE,Behnke-Geiger,extension,50,1-150,flowtime_gap_pct,8.78186968838528,3
med01_3,FJSP,XE,Behnke-Geiger,extension,50,1-150,seconds,1.8431616,3
med01_3,FJSP,XHT,Behnke-Geiger,extension,50,1-150,hv_deficit_pct,0.027387662405031765,3
med01_3,FJSP,XHT,Behnke-Geiger,extension,50,1-150,makespan_gap_pct,0.0,3
med01_3,FJSP,XHT,Behnke-Geiger,extension,50,1-150,flowtime_gap_pct,0.56657223796035,3
med01_3,FJSP,XHT,Behnke-Geiger,extension,50,1-150,seconds,9.6902321,3
med01_3,FJSP,XHE,Behnke-Geiger,extension,50,1-150,hv_deficit_pct,0.0410814936075643,3
med01_3,FJSP,XHE,Behnke-Geiger,extension,50,1-150,makespan_gap_pct,0.0,3
med01_3,FJSP,XHE,Behnke-Geiger,extension,50,1-150,flowtime_gap_pct,0.8498583569405138,3
med01_3,FJSP,XHE,Behnke-Geiger,extension,50,1-150,seconds,5.5862891999999995,3
med01_3,FJSP,XTE,Behnke-Geiger,extension,50,1-150,hv_deficit_pct,0.6614915265680255,3
med01_3,FJSP,XTE,Behnke-Geiger,extension,50,1-150,makespan_gap_pct,6.896551724137923,3
med01_3,FJSP,XTE,Behnke-Geiger,extension,50,1-150,flowtime_gap_pct,5.099150141643061,3
med01_3,FJSP,XTE,Behnke-Geiger,extension,50,1-150,seconds,5.3529118,3
med01_3,FJSP,XHTE,Behnke-Geiger,extension,50,1-150,hv_deficit_pct,0.027387662405031765,3
med01_3,FJSP,XHTE,Behnke-Geiger,extension,50,1-150,makespan_gap_pct,0.0,3
med01_3,FJSP,XHTE,Behnke-Geiger,extension,50,1-150,flowtime_gap_pct,0.56657223796035,3
med01_3,FJSP,XHTE,Behnke-Geiger,extension,50,1-150,seconds,7.0659434,3
med01_3,FJSP,NSGA-II,Behnke-Geiger,extension,50,1-150,hv_deficit_pct,5.256808831680737,3
med01_3,FJSP,NSGA-II,Behnke-Geiger,extension,50,1-150,makespan_gap_pct,54.022988505747115,3
med01_3,FJSP,NSGA-II,Behnke-Geiger,extension,50,1-150,flowtime_gap_pct,50.283286118980165,3
med01_3,FJSP,NSGA-II,Behnke-Geiger,extension,50,1-150,seconds,0.15558260004036129,3
med01_3,FJSP,SPEA2,Behnke-Geiger,extension,50,1-150,hv_deficit_pct,5.120454983500267,3
med01_3,FJSP,SPEA2,Behnke-Geiger,extension,50,1-150,makespan_gap_pct,49.42528735632183,3
med01_3,FJSP,SPEA2,Behnke-Geiger,extension,50,1-150,flowtime_gap_pct,46.033994334277615,3
med01_3,FJSP,SPEA2,Behnke-Geiger,extension,50,1-150,seconds,0.14993249997496605,3
med01_3,FJSP,MOEA/D,Behnke-Geiger,extension,50,1-150,hv_deficit_pct,4.193841446068925,3
med01_3,FJSP,MOEA/D,Behnke-Geiger,extension,50,1-150,makespan_gap_pct,36.7816091954023,3
med01_3,FJSP,MOEA/D,Behnke-Geiger,extension,50,1-150,flowtime_gap_pct,39.94334277620397,3
med01_3,FJSP,MOEA/D,Behnke-Geiger,extension,50,1-150,seconds,0.31492719997186214,3
med01_3,FJSP,SMS-EMOA,Behnke-Geiger,extension,50,1-150,hv_deficit_pct,5.499680384688288,3
med01_3,FJSP,SMS-EMOA,Behnke-Geiger,extension,50,1-150,makespan_gap_pct,55.172413793103445,3
med01_3,FJSP,SMS-EMOA,Behnke-Geiger,extension,50,1-150,flowtime_gap_pct,46.45892351274787,3
med01_3,FJSP,SMS-EMOA,Behnke-Geiger,extension,50,1-150,seconds,0.14025309996213764,3
med02_3,FJSP,XG,Behnke-Geiger,extension,100,1-150,hv_deficit_pct,0.8837638204713061,3
med02_3,FJSP,XG,Behnke-Geiger,extension,100,1-150,makespan_gap_pct,11.570247933884303,3
med02_3,FJSP,XG,Behnke-Geiger,extension,100,1-150,flowtime_gap_pct,15.393386545039899,3
med02_3,FJSP,XG,Behnke-Geiger,extension,100,1-150,seconds,0.0335697,3
med02_3,FJSP,XH,Behnke-Geiger,extension,100,1-150,hv_deficit_pct,0.030983741102608153,3
med02_3,FJSP,XH,Behnke-Geiger,extension,100,1-150,makespan_gap_pct,0.8264462809917328,3
med02_3,FJSP,XH,Behnke-Geiger,extension,100,1-150,flowtime_gap_pct,1.026225769669331,3
med02_3,FJSP,XH,Behnke-Geiger,extension,100,1-150,seconds,34.5609698,3
med02_3,FJSP,XT,Behnke-Geiger,extension,100,1-150,hv_deficit_pct,0.34556105013833216,3
med02_3,FJSP,XT,Behnke-Geiger,extension,100,1-150,makespan_gap_pct,4.958677685950419,3
med02_3,FJSP,XT,Behnke-Geiger,extension,100,1-150,flowtime_gap_pct,6.10034207525656,3
med02_3,FJSP,XT,Behnke-Geiger,extension,100,1-150,seconds,28.8510842,3
med02_3,FJSP,XE,Behnke-Geiger,extension,100,1-150,hv_deficit_pct,0.7551405874963835,3
med02_3,FJSP,XE,Behnke-Geiger,extension,100,1-150,makespan_gap_pct,9.917355371900815,3
med02_3,FJSP,XE,Behnke-Geiger,extension,100,1-150,flowtime_gap_pct,13.169897377423023,3
med02_3,FJSP,XE,Behnke-Geiger,extension,100,1-150,seconds,3.289465,3
med02_3,FJSP,XHT,Behnke-Geiger,extension,100,1-150,hv_deficit_pct,0.05754962145334552,3
med02_3,FJSP,XHT,Behnke-Geiger,extension,100,1-150,makespan_gap_pct,0.8264462809917328,3
med02_3,FJSP,XHT,Behnke-Geiger,extension,100,1-150,flowtime_gap_pct,1.026225769669331,3
med02_3,FJSP,XHT,Behnke-Geiger,extension,100,1-150,seconds,29.8412967,3
med02_3,FJSP,XHE,Behnke-Geiger,extension,100,1-150,hv_deficit_pct,0.05206059031905852,3
med02_3,FJSP,XHE,Behnke-Geiger,extension,100,1-150,makespan_gap_pct,0.8264462809917328,3
med02_3,FJSP,XHE,Behnke-Geiger,extension,100,1-150,flowtime_gap_pct,1.8814139110604255,3
med02_3,FJSP,XHE,Behnke-Geiger,extension,100,1-150,seconds,18.8520406,3
med02_3,FJSP,XTE,Behnke-Geiger,extension,100,1-150,hv_deficit_pct,0.3810164186044629,3
med02_3,FJSP,XTE,Behnke-Geiger,extension,100,1-150,makespan_gap_pct,5.785123966942152,3
med02_3,FJSP,XTE,Behnke-Geiger,extension,100,1-150,flowtime_gap_pct,6.214367160775369,3
med02_3,FJSP,XTE,Behnke-Geiger,extension,100,1-150,seconds,17.9205287,3
med02_3,FJSP,XHTE,Behnke-Geiger,extension,100,1-150,hv_deficit_pct,0.015379388100145164,3
med02_3,FJSP,XHTE,Behnke-Geiger,extension,100,1-150,makespan_gap_pct,0.8264462809917328,3
med02_3,FJSP,XHTE,Behnke-Geiger,extension,100,1-150,flowtime_gap_pct,1.2542759407069504,3
med02_3,FJSP,XHTE,Behnke-Geiger,extension,100,1-150,seconds,23.367289,3
med02_3,FJSP,NSGA-II,Behnke-Geiger,extension,100,1-150,hv_deficit_pct,4.293274289105065,3
med02_3,FJSP,NSGA-II,Behnke-Geiger,extension,100,1-150,makespan_gap_pct,64.46280991735537,3
med02_3,FJSP,NSGA-II,Behnke-Geiger,extension,100,1-150,flowtime_gap_pct,58.7799315849487,3
med02_3,FJSP,NSGA-II,Behnke-Geiger,extension,100,1-150,seconds,0.21481649996712804,3
med02_3,FJSP,SPEA2,Behnke-Geiger,extension,100,1-150,hv_deficit_pct,4.081975217218425,3
med02_3,FJSP,SPEA2,Behnke-Geiger,extension,100,1-150,makespan_gap_pct,60.33057851239669,3
med02_3,FJSP,SPEA2,Behnke-Geiger,extension,100,1-150,flowtime_gap_pct,57.12656784492589,3
med02_3,FJSP,SPEA2,Behnke-Geiger,extension,100,1-150,seconds,0.2409694999223575,3
med02_3,FJSP,MOEA/D,Behnke-Geiger,extension,100,1-150,hv_deficit_pct,3.8206527246858246,3
med02_3,FJSP,MOEA/D,Behnke-Geiger,extension,100,1-150,makespan_gap_pct,57.024793388429764,3
med02_3,FJSP,MOEA/D,Behnke-Geiger,extension,100,1-150,flowtime_gap_pct,53.53477765108323,3
med02_3,FJSP,MOEA/D,Behnke-Geiger,extension,100,1-150,seconds,0.35634890000801533,3
med02_3,FJSP,SMS-EMOA,Behnke-Geiger,extension,100,1-150,hv_deficit_pct,4.151039554714897,3
med02_3,FJSP,SMS-EMOA,Behnke-Geiger,extension,100,1-150,makespan_gap_pct,59.50413223140496,3
med02_3,FJSP,SMS-EMOA,Behnke-Geiger,extension,100,1-150,flowtime_gap_pct,56.95553021664765,3
med02_3,FJSP,SMS-EMOA,Behnke-Geiger,extension,100,1-150,seconds,0.22366340004373342,3
med02_5,FJSP,XG,Behnke-Geiger,extension,100,1-150,hv_deficit_pct,0.5752471600433684,3
med02_5,FJSP,XG,Behnke-Geiger,extension,100,1-150,makespan_gap_pct,10.236220472440948,3
med02_5,FJSP,XG,Behnke-Geiger,extension,100,1-150,flowtime_gap_pct,5.236486486486491,3
med02_5,FJSP,XG,Behnke-Geiger,extension,100,1-150,seconds,0.0305127,3
med02_5,FJSP,XH,Behnke-Geiger,extension,100,1-150,hv_deficit_pct,0.06787237730464524,3
med02_5,FJSP,XH,Behnke-Geiger,extension,100,1-150,makespan_gap_pct,1.5748031496062964,3
med02_5,FJSP,XH,Behnke-Geiger,extension,100,1-150,flowtime_gap_pct,0.7319819819819884,3
med02_5,FJSP,XH,Behnke-Geiger,extension,100,1-150,seconds,32.750219799999996,3
med02_5,FJSP,XT,Behnke-Geiger,extension,100,1-150,hv_deficit_pct,0.3920902246464353,3
med02_5,FJSP,XT,Behnke-Geiger,extension,100,1-150,makespan_gap_pct,6.299212598425208,3
med02_5,FJSP,XT,Behnke-Geiger,extension,100,1-150,flowtime_gap_pct,5.011261261261257,3
med02_5,FJSP,XT,Behnke-Geiger,extension,100,1-150,seconds,26.5452908,3
med02_5,FJSP,XE,Behnke-Geiger,extension,100,1-150,hv_deficit_pct,0.5262241713583138,3
med02_5,FJSP,XE,Behnke-Geiger,extension,100,1-150,makespan_gap_pct,9.4488188976378,3
med02_5,FJSP,XE,Behnke-Geiger,extension,100,1-150,flowtime_gap_pct,4.729729729729737,3
med02_5,FJSP,XE,Behnke-Geiger,extension,100,1-150,seconds,3.3575942,3
med02_5,FJSP,XHT,Behnke-Geiger,extension,100,1-150,hv_deficit_pct,0.07122138162390934,3
med02_5,FJSP,XHT,Behnke-Geiger,extension,100,1-150,makespan_gap_pct,1.5748031496062964,3
med02_5,FJSP,XHT,Behnke-Geiger,extension,100,1-150,flowtime_gap_pct,0.8445945945946054,3
med02_5,FJSP,XHT,Behnke-Geiger,extension,100,1-150,seconds,32.8023165,3
med02_5,FJSP,XHE,Behnke-Geiger,extension,100,1-150,hv_deficit_pct,0.07122138162390934,3
med02_5,FJSP,XHE,Behnke-Geiger,extension,100,1-150,makespan_gap_pct,1.5748031496062964,3
med02_5,FJSP,XHE,Behnke-Geiger,extension,100,1-150,flowtime_gap_pct,0.8445945945946054,3
med02_5,FJSP,XHE,Behnke-Geiger,extension,100,1-150,seconds,17.8793386,3
med02_5,FJSP,XTE,Behnke-Geiger,extension,100,1-150,hv_deficit_pct,0.43279068681990607,3
med02_5,FJSP,XTE,Behnke-Geiger,extension,100,1-150,makespan_gap_pct,7.086614173228356,3
med02_5,FJSP,XTE,Behnke-Geiger,extension,100,1-150,flowtime_gap_pct,5.011261261261257,3
med02_5,FJSP,XTE,Behnke-Geiger,extension,100,1-150,seconds,16.1881898,3
med02_5,FJSP,XHTE,Behnke-Geiger,extension,100,1-150,hv_deficit_pct,0.07123566284860106,3
med02_5,FJSP,XHTE,Behnke-Geiger,extension,100,1-150,makespan_gap_pct,1.5748031496062964,3
med02_5,FJSP,XHTE,Behnke-Geiger,extension,100,1-150,flowtime_gap_pct,0.7319819819819884,3
med02_5,FJSP,XHTE,Behnke-Geiger,extension,100,1-150,seconds,21.8369334,3
med02_5,FJSP,NSGA-II,Behnke-Geiger,extension,100,1-150,hv_deficit_pct,4.543564215040785,3
med02_5,FJSP,NSGA-II,Behnke-Geiger,extension,100,1-150,makespan_gap_pct,64.56692913385827,3
med02_5,FJSP,NSGA-II,Behnke-Geiger,extension,100,1-150,flowtime_gap_pct,61.82432432432432,3
med02_5,FJSP,NSGA-II,Behnke-Geiger,extension,100,1-150,seconds,0.22627880005165935,3
med02_5,FJSP,SPEA2,Behnke-Geiger,extension,100,1-150,hv_deficit_pct,4.38472843382347,3
med02_5,FJSP,SPEA2,Behnke-Geiger,extension,100,1-150,makespan_gap_pct,60.629921259842526,3
med02_5,FJSP,SPEA2,Behnke-Geiger,extension,100,1-150,flowtime_gap_pct,59.12162162162162,3
med02_5,FJSP,SPEA2,Behnke-Geiger,extension,100,1-150,seconds,0.24558210000395775,3
med02_5,FJSP,MOEA/D,Behnke-Geiger,extension,100,1-150,hv_deficit_pct,3.7419124581878904,3
med02_5,FJSP,MOEA/D,Behnke-Geiger,extension,100,1-150,makespan_gap_pct,50.39370078740157,3
med02_5,FJSP,MOEA/D,Behnke-Geiger,extension,100,1-150,flowtime_gap_pct,54.39189189189189,3
med02_5,FJSP,MOEA/D,Behnke-Geiger,extension,100,1-150,seconds,0.36736100004054606,3
med02_5,FJSP,SMS-EMOA,Behnke-Geiger,extension,100,1-150,hv_deficit_pct,4.329049823174847,3
med02_5,FJSP,SMS-EMOA,Behnke-Geiger,extension,100,1-150,makespan_gap_pct,59.84251968503938,3
med02_5,FJSP,SMS-EMOA,Behnke-Geiger,extension,100,1-150,flowtime_gap_pct,60.7545045045045,3
med02_5,FJSP,SMS-EMOA,Behnke-Geiger,extension,100,1-150,seconds,0.23772750003263354,3
med03_1,FJSP,XG,Behnke-Geiger,extension,250,151-500,hv_deficit_pct,0.4293629982331626,3
med03_1,FJSP,XG,Behnke-Geiger,extension,250,151-500,makespan_gap_pct,8.47457627118644,3
med03_1,FJSP,XG,Behnke-Geiger,extension,250,151-500,flowtime_gap_pct,8.654367878459034,3
med03_1,FJSP,XG,Behnke-Geiger,extension,250,151-500,seconds,0.1014382,3
med03_1,FJSP,XH,Behnke-Geiger,extension,250,151-500,hv_deficit_pct,0.018346047946593558,3
med03_1,FJSP,XH,Behnke-Geiger,extension,250,151-500,makespan_gap_pct,0.4237288135593209,3
med03_1,FJSP,XH,Behnke-Geiger,extension,250,151-500,flowtime_gap_pct,0.2577319587628857,3
med03_1,FJSP,XH,Behnke-Geiger,extension,250,151-500,seconds,131.179767,3
med03_1,FJSP,XT,Behnke-Geiger,extension,250,151-500,hv_deficit_pct,0.23868432193074884,3
med03_1,FJSP,XT,Behnke-Geiger,extension,250,151-500,makespan_gap_pct,5.084745762711873,3
med03_1,FJSP,XT,Behnke-Geiger,extension,250,151-500,flowtime_gap_pct,4.177970699945743,3
med03_1,FJSP,XT,Behnke-Geiger,extension,250,151-500,seconds,115.4261937,3
med03_1,FJSP,XE,Behnke-Geiger,extension,250,151-500,hv_deficit_pct,0.36875585292575064,3
med03_1,FJSP,XE,Behnke-Geiger,extension,250,151-500,makespan_gap_pct,6.779661016949157,3
med03_1,FJSP,XE,Behnke-Geiger,extension,250,151-500,flowtime_gap_pct,7.826912642430828,3
med03_1,FJSP,XE,Behnke-Geiger,extension,250,151-500,seconds,8.7290751,3
med03_1,FJSP,XHT,Behnke-Geiger,extension,250,151-500,hv_deficit_pct,0.071684416506268,3
med03_1,FJSP,XHT,Behnke-Geiger,extension,250,151-500,makespan_gap_pct,2.1186440677966045,3
med03_1,FJSP,XHT,Behnke-Geiger,extension,250,151-500,flowtime_gap_pct,0.2577319587628857,3
med03_1,FJSP,XHT,Behnke-Geiger,extension,250,151-500,seconds,129.4595856,3
med03_1,FJSP,XHE,Behnke-Geiger,extension,250,151-500,hv_deficit_pct,0.071684416506268,3
med03_1,FJSP,XHE,Behnke-Geiger,extension,250,151-500,makespan_gap_pct,2.1186440677966045,3
med03_1,FJSP,XHE,Behnke-Geiger,extension,250,151-500,flowtime_gap_pct,0.2577319587628857,3
med03_1,FJSP,XHE,Behnke-Geiger,extension,250,151-500,seconds,70.4693927,3
med03_1,FJSP,XTE,Behnke-Geiger,extension,250,151-500,hv_deficit_pct,0.25436394340351276,3
med03_1,FJSP,XTE,Behnke-Geiger,extension,250,151-500,makespan_gap_pct,5.508474576271194,3
med03_1,FJSP,XTE,Behnke-Geiger,extension,250,151-500,flowtime_gap_pct,4.435702658708629,3
med03_1,FJSP,XTE,Behnke-Geiger,extension,250,151-500,seconds,54.7669328,3
med03_1,FJSP,XHTE,Behnke-Geiger,extension,250,151-500,hv_deficit_pct,0.08833132168516444,3
med03_1,FJSP,XHTE,Behnke-Geiger,extension,250,151-500,makespan_gap_pct,2.1186440677966045,3
med03_1,FJSP,XHTE,Behnke-Geiger,extension,250,151-500,flowtime_gap_pct,0.2577319587628857,3
med03_1,FJSP,XHTE,Behnke-Geiger,extension,250,151-500,seconds,84.2090715,3
med03_1,FJSP,NSGA-II,Behnke-Geiger,extension,250,151-500,hv_deficit_pct,3.28225754470427,3
med03_1,FJSP,NSGA-II,Behnke-Geiger,extension,250,151-500,makespan_gap_pct,64.40677966101696,3
med03_1,FJSP,NSGA-II,Behnke-Geiger,extension,250,151-500,flowtime_gap_pct,66.20998372219206,3
med03_1,FJSP,NSGA-II,Behnke-Geiger,extension,250,151-500,seconds,0.5296375999459997,3
med03_1,FJSP,SPEA2,Behnke-Geiger,extension,250,151-500,hv_deficit_pct,3.194965363652469,3
med03_1,FJSP,SPEA2,Behnke-Geiger,extension,250,151-500,makespan_gap_pct,63.13559322033899,3
med03_1,FJSP,SPEA2,Behnke-Geiger,extension,250,151-500,flowtime_gap_pct,63.79544221378188,3
med03_1,FJSP,SPEA2,Behnke-Geiger,extension,250,151-500,seconds,0.580990899936296,3
med03_1,FJSP,MOEA/D,Behnke-Geiger,extension,250,151-500,hv_deficit_pct,2.953905528803169,3
med03_1,FJSP,MOEA/D,Behnke-Geiger,extension,250,151-500,makespan_gap_pct,57.6271186440678,3
med03_1,FJSP,MOEA/D,Behnke-Geiger,extension,250,151-500,flowtime_gap_pct,60.29571351058058,3
med03_1,FJSP,MOEA/D,Behnke-Geiger,extension,250,151-500,seconds,0.7301815999671817,3
med03_1,FJSP,SMS-EMOA,Behnke-Geiger,extension,250,151-500,hv_deficit_pct,3.2226869572710815,3
med03_1,FJSP,SMS-EMOA,Behnke-Geiger,extension,250,151-500,makespan_gap_pct,63.13559322033899,3
med03_1,FJSP,SMS-EMOA,Behnke-Geiger,extension,250,151-500,flowtime_gap_pct,65.16549104720563,3
med03_1,FJSP,SMS-EMOA,Behnke-Geiger,extension,250,151-500,seconds,0.5332650999771431,3
med03_2,FJSP,XG,Behnke-Geiger,extension,250,151-500,hv_deficit_pct,0.337034285850224,3
med03_2,FJSP,XG,Behnke-Geiger,extension,250,151-500,makespan_gap_pct,6.41025641025641,3
med03_2,FJSP,XG,Behnke-Geiger,extension,250,151-500,flowtime_gap_pct,7.880935506732811,3
med03_2,FJSP,XG,Behnke-Geiger,extension,250,151-500,seconds,0.0971652,3
med03_2,FJSP,XH,Behnke-Geiger,extension,250,151-500,hv_deficit_pct,0.07690843185562679,3
med03_2,FJSP,XH,Behnke-Geiger,extension,250,151-500,makespan_gap_pct,2.136752136752129,3
med03_2,FJSP,XH,Behnke-Geiger,extension,250,151-500,flowtime_gap_pct,1.218993621545006,3
med03_2,FJSP,XH,Behnke-Geiger,extension,250,151-500,seconds,131.618793,3
med03_2,FJSP,XT,Behnke-Geiger,extension,250,151-500,hv_deficit_pct,0.13234647758147977,3
med03_2,FJSP,XT,Behnke-Geiger,extension,250,151-500,makespan_gap_pct,2.136752136752129,3
med03_2,FJSP,XT,Behnke-Geiger,extension,250,151-500,flowtime_gap_pct,3.968816442239542,3
med03_2,FJSP,XT,Behnke-Geiger,extension,250,151-500,seconds,101.1741466,3
med03_2,FJSP,XE,Behnke-Geiger,extension,250,151-500,hv_deficit_pct,0.2680094860737281,3
med03_2,FJSP,XE,Behnke-Geiger,extension,250,151-500,makespan_gap_pct,4.2735042735042805,3
med03_2,FJSP,XE,Behnke-Geiger,extension,250,151-500,flowtime_gap_pct,7.795889440113402,3
med03_2,FJSP,XE,Behnke-Geiger,extension,250,151-500,seconds,9.2190676,3
med03_2,FJSP,XHT,Behnke-Geiger,extension,250,151-500,hv_deficit_pct,0.07583508905617542,3
med03_2,FJSP,XHT,Behnke-Geiger,extension,250,151-500,makespan_gap_pct,2.136752136752129,3
med03_2,FJSP,XHT,Behnke-Geiger,extension,250,151-500,flowtime_gap_pct,1.3465627214741316,3
med03_2,FJSP,XHT,Behnke-Geiger,extension,250,151-500,seconds,119.6867299,3
med03_2,FJSP,XHE,Behnke-Geiger,extension,250,151-500,hv_deficit_pct,0.07504558035369424,3
med03_2,FJSP,XHE,Behnke-Geiger,extension,250,151-500,makespan_gap_pct,2.136752136752129,3
med03_2,FJSP,XHE,Behnke-Geiger,extension,250,151-500,flowtime_gap_pct,2.026931254429476,3
med03_2,FJSP,XHE,Behnke-Geiger,extension,250,151-500,seconds,65.9297085,3
med03_2,FJSP,XTE,Behnke-Geiger,extension,250,151-500,hv_deficit_pct,0.13501511965807733,3
med03_2,FJSP,XTE,Behnke-Geiger,extension,250,151-500,makespan_gap_pct,2.136752136752129,3
med03_2,FJSP,XTE,Behnke-Geiger,extension,250,151-500,flowtime_gap_pct,4.3090007087172255,3
med03_2,FJSP,XTE,Behnke-Geiger,extension,250,151-500,seconds,61.0184296,3
med03_2,FJSP,XHTE,Behnke-Geiger,extension,250,151-500,hv_deficit_pct,0.07183747518472172,3
med03_2,FJSP,XHTE,Behnke-Geiger,extension,250,151-500,makespan_gap_pct,2.136752136752129,3
med03_2,FJSP,XHTE,Behnke-Geiger,extension,250,151-500,flowtime_gap_pct,2.778171509567673,3
med03_2,FJSP,XHTE,Behnke-Geiger,extension,250,151-500,seconds,82.7892197,3
med03_2,FJSP,NSGA-II,Behnke-Geiger,extension,250,151-500,hv_deficit_pct,3.330621718401039,3
med03_2,FJSP,NSGA-II,Behnke-Geiger,extension,250,151-500,makespan_gap_pct,66.66666666666667,3
med03_2,FJSP,NSGA-II,Behnke-Geiger,extension,250,151-500,flowtime_gap_pct,70.53153791637136,3
med03_2,FJSP,NSGA-II,Behnke-Geiger,extension,250,151-500,seconds,0.578787500038743,3
med03_2,FJSP,SPEA2,Behnke-Geiger,extension,250,151-500,hv_deficit_pct,3.0828857027316636,3
med03_2,FJSP,SPEA2,Behnke-Geiger,extension,250,151-500,makespan_gap_pct,61.53846153846154,3
med03_2,FJSP,SPEA2,Behnke-Geiger,extension,250,151-500,flowtime_gap_pct,66.91708008504607,3
med03_2,FJSP,SPEA2,Behnke-Geiger,extension,250,151-500,seconds,0.5869066999293864,3
med03_2,FJSP,MOEA/D,Behnke-Geiger,extension,250,151-500,hv_deficit_pct,2.888669803891153,3
med03_2,FJSP,MOEA/D,Behnke-Geiger,extension,250,151-500,makespan_gap_pct,53.846153846153854,3
med03_2,FJSP,MOEA/D,Behnke-Geiger,extension,250,151-500,flowtime_gap_pct,62.67895109851169,3
med03_2,FJSP,MOEA/D,Behnke-Geiger,extension,250,151-500,seconds,0.6763361999765038,3
med03_2,FJSP,SMS-EMOA,Behnke-Geiger,extension,250,151-500,hv_deficit_pct,3.2948118658288617,3
med03_2,FJSP,SMS-EMOA,Behnke-Geiger,extension,250,151-500,makespan_gap_pct,64.52991452991452,3
med03_2,FJSP,SMS-EMOA,Behnke-Geiger,extension,250,151-500,flowtime_gap_pct,68.830616583983,3
med03_2,FJSP,SMS-EMOA,Behnke-Geiger,extension,250,151-500,seconds,0.5116192999994382,3
mk01,FJSP,XG,Brandimarte,legacy,55,1-150,hv_deficit_pct,4.344594658161882,3
mk01,FJSP,XG,Brandimarte,legacy,55,1-150,makespan_gap_pct,14.634146341463406,3
mk01,FJSP,XG,Brandimarte,legacy,55,1-150,flowtime_gap_pct,15.82491582491583,3
mk01,FJSP,XG,Brandimarte,legacy,55,1-150,seconds,0.0019368,3
mk01,FJSP,XH,Brandimarte,legacy,55,1-150,hv_deficit_pct,0.8750744236618258,3
mk01,FJSP,XH,Brandimarte,legacy,55,1-150,makespan_gap_pct,0.0,3
mk01,FJSP,XH,Brandimarte,legacy,55,1-150,flowtime_gap_pct,7.407407407407418,3
mk01,FJSP,XH,Brandimarte,legacy,55,1-150,seconds,2.3917669,3
mk01,FJSP,XT,Brandimarte,legacy,55,1-150,hv_deficit_pct,1.6297605943678684,3
mk01,FJSP,XT,Brandimarte,legacy,55,1-150,makespan_gap_pct,4.878048780487809,3
mk01,FJSP,XT,Brandimarte,legacy,55,1-150,flowtime_gap_pct,6.734006734006726,3
mk01,FJSP,XT,Brandimarte,legacy,55,1-150,seconds,1.7217316999999999,3
mk01,FJSP,XE,Brandimarte,legacy,55,1-150,hv_deficit_pct,3.0488501460249506,3
mk01,FJSP,XE,Brandimarte,legacy,55,1-150,makespan_gap_pct,9.756097560975618,3
mk01,FJSP,XE,Brandimarte,legacy,55,1-150,flowtime_gap_pct,11.44781144781144,3
mk01,FJSP,XE,Brandimarte,legacy,55,1-150,seconds,0.7505392,3
mk01,FJSP,XHT,Brandimarte,legacy,55,1-150,hv_deficit_pct,0.3979901915325712,3
mk01,FJSP,XHT,Brandimarte,legacy,55,1-150,makespan_gap_pct,0.0,3
mk01,FJSP,XHT,Brandimarte,legacy,55,1-150,flowtime_gap_pct,3.367003367003374,3
mk01,FJSP,XHT,Brandimarte,legacy,55,1-150,seconds,2.1758097,3
mk01,FJSP,XHE,Brandimarte,legacy,55,1-150,hv_deficit_pct,0.4353532217549527,3
mk01,FJSP,XHE,Brandimarte,legacy,55,1-150,makespan_gap_pct,0.0,3
mk01,FJSP,XHE,Brandimarte,legacy,55,1-150,flowtime_gap_pct,3.703703703703698,3
mk01,FJSP,XHE,Brandimarte,legacy,55,1-150,seconds,1.4642186,3
mk01,FJSP,XTE,Brandimarte,legacy,55,1-150,hv_deficit_pct,1.507927547977228,3
mk01,FJSP,XTE,Brandimarte,legacy,55,1-150,makespan_gap_pct,4.878048780487809,3
mk01,FJSP,XTE,Brandimarte,legacy,55,1-150,flowtime_gap_pct,5.723905723905731,3
mk01,FJSP,XTE,Brandimarte,legacy,55,1-150,seconds,1.1876496,3
mk01,FJSP,XHTE,Brandimarte,legacy,55,1-150,hv_deficit_pct,0.3576031750511688,3
mk01,FJSP,XHTE,Brandimarte,legacy,55,1-150,makespan_gap_pct,0.0,3
mk01,FJSP,XHTE,Brandimarte,legacy,55,1-150,flowtime_gap_pct,3.0303030303030276,3
mk01,FJSP,XHTE,Brandimarte,legacy,55,1-150,seconds,1.6879619,3
mk01,FJSP,NSGA-II,Brandimarte,legacy,55,1-150,hv_deficit_pct,3.4765762024377422,3
mk01,FJSP,NSGA-II,Brandimarte,legacy,55,1-150,makespan_gap_pct,9.756097560975618,3
mk01,FJSP,NSGA-II,Brandimarte,legacy,55,1-150,flowtime_gap_pct,15.15151515151516,3
mk01,FJSP,NSGA-II,Brandimarte,legacy,55,1-150,seconds,0.14164539997000247,3
mk01,FJSP,SPEA2,Brandimarte,legacy,55,1-150,hv_deficit_pct,2.9627001374905815,3
mk01,FJSP,SPEA2,Brandimarte,legacy,55,1-150,makespan_gap_pct,7.317073170731714,3
mk01,FJSP,SPEA2,Brandimarte,legacy,55,1-150,flowtime_gap_pct,14.478114478114467,3
mk01,FJSP,SPEA2,Brandimarte,legacy,55,1-150,seconds,0.176348099950701,3
mk01,FJSP,MOEA/D,Brandimarte,legacy,55,1-150,hv_deficit_pct,1.7053266509957088,3
mk01,FJSP,MOEA/D,Brandimarte,legacy,55,1-150,makespan_gap_pct,4.878048780487809,3
mk01,FJSP,MOEA/D,Brandimarte,legacy,55,1-150,flowtime_gap_pct,4.377104377104368,3
mk01,FJSP,MOEA/D,Brandimarte,legacy,55,1-150,seconds,0.29853600007481873,3
mk01,FJSP,SMS-EMOA,Brandimarte,legacy,55,1-150,hv_deficit_pct,4.167624262315361,3
mk01,FJSP,SMS-EMOA,Brandimarte,legacy,55,1-150,makespan_gap_pct,14.634146341463406,3
mk01,FJSP,SMS-EMOA,Brandimarte,legacy,55,1-150,flowtime_gap_pct,15.15151515151516,3
mk01,FJSP,SMS-EMOA,Brandimarte,legacy,55,1-150,seconds,0.13396859995555133,3
mk02,FJSP,XG,Brandimarte,legacy,58,1-150,hv_deficit_pct,5.656125642616683,3
mk02,FJSP,XG,Brandimarte,legacy,58,1-150,makespan_gap_pct,51.72413793103448,3
mk02,FJSP,XG,Brandimarte,legacy,58,1-150,flowtime_gap_pct,11.965811965811968,3
mk02,FJSP,XG,Brandimarte,legacy,58,1-150,seconds,0.0031003,3
mk02,FJSP,XH,Brandimarte,legacy,58,1-150,hv_deficit_pct,0.29032200681619047,3
mk02,FJSP,XH,Brandimarte,legacy,58,1-150,makespan_gap_pct,0.0,3
mk02,FJSP,XH,Brandimarte,legacy,58,1-150,flowtime_gap_pct,3.8461538461538547,3
mk02,FJSP,XH,Brandimarte,legacy,58,1-150,seconds,3.9661207000000003,3
mk02,FJSP,XT,Brandimarte,legacy,58,1-150,hv_deficit_pct,1.0736525323257085,3
mk02,FJSP,XT,Brandimarte,legacy,58,1-150,makespan_gap_pct,10.344827586206895,3
mk02,FJSP,XT,Brandimarte,legacy,58,1-150,flowtime_gap_pct,2.564102564102555,3
mk02,FJSP,XT,Brandimarte,legacy,58,1-150,seconds,2.4265504,3
mk02,FJSP,XE,Brandimarte,legacy,58,1-150,hv_deficit_pct,3.018585003290908,3
mk02,FJSP,XE,Brandimarte,legacy,58,1-150,makespan_gap_pct,27.586206896551737,3
mk02,FJSP,XE,Brandimarte,legacy,58,1-150,flowtime_gap_pct,6.8376068376068355,3
mk02,FJSP,XE,Brandimarte,legacy,58,1-150,seconds,0.9074924,3
mk02,FJSP,XHT,Brandimarte,legacy,58,1-150,hv_deficit_pct,0.06770168982161984,3
mk02,FJSP,XHT,Brandimarte,legacy,58,1-150,makespan_gap_pct,0.0,3
mk02,FJSP,XHT,Brandimarte,legacy,58,1-150,flowtime_gap_pct,2.136752136752129,3
mk02,FJSP,XHT,Brandimarte,legacy,58,1-150,seconds,3.8364238,3
mk02,FJSP,XHE,Brandimarte,legacy,58,1-150,hv_deficit_pct,0.3227079001698052,3
mk02,FJSP,XHE,Brandimarte,legacy,58,1-150,makespan_gap_pct,0.0,3
mk02,FJSP,XHE,Brandimarte,legacy,58,1-150,flowtime_gap_pct,2.136752136752129,3
mk02,FJSP,XHE,Brandimarte,legacy,58,1-150,seconds,2.2804664,3
mk02,FJSP,XTE,Brandimarte,legacy,58,1-150,hv_deficit_pct,0.6531591157133754,3
mk02,FJSP,XTE,Brandimarte,legacy,58,1-150,makespan_gap_pct,6.896551724137923,3
mk02,FJSP,XTE,Brandimarte,legacy,58,1-150,flowtime_gap_pct,1.2820512820512775,3
mk02,FJSP,XTE,Brandimarte,legacy,58,1-150,seconds,1.8479898000000001,3
mk02,FJSP,XHTE,Brandimarte,legacy,58,1-150,hv_deficit_pct,0.22837548382638184,3
mk02,FJSP,XHTE,Brandimarte,legacy,58,1-150,makespan_gap_pct,0.0,3
mk02,FJSP,XHTE,Brandimarte,legacy,58,1-150,flowtime_gap_pct,2.136752136752129,3
mk02,FJSP,XHTE,Brandimarte,legacy,58,1-150,seconds,2.9305535000000003,3
mk02,FJSP,NSGA-II,Brandimarte,legacy,58,1-150,hv_deficit_pct,5.623007273484459,3
mk02,FJSP,NSGA-II,Brandimarte,legacy,58,1-150,makespan_gap_pct,31.034482758620683,3
mk02,FJSP,NSGA-II,Brandimarte,legacy,58,1-150,flowtime_gap_pct,38.034188034188034,3
mk02,FJSP,NSGA-II,Brandimarte,legacy,58,1-150,seconds,0.1440627999836579,3
mk02,FJSP,SPEA2,Brandimarte,legacy,58,1-150,hv_deficit_pct,6.655536522811911,3
mk02,FJSP,SPEA2,Brandimarte,legacy,58,1-150,makespan_gap_pct,37.93103448275863,3
mk02,FJSP,SPEA2,Brandimarte,legacy,58,1-150,flowtime_gap_pct,41.025641025641036,3
mk02,FJSP,SPEA2,Brandimarte,legacy,58,1-150,seconds,0.1732944999821484,3
mk02,FJSP,MOEA/D,Brandimarte,legacy,58,1-150,hv_deficit_pct,3.7494911909323747,3
mk02,FJSP,MOEA/D,Brandimarte,legacy,58,1-150,makespan_gap_pct,24.13793103448276,3
mk02,FJSP,MOEA/D,Brandimarte,legacy,58,1-150,flowtime_gap_pct,25.64102564102564,3
mk02,FJSP,MOEA/D,Brandimarte,legacy,58,1-150,seconds,0.31789200007915497,3
mk02,FJSP,SMS-EMOA,Brandimarte,legacy,58,1-150,hv_deficit_pct,6.7774414202495965,3
mk02,FJSP,SMS-EMOA,Brandimarte,legacy,58,1-150,makespan_gap_pct,37.93103448275863,3
mk02,FJSP,SMS-EMOA,Brandimarte,legacy,58,1-150,flowtime_gap_pct,45.299145299145295,3
mk02,FJSP,SMS-EMOA,Brandimarte,legacy,58,1-150,seconds,0.13902589993085712,3
mk03,FJSP,XG,Brandimarte,legacy,150,1-150,hv_deficit_pct,6.239927443611881,3
mk03,FJSP,XG,Brandimarte,legacy,150,1-150,makespan_gap_pct,43.627450980392155,3
mk03,FJSP,XG,Brandimarte,legacy,150,1-150,flowtime_gap_pct,40.981093510475205,3
mk03,FJSP,XG,Brandimarte,legacy,150,1-150,seconds,0.0074075,3
mk03,FJSP,XH,Brandimarte,legacy,150,1-150,hv_deficit_pct,0.0,3
mk03,FJSP,XH,Brandimarte,legacy,150,1-150,makespan_gap_pct,0.0,3
mk03,FJSP,XH,Brandimarte,legacy,150,1-150,flowtime_gap_pct,0.0,3
mk03,FJSP,XH,Brandimarte,legacy,150,1-150,seconds,9.8156155,3
mk03,FJSP,XT,Brandimarte,legacy,150,1-150,hv_deficit_pct,2.2978543309761568,3
mk03,FJSP,XT,Brandimarte,legacy,150,1-150,makespan_gap_pct,14.215686274509798,3
mk03,FJSP,XT,Brandimarte,legacy,150,1-150,flowtime_gap_pct,17.731221257026064,3
mk03,FJSP,XT,Brandimarte,legacy,150,1-150,seconds,7.4051591,3
mk03,FJSP,XE,Brandimarte,legacy,150,1-150,hv_deficit_pct,4.809628972352586,3
mk03,FJSP,XE,Brandimarte,legacy,150,1-150,makespan_gap_pct,32.35294117647059,3
mk03,FJSP,XE,Brandimarte,legacy,150,1-150,flowtime_gap_pct,33.367399080224835,3
mk03,FJSP,XE,Brandimarte,legacy,150,1-150,seconds,2.1685035,3
mk03,FJSP,XHT,Brandimarte,legacy,150,1-150,hv_deficit_pct,0.32868801720433716,3
mk03,FJSP,XHT,Brandimarte,legacy,150,1-150,makespan_gap_pct,0.0,3
mk03,FJSP,XHT,Brandimarte,legacy,150,1-150,flowtime_gap_pct,5.825242718446599,3
mk03,FJSP,XHT,Brandimarte,legacy,150,1-150,seconds,9.9358235,3
mk03,FJSP,XHE,Brandimarte,legacy,150,1-150,hv_deficit_pct,0.32868801720433716,3
mk03,FJSP,XHE,Brandimarte,legacy,150,1-150,makespan_gap_pct,0.0,3
mk03,FJSP,XHE,Brandimarte,legacy,150,1-150,flowtime_gap_pct,5.825242718446599,3
mk03,FJSP,XHE,Brandimarte,legacy,150,1-150,seconds,6.1604302,3
mk03,FJSP,XTE,Brandimarte,legacy,150,1-150,hv_deficit_pct,2.082252404135332,3
mk03,FJSP,XTE,Brandimarte,legacy,150,1-150,makespan_gap_pct,12.254901960784315,3
mk03,FJSP,XTE,Brandimarte,legacy,150,1-150,flowtime_gap_pct,17.731221257026064,3
mk03,FJSP,XTE,Brandimarte,legacy,150,1-150,seconds,4.6321185,3
mk03,FJSP,XHTE,Brandimarte,legacy,150,1-150,hv_deficit_pct,0.37474809302358025,3
mk03,FJSP,XHTE,Brandimarte,legacy,150,1-150,makespan_gap_pct,0.0,3
mk03,FJSP,XHTE,Brandimarte,legacy,150,1-150,flowtime_gap_pct,6.642820643842606,3
mk03,FJSP,XHTE,Brandimarte,legacy,150,1-150,seconds,7.2955293,3
mk03,FJSP,NSGA-II,Brandimarte,legacy,150,1-150,hv_deficit_pct,4.433930229910398,3
mk03,FJSP,NSGA-II,Brandimarte,legacy,150,1-150,makespan_gap_pct,17.156862745098046,3
mk03,FJSP,NSGA-II,Brandimarte,legacy,150,1-150,flowtime_gap_pct,52.12059274399592,3
mk03,FJSP,NSGA-II,Brandimarte,legacy,150,1-150,seconds,0.3624434999655932,3
mk03,FJSP,SPEA2,Brandimarte,legacy,150,1-150,hv_deficit_pct,3.693268414526296,3
mk03,FJSP,SPEA2,Brandimarte,legacy,150,1-150,makespan_gap_pct,12.745098039215685,3
mk03,FJSP,SPEA2,Brandimarte,legacy,150,1-150,flowtime_gap_pct,44.91568727644353,3
mk03,FJSP,SPEA2,Brandimarte,legacy,150,1-150,seconds,0.39975039998535067,3
mk03,FJSP,MOEA/D,Brandimarte,legacy,150,1-150,hv_deficit_pct,3.4979701101373273,3
mk03,FJSP,MOEA/D,Brandimarte,legacy,150,1-150,makespan_gap_pct,10.784313725490202,3
mk03,FJSP,MOEA/D,Brandimarte,legacy,150,1-150,flowtime_gap_pct,50.02554931016863,3
mk03,FJSP,MOEA/D,Brandimarte,legacy,150,1-150,seconds,0.4937315999995917,3
mk03,FJSP,SMS-EMOA,Brandimarte,legacy,150,1-150,hv_deficit_pct,4.1699700617026,3
mk03,FJSP,SMS-EMOA,Brandimarte,legacy,150,1-150,makespan_gap_pct,15.19607843137254,3
mk03,FJSP,SMS-EMOA,Brandimarte,legacy,150,1-150,flowtime_gap_pct,48.69698518140011,3
mk03,FJSP,SMS-EMOA,Brandimarte,legacy,150,1-150,seconds,0.36608930001966655,3
mk04,FJSP,XG,Brandimarte,legacy,90,1-150,hv_deficit_pct,5.001228037824168,3
mk04,FJSP,XG,Brandimarte,legacy,90,1-150,makespan_gap_pct,19.696969696969703,3
mk04,FJSP,XG,Brandimarte,legacy,90,1-150,flowtime_gap_pct,30.311614730878176,3
mk04,FJSP,XG,Brandimarte,legacy,90,1-150,seconds,0.0041208,3
mk04,FJSP,XH,Brandimarte,legacy,90,1-150,hv_deficit_pct,0.5984889661361126,3
mk04,FJSP,XH,Brandimarte,legacy,90,1-150,makespan_gap_pct,3.0303030303030276,3
mk04,FJSP,XH,Brandimarte,legacy,90,1-150,flowtime_gap_pct,3.82436260623229,3
mk04,FJSP,XH,Brandimarte,legacy,90,1-150,seconds,4.1141273,3
mk04,FJSP,XT,Brandimarte,legacy,90,1-150,hv_deficit_pct,0.8970790601739775,3
mk04,FJSP,XT,Brandimarte,legacy,90,1-150,makespan_gap_pct,3.0303030303030276,3
mk04,FJSP,XT,Brandimarte,legacy,90,1-150,flowtime_gap_pct,7.223796033994345,3
mk04,FJSP,XT,Brandimarte,legacy,90,1-150,seconds,3.6935189,3
mk04,FJSP,XE,Brandimarte,legacy,90,1-150,hv_deficit_pct,2.522049190822573,3
mk04,FJSP,XE,Brandimarte,legacy,90,1-150,makespan_gap_pct,10.606060606060597,3
mk04,FJSP,XE,Brandimarte,legacy,90,1-150,flowtime_gap_pct,12.60623229461757,3
mk04,FJSP,XE,Brandimarte,legacy,90,1-150,seconds,1.1854286,3
mk04,FJSP,XHT,Brandimarte,legacy,90,1-150,hv_deficit_pct,0.07336172768863669,3
mk04,FJSP,XHT,Brandimarte,legacy,90,1-150,makespan_gap_pct,1.5151515151515138,3
mk04,FJSP,XHT,Brandimarte,legacy,90,1-150,flowtime_gap_pct,1.1331444759206777,3
mk04,FJSP,XHT,Brandimarte,legacy,90,1-150,seconds,4.0504917,3
mk04,FJSP,XHE,Brandimarte,legacy,90,1-150,hv_deficit_pct,0.5363280562281081,3
mk04,FJSP,XHE,Brandimarte,legacy,90,1-150,makespan_gap_pct,3.0303030303030276,3
mk04,FJSP,XHE,Brandimarte,legacy,90,1-150,flowtime_gap_pct,3.116147308781869,3
mk04,FJSP,XHE,Brandimarte,legacy,90,1-150,seconds,2.7268543,3
mk04,FJSP,XTE,Brandimarte,legacy,90,1-150,hv_deficit_pct,0.762042678381647,3
mk04,FJSP,XTE,Brandimarte,legacy,90,1-150,makespan_gap_pct,3.0303030303030276,3
mk04,FJSP,XTE,Brandimarte,legacy,90,1-150,flowtime_gap_pct,5.665722379603388,3
mk04,FJSP,XTE,Brandimarte,legacy,90,1-150,seconds,2.4454678,3
mk04,FJSP,XHTE,Brandimarte,legacy,90,1-150,hv_deficit_pct,0.07287789106745768,3
mk04,FJSP,XHTE,Brandimarte,legacy,90,1-150,makespan_gap_pct,1.5151515151515138,3
mk04,FJSP,XHTE,Brandimarte,legacy,90,1-150,flowtime_gap_pct,1.1331444759206777,3
mk04,FJSP,XHTE,Brandimarte,legacy,90,1-150,seconds,3.0670746,3
mk04,FJSP,NSGA-II,Brandimarte,legacy,90,1-150,hv_deficit_pct,3.165208373010475,3
mk04,FJSP,NSGA-II,Brandimarte,legacy,90,1-150,makespan_gap_pct,15.15151515151516,3
mk04,FJSP,NSGA-II,Brandimarte,legacy,90,1-150,flowtime_gap_pct,17.8470254957507,3
mk04,FJSP,NSGA-II,Brandimarte,legacy,90,1-150,seconds,0.2404712000861764,3
mk04,FJSP,SPEA2,Brandimarte,legacy,90,1-150,hv_deficit_pct,3.0510785716199362,3
mk04,FJSP,SPEA2,Brandimarte,legacy,90,1-150,makespan_gap_pct,18.181818181818187,3
mk04,FJSP,SPEA2,Brandimarte,legacy,90,1-150,flowtime_gap_pct,11.473087818696893,3
mk04,FJSP,SPEA2,Brandimarte,legacy,90,1-150,seconds,0.24010180006735027,3
mk04,FJSP,MOEA/D,Brandimarte,legacy,90,1-150,hv_deficit_pct,1.3932607727584423,3
mk04,FJSP,MOEA/D,Brandimarte,legacy,90,1-150,makespan_gap_pct,10.606060606060597,3
mk04,FJSP,MOEA/D,Brandimarte,legacy,90,1-150,flowtime_gap_pct,2.2662889518413554,3
mk04,FJSP,MOEA/D,Brandimarte,legacy,90,1-150,seconds,0.41886969993356615,3
mk04,FJSP,SMS-EMOA,Brandimarte,legacy,90,1-150,hv_deficit_pct,3.24863632160306,3
mk04,FJSP,SMS-EMOA,Brandimarte,legacy,90,1-150,makespan_gap_pct,16.666666666666675,3
mk04,FJSP,SMS-EMOA,Brandimarte,legacy,90,1-150,flowtime_gap_pct,14.164305949008504,3
mk04,FJSP,SMS-EMOA,Brandimarte,legacy,90,1-150,seconds,0.23420269996859133,3
mk05,FJSP,XG,Brandimarte,legacy,106,1-150,hv_deficit_pct,8.679906065950915,3
mk05,FJSP,XG,Brandimarte,legacy,106,1-150,makespan_gap_pct,22.857142857142865,3
mk05,FJSP,XG,Brandimarte,legacy,106,1-150,flowtime_gap_pct,17.413972888425434,3
mk05,FJSP,XG,Brandimarte,legacy,106,1-150,seconds,0.0035155,3
mk05,FJSP,XH,Brandimarte,legacy,106,1-150,hv_deficit_pct,0.07991563152790482,3
mk05,FJSP,XH,Brandimarte,legacy,106,1-150,makespan_gap_pct,0.5714285714285783,3
mk05,FJSP,XH,Brandimarte,legacy,106,1-150,flowtime_gap_pct,0.4692387904066786,3
mk05,FJSP,XH,Brandimarte,legacy,106,1-150,seconds,4.9507371,3
mk05,FJSP,XT,Brandimarte,legacy,106,1-150,hv_deficit_pct,3.469122849420747,3
mk05,FJSP,XT,Brandimarte,legacy,106,1-150,makespan_gap_pct,6.8571428571428505,3
mk05,FJSP,XT,Brandimarte,legacy,106,1-150,flowtime_gap_pct,10.688216892596447,3
mk05,FJSP,XT,Brandimarte,legacy,106,1-150,seconds,3.2786435,3
mk05,FJSP,XE,Brandimarte,legacy,106,1-150,hv_deficit_pct,6.173113268476715,3
mk05,FJSP,XE,Brandimarte,legacy,106,1-150,makespan_gap_pct,16.57142857142857,3
mk05,FJSP,XE,Brandimarte,legacy,106,1-150,flowtime_gap_pct,11.678832116788328,3
mk05,FJSP,XE,Brandimarte,legacy,106,1-150,seconds,1.3921896999999999,3
mk05,FJSP,XHT,Brandimarte,legacy,106,1-150,hv_deficit_pct,1.3956907706793364,3
mk05,FJSP,XHT,Brandimarte,legacy,106,1-150,makespan_gap_pct,1.1428571428571344,3
mk05,FJSP,XHT,Brandimarte,legacy,106,1-150,flowtime_gap_pct,7.299270072992692,3
mk05,FJSP,XHT,Brandimarte,legacy,106,1-150,seconds,4.8418713,3
mk05,FJSP,XHE,Brandimarte,legacy,106,1-150,hv_deficit_pct,1.3950250497939964,3
mk05,FJSP,XHE,Brandimarte,legacy,106,1-150,makespan_gap_pct,1.1428571428571344,3
mk05,FJSP,XHE,Brandimarte,legacy,106,1-150,flowtime_gap_pct,7.299270072992692,3
mk05,FJSP,XHE,Brandimarte,legacy,106,1-150,seconds,3.0971329,3
mk05,FJSP,XTE,Brandimarte,legacy,106,1-150,hv_deficit_pct,3.4699300359942065,3
mk05,FJSP,XTE,Brandimarte,legacy,106,1-150,makespan_gap_pct,6.2857142857142945,3
mk05,FJSP,XTE,Brandimarte,legacy,106,1-150,flowtime_gap_pct,9.958289885297189,3
mk05,FJSP,XTE,Brandimarte,legacy,106,1-150,seconds,2.4058691,3
mk05,FJSP,XHTE,Brandimarte,legacy,106,1-150,hv_deficit_pct,1.441493754508305,3
mk05,FJSP,XHTE,Brandimarte,legacy,106,1-150,makespan_gap_pct,1.1428571428571344,3
mk05,FJSP,XHTE,Brandimarte,legacy,106,1-150,flowtime_gap_pct,8.654848800834202,3
mk05,FJSP,XHTE,Brandimarte,legacy,106,1-150,seconds,3.4509464,3
mk05,FJSP,NSGA-II,Brandimarte,legacy,106,1-150,hv_deficit_pct,6.703726100126106,3
mk05,FJSP,NSGA-II,Brandimarte,legacy,106,1-150,makespan_gap_pct,10.857142857142854,3
mk05,FJSP,NSGA-II,Brandimarte,legacy,106,1-150,flowtime_gap_pct,23.461939520333686,3
mk05,FJSP,NSGA-II,Brandimarte,legacy,106,1-150,seconds,0.2702764000277966,3
mk05,FJSP,SPEA2,Brandimarte,legacy,106,1-150,hv_deficit_pct,6.3568522328267925,3
mk05,FJSP,SPEA2,Brandimarte,legacy,106,1-150,makespan_gap_pct,9.714285714285719,3
mk05,FJSP,SPEA2,Brandimarte,legacy,106,1-150,flowtime_gap_pct,22.262773722627728,3
mk05,FJSP,SPEA2,Brandimarte,legacy,106,1-150,seconds,0.3395235000643879,3
mk05,FJSP,MOEA/D,Brandimarte,legacy,106,1-150,hv_deficit_pct,5.240314872386964,3
mk05,FJSP,MOEA/D,Brandimarte,legacy,106,1-150,makespan_gap_pct,5.714285714285716,3
mk05,FJSP,MOEA/D,Brandimarte,legacy,106,1-150,flowtime_gap_pct,19.968717413972882,3
mk05,FJSP,MOEA/D,Brandimarte,legacy,106,1-150,seconds,0.47031409991905093,3
mk05,FJSP,SMS-EMOA,Brandimarte,legacy,106,1-150,hv_deficit_pct,6.6904532899749185,3
mk05,FJSP,SMS-EMOA,Brandimarte,legacy,106,1-150,makespan_gap_pct,9.714285714285719,3
mk05,FJSP,SMS-EMOA,Brandimarte,legacy,106,1-150,flowtime_gap_pct,24.556830031282594,3
mk05,FJSP,SMS-EMOA,Brandimarte,legacy,106,1-150,seconds,0.267613900010474,3
mk06,FJSP,XG,Brandimarte,extension,150,1-150,hv_deficit_pct,0.883325026252002,3
mk06,FJSP,XG,Brandimarte,extension,150,1-150,makespan_gap_pct,6.153846153846154,3
mk06,FJSP,XG,Brandimarte,extension,150,1-150,flowtime_gap_pct,10.677966101694913,3
mk06,FJSP,XG,Brandimarte,extension,150,1-150,seconds,0.0076678,3
mk06,FJSP,XH,Brandimarte,extension,150,1-150,hv_deficit_pct,0.18695213743870065,3
mk06,FJSP,XH,Brandimarte,extension,150,1-150,makespan_gap_pct,1.538461538461533,3
mk06,FJSP,XH,Brandimarte,extension,150,1-150,flowtime_gap_pct,2.033898305084736,3
mk06,FJSP,XH,Brandimarte,extension,150,1-150,seconds,9.6117562,3
mk06,FJSP,XT,Brandimarte,extension,150,1-150,hv_deficit_pct,0.41055469589569293,3
mk06,FJSP,XT,Brandimarte,extension,150,1-150,makespan_gap_pct,3.076923076923066,3
mk06,FJSP,XT,Brandimarte,extension,150,1-150,flowtime_gap_pct,4.745762711864399,3
mk06,FJSP,XT,Brandimarte,extension,150,1-150,seconds,7.9176453,3
mk06,FJSP,XE,Brandimarte,extension,150,1-150,hv_deficit_pct,0.8232906985877086,3
mk06,FJSP,XE,Brandimarte,extension,150,1-150,makespan_gap_pct,6.153846153846154,3
mk06,FJSP,XE,Brandimarte,extension,150,1-150,flowtime_gap_pct,9.49152542372882,3
mk06,FJSP,XE,Brandimarte,extension,150,1-150,seconds,2.3973529,3
mk06,FJSP,XHT,Brandimarte,extension,150,1-150,hv_deficit_pct,0.18706380843509507,3
mk06,FJSP,XHT,Brandimarte,extension,150,1-150,makespan_gap_pct,1.538461538461533,3
mk06,FJSP,XHT,Brandimarte,extension,150,1-150,flowtime_gap_pct,2.033898305084736,3
mk06,FJSP,XHT,Brandimarte,extension,150,1-150,seconds,8.9763155,3
mk06,FJSP,XHE,Brandimarte,extension,150,1-150,hv_deficit_pct,0.10063045722201736,3
mk06,FJSP,XHE,Brandimarte,extension,150,1-150,makespan_gap_pct,0.0,3
mk06,FJSP,XHE,Brandimarte,extension,150,1-150,flowtime_gap_pct,2.033898305084736,3
mk06,FJSP,XHE,Brandimarte,extension,150,1-150,seconds,5.3979038,3
mk06,FJSP,XTE,Brandimarte,extension,150,1-150,hv_deficit_pct,0.3936774859731873,3
mk06,FJSP,XTE,Brandimarte,extension,150,1-150,makespan_gap_pct,3.076923076923066,3
mk06,FJSP,XTE,Brandimarte,extension,150,1-150,flowtime_gap_pct,4.406779661016946,3
mk06,FJSP,XTE,Brandimarte,extension,150,1-150,seconds,5.3073178,3
mk06,FJSP,XHTE,Brandimarte,extension,150,1-150,hv_deficit_pct,0.3765099314600784,3
mk06,FJSP,XHTE,Brandimarte,extension,150,1-150,makespan_gap_pct,3.076923076923066,3
mk06,FJSP,XHTE,Brandimarte,extension,150,1-150,flowtime_gap_pct,4.5762711864406835,3
mk06,FJSP,XHTE,Brandimarte,extension,150,1-150,seconds,6.4500636,3
mk06,FJSP,NSGA-II,Brandimarte,extension,150,1-150,hv_deficit_pct,7.631618228131176,3
mk06,FJSP,NSGA-II,Brandimarte,extension,150,1-150,makespan_gap_pct,75.38461538461539,3
mk06,FJSP,NSGA-II,Brandimarte,extension,150,1-150,flowtime_gap_pct,69.83050847457628,3
mk06,FJSP,NSGA-II,Brandimarte,extension,150,1-150,seconds,0.3284944000188261,3
mk06,FJSP,SPEA2,Brandimarte,extension,150,1-150,hv_deficit_pct,6.883973462504434,3
mk06,FJSP,SPEA2,Brandimarte,extension,150,1-150,makespan_gap_pct,69.23076923076923,3
mk06,FJSP,SPEA2,Brandimarte,extension,150,1-150,flowtime_gap_pct,65.9322033898305,3
mk06,FJSP,SPEA2,Brandimarte,extension,150,1-150,seconds,0.3687854999443516,3
mk06,FJSP,MOEA/D,Brandimarte,extension,150,1-150,hv_deficit_pct,6.991862534492377,3
mk06,FJSP,MOEA/D,Brandimarte,extension,150,1-150,makespan_gap_pct,69.23076923076923,3
mk06,FJSP,MOEA/D,Brandimarte,extension,150,1-150,flowtime_gap_pct,63.55932203389831,3
mk06,FJSP,MOEA/D,Brandimarte,extension,150,1-150,seconds,0.511223700013943,3
mk06,FJSP,SMS-EMOA,Brandimarte,extension,150,1-150,hv_deficit_pct,7.86204760683471,3
mk06,FJSP,SMS-EMOA,Brandimarte,extension,150,1-150,makespan_gap_pct,75.38461538461539,3
mk06,FJSP,SMS-EMOA,Brandimarte,extension,150,1-150,flowtime_gap_pct,75.59322033898306,3
mk06,FJSP,SMS-EMOA,Brandimarte,extension,150,1-150,seconds,0.3432883999776095,3
mk07,FJSP,XG,Brandimarte,extension,100,1-150,hv_deficit_pct,5.639940885365813,3
mk07,FJSP,XG,Brandimarte,extension,100,1-150,makespan_gap_pct,46.52777777777777,3
mk07,FJSP,XG,Brandimarte,extension,100,1-150,flowtime_gap_pct,13.50125944584384,3
mk07,FJSP,XG,Brandimarte,extension,100,1-150,seconds,0.0060693,3
mk07,FJSP,XH,Brandimarte,extension,100,1-150,hv_deficit_pct,0.5423095903773323,3
mk07,FJSP,XH,Brandimarte,extension,100,1-150,makespan_gap_pct,0.694444444444442,3
mk07,FJSP,XH,Brandimarte,extension,100,1-150,flowtime_gap_pct,4.8866498740554265,3
mk07,FJSP,XH,Brandimarte,extension,100,1-150,seconds,8.6763215,3
mk07,FJSP,XT,Brandimarte,extension,100,1-150,hv_deficit_pct,2.6562789938986975,3
mk07,FJSP,XT,Brandimarte,extension,100,1-150,makespan_gap_pct,22.916666666666675,3
mk07,FJSP,XT,Brandimarte,extension,100,1-150,flowtime_gap_pct,6.095717884130991,3
mk07,FJSP,XT,Brandimarte,extension,100,1-150,seconds,5.6083646,3
mk07,FJSP,XE,Brandimarte,extension,100,1-150,hv_deficit_pct,3.5055552278373314,3
mk07,FJSP,XE,Brandimarte,extension,100,1-150,makespan_gap_pct,27.083333333333325,3
mk07,FJSP,XE,Brandimarte,extension,100,1-150,flowtime_gap_pct,9.118387909319893,3
mk07,FJSP,XE,Brandimarte,extension,100,1-150,seconds,1.5157351000000001,3
mk07,FJSP,XHT,Brandimarte,extension,100,1-150,hv_deficit_pct,0.4814020259656715,3
mk07,FJSP,XHT,Brandimarte,extension,100,1-150,makespan_gap_pct,0.0,3
mk07,FJSP,XHT,Brandimarte,extension,100,1-150,flowtime_gap_pct,8.01007556675064,3
mk07,FJSP,XHT,Brandimarte,extension,100,1-150,seconds,8.6977113,3
mk07,FJSP,XHE,Brandimarte,extension,100,1-150,hv_deficit_pct,0.5988574075542319,3
mk07,FJSP,XHE,Brandimarte,extension,100,1-150,makespan_gap_pct,0.694444444444442,3
mk07,FJSP,XHE,Brandimarte,extension,100,1-150,flowtime_gap_pct,8.01007556675064,3
mk07,FJSP,XHE,Brandimarte,extension,100,1-150,seconds,4.5642319,3
mk07,FJSP,XTE,Brandimarte,extension,100,1-150,hv_deficit_pct,2.7868464732576537,3
mk07,FJSP,XTE,Brandimarte,extension,100,1-150,makespan_gap_pct,22.916666666666675,3
mk07,FJSP,XTE,Brandimarte,extension,100,1-150,flowtime_gap_pct,7.103274559193951,3
mk07,FJSP,XTE,Brandimarte,extension,100,1-150,seconds,3.6547971,3
mk07,FJSP,XHTE,Brandimarte,extension,100,1-150,hv_deficit_pct,0.558646637406568,3
mk07,FJSP,XHTE,Brandimarte,extension,100,1-150,makespan_gap_pct,2.083333333333326,3
mk07,FJSP,XHTE,Brandimarte,extension,100,1-150,flowtime_gap_pct,8.01007556675064,3
mk07,FJSP,XHTE,Brandimarte,extension,100,1-150,seconds,5.9199912999999995,3
mk07,FJSP,NSGA-II,Brandimarte,extension,100,1-150,hv_deficit_pct,6.830455167215388,3
mk07,FJSP,NSGA-II,Brandimarte,extension,100,1-150,makespan_gap_pct,36.80555555555556,3
mk07,FJSP,NSGA-II,Brandimarte,extension,100,1-150,flowtime_gap_pct,46.24685138539042,3
mk07,FJSP,NSGA-II,Brandimarte,extension,100,1-150,seconds,0.26279209996573627,3
mk07,FJSP,SPEA2,Brandimarte,extension,100,1-150,hv_deficit_pct,7.102379552568094,3
mk07,FJSP,SPEA2,Brandimarte,extension,100,1-150,makespan_gap_pct,36.80555555555556,3
mk07,FJSP,SPEA2,Brandimarte,extension,100,1-150,flowtime_gap_pct,50.377833753148614,3
mk07,FJSP,SPEA2,Brandimarte,extension,100,1-150,seconds,0.29388509993441403,3
mk07,FJSP,MOEA/D,Brandimarte,extension,100,1-150,hv_deficit_pct,6.138807174167516,3
mk07,FJSP,MOEA/D,Brandimarte,extension,100,1-150,makespan_gap_pct,30.555555555555557,3
mk07,FJSP,MOEA/D,Brandimarte,extension,100,1-150,flowtime_gap_pct,45.390428211586894,3
mk07,FJSP,MOEA/D,Brandimarte,extension,100,1-150,seconds,0.45345729996915907,3
mk07,FJSP,SMS-EMOA,Brandimarte,extension,100,1-150,hv_deficit_pct,6.975191193239805,3
mk07,FJSP,SMS-EMOA,Brandimarte,extension,100,1-150,makespan_gap_pct,38.19444444444444,3
mk07,FJSP,SMS-EMOA,Brandimarte,extension,100,1-150,flowtime_gap_pct,47.35516372795969,3
mk07,FJSP,SMS-EMOA,Brandimarte,extension,100,1-150,seconds,0.2623902999330312,3
mk08,FJSP,XG,Brandimarte,extension,225,151-500,hv_deficit_pct,5.066198843325875,3
mk08,FJSP,XG,Brandimarte,extension,225,151-500,makespan_gap_pct,14.149139579349912,3
mk08,FJSP,XG,Brandimarte,extension,225,151-500,flowtime_gap_pct,20.15273103805333,3
mk08,FJSP,XG,Brandimarte,extension,225,151-500,seconds,0.0091727,3
mk08,FJSP,XH,Brandimarte,extension,225,151-500,hv_deficit_pct,0.3775035649219327,3
mk08,FJSP,XH,Brandimarte,extension,225,151-500,makespan_gap_pct,0.0,3
mk08,FJSP,XH,Brandimarte,extension,225,151-500,flowtime_gap_pct,2.951074294589695,3
mk08,FJSP,XH,Brandimarte,extension,225,151-500,seconds,10.8838417,3
mk08,FJSP,XT,Brandimarte,extension,225,151-500,hv_deficit_pct,1.7837516414722865,3
mk08,FJSP,XT,Brandimarte,extension,225,151-500,makespan_gap_pct,3.2504780114722687,3
mk08,FJSP,XT,Brandimarte,extension,225,151-500,flowtime_gap_pct,9.42272844939167,3
mk08,FJSP,XT,Brandimarte,extension,225,151-500,seconds,8.6969091,3
mk08,FJSP,XE,Brandimarte,extension,225,151-500,hv_deficit_pct,3.0960803397965475,3
mk08,FJSP,XE,Brandimarte,extension,225,151-500,makespan_gap_pct,7.45697896749522,3
mk08,FJSP,XE,Brandimarte,extension,225,151-500,flowtime_gap_pct,14.496505306756413,3
mk08,FJSP,XE,Brandimarte,extension,225,151-500,seconds,2.9585882999999997,3
mk08,FJSP,XHT,Brandimarte,extension,225,151-500,hv_deficit_pct,0.17717716612477563,3
mk08,FJSP,XHT,Brandimarte,extension,225,151-500,makespan_gap_pct,0.0,3
mk08,FJSP,XHT,Brandimarte,extension,225,151-500,flowtime_gap_pct,1.3849339891276236,3
mk08,FJSP,XHT,Brandimarte,extension,225,151-500,seconds,11.0298366,3
mk08,FJSP,XHE,Brandimarte,extension,225,151-500,hv_deficit_pct,0.3771023729726708,3
mk08,FJSP,XHE,Brandimarte,extension,225,151-500,makespan_gap_pct,0.0,3
mk08,FJSP,XHE,Brandimarte,extension,225,151-500,flowtime_gap_pct,2.951074294589695,3
mk08,FJSP,XHE,Brandimarte,extension,225,151-500,seconds,6.9859491,3
mk08,FJSP,XTE,Brandimarte,extension,225,151-500,hv_deficit_pct,1.715685426787028,3
mk08,FJSP,XTE,Brandimarte,extension,225,151-500,makespan_gap_pct,2.6768642447418722,3
mk08,FJSP,XTE,Brandimarte,extension,225,151-500,flowtime_gap_pct,9.26740874967642,3
mk08,FJSP,XTE,Brandimarte,extension,225,151-500,seconds,5.8817212,3
mk08,FJSP,XHTE,Brandimarte,extension,225,151-500,hv_deficit_pct,0.16838323290601087,3
mk08,FJSP,XHTE,Brandimarte,extension,225,151-500,makespan_gap_pct,0.0,3
mk08,FJSP,XHTE,Brandimarte,extension,225,151-500,flowtime_gap_pct,1.320217447579597,3
mk08,FJSP,XHTE,Brandimarte,extension,225,151-500,seconds,8.3125689,3
mk08,FJSP,NSGA-II,Brandimarte,extension,225,151-500,hv_deficit_pct,1.8335419055220958,3
mk08,FJSP,NSGA-II,Brandimarte,extension,225,151-500,makespan_gap_pct,2.48565965583174,3
mk08,FJSP,NSGA-II,Brandimarte,extension,225,151-500,flowtime_gap_pct,10.937095521615326,3
mk08,FJSP,NSGA-II,Brandimarte,extension,225,151-500,seconds,0.5539143000496551,3
mk08,FJSP,SPEA2,Brandimarte,extension,225,151-500,hv_deficit_pct,1.6996079165938593,3
mk08,FJSP,SPEA2,Brandimarte,extension,225,151-500,makespan_gap_pct,1.7208413001912115,3
mk08,FJSP,SPEA2,Brandimarte,extension,225,151-500,flowtime_gap_pct,10.665286047113632,3
mk08,FJSP,SPEA2,Brandimarte,extension,225,151-500,seconds,0.6184911999152973,3
mk08,FJSP,MOEA/D,Brandimarte,extension,225,151-500,hv_deficit_pct,1.4645390950867587,3
mk08,FJSP,MOEA/D,Brandimarte,extension,225,151-500,makespan_gap_pct,0.19120458891013214,3
mk08,FJSP,MOEA/D,Brandimarte,extension,225,151-500,flowtime_gap_pct,10.419363189231156,3
mk08,FJSP,MOEA/D,Brandimarte,extension,225,151-500,seconds,0.820009300019592,3
mk08,FJSP,SMS-EMOA,Brandimarte,extension,225,151-500,hv_deficit_pct,1.8806489840991092,3
mk08,FJSP,SMS-EMOA,Brandimarte,extension,225,151-500,makespan_gap_pct,2.48565965583174,3
mk08,FJSP,SMS-EMOA,Brandimarte,extension,225,151-500,flowtime_gap_pct,11.260678229355413,3
mk08,FJSP,SMS-EMOA,Brandimarte,extension,225,151-500,seconds,0.610713699948974,3
mk09,FJSP,XG,Brandimarte,extension,240,151-500,hv_deficit_pct,7.206963059326643,3
mk09,FJSP,XG,Brandimarte,extension,240,151-500,makespan_gap_pct,46.451612903225815,3
mk09,FJSP,XG,Brandimarte,extension,240,151-500,flowtime_gap_pct,43.440114262395426,3
mk09,FJSP,XG,Brandimarte,extension,240,151-500,seconds,0.011615,3
mk09,FJSP,XH,Brandimarte,extension,240,151-500,hv_deficit_pct,0.03545650904054343,3
mk09,FJSP,XH,Brandimarte,extension,240,151-500,makespan_gap_pct,0.0,3
mk09,FJSP,XH,Brandimarte,extension,240,151-500,flowtime_gap_pct,1.0406039583758409,3
mk09,FJSP,XH,Brandimarte,extension,240,151-500,seconds,19.8853452,3
mk09,FJSP,XT,Brandimarte,extension,240,151-500,hv_deficit_pct,2.4816781639352636,3
mk09,FJSP,XT,Brandimarte,extension,240,151-500,makespan_gap_pct,15.161290322580644,3
mk09,FJSP,XT,Brandimarte,extension,240,151-500,flowtime_gap_pct,15.976331360946737,3
mk09,FJSP,XT,Brandimarte,extension,240,151-500,seconds,12.6150635,3
mk09,FJSP,XE,Brandimarte,extension,240,151-500,hv_deficit_pct,6.187628274589896,3
mk09,FJSP,XE,Brandimarte,extension,240,151-500,makespan_gap_pct,39.99999999999999,3
mk09,FJSP,XE,Brandimarte,extension,240,151-500,flowtime_gap_pct,36.99245052030198,3
mk09,FJSP,XE,Brandimarte,extension,240,151-500,seconds,3.5963407,3
mk09,FJSP,XHT,Brandimarte,extension,240,151-500,hv_deficit_pct,0.36986517826824716,3
mk09,FJSP,XHT,Brandimarte,extension,240,151-500,makespan_gap_pct,0.3225806451612856,3
mk09,FJSP,XHT,Brandimarte,extension,240,151-500,flowtime_gap_pct,5.3254437869822535,3
mk09,FJSP,XHT,Brandimarte,extension,240,151-500,seconds,18.0726149,3
mk09,FJSP,XHE,Brandimarte,extension,240,151-500,hv_deficit_pct,0.37017592958676904,3
mk09,FJSP,XHE,Brandimarte,extension,240,151-500,makespan_gap_pct,0.3225806451612856,3
mk09,FJSP,XHE,Brandimarte,extension,240,151-500,flowtime_gap_pct,5.3254437869822535,3
mk09,FJSP,XHE,Brandimarte,extension,240,151-500,seconds,10.2453631,3
mk09,FJSP,XTE,Brandimarte,extension,240,151-500,hv_deficit_pct,2.5715215204495823,3
mk09,FJSP,XTE,Brandimarte,extension,240,151-500,makespan_gap_pct,16.774193548387096,3
mk09,FJSP,XTE,Brandimarte,extension,240,151-500,flowtime_gap_pct,15.976331360946737,3
mk09,FJSP,XTE,Brandimarte,extension,240,151-500,seconds,7.6877205,3
mk09,FJSP,XHTE,Brandimarte,extension,240,151-500,hv_deficit_pct,0.40414745415804365,3
mk09,FJSP,XHTE,Brandimarte,extension,240,151-500,makespan_gap_pct,0.3225806451612856,3
mk09,FJSP,XHTE,Brandimarte,extension,240,151-500,flowtime_gap_pct,5.815139767394406,3
mk09,FJSP,XHTE,Brandimarte,extension,240,151-500,seconds,13.4401219,3
mk09,FJSP,NSGA-II,Brandimarte,extension,240,151-500,hv_deficit_pct,5.0269689405333935,3
mk09,FJSP,NSGA-II,Brandimarte,extension,240,151-500,makespan_gap_pct,25.161290322580655,3
mk09,FJSP,NSGA-II,Brandimarte,extension,240,151-500,flowtime_gap_pct,39.42052642317895,3
mk09,FJSP,NSGA-II,Brandimarte,extension,240,151-500,seconds,0.623815199942328,3
mk09,FJSP,SPEA2,Brandimarte,extension,240,151-500,hv_deficit_pct,5.073023757459838,3
mk09,FJSP,SPEA2,Brandimarte,extension,240,151-500,makespan_gap_pct,27.09677419354839,3
mk09,FJSP,SPEA2,Brandimarte,extension,240,151-500,flowtime_gap_pct,37.584166496633344,3
mk09,FJSP,SPEA2,Brandimarte,extension,240,151-500,seconds,0.6251930000726134,3
mk09,FJSP,MOEA/D,Brandimarte,extension,240,151-500,hv_deficit_pct,3.9409998977225635,3
mk09,FJSP,MOEA/D,Brandimarte,extension,240,151-500,makespan_gap_pct,19.67741935483871,3
mk09,FJSP,MOEA/D,Brandimarte,extension,240,151-500,flowtime_gap_pct,32.19751071209957,3
mk09,FJSP,MOEA/D,Brandimarte,extension,240,151-500,seconds,0.8533793999813497,3
mk09,FJSP,SMS-EMOA,Brandimarte,extension,240,151-500,hv_deficit_pct,4.820414876251633,3
mk09,FJSP,SMS-EMOA,Brandimarte,extension,240,151-500,makespan_gap_pct,23.225806451612897,3
mk09,FJSP,SMS-EMOA,Brandimarte,extension,240,151-500,flowtime_gap_pct,38.930830442766776,3
mk09,FJSP,SMS-EMOA,Brandimarte,extension,240,151-500,seconds,0.5798006999539211,3
mk10,FJSP,XG,Brandimarte,extension,240,151-500,hv_deficit_pct,3.818400042218817,3
mk10,FJSP,XG,Brandimarte,extension,240,151-500,makespan_gap_pct,47.297297297297305,3
mk10,FJSP,XG,Brandimarte,extension,240,151-500,flowtime_gap_pct,12.029887920298886,3
mk10,FJSP,XG,Brandimarte,extension,240,151-500,seconds,0.014773,3
mk10,FJSP,XH,Brandimarte,extension,240,151-500,hv_deficit_pct,0.20019948125413745,3
mk10,FJSP,XH,Brandimarte,extension,240,151-500,makespan_gap_pct,1.8018018018018056,3
mk10,FJSP,XH,Brandimarte,extension,240,151-500,flowtime_gap_pct,1.3698630136986356,3
mk10,FJSP,XH,Brandimarte,extension,240,151-500,seconds,26.986803,3
mk10,FJSP,XT,Brandimarte,extension,240,151-500,hv_deficit_pct,2.555517553315867,3
mk10,FJSP,XT,Brandimarte,extension,240,151-500,makespan_gap_pct,33.7837837837838,3
mk10,FJSP,XT,Brandimarte,extension,240,151-500,flowtime_gap_pct,6.226650062266503,3
mk10,FJSP,XT,Brandimarte,extension,240,151-500,seconds,14.8107767,3
mk10,FJSP,XE,Brandimarte,extension,240,151-500,hv_deficit_pct,3.4727127639024746,3
mk10,FJSP,XE,Brandimarte,extension,240,151-500,makespan_gap_pct,43.69369369369369,3
mk10,FJSP,XE,Brandimarte,extension,240,151-500,flowtime_gap_pct,10.211706102117057,3
mk10,FJSP,XE,Brandimarte,extension,240,151-500,seconds,3.97842,3
mk10,FJSP,XHT,Brandimarte,extension,240,151-500,hv_deficit_pct,0.15430320368750028,3
mk10,FJSP,XHT,Brandimarte,extension,240,151-500,makespan_gap_pct,1.3513513513513598,3
mk10,FJSP,XHT,Brandimarte,extension,240,151-500,flowtime_gap_pct,1.0958904109588996,3
mk10,FJSP,XHT,Brandimarte,extension,240,151-500,seconds,23.7017974,3
mk10,FJSP,XHE,Brandimarte,extension,240,151-500,hv_deficit_pct,0.238575848054845,3
mk10,FJSP,XHE,Brandimarte,extension,240,151-500,makespan_gap_pct,1.8018018018018056,3
mk10,FJSP,XHE,Brandimarte,extension,240,151-500,flowtime_gap_pct,2.017434620174341,3
mk10,FJSP,XHE,Brandimarte,extension,240,151-500,seconds,14.7998457,3
mk10,FJSP,XTE,Brandimarte,extension,240,151-500,hv_deficit_pct,2.4874324402598513,3
mk10,FJSP,XTE,Brandimarte,extension,240,151-500,makespan_gap_pct,32.88288288288288,3
mk10,FJSP,XTE,Brandimarte,extension,240,151-500,flowtime_gap_pct,7.471980074719808,3
mk10,FJSP,XTE,Brandimarte,extension,240,151-500,seconds,9.7424991,3
mk10,FJSP,XHTE,Brandimarte,extension,240,151-500,hv_deficit_pct,0.15428998883683098,3
mk10,FJSP,XHTE,Brandimarte,extension,240,151-500,makespan_gap_pct,1.3513513513513598,3
mk10,FJSP,XHTE,Brandimarte,extension,240,151-500,flowtime_gap_pct,1.0958904109588996,3
mk10,FJSP,XHTE,Brandimarte,extension,240,151-500,seconds,16.4770573,3
mk10,FJSP,NSGA-II,Brandimarte,extension,240,151-500,hv_deficit_pct,5.550323392393675,3
mk10,FJSP,NSGA-II,Brandimarte,extension,240,151-500,makespan_gap_pct,47.74774774774775,3
mk10,FJSP,NSGA-II,Brandimarte,extension,240,151-500,flowtime_gap_pct,43.038605230386054,3
mk10,FJSP,NSGA-II,Brandimarte,extension,240,151-500,seconds,0.5550471999449655,3
mk10,FJSP,SPEA2,Brandimarte,extension,240,151-500,hv_deficit_pct,5.8920792526397925,3
mk10,FJSP,SPEA2,Brandimarte,extension,240,151-500,makespan_gap_pct,51.35135135135136,3
mk10,FJSP,SPEA2,Brandimarte,extension,240,151-500,flowtime_gap_pct,43.5118306351183,3
mk10,FJSP,SPEA2,Brandimarte,extension,240,151-500,seconds,0.6486240000231192,3
mk10,FJSP,MOEA/D,Brandimarte,extension,240,151-500,hv_deficit_pct,5.086446234015685,3
mk10,FJSP,MOEA/D,Brandimarte,extension,240,151-500,makespan_gap_pct,43.24324324324324,3
mk10,FJSP,MOEA/D,Brandimarte,extension,240,151-500,flowtime_gap_pct,38.605230386052305,3
mk10,FJSP,MOEA/D,Brandimarte,extension,240,151-500,seconds,0.7594388000434265,3
mk10,FJSP,SMS-EMOA,Brandimarte,extension,240,151-500,hv_deficit_pct,5.584107598591348,3
mk10,FJSP,SMS-EMOA,Brandimarte,extension,240,151-500,makespan_gap_pct,49.09909909909911,3
mk10,FJSP,SMS-EMOA,Brandimarte,extension,240,151-500,flowtime_gap_pct,40.697384806973844,3
mk10,FJSP,SMS-EMOA,Brandimarte,extension,240,151-500,seconds,0.5734651000238955,3
mk11,FJSP,XG,Brandimarte,extension,179,151-500,hv_deficit_pct,4.182857895333047,3
mk11,FJSP,XG,Brandimarte,extension,179,151-500,makespan_gap_pct,14.935064935064934,3
mk11,FJSP,XG,Brandimarte,extension,179,151-500,flowtime_gap_pct,10.843552582683014,3
mk11,FJSP,XG,Brandimarte,extension,179,151-500,seconds,0.0103823,3
mk11,FJSP,XH,Brandimarte,extension,179,151-500,hv_deficit_pct,0.10894974490984755,3
mk11,FJSP,XH,Brandimarte,extension,179,151-500,makespan_gap_pct,0.48701298701299134,3
mk11,FJSP,XH,Brandimarte,extension,179,151-500,flowtime_gap_pct,0.8324043106651802,3
mk11,FJSP,XH,Brandimarte,extension,179,151-500,seconds,13.9634952,3
mk11,FJSP,XT,Brandimarte,extension,179,151-500,hv_deficit_pct,1.7251325980092935,3
mk11,FJSP,XT,Brandimarte,extension,179,151-500,makespan_gap_pct,6.006493506493515,3
mk11,FJSP,XT,Brandimarte,extension,179,151-500,flowtime_gap_pct,5.633593459680419,3
mk11,FJSP,XT,Brandimarte,extension,179,151-500,seconds,10.5409966,3
mk11,FJSP,XE,Brandimarte,extension,179,151-500,hv_deficit_pct,3.2260609297102394,3
mk11,FJSP,XE,Brandimarte,extension,179,151-500,makespan_gap_pct,11.038961038961048,3
mk11,FJSP,XE,Brandimarte,extension,179,151-500,flowtime_gap_pct,9.186176142697878,3
mk11,FJSP,XE,Brandimarte,extension,179,151-500,seconds,2.4499786,3
mk11,FJSP,XHT,Brandimarte,extension,179,151-500,hv_deficit_pct,0.031519724520301384,3
mk11,FJSP,XHT,Brandimarte,extension,179,151-500,makespan_gap_pct,0.48701298701299134,3
mk11,FJSP,XHT,Brandimarte,extension,179,151-500,flowtime_gap_pct,0.7134894091415767,3
mk11,FJSP,XHT,Brandimarte,extension,179,151-500,seconds,13.7754262,3
mk11,FJSP,XHE,Brandimarte,extension,179,151-500,hv_deficit_pct,0.23203984108868259,3
mk11,FJSP,XHE,Brandimarte,extension,179,151-500,makespan_gap_pct,0.48701298701299134,3
mk11,FJSP,XHE,Brandimarte,extension,179,151-500,flowtime_gap_pct,1.77629134150874,3
mk11,FJSP,XHE,Brandimarte,extension,179,151-500,seconds,8.2251161,3
mk11,FJSP,XTE,Brandimarte,extension,179,151-500,hv_deficit_pct,1.9526890190394885,3
mk11,FJSP,XTE,Brandimarte,extension,179,151-500,makespan_gap_pct,6.168831168831179,3
mk11,FJSP,XTE,Brandimarte,extension,179,151-500,flowtime_gap_pct,6.25789669267931,3
mk11,FJSP,XTE,Brandimarte,extension,179,151-500,seconds,6.4580695,3
mk11,FJSP,XHTE,Brandimarte,extension,179,151-500,hv_deficit_pct,0.1694151293482382,3
mk11,FJSP,XHTE,Brandimarte,extension,179,151-500,makespan_gap_pct,0.48701298701299134,3
mk11,FJSP,XHTE,Brandimarte,extension,179,151-500,flowtime_gap_pct,1.3229282794500197,3
mk11,FJSP,XHTE,Brandimarte,extension,179,151-500,seconds,10.0752534,3
mk11,FJSP,NSGA-II,Brandimarte,extension,179,151-500,hv_deficit_pct,4.630452033577404,3
mk11,FJSP,NSGA-II,Brandimarte,extension,179,151-500,makespan_gap_pct,9.740259740259738,3
mk11,FJSP,NSGA-II,Brandimarte,extension,179,151-500,flowtime_gap_pct,21.062801932367158,3
mk11,FJSP,NSGA-II,Brandimarte,extension,179,151-500,seconds,0.5245589999249205,3
mk11,FJSP,SPEA2,Brandimarte,extension,179,151-500,hv_deficit_pct,4.353264223867026,3
mk11,FJSP,SPEA2,Brandimarte,extension,179,151-500,makespan_gap_pct,9.253246753246746,3
mk11,FJSP,SPEA2,Brandimarte,extension,179,151-500,flowtime_gap_pct,20.096618357487927,3
mk11,FJSP,SPEA2,Brandimarte,extension,179,151-500,seconds,0.5231277999700978,3
mk11,FJSP,MOEA/D,Brandimarte,extension,179,151-500,hv_deficit_pct,3.0232097698276506,3
mk11,FJSP,MOEA/D,Brandimarte,extension,179,151-500,makespan_gap_pct,6.331168831168821,3
mk11,FJSP,MOEA/D,Brandimarte,extension,179,151-500,flowtime_gap_pct,14.983277591973243,3
mk11,FJSP,MOEA/D,Brandimarte,extension,179,151-500,seconds,0.6836656999075785,3
mk11,FJSP,SMS-EMOA,Brandimarte,extension,179,151-500,hv_deficit_pct,4.749594399114942,3
mk11,FJSP,SMS-EMOA,Brandimarte,extension,179,151-500,makespan_gap_pct,10.22727272727273,3
mk11,FJSP,SMS-EMOA,Brandimarte,extension,179,151-500,flowtime_gap_pct,21.471571906354512,3
mk11,FJSP,SMS-EMOA,Brandimarte,extension,179,151-500,seconds,0.5306964999763295,3
mk12,FJSP,XG,Brandimarte,extension,193,151-500,hv_deficit_pct,3.5114090820737576,3
mk12,FJSP,XG,Brandimarte,extension,193,151-500,makespan_gap_pct,12.992125984251967,3
mk12,FJSP,XG,Brandimarte,extension,193,151-500,flowtime_gap_pct,20.191220314588264,3
mk12,FJSP,XG,Brandimarte,extension,193,151-500,seconds,0.0102577,3
mk12,FJSP,XH,Brandimarte,extension,193,151-500,hv_deficit_pct,0.1666509934531768,3
mk12,FJSP,XH,Brandimarte,extension,193,151-500,makespan_gap_pct,0.0,3
mk12,FJSP,XH,Brandimarte,extension,193,151-500,flowtime_gap_pct,1.9430451321065023,3
mk12,FJSP,XH,Brandimarte,extension,193,151-500,seconds,13.1832881,3
mk12,FJSP,XT,Brandimarte,extension,193,151-500,hv_deficit_pct,2.5954329384164865,3
mk12,FJSP,XT,Brandimarte,extension,193,151-500,makespan_gap_pct,9.4488188976378,3
mk12,FJSP,XT,Brandimarte,extension,193,151-500,flowtime_gap_pct,15.143415235941205,3
mk12,FJSP,XT,Brandimarte,extension,193,151-500,seconds,10.4033204,3
mk12,FJSP,XE,Brandimarte,extension,193,151-500,hv_deficit_pct,3.337273502568261,3
mk12,FJSP,XE,Brandimarte,extension,193,151-500,makespan_gap_pct,12.401574803149607,3
mk12,FJSP,XE,Brandimarte,extension,193,151-500,flowtime_gap_pct,18.98838285185567,3
mk12,FJSP,XE,Brandimarte,extension,193,151-500,seconds,2.3673522,3
mk12,FJSP,XHT,Brandimarte,extension,193,151-500,hv_deficit_pct,0.44922340460837873,3
mk12,FJSP,XHT,Brandimarte,extension,193,151-500,makespan_gap_pct,0.0,3
mk12,FJSP,XHT,Brandimarte,extension,193,151-500,flowtime_gap_pct,5.315102292587648,3
mk12,FJSP,XHT,Brandimarte,extension,193,151-500,seconds,12.1073503,3
mk12,FJSP,XHE,Brandimarte,extension,193,151-500,hv_deficit_pct,0.4497289947605565,3
mk12,FJSP,XHE,Brandimarte,extension,193,151-500,makespan_gap_pct,0.0,3
mk12,FJSP,XHE,Brandimarte,extension,193,151-500,flowtime_gap_pct,5.315102292587648,3
mk12,FJSP,XHE,Brandimarte,extension,193,151-500,seconds,7.8115133,3
mk12,FJSP,XTE,Brandimarte,extension,193,151-500,hv_deficit_pct,2.526140918709052,3
mk12,FJSP,XTE,Brandimarte,extension,193,151-500,makespan_gap_pct,9.055118110236226,3
mk12,FJSP,XTE,Brandimarte,extension,193,151-500,flowtime_gap_pct,14.968643980672347,3
mk12,FJSP,XTE,Brandimarte,extension,193,151-500,seconds,6.8530199,3
mk12,FJSP,XHTE,Brandimarte,extension,193,151-500,hv_deficit_pct,0.7566385422126287,3
mk12,FJSP,XHTE,Brandimarte,extension,193,151-500,makespan_gap_pct,0.0,3
mk12,FJSP,XHTE,Brandimarte,extension,193,151-500,flowtime_gap_pct,8.964737329083983,3
mk12,FJSP,XHTE,Brandimarte,extension,193,151-500,seconds,9.6374424,3
mk12,FJSP,NSGA-II,Brandimarte,extension,193,151-500,hv_deficit_pct,3.6492580055902613,3
mk12,FJSP,NSGA-II,Brandimarte,extension,193,151-500,makespan_gap_pct,10.039370078740163,3
mk12,FJSP,NSGA-II,Brandimarte,extension,193,151-500,flowtime_gap_pct,26.606353449162135,3
mk12,FJSP,NSGA-II,Brandimarte,extension,193,151-500,seconds,0.515158100053668,3
mk12,FJSP,SPEA2,Brandimarte,extension,193,151-500,hv_deficit_pct,3.5870342580392234,3
mk12,FJSP,SPEA2,Brandimarte,extension,193,151-500,makespan_gap_pct,10.826771653543311,3
mk12,FJSP,SPEA2,Brandimarte,extension,193,151-500,flowtime_gap_pct,24.324046468592584,3
mk12,FJSP,SPEA2,Brandimarte,extension,193,151-500,seconds,0.5067947000497952,3
mk12,FJSP,MOEA/D,Brandimarte,extension,193,151-500,hv_deficit_pct,2.3614843626687088,3
mk12,FJSP,MOEA/D,Brandimarte,extension,193,151-500,makespan_gap_pct,4.921259842519676,3
mk12,FJSP,MOEA/D,Brandimarte,extension,193,151-500,flowtime_gap_pct,22.041739488023037,3
mk12,FJSP,MOEA/D,Brandimarte,extension,193,151-500,seconds,0.643624100019224,3
mk12,FJSP,SMS-EMOA,Brandimarte,extension,193,151-500,hv_deficit_pct,3.4992405626569134,3
mk12,FJSP,SMS-EMOA,Brandimarte,extension,193,151-500,makespan_gap_pct,9.645669291338589,3
mk12,FJSP,SMS-EMOA,Brandimarte,extension,193,151-500,flowtime_gap_pct,27.048421918371535,3
mk12,FJSP,SMS-EMOA,Brandimarte,extension,193,151-500,seconds,0.5165669000707567,3
mk13,FJSP,XG,Brandimarte,extension,231,151-500,hv_deficit_pct,3.749947570711587,3
mk13,FJSP,XG,Brandimarte,extension,231,151-500,makespan_gap_pct,39.61352657004831,3
mk13,FJSP,XG,Brandimarte,extension,231,151-500,flowtime_gap_pct,14.735885264114735,3
mk13,FJSP,XG,Brandimarte,extension,231,151-500,seconds,0.0208585,3
mk13,FJSP,XH,Brandimarte,extension,231,151-500,hv_deficit_pct,0.11747011819227549,3
mk13,FJSP,XH,Brandimarte,extension,231,151-500,makespan_gap_pct,0.0,3
mk13,FJSP,XH,Brandimarte,extension,231,151-500,flowtime_gap_pct,2.0199979800020307,3
mk13,FJSP,XH,Brandimarte,extension,231,151-500,seconds,37.6711849,3
mk13,FJSP,XT,Brandimarte,extension,231,151-500,hv_deficit_pct,2.1046263537375265,3
mk13,FJSP,XT,Brandimarte,extension,231,151-500,makespan_gap_pct,23.188405797101442,3
mk13,FJSP,XT,Brandimarte,extension,231,151-500,flowtime_gap_pct,5.726694273305721,3
mk13,FJSP,XT,Brandimarte,extension,231,151-500,seconds,23.6733884,3
mk13,FJSP,XE,Brandimarte,extension,231,151-500,hv_deficit_pct,3.20609201458969,3
mk13,FJSP,XE,Brandimarte,extension,231,151-500,makespan_gap_pct,34.05797101449275,3
mk13,FJSP,XE,Brandimarte,extension,231,151-500,flowtime_gap_pct,12.301787698212308,3
mk13,FJSP,XE,Brandimarte,extension,231,151-500,seconds,3.8596964,3
mk13,FJSP,XHT,Brandimarte,extension,231,151-500,hv_deficit_pct,0.12803809152980294,3
mk13,FJSP,XHT,Brandimarte,extension,231,151-500,makespan_gap_pct,0.9661835748792313,3
mk13,FJSP,XHT,Brandimarte,extension,231,151-500,flowtime_gap_pct,0.8685991314008712,3
mk13,FJSP,XHT,Brandimarte,extension,231,151-500,seconds,37.2068266,3
mk13,FJSP,XHE,Brandimarte,extension,231,151-500,hv_deficit_pct,0.261235473662369,3
mk13,FJSP,XHE,Brandimarte,extension,231,151-500,makespan_gap_pct,0.9661835748792313,3
mk13,FJSP,XHE,Brandimarte,extension,231,151-500,flowtime_gap_pct,3.2925967074032947,3
mk13,FJSP,XHE,Brandimarte,extension,231,151-500,seconds,19.6108258,3
mk13,FJSP,XTE,Brandimarte,extension,231,151-500,hv_deficit_pct,1.8582593815964166,3
mk13,FJSP,XTE,Brandimarte,extension,231,151-500,makespan_gap_pct,20.772946859903385,3
mk13,FJSP,XTE,Brandimarte,extension,231,151-500,flowtime_gap_pct,5.726694273305721,3
mk13,FJSP,XTE,Brandimarte,extension,231,151-500,seconds,13.1284195,3
mk13,FJSP,XHTE,Brandimarte,extension,231,151-500,hv_deficit_pct,0.15713687847759283,3
mk13,FJSP,XHTE,Brandimarte,extension,231,151-500,makespan_gap_pct,0.48309178743961567,3
mk13,FJSP,XHTE,Brandimarte,extension,231,151-500,flowtime_gap_pct,2.1108978891021035,3
mk13,FJSP,XHTE,Brandimarte,extension,231,151-500,seconds,25.1707705,3
mk13,FJSP,NSGA-II,Brandimarte,extension,231,151-500,hv_deficit_pct,4.640045818138095,3
mk13,FJSP,NSGA-II,Brandimarte,extension,231,151-500,makespan_gap_pct,35.02415458937198,3
mk13,FJSP,NSGA-II,Brandimarte,extension,231,151-500,flowtime_gap_pct,36.42056357943642,3
mk13,FJSP,NSGA-II,Brandimarte,extension,231,151-500,seconds,0.5553188000340015,3
mk13,FJSP,SPEA2,Brandimarte,extension,231,151-500,hv_deficit_pct,4.735875427887226,3
mk13,FJSP,SPEA2,Brandimarte,extension,231,151-500,makespan_gap_pct,37.198067632850254,3
mk13,FJSP,SPEA2,Brandimarte,extension,231,151-500,flowtime_gap_pct,36.12766387233612,3
mk13,FJSP,SPEA2,Brandimarte,extension,231,151-500,seconds,0.6289839999517426,3
mk13,FJSP,MOEA/D,Brandimarte,extension,231,151-500,hv_deficit_pct,4.087752957227586,3
mk13,FJSP,MOEA/D,Brandimarte,extension,231,151-500,makespan_gap_pct,32.36714975845412,3
mk13,FJSP,MOEA/D,Brandimarte,extension,231,151-500,flowtime_gap_pct,33.15826684173315,3
mk13,FJSP,MOEA/D,Brandimarte,extension,231,151-500,seconds,0.8197659000288695,3
mk13,FJSP,SMS-EMOA,Brandimarte,extension,231,151-500,hv_deficit_pct,4.802766310504514,3
mk13,FJSP,SMS-EMOA,Brandimarte,extension,231,151-500,makespan_gap_pct,35.99033816425121,3
mk13,FJSP,SMS-EMOA,Brandimarte,extension,231,151-500,flowtime_gap_pct,38.48096151903848,3
mk13,FJSP,SMS-EMOA,Brandimarte,extension,231,151-500,seconds,0.5536100000608712,3
mk14,FJSP,XG,Brandimarte,extension,277,151-500,hv_deficit_pct,5.5370679932935545,3
mk14,FJSP,XG,Brandimarte,extension,277,151-500,makespan_gap_pct,21.037463976945237,3
mk14,FJSP,XG,Brandimarte,extension,277,151-500,flowtime_gap_pct,39.16977879919563,3
mk14,FJSP,XG,Brandimarte,extension,277,151-500,seconds,0.0163906,3
mk14,FJSP,XH,Brandimarte,extension,277,151-500,hv_deficit_pct,0.29672356923960974,3
mk14,FJSP,XH,Brandimarte,extension,277,151-500,makespan_gap_pct,0.0,3
mk14,FJSP,XH,Brandimarte,extension,277,151-500,flowtime_gap_pct,3.799195633438668,3
mk14,FJSP,XH,Brandimarte,extension,277,151-500,seconds,21.3741617,3
mk14,FJSP,XT,Brandimarte,extension,277,151-500,hv_deficit_pct,2.4157144603262792,3
mk14,FJSP,XT,Brandimarte,extension,277,151-500,makespan_gap_pct,7.49279538904899,3
mk14,FJSP,XT,Brandimarte,extension,277,151-500,flowtime_gap_pct,18.830795748348184,3
mk14,FJSP,XT,Brandimarte,extension,277,151-500,seconds,18.2326499,3
mk14,FJSP,XE,Brandimarte,extension,277,151-500,hv_deficit_pct,4.226325297761024,3
mk14,FJSP,XE,Brandimarte,extension,277,151-500,makespan_gap_pct,14.4092219020173,3
mk14,FJSP,XE,Brandimarte,extension,277,151-500,flowtime_gap_pct,32.260844584889405,3
mk14,FJSP,XE,Brandimarte,extension,277,151-500,seconds,3.7608872,3
mk14,FJSP,XHT,Brandimarte,extension,277,151-500,hv_deficit_pct,0.24737558818346272,3
mk14,FJSP,XHT,Brandimarte,extension,277,151-500,makespan_gap_pct,0.0,3
mk14,FJSP,XHT,Brandimarte,extension,277,151-500,flowtime_gap_pct,3.167193335248486,3
mk14,FJSP,XHT,Brandimarte,extension,277,151-500,seconds,20.4118795,3
mk14,FJSP,XHE,Brandimarte,extension,277,151-500,hv_deficit_pct,0.2726025778616803,3
mk14,FJSP,XHE,Brandimarte,extension,277,151-500,makespan_gap_pct,0.0,3
mk14,FJSP,XHE,Brandimarte,extension,277,151-500,flowtime_gap_pct,3.490376328641198,3
mk14,FJSP,XHE,Brandimarte,extension,277,151-500,seconds,13.1226379,3
mk14,FJSP,XTE,Brandimarte,extension,277,151-500,hv_deficit_pct,2.263249843090742,3
mk14,FJSP,XTE,Brandimarte,extension,277,151-500,makespan_gap_pct,7.636887608069154,3
mk14,FJSP,XTE,Brandimarte,extension,277,151-500,flowtime_gap_pct,17.25797184717035,3
mk14,FJSP,XTE,Brandimarte,extension,277,151-500,seconds,10.7020541,3
mk14,FJSP,XHTE,Brandimarte,extension,277,151-500,hv_deficit_pct,0.2726025778616803,3
mk14,FJSP,XHTE,Brandimarte,extension,277,151-500,makespan_gap_pct,0.0,3
mk14,FJSP,XHTE,Brandimarte,extension,277,151-500,flowtime_gap_pct,3.490376328641198,3
mk14,FJSP,XHTE,Brandimarte,extension,277,151-500,seconds,14.3878856,3
mk14,FJSP,NSGA-II,Brandimarte,extension,277,151-500,hv_deficit_pct,2.9536220187482143,3
mk14,FJSP,NSGA-II,Brandimarte,extension,277,151-500,makespan_gap_pct,9.5100864553314,3
mk14,FJSP,NSGA-II,Brandimarte,extension,277,151-500,flowtime_gap_pct,23.283539212869876,3
mk14,FJSP,NSGA-II,Brandimarte,extension,277,151-500,seconds,0.6859262000070885,3
mk14,FJSP,SPEA2,Brandimarte,extension,277,151-500,hv_deficit_pct,2.7347448687082276,3
mk14,FJSP,SPEA2,Brandimarte,extension,277,151-500,makespan_gap_pct,8.069164265129691,3
mk14,FJSP,SPEA2,Brandimarte,extension,277,151-500,flowtime_gap_pct,22.673082447572533,3
mk14,FJSP,SPEA2,Brandimarte,extension,277,151-500,seconds,0.757101200055331,3
mk14,FJSP,MOEA/D,Brandimarte,extension,277,151-500,hv_deficit_pct,1.4776910119638664,3
mk14,FJSP,MOEA/D,Brandimarte,extension,277,151-500,makespan_gap_pct,0.4322766570605152,3
mk14,FJSP,MOEA/D,Brandimarte,extension,277,151-500,flowtime_gap_pct,15.735420856075844,3
mk14,FJSP,MOEA/D,Brandimarte,extension,277,151-500,seconds,0.8011999001028016,3
mk14,FJSP,SMS-EMOA,Brandimarte,extension,277,151-500,hv_deficit_pct,2.7416007069485215,3
mk14,FJSP,SMS-EMOA,Brandimarte,extension,277,151-500,makespan_gap_pct,8.789625360230557,3
mk14,FJSP,SMS-EMOA,Brandimarte,extension,277,151-500,flowtime_gap_pct,23.67135880494111,3
mk14,FJSP,SMS-EMOA,Brandimarte,extension,277,151-500,seconds,0.6839598000515252,3
mk15,FJSP,XG,Brandimarte,extension,284,151-500,hv_deficit_pct,3.6232265035635924,3
mk15,FJSP,XG,Brandimarte,extension,284,151-500,makespan_gap_pct,51.977401129943516,3
mk15,FJSP,XG,Brandimarte,extension,284,151-500,flowtime_gap_pct,20.72958888245513,3
mk15,FJSP,XG,Brandimarte,extension,284,151-500,seconds,0.0231514,3
mk15,FJSP,XH,Brandimarte,extension,284,151-500,hv_deficit_pct,0.06192172285238717,3
mk15,FJSP,XH,Brandimarte,extension,284,151-500,makespan_gap_pct,0.8474576271186418,3
mk15,FJSP,XH,Brandimarte,extension,284,151-500,flowtime_gap_pct,1.1001737116386856,3
mk15,FJSP,XH,Brandimarte,extension,284,151-500,seconds,37.0528537,3
mk15,FJSP,XT,Brandimarte,extension,284,151-500,hv_deficit_pct,1.8355102682761748,3
mk15,FJSP,XT,Brandimarte,extension,284,151-500,makespan_gap_pct,24.011299435028242,3
mk15,FJSP,XT,Brandimarte,extension,284,151-500,flowtime_gap_pct,13.283149971048068,3
mk15,FJSP,XT,Brandimarte,extension,284,151-500,seconds,24.1142321,3
mk15,FJSP,XE,Brandimarte,extension,284,151-500,hv_deficit_pct,3.2972847195680943,3
mk15,FJSP,XE,Brandimarte,extension,284,151-500,makespan_gap_pct,46.89265536723164,3
mk15,FJSP,XE,Brandimarte,extension,284,151-500,flowtime_gap_pct,19.386218876664742,3
mk15,FJSP,XE,Brandimarte,extension,284,151-500,seconds,4.6181765,3
mk15,FJSP,XHT,Brandimarte,extension,284,151-500,hv_deficit_pct,0.11910324597378397,3
mk15,FJSP,XHT,Brandimarte,extension,284,151-500,makespan_gap_pct,0.8474576271186418,3
mk15,FJSP,XHT,Brandimarte,extension,284,151-500,flowtime_gap_pct,1.725535610885931,3
mk15,FJSP,XHT,Brandimarte,extension,284,151-500,seconds,36.6773856,3
mk15,FJSP,XHE,Brandimarte,extension,284,151-500,hv_deficit_pct,0.11910324597378397,3
mk15,FJSP,XHE,Brandimarte,extension,284,151-500,makespan_gap_pct,0.8474576271186418,3
mk15,FJSP,XHE,Brandimarte,extension,284,151-500,flowtime_gap_pct,1.725535610885931,3
mk15,FJSP,XHE,Brandimarte,extension,284,151-500,seconds,23.0147322,3
mk15,FJSP,XTE,Brandimarte,extension,284,151-500,hv_deficit_pct,1.9083550908234326,3
mk15,FJSP,XTE,Brandimarte,extension,284,151-500,makespan_gap_pct,25.423728813559322,3
mk15,FJSP,XTE,Brandimarte,extension,284,151-500,flowtime_gap_pct,13.283149971048068,3
mk15,FJSP,XTE,Brandimarte,extension,284,151-500,seconds,14.9623796,3
mk15,FJSP,XHTE,Brandimarte,extension,284,151-500,hv_deficit_pct,0.3200271150517242,3
mk15,FJSP,XHTE,Brandimarte,extension,284,151-500,makespan_gap_pct,0.8474576271186418,3
mk15,FJSP,XHTE,Brandimarte,extension,284,151-500,flowtime_gap_pct,6.485234510712212,3
mk15,FJSP,XHTE,Brandimarte,extension,284,151-500,seconds,28.3011227,3
mk15,FJSP,NSGA-II,Brandimarte,extension,284,151-500,hv_deficit_pct,3.999037407236772,3
mk15,FJSP,NSGA-II,Brandimarte,extension,284,151-500,makespan_gap_pct,40.39548022598871,3
mk15,FJSP,NSGA-II,Brandimarte,extension,284,151-500,flowtime_gap_pct,42.54777070063693,3
mk15,FJSP,NSGA-II,Brandimarte,extension,284,151-500,seconds,0.6559297000057995,3
mk15,FJSP,SPEA2,Brandimarte,extension,284,151-500,hv_deficit_pct,4.060143902837887,3
mk15,FJSP,SPEA2,Brandimarte,extension,284,151-500,makespan_gap_pct,42.09039548022599,3
mk15,FJSP,SPEA2,Brandimarte,extension,284,151-500,flowtime_gap_pct,43.61320208453967,3
mk15,FJSP,SPEA2,Brandimarte,extension,284,151-500,seconds,0.738031700020656,3
mk15,FJSP,MOEA/D,Brandimarte,extension,284,151-500,hv_deficit_pct,3.9449129583900233,3
mk15,FJSP,MOEA/D,Brandimarte,extension,284,151-500,makespan_gap_pct,40.67796610169492,3
mk15,FJSP,MOEA/D,Brandimarte,extension,284,151-500,flowtime_gap_pct,42.628836132020844,3
mk15,FJSP,MOEA/D,Brandimarte,extension,284,151-500,seconds,0.8819401999935508,3
mk15,FJSP,SMS-EMOA,Brandimarte,extension,284,151-500,hv_deficit_pct,4.027372891481884,3
mk15,FJSP,SMS-EMOA,Brandimarte,extension,284,151-500,makespan_gap_pct,40.96045197740112,3
mk15,FJSP,SMS-EMOA,Brandimarte,extension,284,151-500,flowtime_gap_pct,44.22698320787492,3
mk15,FJSP,SMS-EMOA,Brandimarte,extension,284,151-500,seconds,0.6559514999389648,3
sm01_1,FJSP,XG,Behnke-Geiger,extension,50,1-150,hv_deficit_pct,1.5967489554017056,3
sm01_1,FJSP,XG,Behnke-Geiger,extension,50,1-150,makespan_gap_pct,14.893617021276606,3
sm01_1,FJSP,XG,Behnke-Geiger,extension,50,1-150,flowtime_gap_pct,11.19592875318065,3
sm01_1,FJSP,XG,Behnke-Geiger,extension,50,1-150,seconds,0.0059524,3
sm01_1,FJSP,XH,Behnke-Geiger,extension,50,1-150,hv_deficit_pct,0.4503858788769133,3
sm01_1,FJSP,XH,Behnke-Geiger,extension,50,1-150,makespan_gap_pct,5.319148936170204,3
sm01_1,FJSP,XH,Behnke-Geiger,extension,50,1-150,flowtime_gap_pct,2.4173027989821794,3
sm01_1,FJSP,XH,Behnke-Geiger,extension,50,1-150,seconds,5.3297596,3
sm01_1,FJSP,XT,Behnke-Geiger,extension,50,1-150,hv_deficit_pct,0.2951339035341616,3
sm01_1,FJSP,XT,Behnke-Geiger,extension,50,1-150,makespan_gap_pct,3.1914893617021267,3
sm01_1,FJSP,XT,Behnke-Geiger,extension,50,1-150,flowtime_gap_pct,1.526717557251911,3
sm01_1,FJSP,XT,Behnke-Geiger,extension,50,1-150,seconds,4.3185547,3
sm01_1,FJSP,XE,Behnke-Geiger,extension,50,1-150,hv_deficit_pct,0.9032193462802263,3
sm01_1,FJSP,XE,Behnke-Geiger,extension,50,1-150,makespan_gap_pct,7.446808510638303,3
sm01_1,FJSP,XE,Behnke-Geiger,extension,50,1-150,flowtime_gap_pct,8.524173027989823,3
sm01_1,FJSP,XE,Behnke-Geiger,extension,50,1-150,seconds,1.0901753,3
sm01_1,FJSP,XHT,Behnke-Geiger,extension,50,1-150,hv_deficit_pct,0.07728570234332155,3
sm01_1,FJSP,XHT,Behnke-Geiger,extension,50,1-150,makespan_gap_pct,1.0638297872340496,3
sm01_1,FJSP,XHT,Behnke-Geiger,extension,50,1-150,flowtime_gap_pct,0.12722646310432406,3
sm01_1,FJSP,XHT,Behnke-Geiger,extension,50,1-150,seconds,5.0523859,3
sm01_1,FJSP,XHE,Behnke-Geiger,extension,50,1-150,hv_deficit_pct,0.4504598539482485,3
sm01_1,FJSP,XHE,Behnke-Geiger,extension,50,1-150,makespan_gap_pct,5.319148936170204,3
sm01_1,FJSP,XHE,Behnke-Geiger,extension,50,1-150,flowtime_gap_pct,2.4173027989821794,3
sm01_1,FJSP,XHE,Behnke-Geiger,extension,50,1-150,seconds,2.9765126,3
sm01_1,FJSP,XTE,Behnke-Geiger,extension,50,1-150,hv_deficit_pct,0.49811508805861493,3
sm01_1,FJSP,XTE,Behnke-Geiger,extension,50,1-150,makespan_gap_pct,4.255319148936176,3
sm01_1,FJSP,XTE,Behnke-Geiger,extension,50,1-150,flowtime_gap_pct,3.053435114503822,3
sm01_1,FJSP,XTE,Behnke-Geiger,extension,50,1-150,seconds,2.5782669,3
sm01_1,FJSP,XHTE,Behnke-Geiger,extension,50,1-150,hv_deficit_pct,0.08424083854865483,3
sm01_1,FJSP,XHTE,Behnke-Geiger,extension,50,1-150,makespan_gap_pct,1.0638297872340496,3
sm01_1,FJSP,XHTE,Behnke-Geiger,extension,50,1-150,flowtime_gap_pct,0.7633587786259444,3
sm01_1,FJSP,XHTE,Behnke-Geiger,extension,50,1-150,seconds,3.6377021000000003,3
sm01_1,FJSP,NSGA-II,Behnke-Geiger,extension,50,1-150,hv_deficit_pct,5.679479006000509,3
sm01_1,FJSP,NSGA-II,Behnke-Geiger,extension,50,1-150,makespan_gap_pct,53.191489361702125,3
sm01_1,FJSP,NSGA-II,Behnke-Geiger,extension,50,1-150,flowtime_gap_pct,40.20356234096691,3
sm01_1,FJSP,NSGA-II,Behnke-Geiger,extension,50,1-150,seconds,0.13588360010180622,3
sm01_1,FJSP,SPEA2,Behnke-Geiger,extension,50,1-150,hv_deficit_pct,5.698105435791301,3
sm01_1,FJSP,SPEA2,Behnke-Geiger,extension,50,1-150,makespan_gap_pct,52.127659574468076,3
sm01_1,FJSP,SPEA2,Behnke-Geiger,extension,50,1-150,flowtime_gap_pct,42.239185750636125,3
sm01_1,FJSP,SPEA2,Behnke-Geiger,extension,50,1-150,seconds,0.15645380003843457,3
sm01_1,FJSP,MOEA/D,Behnke-Geiger,extension,50,1-150,hv_deficit_pct,3.9400641938901138,3
sm01_1,FJSP,MOEA/D,Behnke-Geiger,extension,50,1-150,makespan_gap_pct,36.170212765957444,3
sm01_1,FJSP,MOEA/D,Behnke-Geiger,extension,50,1-150,flowtime_gap_pct,31.29770992366412,3
sm01_1,FJSP,MOEA/D,Behnke-Geiger,extension,50,1-150,seconds,0.2711783000268042,3
sm01_1,FJSP,SMS-EMOA,Behnke-Geiger,extension,50,1-150,hv_deficit_pct,5.962480997838481,3
sm01_1,FJSP,SMS-EMOA,Behnke-Geiger,extension,50,1-150,makespan_gap_pct,53.191489361702125,3
sm01_1,FJSP,SMS-EMOA,Behnke-Geiger,extension,50,1-150,flowtime_gap_pct,44.529262086513995,3
sm01_1,FJSP,SMS-EMOA,Behnke-Geiger,extension,50,1-150,seconds,0.13527850003447384,3
sm01_2,FJSP,XG,Behnke-Geiger,extension,50,1-150,hv_deficit_pct,1.689535939847353,3
sm01_2,FJSP,XG,Behnke-Geiger,extension,50,1-150,makespan_gap_pct,16.326530612244895,3
sm01_2,FJSP,XG,Behnke-Geiger,extension,50,1-150,flowtime_gap_pct,10.088272383354347,3
sm01_2,FJSP,XG,Behnke-Geiger,extension,50,1-150,seconds,0.0066497,3
sm01_2,FJSP,XH,Behnke-Geiger,extension,50,1-150,hv_deficit_pct,0.21888227617283817,3
sm01_2,FJSP,XH,Behnke-Geiger,extension,50,1-150,makespan_gap_pct,2.0408163265306145,3
sm01_2,FJSP,XH,Behnke-Geiger,extension,50,1-150,flowtime_gap_pct,0.8827238335435084,3
sm01_2,FJSP,XH,Behnke-Geiger,extension,50,1-150,seconds,5.8619661,3
sm01_2,FJSP,XT,Behnke-Geiger,extension,50,1-150,hv_deficit_pct,0.28266639385297054,3
sm01_2,FJSP,XT,Behnke-Geiger,extension,50,1-150,makespan_gap_pct,2.0408163265306145,3
sm01_2,FJSP,XT,Behnke-Geiger,extension,50,1-150,flowtime_gap_pct,3.2786885245901676,3
sm01_2,FJSP,XT,Behnke-Geiger,extension,50,1-150,seconds,4.6658073,3
sm01_2,FJSP,XE,Behnke-Geiger,extension,50,1-150,hv_deficit_pct,1.409792549750566,3
sm01_2,FJSP,XE,Behnke-Geiger,extension,50,1-150,makespan_gap_pct,13.265306122448983,3
sm01_2,FJSP,XE,Behnke-Geiger,extension,50,1-150,flowtime_gap_pct,7.566204287515754,3
sm01_2,FJSP,XE,Behnke-Geiger,extension,50,1-150,seconds,1.0663412,3
sm01_2,FJSP,XHT,Behnke-Geiger,extension,50,1-150,hv_deficit_pct,0.288045118451985,3
sm01_2,FJSP,XHT,Behnke-Geiger,extension,50,1-150,makespan_gap_pct,1.0204081632652962,3
sm01_2,FJSP,XHT,Behnke-Geiger,extension,50,1-150,flowtime_gap_pct,3.90920554854981,3
sm01_2,FJSP,XHT,Behnke-Geiger,extension,50,1-150,seconds,5.5755604,3
sm01_2,FJSP,XHE,Behnke-Geiger,extension,50,1-150,hv_deficit_pct,0.42961692792999884,3
sm01_2,FJSP,XHE,Behnke-Geiger,extension,50,1-150,makespan_gap_pct,3.0612244897959107,3
sm01_2,FJSP,XHE,Behnke-Geiger,extension,50,1-150,flowtime_gap_pct,3.90920554854981,3
sm01_2,FJSP,XHE,Behnke-Geiger,extension,50,1-150,seconds,3.3564332,3
sm01_2,FJSP,XTE,Behnke-Geiger,extension,50,1-150,hv_deficit_pct,0.3738511862001581,3
sm01_2,FJSP,XTE,Behnke-Geiger,extension,50,1-150,makespan_gap_pct,2.0408163265306145,3
sm01_2,FJSP,XTE,Behnke-Geiger,extension,50,1-150,flowtime_gap_pct,4.035308953341743,3
sm01_2,FJSP,XTE,Behnke-Geiger,extension,50,1-150,seconds,2.9565288,3
sm01_2,FJSP,XHTE,Behnke-Geiger,extension,50,1-150,hv_deficit_pct,0.288045118451985,3
sm01_2,FJSP,XHTE,Behnke-Geiger,extension,50,1-150,makespan_gap_pct,2.0408163265306145,3
sm01_2,FJSP,XHTE,Behnke-Geiger,extension,50,1-150,flowtime_gap_pct,3.90920554854981,3
sm01_2,FJSP,XHTE,Behnke-Geiger,extension,50,1-150,seconds,3.763671,3
sm01_2,FJSP,NSGA-II,Behnke-Geiger,extension,50,1-150,hv_deficit_pct,6.261904218635106,3
sm01_2,FJSP,NSGA-II,Behnke-Geiger,extension,50,1-150,makespan_gap_pct,53.06122448979591,3
sm01_2,FJSP,NSGA-II,Behnke-Geiger,extension,50,1-150,flowtime_gap_pct,48.0453972257251,3
sm01_2,FJSP,NSGA-II,Behnke-Geiger,extension,50,1-150,seconds,0.13679719995707273,3
sm01_2,FJSP,SPEA2,Behnke-Geiger,extension,50,1-150,hv_deficit_pct,5.610094265379795,3
sm01_2,FJSP,SPEA2,Behnke-Geiger,extension,50,1-150,makespan_gap_pct,46.93877551020409,3
sm01_2,FJSP,SPEA2,Behnke-Geiger,extension,50,1-150,flowtime_gap_pct,45.145018915510725,3
sm01_2,FJSP,SPEA2,Behnke-Geiger,extension,50,1-150,seconds,0.15456329996231943,3
sm01_2,FJSP,MOEA/D,Behnke-Geiger,extension,50,1-150,hv_deficit_pct,3.998882895571243,3
sm01_2,FJSP,MOEA/D,Behnke-Geiger,extension,50,1-150,makespan_gap_pct,35.71428571428572,3
sm01_2,FJSP,MOEA/D,Behnke-Geiger,extension,50,1-150,flowtime_gap_pct,29.25598991172762,3
sm01_2,FJSP,MOEA/D,Behnke-Geiger,extension,50,1-150,seconds,0.31507620005868375,3
sm01_2,FJSP,SMS-EMOA,Behnke-Geiger,extension,50,1-150,hv_deficit_pct,5.813750078108326,3
sm01_2,FJSP,SMS-EMOA,Behnke-Geiger,extension,50,1-150,makespan_gap_pct,50.0,3
sm01_2,FJSP,SMS-EMOA,Behnke-Geiger,extension,50,1-150,flowtime_gap_pct,43.88398486759142,3
sm01_2,FJSP,SMS-EMOA,Behnke-Geiger,extension,50,1-150,seconds,0.1179453000659123,3
sm02_4,FJSP,XG,Behnke-Geiger,extension,100,1-150,hv_deficit_pct,0.5045440620031316,3
sm02_4,FJSP,XG,Behnke-Geiger,extension,100,1-150,makespan_gap_pct,9.701492537313428,3
sm02_4,FJSP,XG,Behnke-Geiger,extension,100,1-150,flowtime_gap_pct,2.3457419683834857,3
sm02_4,FJSP,XG,Behnke-Geiger,extension,100,1-150,seconds,0.0165581,3
sm02_4,FJSP,XH,Behnke-Geiger,extension,100,1-150,hv_deficit_pct,0.17844151895806126,3
sm02_4,FJSP,XH,Behnke-Geiger,extension,100,1-150,makespan_gap_pct,2.9850746268656803,3
sm02_4,FJSP,XH,Behnke-Geiger,extension,100,1-150,flowtime_gap_pct,2.039775624681295,3
sm02_4,FJSP,XH,Behnke-Geiger,extension,100,1-150,seconds,17.200485,3
sm02_4,FJSP,XT,Behnke-Geiger,extension,100,1-150,hv_deficit_pct,0.2170299414383292,3
sm02_4,FJSP,XT,Behnke-Geiger,extension,100,1-150,makespan_gap_pct,3.731343283582089,3
sm02_4,FJSP,XT,Behnke-Geiger,extension,100,1-150,flowtime_gap_pct,2.192758796532379,3
sm02_4,FJSP,XT,Behnke-Geiger,extension,100,1-150,seconds,16.1930334,3
sm02_4,FJSP,XE,Behnke-Geiger,extension,100,1-150,hv_deficit_pct,0.49246455402377487,3
sm02_4,FJSP,XE,Behnke-Geiger,extension,100,1-150,makespan_gap_pct,9.701492537313428,3
sm02_4,FJSP,XE,Behnke-Geiger,extension,100,1-150,flowtime_gap_pct,2.243753187149422,3
sm02_4,FJSP,XE,Behnke-Geiger,extension,100,1-150,seconds,2.0745085,3
sm02_4,FJSP,XHT,Behnke-Geiger,extension,100,1-150,hv_deficit_pct,0.19103698001177172,3
sm02_4,FJSP,XHT,Behnke-Geiger,extension,100,1-150,makespan_gap_pct,3.731343283582089,3
sm02_4,FJSP,XHT,Behnke-Geiger,extension,100,1-150,flowtime_gap_pct,1.37684854665987,3
sm02_4,FJSP,XHT,Behnke-Geiger,extension,100,1-150,seconds,18.2289105,3
sm02_4,FJSP,XHE,Behnke-Geiger,extension,100,1-150,hv_deficit_pct,0.2942128707512204,3
sm02_4,FJSP,XHE,Behnke-Geiger,extension,100,1-150,makespan_gap_pct,5.223880597014929,3
sm02_4,FJSP,XHE,Behnke-Geiger,extension,100,1-150,flowtime_gap_pct,2.192758796532379,3
sm02_4,FJSP,XHE,Behnke-Geiger,extension,100,1-150,seconds,9.5193162,3
sm02_4,FJSP,XTE,Behnke-Geiger,extension,100,1-150,hv_deficit_pct,0.2187355070728425,3
sm02_4,FJSP,XTE,Behnke-Geiger,extension,100,1-150,makespan_gap_pct,3.731343283582089,3
sm02_4,FJSP,XTE,Behnke-Geiger,extension,100,1-150,flowtime_gap_pct,2.192758796532379,3
sm02_4,FJSP,XTE,Behnke-Geiger,extension,100,1-150,seconds,8.7495365,3
sm02_4,FJSP,XHTE,Behnke-Geiger,extension,100,1-150,hv_deficit_pct,0.17940467192588683,3
sm02_4,FJSP,XHTE,Behnke-Geiger,extension,100,1-150,makespan_gap_pct,3.731343283582089,3
sm02_4,FJSP,XHTE,Behnke-Geiger,extension,100,1-150,flowtime_gap_pct,1.4278429372768908,3
sm02_4,FJSP,XHTE,Behnke-Geiger,extension,100,1-150,seconds,11.9764606,3
sm02_4,FJSP,NSGA-II,Behnke-Geiger,extension,100,1-150,hv_deficit_pct,5.423491849693707,3
sm02_4,FJSP,NSGA-II,Behnke-Geiger,extension,100,1-150,makespan_gap_pct,70.89552238805969,3
sm02_4,FJSP,NSGA-II,Behnke-Geiger,extension,100,1-150,flowtime_gap_pct,64.40591534931157,3
sm02_4,FJSP,NSGA-II,Behnke-Geiger,extension,100,1-150,seconds,0.2199312000302598,3
sm02_4,FJSP,SPEA2,Behnke-Geiger,extension,100,1-150,hv_deficit_pct,5.2214651908851,3
sm02_4,FJSP,SPEA2,Behnke-Geiger,extension,100,1-150,makespan_gap_pct,69.40298507462686,3
sm02_4,FJSP,SPEA2,Behnke-Geiger,extension,100,1-150,flowtime_gap_pct,60.326364099949004,3
sm02_4,FJSP,SPEA2,Behnke-Geiger,extension,100,1-150,seconds,0.25311429996509105,3
sm02_4,FJSP,MOEA/D,Behnke-Geiger,extension,100,1-150,hv_deficit_pct,4.96521210733537,3
sm02_4,FJSP,MOEA/D,Behnke-Geiger,extension,100,1-150,makespan_gap_pct,64.17910447761194,3
sm02_4,FJSP,MOEA/D,Behnke-Geiger,extension,100,1-150,flowtime_gap_pct,59.96940336562977,3
sm02_4,FJSP,MOEA/D,Behnke-Geiger,extension,100,1-150,seconds,0.37105069996323436,3
sm02_4,FJSP,SMS-EMOA,Behnke-Geiger,extension,100,1-150,hv_deficit_pct,5.311672284714186,3
sm02_4,FJSP,SMS-EMOA,Behnke-Geiger,extension,100,1-150,makespan_gap_pct,71.64179104477613,3
sm02_4,FJSP,SMS-EMOA,Behnke-Geiger,extension,100,1-150,flowtime_gap_pct,60.020397756246815,3
sm02_4,FJSP,SMS-EMOA,Behnke-Geiger,extension,100,1-150,seconds,0.22007479995954782,3
sm02_5,FJSP,XG,Behnke-Geiger,extension,100,1-150,hv_deficit_pct,0.5978561287637851,3
sm02_5,FJSP,XG,Behnke-Geiger,extension,100,1-150,makespan_gap_pct,6.474820143884896,3
sm02_5,FJSP,XG,Behnke-Geiger,extension,100,1-150,flowtime_gap_pct,7.770270270270263,3
sm02_5,FJSP,XG,Behnke-Geiger,extension,100,1-150,seconds,0.0144737,3
sm02_5,FJSP,XH,Behnke-Geiger,extension,100,1-150,hv_deficit_pct,0.0,3
sm02_5,FJSP,XH,Behnke-Geiger,extension,100,1-150,makespan_gap_pct,0.0,3
sm02_5,FJSP,XH,Behnke-Geiger,extension,100,1-150,flowtime_gap_pct,0.0,3
sm02_5,FJSP,XH,Behnke-Geiger,extension,100,1-150,seconds,17.8419616,3
sm02_5,FJSP,XT,Behnke-Geiger,extension,100,1-150,hv_deficit_pct,0.2391359202119303,3
sm02_5,FJSP,XT,Behnke-Geiger,extension,100,1-150,makespan_gap_pct,2.877697841726623,3
sm02_5,FJSP,XT,Behnke-Geiger,extension,100,1-150,flowtime_gap_pct,2.55791505791505,3
sm02_5,FJSP,XT,Behnke-Geiger,extension,100,1-150,seconds,14.5620647,3
sm02_5,FJSP,XE,Behnke-Geiger,extension,100,1-150,hv_deficit_pct,0.4360648961159286,3
sm02_5,FJSP,XE,Behnke-Geiger,extension,100,1-150,makespan_gap_pct,3.597122302158273,3
sm02_5,FJSP,XE,Behnke-Geiger,extension,100,1-150,flowtime_gap_pct,7.191119691119696,3
sm02_5,FJSP,XE,Behnke-Geiger,extension,100,1-150,seconds,1.9773682,3
sm02_5,FJSP,XHT,Behnke-Geiger,extension,100,1-150,hv_deficit_pct,0.1618811919743668,3
sm02_5,FJSP,XHT,Behnke-Geiger,extension,100,1-150,makespan_gap_pct,2.158273381294973,3
sm02_5,FJSP,XHT,Behnke-Geiger,extension,100,1-150,flowtime_gap_pct,1.5444015444015413,3
sm02_5,FJSP,XHT,Behnke-Geiger,extension,100,1-150,seconds,16.7957612,3
sm02_5,FJSP,XHE,Behnke-Geiger,extension,100,1-150,hv_deficit_pct,0.1618811919743668,3
sm02_5,FJSP,XHE,Behnke-Geiger,extension,100,1-150,makespan_gap_pct,2.158273381294973,3
sm02_5,FJSP,XHE,Behnke-Geiger,extension,100,1-150,flowtime_gap_pct,1.5444015444015413,3
sm02_5,FJSP,XHE,Behnke-Geiger,extension,100,1-150,seconds,9.247434,3
sm02_5,FJSP,XTE,Behnke-Geiger,extension,100,1-150,hv_deficit_pct,0.2445846210661462,3
sm02_5,FJSP,XTE,Behnke-Geiger,extension,100,1-150,makespan_gap_pct,3.597122302158273,3
sm02_5,FJSP,XTE,Behnke-Geiger,extension,100,1-150,flowtime_gap_pct,2.7027027027026973,3
sm02_5,FJSP,XTE,Behnke-Geiger,extension,100,1-150,seconds,8.3565292,3
sm02_5,FJSP,XHTE,Behnke-Geiger,extension,100,1-150,hv_deficit_pct,0.26896236624277536,3
sm02_5,FJSP,XHTE,Behnke-Geiger,extension,100,1-150,makespan_gap_pct,3.597122302158273,3
sm02_5,FJSP,XHTE,Behnke-Geiger,extension,100,1-150,flowtime_gap_pct,2.55791505791505,3
sm02_5,FJSP,XHTE,Behnke-Geiger,extension,100,1-150,seconds,11.1917294,3
sm02_5,FJSP,NSGA-II,Behnke-Geiger,extension,100,1-150,hv_deficit_pct,5.437177434198304,3
sm02_5,FJSP,NSGA-II,Behnke-Geiger,extension,100,1-150,makespan_gap_pct,70.50359712230217,3
sm02_5,FJSP,NSGA-II,Behnke-Geiger,extension,100,1-150,flowtime_gap_pct,57.57722007722008,3
sm02_5,FJSP,NSGA-II,Behnke-Geiger,extension,100,1-150,seconds,0.22706710000056773,3
sm02_5,FJSP,SPEA2,Behnke-Geiger,extension,100,1-150,hv_deficit_pct,5.554847314129963,3
sm02_5,FJSP,SPEA2,Behnke-Geiger,extension,100,1-150,makespan_gap_pct,70.50359712230217,3
sm02_5,FJSP,SPEA2,Behnke-Geiger,extension,100,1-150,flowtime_gap_pct,63.07915057915059,3
sm02_5,FJSP,SPEA2,Behnke-Geiger,extension,100,1-150,seconds,0.24175569997169077,3
sm02_5,FJSP,MOEA/D,Behnke-Geiger,extension,100,1-150,hv_deficit_pct,4.4261282600150835,3
sm02_5,FJSP,MOEA/D,Behnke-Geiger,extension,100,1-150,makespan_gap_pct,52.517985611510795,3
sm02_5,FJSP,MOEA/D,Behnke-Geiger,extension,100,1-150,flowtime_gap_pct,51.88223938223939,3
sm02_5,FJSP,MOEA/D,Behnke-Geiger,extension,100,1-150,seconds,0.4127335000084713,3
sm02_5,FJSP,SMS-EMOA,Behnke-Geiger,extension,100,1-150,hv_deficit_pct,5.665088155703646,3
sm02_5,FJSP,SMS-EMOA,Behnke-Geiger,extension,100,1-150,makespan_gap_pct,73.38129496402878,3
sm02_5,FJSP,SMS-EMOA,Behnke-Geiger,extension,100,1-150,flowtime_gap_pct,64.1891891891892,3
sm02_5,FJSP,SMS-EMOA,Behnke-Geiger,extension,100,1-150,seconds,0.22664319991599768,3
sm03_3,FJSP,XG,Behnke-Geiger,extension,250,151-500,hv_deficit_pct,0.5672855385426279,3
sm03_3,FJSP,XG,Behnke-Geiger,extension,250,151-500,makespan_gap_pct,8.764940239043817,3
sm03_3,FJSP,XG,Behnke-Geiger,extension,250,151-500,flowtime_gap_pct,13.181469157921688,3
sm03_3,FJSP,XG,Behnke-Geiger,extension,250,151-500,seconds,0.0681903,3
sm03_3,FJSP,XH,Behnke-Geiger,extension,250,151-500,hv_deficit_pct,0.0419920621456793,3
sm03_3,FJSP,XH,Behnke-Geiger,extension,250,151-500,makespan_gap_pct,0.3984063745019917,3
sm03_3,FJSP,XH,Behnke-Geiger,extension,250,151-500,flowtime_gap_pct,2.0476068594829755,3
sm03_3,FJSP,XH,Behnke-Geiger,extension,250,151-500,seconds,85.8323383,3
sm03_3,FJSP,XT,Behnke-Geiger,extension,250,151-500,hv_deficit_pct,0.32490530453774813,3
sm03_3,FJSP,XT,Behnke-Geiger,extension,250,151-500,makespan_gap_pct,5.179282868525892,3
sm03_3,FJSP,XT,Behnke-Geiger,extension,250,151-500,flowtime_gap_pct,7.588942922958797,3
sm03_3,FJSP,XT,Behnke-Geiger,extension,250,151-500,seconds,72.4027538,3
sm03_3,FJSP,XE,Behnke-Geiger,extension,250,151-500,hv_deficit_pct,0.4784756998772788,3
sm03_3,FJSP,XE,Behnke-Geiger,extension,250,151-500,makespan_gap_pct,6.7729083665338585,3
sm03_3,FJSP,XE,Behnke-Geiger,extension,250,151-500,flowtime_gap_pct,12.234450985410806,3
sm03_3,FJSP,XE,Behnke-Geiger,extension,250,151-500,seconds,5.7859114,3
sm03_3,FJSP,XHT,Behnke-Geiger,extension,250,151-500,hv_deficit_pct,0.04396570327832583,3
sm03_3,FJSP,XHT,Behnke-Geiger,extension,250,151-500,makespan_gap_pct,1.195219123505975,3
sm03_3,FJSP,XHT,Behnke-Geiger,extension,250,151-500,flowtime_gap_pct,2.0476068594829755,3
sm03_3,FJSP,XHT,Behnke-Geiger,extension,250,151-500,seconds,90.7028126,3
sm03_3,FJSP,XHE,Behnke-Geiger,extension,250,151-500,hv_deficit_pct,0.17332990553821093,3
sm03_3,FJSP,XHE,Behnke-Geiger,extension,250,151-500,makespan_gap_pct,3.984063745019917,3
sm03_3,FJSP,XHE,Behnke-Geiger,extension,250,151-500,flowtime_gap_pct,2.393140517020731,3
sm03_3,FJSP,XHE,Behnke-Geiger,extension,250,151-500,seconds,47.7068399,3
sm03_3,FJSP,XTE,Behnke-Geiger,extension,250,151-500,hv_deficit_pct,0.3138517442520139,3
sm03_3,FJSP,XTE,Behnke-Geiger,extension,250,151-500,makespan_gap_pct,4.7808764940239,3
sm03_3,FJSP,XTE,Behnke-Geiger,extension,250,151-500,flowtime_gap_pct,7.716918351676472,3
sm03_3,FJSP,XTE,Behnke-Geiger,extension,250,151-500,seconds,42.4653771,3
sm03_3,FJSP,XHTE,Behnke-Geiger,extension,250,151-500,hv_deficit_pct,0.055767989505906,3
sm03_3,FJSP,XHTE,Behnke-Geiger,extension,250,151-500,makespan_gap_pct,1.5936254980079667,3
sm03_3,FJSP,XHTE,Behnke-Geiger,extension,250,151-500,flowtime_gap_pct,2.0476068594829755,3
sm03_3,FJSP,XHTE,Behnke-Geiger,extension,250,151-500,seconds,58.1602863,3
sm03_3,FJSP,NSGA-II,Behnke-Geiger,extension,250,151-500,hv_deficit_pct,4.537875503301936,3
sm03_3,FJSP,NSGA-II,Behnke-Geiger,extension,250,151-500,makespan_gap_pct,82.47011952191234,3
sm03_3,FJSP,NSGA-II,Behnke-Geiger,extension,250,151-500,flowtime_gap_pct,87.27924238546198,3
sm03_3,FJSP,NSGA-II,Behnke-Geiger,extension,250,151-500,seconds,0.5964578000130132,3
sm03_3,FJSP,SPEA2,Behnke-Geiger,extension,250,151-500,hv_deficit_pct,4.595453716919684,3
sm03_3,FJSP,SPEA2,Behnke-Geiger,extension,250,151-500,makespan_gap_pct,81.27490039840637,3
sm03_3,FJSP,SPEA2,Behnke-Geiger,extension,250,151-500,flowtime_gap_pct,87.15126695674431,3
sm03_3,FJSP,SPEA2,Behnke-Geiger,extension,250,151-500,seconds,0.5697481000097468,3
sm03_3,FJSP,MOEA/D,Behnke-Geiger,extension,250,151-500,hv_deficit_pct,4.150590438342416,3
sm03_3,FJSP,MOEA/D,Behnke-Geiger,extension,250,151-500,makespan_gap_pct,74.10358565737052,3
sm03_3,FJSP,MOEA/D,Behnke-Geiger,extension,250,151-500,flowtime_gap_pct,75.37752751471717,3
sm03_3,FJSP,MOEA/D,Behnke-Geiger,extension,250,151-500,seconds,0.6959590000333264,3
sm03_3,FJSP,SMS-EMOA,Behnke-Geiger,extension,250,151-500,hv_deficit_pct,4.640256979302427,3
sm03_3,FJSP,SMS-EMOA,Behnke-Geiger,extension,250,151-500,makespan_gap_pct,82.86852589641434,3
sm03_3,FJSP,SMS-EMOA,Behnke-Geiger,extension,250,151-500,flowtime_gap_pct,85.44919375479907,3
sm03_3,FJSP,SMS-EMOA,Behnke-Geiger,extension,250,151-500,seconds,0.5685367999831215,3
sm03_4,FJSP,XG,Behnke-Geiger,extension,250,151-500,hv_deficit_pct,0.35096244082010175,3
sm03_4,FJSP,XG,Behnke-Geiger,extension,250,151-500,makespan_gap_pct,6.374501992031867,3
sm03_4,FJSP,XG,Behnke-Geiger,extension,250,151-500,flowtime_gap_pct,6.383782422563589,3
sm03_4,FJSP,XG,Behnke-Geiger,extension,250,151-500,seconds,0.0654522,3
sm03_4,FJSP,XH,Behnke-Geiger,extension,250,151-500,hv_deficit_pct,0.031030075376503596,3
sm03_4,FJSP,XH,Behnke-Geiger,extension,250,151-500,makespan_gap_pct,1.195219123505975,3
sm03_4,FJSP,XH,Behnke-Geiger,extension,250,151-500,flowtime_gap_pct,0.4910601863510555,3
sm03_4,FJSP,XH,Behnke-Geiger,extension,250,151-500,seconds,78.1747591,3
sm03_4,FJSP,XT,Behnke-Geiger,extension,250,151-500,hv_deficit_pct,0.07062055121063171,3
sm03_4,FJSP,XT,Behnke-Geiger,extension,250,151-500,makespan_gap_pct,1.195219123505975,3
sm03_4,FJSP,XT,Behnke-Geiger,extension,250,151-500,flowtime_gap_pct,1.8131453034500034,3
sm03_4,FJSP,XT,Behnke-Geiger,extension,250,151-500,seconds,68.0200205,3
sm03_4,FJSP,XE,Behnke-Geiger,extension,250,151-500,hv_deficit_pct,0.3046053683405825,3
sm03_4,FJSP,XE,Behnke-Geiger,extension,250,151-500,makespan_gap_pct,5.179282868525892,3
sm03_4,FJSP,XE,Behnke-Geiger,extension,250,151-500,flowtime_gap_pct,6.169730546461838,3
sm03_4,FJSP,XE,Behnke-Geiger,extension,250,151-500,seconds,5.7662731,3
sm03_4,FJSP,XHT,Behnke-Geiger,extension,250,151-500,hv_deficit_pct,0.031030075376503596,3
sm03_4,FJSP,XHT,Behnke-Geiger,extension,250,151-500,makespan_gap_pct,1.195219123505975,3
sm03_4,FJSP,XHT,Behnke-Geiger,extension,250,151-500,flowtime_gap_pct,0.4910601863510555,3
sm03_4,FJSP,XHT,Behnke-Geiger,extension,250,151-500,seconds,73.972285,3
sm03_4,FJSP,XHE,Behnke-Geiger,extension,250,151-500,hv_deficit_pct,0.031030075376503596,3
sm03_4,FJSP,XHE,Behnke-Geiger,extension,250,151-500,makespan_gap_pct,1.195219123505975,3
sm03_4,FJSP,XHE,Behnke-Geiger,extension,250,151-500,flowtime_gap_pct,0.4910601863510555,3
sm03_4,FJSP,XHE,Behnke-Geiger,extension,250,151-500,seconds,41.9103573,3
sm03_4,FJSP,XTE,Behnke-Geiger,extension,250,151-500,hv_deficit_pct,0.13747744541050544,3
sm03_4,FJSP,XTE,Behnke-Geiger,extension,250,151-500,makespan_gap_pct,2.7888446215139417,3
sm03_4,FJSP,XTE,Behnke-Geiger,extension,250,151-500,flowtime_gap_pct,2.3293880634600805,3
sm03_4,FJSP,XTE,Behnke-Geiger,extension,250,151-500,seconds,38.7921091,3
sm03_4,FJSP,XHTE,Behnke-Geiger,extension,250,151-500,hv_deficit_pct,0.11927887454216135,3
sm03_4,FJSP,XHTE,Behnke-Geiger,extension,250,151-500,makespan_gap_pct,1.9920318725099584,3
sm03_4,FJSP,XHTE,Behnke-Geiger,extension,250,151-500,flowtime_gap_pct,2.7700831024930705,3
sm03_4,FJSP,XHTE,Behnke-Geiger,extension,250,151-500,seconds,54.1540609,3
sm03_4,FJSP,NSGA-II,Behnke-Geiger,extension,250,151-500,hv_deficit_pct,4.580949658939392,3
sm03_4,FJSP,NSGA-II,Behnke-Geiger,extension,250,151-500,makespan_gap_pct,82.86852589641434,3
sm03_4,FJSP,NSGA-II,Behnke-Geiger,extension,250,151-500,flowtime_gap_pct,85.20523797532107,3
sm03_4,FJSP,NSGA-II,Behnke-Geiger,extension,250,151-500,seconds,0.5782709000632167,3
sm03_4,FJSP,SPEA2,Behnke-Geiger,extension,250,151-500,hv_deficit_pct,4.510126391262093,3
sm03_4,FJSP,SPEA2,Behnke-Geiger,extension,250,151-500,makespan_gap_pct,80.0796812749004,3
sm03_4,FJSP,SPEA2,Behnke-Geiger,extension,250,151-500,flowtime_gap_pct,82.22110299672627,3
sm03_4,FJSP,SPEA2,Behnke-Geiger,extension,250,151-500,seconds,0.5637971999822184,3
sm03_4,FJSP,MOEA/D,Behnke-Geiger,extension,250,151-500,hv_deficit_pct,3.979775958798226,3
sm03_4,FJSP,MOEA/D,Behnke-Geiger,extension,250,151-500,makespan_gap_pct,70.91633466135458,3
sm03_4,FJSP,MOEA/D,Behnke-Geiger,extension,250,151-500,flowtime_gap_pct,71.61923948627549,3
sm03_4,FJSP,MOEA/D,Behnke-Geiger,extension,250,151-500,seconds,0.7456387999700382,3
sm03_4,FJSP,SMS-EMOA,Behnke-Geiger,extension,250,151-500,hv_deficit_pct,4.524575512520057,3
sm03_4,FJSP,SMS-EMOA,Behnke-Geiger,extension,250,151-500,makespan_gap_pct,80.47808764940238,3
sm03_4,FJSP,SMS-EMOA,Behnke-Geiger,extension,250,151-500,flowtime_gap_pct,84.03424830017627,3
sm03_4,FJSP,SMS-EMOA,Behnke-Geiger,extension,250,151-500,seconds,0.5843899000901729,3
abz5,JSP,XG,OR-Library legacy,legacy,100,1-150,hv_deficit_pct,10.320229698683637,3
abz5,JSP,XG,OR-Library legacy,legacy,100,1-150,makespan_gap_pct,41.93037974683544,3
abz5,JSP,XG,OR-Library legacy,legacy,100,1-150,flowtime_gap_pct,22.808155699721965,3
abz5,JSP,XG,OR-Library legacy,legacy,100,1-150,seconds,0.0027877,3
abz5,JSP,XH,OR-Library legacy,legacy,100,1-150,hv_deficit_pct,0.430575181657733,3
abz5,JSP,XH,OR-Library legacy,legacy,100,1-150,makespan_gap_pct,0.0,3
abz5,JSP,XH,OR-Library legacy,legacy,100,1-150,flowtime_gap_pct,2.993512511584795,3
abz5,JSP,XH,OR-Library legacy,legacy,100,1-150,seconds,2.6443193000000003,3
abz5,JSP,XT,OR-Library legacy,legacy,100,1-150,hv_deficit_pct,0.6686725692180095,3
abz5,JSP,XT,OR-Library legacy,legacy,100,1-150,makespan_gap_pct,1.8196202531645556,3
abz5,JSP,XT,OR-Library legacy,legacy,100,1-150,flowtime_gap_pct,2.1964782205746047,3
abz5,JSP,XT,OR-Library legacy,legacy,100,1-150,seconds,2.117061,3
abz5,JSP,XE,OR-Library legacy,legacy,100,1-150,hv_deficit_pct,6.432066645999191,3
abz5,JSP,XE,OR-Library legacy,legacy,100,1-150,makespan_gap_pct,24.76265822784811,3
abz5,JSP,XE,OR-Library legacy,legacy,100,1-150,flowtime_gap_pct,15.505097312326232,3
abz5,JSP,XE,OR-Library legacy,legacy,100,1-150,seconds,1.1862669000000001,3
abz5,JSP,XHT,OR-Library legacy,legacy,100,1-150,hv_deficit_pct,0.15680820256150918,3
abz5,JSP,XHT,OR-Library legacy,legacy,100,1-150,makespan_gap_pct,0.4746835443038,3
abz5,JSP,XHT,OR-Library legacy,legacy,100,1-150,flowtime_gap_pct,0.5282669138090723,3
abz5,JSP,XHT,OR-Library legacy,legacy,100,1-150,seconds,2.4588282,3
abz5,JSP,XHE,OR-Library legacy,legacy,100,1-150,hv_deficit_pct,0.4981628529554749,3
abz5,JSP,XHE,OR-Library legacy,legacy,100,1-150,makespan_gap_pct,1.3449367088607556,3
abz5,JSP,XHE,OR-Library legacy,legacy,100,1-150,flowtime_gap_pct,2.993512511584795,3
abz5,JSP,XHE,OR-Library legacy,legacy,100,1-150,seconds,1.8376563,3
abz5,JSP,XTE,OR-Library legacy,legacy,100,1-150,hv_deficit_pct,0.6426356919555842,3
abz5,JSP,XTE,OR-Library legacy,legacy,100,1-150,makespan_gap_pct,1.7405063291139333,3
abz5,JSP,XTE,OR-Library legacy,legacy,100,1-150,flowtime_gap_pct,2.1964782205746047,3
abz5,JSP,XTE,OR-Library legacy,legacy,100,1-150,seconds,1.6481219999999999,3
abz5,JSP,XHTE,OR-Library legacy,legacy,100,1-150,hv_deficit_pct,0.30588728817245725,3
abz5,JSP,XHTE,OR-Library legacy,legacy,100,1-150,makespan_gap_pct,1.3449367088607556,3
abz5,JSP,XHTE,OR-Library legacy,legacy,100,1-150,flowtime_gap_pct,0.5282669138090723,3
abz5,JSP,XHTE,OR-Library legacy,legacy,100,1-150,seconds,2.029556,3
abz5,JSP,NSGA-II,OR-Library legacy,legacy,100,1-150,hv_deficit_pct,1.6943283965194067,3
abz5,JSP,NSGA-II,OR-Library legacy,legacy,100,1-150,makespan_gap_pct,4.984177215189867,3
abz5,JSP,NSGA-II,OR-Library legacy,legacy,100,1-150,flowtime_gap_pct,5.55143651529193,3
abz5,JSP,NSGA-II,OR-Library legacy,legacy,100,1-150,seconds,0.193185199983418,3
abz5,JSP,SPEA2,OR-Library legacy,legacy,100,1-150,hv_deficit_pct,1.5029473767951829,3
abz5,JSP,SPEA2,OR-Library legacy,legacy,100,1-150,makespan_gap_pct,4.905063291139244,3
abz5,JSP,SPEA2,OR-Library legacy,legacy,100,1-150,flowtime_gap_pct,4.874884151992576,3
abz5,JSP,SPEA2,OR-Library legacy,legacy,100,1-150,seconds,0.2217997000552714,3
abz5,JSP,MOEA/D,OR-Library legacy,legacy,100,1-150,hv_deficit_pct,1.4209386316776484,3
abz5,JSP,MOEA/D,OR-Library legacy,legacy,100,1-150,makespan_gap_pct,2.927215189873422,3
abz5,JSP,MOEA/D,OR-Library legacy,legacy,100,1-150,flowtime_gap_pct,6.413345690454131,3
abz5,JSP,MOEA/D,OR-Library legacy,legacy,100,1-150,seconds,0.32944230001885444,3
abz5,JSP,SMS-EMOA,OR-Library legacy,legacy,100,1-150,hv_deficit_pct,1.7457527318705646,3
abz5,JSP,SMS-EMOA,OR-Library legacy,legacy,100,1-150,makespan_gap_pct,5.458860759493667,3
abz5,JSP,SMS-EMOA,OR-Library legacy,legacy,100,1-150,flowtime_gap_pct,5.718257645968494,3
abz5,JSP,SMS-EMOA,OR-Library legacy,legacy,100,1-150,seconds,0.1878116000443697,3
ft06,JSP,XG,OR-Library legacy,legacy,36,1-150,hv_deficit_pct,18.652064192597685,3
ft06,JSP,XG,OR-Library legacy,legacy,36,1-150,makespan_gap_pct,52.727272727272734,3
ft06,JSP,XG,OR-Library legacy,legacy,36,1-150,flowtime_gap_pct,3.571428571428581,3
ft06,JSP,XG,OR-Library legacy,legacy,36,1-150,seconds,0.0008549,3
ft06,JSP,XH,OR-Library legacy,legacy,36,1-150,hv_deficit_pct,0.20571594184465303,3
ft06,JSP,XH,OR-Library legacy,legacy,36,1-150,makespan_gap_pct,0.0,3
ft06,JSP,XH,OR-Library legacy,legacy,36,1-150,flowtime_gap_pct,0.0,3
ft06,JSP,XH,OR-Library legacy,legacy,36,1-150,seconds,0.7005763,3
ft06,JSP,XT,OR-Library legacy,legacy,36,1-150,hv_deficit_pct,0.007888811929135375,3
ft06,JSP,XT,OR-Library legacy,legacy,36,1-150,makespan_gap_pct,0.0,3
ft06,JSP,XT,OR-Library legacy,legacy,36,1-150,flowtime_gap_pct,0.0,3
ft06,JSP,XT,OR-Library legacy,legacy,36,1-150,seconds,0.585453,3
ft06,JSP,XE,OR-Library legacy,legacy,36,1-150,hv_deficit_pct,5.781831629208356,3
ft06,JSP,XE,OR-Library legacy,legacy,36,1-150,makespan_gap_pct,16.36363636363636,3
ft06,JSP,XE,OR-Library legacy,legacy,36,1-150,flowtime_gap_pct,1.0714285714285676,3
ft06,JSP,XE,OR-Library legacy,legacy,36,1-150,seconds,0.4295705,3
ft06,JSP,XHT,OR-Library legacy,legacy,36,1-150,hv_deficit_pct,0.1996476249760848,3
ft06,JSP,XHT,OR-Library legacy,legacy,36,1-150,makespan_gap_pct,0.0,3
ft06,JSP,XHT,OR-Library legacy,legacy,36,1-150,flowtime_gap_pct,0.0,3
ft06,JSP,XHT,OR-Library legacy,legacy,36,1-150,seconds,0.7272916,3
ft06,JSP,XHE,OR-Library legacy,legacy,36,1-150,hv_deficit_pct,0.19479297148121688,3
ft06,JSP,XHE,OR-Library legacy,legacy,36,1-150,makespan_gap_pct,0.0,3
ft06,JSP,XHE,OR-Library legacy,legacy,36,1-150,flowtime_gap_pct,0.0,3
ft06,JSP,XHE,OR-Library legacy,legacy,36,1-150,seconds,0.5339266,3
ft06,JSP,XTE,OR-Library legacy,legacy,36,1-150,hv_deficit_pct,0.04369188145373348,3
ft06,JSP,XTE,OR-Library legacy,legacy,36,1-150,makespan_gap_pct,0.0,3
ft06,JSP,XTE,OR-Library legacy,legacy,36,1-150,flowtime_gap_pct,0.0,3
ft06,JSP,XTE,OR-Library legacy,legacy,36,1-150,seconds,0.5433815,3
ft06,JSP,XHTE,OR-Library legacy,legacy,36,1-150,hv_deficit_pct,0.20814326859209809,3
ft06,JSP,XHTE,OR-Library legacy,legacy,36,1-150,makespan_gap_pct,0.0,3
ft06,JSP,XHTE,OR-Library legacy,legacy,36,1-150,flowtime_gap_pct,0.0,3
ft06,JSP,XHTE,OR-Library legacy,legacy,36,1-150,seconds,0.6367196,3
ft06,JSP,NSGA-II,OR-Library legacy,legacy,36,1-150,hv_deficit_pct,0.556586023185579,3
ft06,JSP,NSGA-II,OR-Library legacy,legacy,36,1-150,makespan_gap_pct,0.0,3
ft06,JSP,NSGA-II,OR-Library legacy,legacy,36,1-150,flowtime_gap_pct,2.1428571428571352,3
ft06,JSP,NSGA-II,OR-Library legacy,legacy,36,1-150,seconds,0.09010699996724725,3
ft06,JSP,SPEA2,OR-Library legacy,legacy,36,1-150,hv_deficit_pct,0.19442887246912122,3
ft06,JSP,SPEA2,OR-Library legacy,legacy,36,1-150,makespan_gap_pct,0.0,3
ft06,JSP,SPEA2,OR-Library legacy,legacy,36,1-150,flowtime_gap_pct,0.7142857142857117,3
ft06,JSP,SPEA2,OR-Library legacy,legacy,36,1-150,seconds,0.1234859999967739,3
ft06,JSP,MOEA/D,OR-Library legacy,legacy,36,1-150,hv_deficit_pct,1.3881274836862523,3
ft06,JSP,MOEA/D,OR-Library legacy,legacy,36,1-150,makespan_gap_pct,0.0,3
ft06,JSP,MOEA/D,OR-Library legacy,legacy,36,1-150,flowtime_gap_pct,5.35714285714286,3
ft06,JSP,MOEA/D,OR-Library legacy,legacy,36,1-150,seconds,0.23522909998428077,3
ft06,JSP,SMS-EMOA,OR-Library legacy,legacy,36,1-150,hv_deficit_pct,1.0961807591391648,3
ft06,JSP,SMS-EMOA,OR-Library legacy,legacy,36,1-150,makespan_gap_pct,0.0,3
ft06,JSP,SMS-EMOA,OR-Library legacy,legacy,36,1-150,flowtime_gap_pct,2.499999999999991,3
ft06,JSP,SMS-EMOA,OR-Library legacy,legacy,36,1-150,seconds,0.09682650002650917,3
la01,JSP,XG,OR-Library legacy,legacy,50,1-150,hv_deficit_pct,4.816864504633078,3
la01,JSP,XG,OR-Library legacy,legacy,50,1-150,makespan_gap_pct,12.762762762762758,3
la01,JSP,XG,OR-Library legacy,legacy,50,1-150,flowtime_gap_pct,7.490709955016617,3
la01,JSP,XG,OR-Library legacy,legacy,50,1-150,seconds,0.0012354,3
la01,JSP,XH,OR-Library legacy,legacy,50,1-150,hv_deficit_pct,0.6866468304595807,3
la01,JSP,XH,OR-Library legacy,legacy,50,1-150,makespan_gap_pct,0.0,3
la01,JSP,XH,OR-Library legacy,legacy,50,1-150,flowtime_gap_pct,3.6182280461568572,3
la01,JSP,XH,OR-Library legacy,legacy,50,1-150,seconds,1.2452323,3
la01,JSP,XT,OR-Library legacy,legacy,50,1-150,hv_deficit_pct,0.2426496422758384,3
la01,JSP,XT,OR-Library legacy,legacy,50,1-150,makespan_gap_pct,0.30030030030030463,3
la01,JSP,XT,OR-Library legacy,legacy,50,1-150,flowtime_gap_pct,0.8605515353021786,3
la01,JSP,XT,OR-Library legacy,legacy,50,1-150,seconds,0.9667039,3
la01,JSP,XE,OR-Library legacy,legacy,50,1-150,hv_deficit_pct,2.1527911095488905,3
la01,JSP,XE,OR-Library legacy,legacy,50,1-150,makespan_gap_pct,5.255255255255253,3
la01,JSP,XE,OR-Library legacy,legacy,50,1-150,flowtime_gap_pct,3.9311558771758293,3
la01,JSP,XE,OR-Library legacy,legacy,50,1-150,seconds,0.5750467,3
la01,JSP,XHT,OR-Library legacy,legacy,50,1-150,hv_deficit_pct,0.4982453429225653,3
la01,JSP,XHT,OR-Library legacy,legacy,50,1-150,makespan_gap_pct,0.0,3
la01,JSP,XHT,OR-Library legacy,legacy,50,1-150,flowtime_gap_pct,2.718560531977321,3
la01,JSP,XHT,OR-Library legacy,legacy,50,1-150,seconds,1.1132057,3
la01,JSP,XHE,OR-Library legacy,legacy,50,1-150,hv_deficit_pct,0.7854669049245255,3
la01,JSP,XHE,OR-Library legacy,legacy,50,1-150,makespan_gap_pct,0.0,3
la01,JSP,XHE,OR-Library legacy,legacy,50,1-150,flowtime_gap_pct,4.146293761001374,3
la01,JSP,XHE,OR-Library legacy,legacy,50,1-150,seconds,0.8643422,3
la01,JSP,XTE,OR-Library legacy,legacy,50,1-150,hv_deficit_pct,0.2517805718379229,3
la01,JSP,XTE,OR-Library legacy,legacy,50,1-150,makespan_gap_pct,0.0,3
la01,JSP,XTE,OR-Library legacy,legacy,50,1-150,flowtime_gap_pct,0.9192255036182262,3
la01,JSP,XTE,OR-Library legacy,legacy,50,1-150,seconds,0.8201795,3
la01,JSP,XHTE,OR-Library legacy,legacy,50,1-150,hv_deficit_pct,0.48872444577208185,3
la01,JSP,XHTE,OR-Library legacy,legacy,50,1-150,makespan_gap_pct,0.0,3
la01,JSP,XHTE,OR-Library legacy,legacy,50,1-150,flowtime_gap_pct,2.679444553099941,3
la01,JSP,XHTE,OR-Library legacy,legacy,50,1-150,seconds,1.00982,3
la01,JSP,NSGA-II,OR-Library legacy,legacy,50,1-150,hv_deficit_pct,1.8068471986814272,3
la01,JSP,NSGA-II,OR-Library legacy,legacy,50,1-150,makespan_gap_pct,2.1021021021021102,3
la01,JSP,NSGA-II,OR-Library legacy,legacy,50,1-150,flowtime_gap_pct,6.415020535888916,3
la01,JSP,NSGA-II,OR-Library legacy,legacy,50,1-150,seconds,0.11606579995714128,3
la01,JSP,SPEA2,OR-Library legacy,legacy,50,1-150,hv_deficit_pct,1.690424021280068,3
la01,JSP,SPEA2,OR-Library legacy,legacy,50,1-150,makespan_gap_pct,3.453453453453448,3
la01,JSP,SPEA2,OR-Library legacy,legacy,50,1-150,flowtime_gap_pct,4.341873655388229,3
la01,JSP,SPEA2,OR-Library legacy,legacy,50,1-150,seconds,0.14156939997337759,3
la01,JSP,MOEA/D,OR-Library legacy,legacy,50,1-150,hv_deficit_pct,1.11695682091989,3
la01,JSP,MOEA/D,OR-Library legacy,legacy,50,1-150,makespan_gap_pct,1.6516516516516422,3
la01,JSP,MOEA/D,OR-Library legacy,legacy,50,1-150,flowtime_gap_pct,5.45667905339331,3
la01,JSP,MOEA/D,OR-Library legacy,legacy,50,1-150,seconds,0.26057759998366237,3
la01,JSP,SMS-EMOA,OR-Library legacy,legacy,50,1-150,hv_deficit_pct,1.1676580171891326,3
la01,JSP,SMS-EMOA,OR-Library legacy,legacy,50,1-150,makespan_gap_pct,0.9009009009008917,3
la01,JSP,SMS-EMOA,OR-Library legacy,legacy,50,1-150,flowtime_gap_pct,4.772149423039318,3
la01,JSP,SMS-EMOA,OR-Library legacy,legacy,50,1-150,seconds,0.1214449000544846,3
la06,JSP,XG,OR-Library legacy,legacy,75,1-150,hv_deficit_pct,2.187041157682179,3
la06,JSP,XG,OR-Library legacy,legacy,75,1-150,makespan_gap_pct,3.995680345572361,3
la06,JSP,XG,OR-Library legacy,legacy,75,1-150,flowtime_gap_pct,6.70763462139361,3
la06,JSP,XG,OR-Library legacy,legacy,75,1-150,seconds,0.0022201,3
la06,JSP,XH,OR-Library legacy,legacy,75,1-150,hv_deficit_pct,0.7802207575096864,3
la06,JSP,XH,OR-Library legacy,legacy,75,1-150,makespan_gap_pct,0.0,3
la06,JSP,XH,OR-Library legacy,legacy,75,1-150,flowtime_gap_pct,4.614102697635669,3
la06,JSP,XH,OR-Library legacy,legacy,75,1-150,seconds,2.1537056,3
la06,JSP,XT,OR-Library legacy,legacy,75,1-150,hv_deficit_pct,0.2493393007119371,3
la06,JSP,XT,OR-Library legacy,legacy,75,1-150,makespan_gap_pct,0.0,3
la06,JSP,XT,OR-Library legacy,legacy,75,1-150,flowtime_gap_pct,1.5102593479845883,3
la06,JSP,XT,OR-Library legacy,legacy,75,1-150,seconds,1.8886844,3
la06,JSP,XE,OR-Library legacy,legacy,75,1-150,hv_deficit_pct,1.9296928460389218,3
la06,JSP,XE,OR-Library legacy,legacy,75,1-150,makespan_gap_pct,3.6717062634989306,3
la06,JSP,XE,OR-Library legacy,legacy,75,1-150,flowtime_gap_pct,5.686907613790226,3
la06,JSP,XE,OR-Library legacy,legacy,75,1-150,seconds,0.9135487,3
la06,JSP,XHT,OR-Library legacy,legacy,75,1-150,hv_deficit_pct,0.36711704471247275,3
la06,JSP,XHT,OR-Library legacy,legacy,75,1-150,makespan_gap_pct,0.0,3
la06,JSP,XHT,OR-Library legacy,legacy,75,1-150,flowtime_gap_pct,2.1976877408603324,3
la06,JSP,XHT,OR-Library legacy,legacy,75,1-150,seconds,1.9679349,3
la06,JSP,XHE,OR-Library legacy,legacy,75,1-150,hv_deficit_pct,0.9423320312777927,3
la06,JSP,XHE,OR-Library legacy,legacy,75,1-150,makespan_gap_pct,0.0,3
la06,JSP,XHE,OR-Library legacy,legacy,75,1-150,flowtime_gap_pct,5.582751796687835,3
la06,JSP,XHE,OR-Library legacy,legacy,75,1-150,seconds,1.5417199,3
la06,JSP,XTE,OR-Library legacy,legacy,75,1-150,hv_deficit_pct,0.3261645798276258,3
la06,JSP,XTE,OR-Library legacy,legacy,75,1-150,makespan_gap_pct,0.0,3
la06,JSP,XTE,OR-Library legacy,legacy,75,1-150,flowtime_gap_pct,1.9893761066555493,3
la06,JSP,XTE,OR-Library legacy,legacy,75,1-150,seconds,1.360933,3
la06,JSP,XHTE,OR-Library legacy,legacy,75,1-150,hv_deficit_pct,0.31532305375803205,3
la06,JSP,XHTE,OR-Library legacy,legacy,75,1-150,makespan_gap_pct,0.0,3
la06,JSP,XHTE,OR-Library legacy,legacy,75,1-150,flowtime_gap_pct,1.906051452973645,3
la06,JSP,XHTE,OR-Library legacy,legacy,75,1-150,seconds,1.6986485999999998,3
la06,JSP,NSGA-II,OR-Library legacy,legacy,75,1-150,hv_deficit_pct,1.6074974806516762,3
la06,JSP,NSGA-II,OR-Library legacy,legacy,75,1-150,makespan_gap_pct,0.0,3
la06,JSP,NSGA-II,OR-Library legacy,legacy,75,1-150,flowtime_gap_pct,9.37402353921466,3
la06,JSP,NSGA-II,OR-Library legacy,legacy,75,1-150,seconds,0.16819110000506043,3
la06,JSP,SPEA2,OR-Library legacy,legacy,75,1-150,hv_deficit_pct,1.5530714357896769,3
la06,JSP,SPEA2,OR-Library legacy,legacy,75,1-150,makespan_gap_pct,0.0,3
la06,JSP,SPEA2,OR-Library legacy,legacy,75,1-150,flowtime_gap_pct,9.019893761066555,3
la06,JSP,SPEA2,OR-Library legacy,legacy,75,1-150,seconds,0.1880002999678254,3
la06,JSP,MOEA/D,OR-Library legacy,legacy,75,1-150,hv_deficit_pct,1.5327481140250288,3
la06,JSP,MOEA/D,OR-Library legacy,legacy,75,1-150,makespan_gap_pct,0.0,3
la06,JSP,MOEA/D,OR-Library legacy,legacy,75,1-150,flowtime_gap_pct,9.051140506197264,3
la06,JSP,MOEA/D,OR-Library legacy,legacy,75,1-150,seconds,0.32663609995506704,3
la06,JSP,SMS-EMOA,OR-Library legacy,legacy,75,1-150,hv_deficit_pct,1.355599888378578,3
la06,JSP,SMS-EMOA,OR-Library legacy,legacy,75,1-150,makespan_gap_pct,0.0,3
la06,JSP,SMS-EMOA,OR-Library legacy,legacy,75,1-150,flowtime_gap_pct,7.999166753463172,3
la06,JSP,SMS-EMOA,OR-Library legacy,legacy,75,1-150,seconds,0.16016960004344583,3
la16,JSP,XG,OR-Library legacy,legacy,100,1-150,hv_deficit_pct,4.660793568996602,3
la16,JSP,XG,OR-Library legacy,legacy,100,1-150,makespan_gap_pct,15.219611848825343,3
la16,JSP,XG,OR-Library legacy,legacy,100,1-150,flowtime_gap_pct,15.350360183366085,3
la16,JSP,XG,OR-Library legacy,legacy,100,1-150,seconds,0.0023923,3
la16,JSP,XH,OR-Library legacy,legacy,100,1-150,hv_deficit_pct,0.719444831731253,3
la16,JSP,XH,OR-Library legacy,legacy,100,1-150,makespan_gap_pct,4.596527068437184,3
la16,JSP,XH,OR-Library legacy,legacy,100,1-150,flowtime_gap_pct,3.261296660117874,3
la16,JSP,XH,OR-Library legacy,legacy,100,1-150,seconds,2.3122834,3
la16,JSP,XT,OR-Library legacy,legacy,100,1-150,hv_deficit_pct,0.00017893969852522673,3
la16,JSP,XT,OR-Library legacy,legacy,100,1-150,makespan_gap_pct,3.06435137895813,3
la16,JSP,XT,OR-Library legacy,legacy,100,1-150,flowtime_gap_pct,0.0,3
la16,JSP,XT,OR-Library legacy,legacy,100,1-150,seconds,1.9259444000000001,3
la16,JSP,XE,OR-Library legacy,legacy,100,1-150,hv_deficit_pct,2.75983821010638,3
la16,JSP,XE,OR-Library legacy,legacy,100,1-150,makespan_gap_pct,11.950970377936665,3
la16,JSP,XE,OR-Library legacy,legacy,100,1-150,flowtime_gap_pct,7.98952193844138,3
la16,JSP,XE,OR-Library legacy,legacy,100,1-150,seconds,1.103499,3
la16,JSP,XHT,OR-Library legacy,legacy,100,1-150,hv_deficit_pct,0.6342403924892159,3
la16,JSP,XHT,OR-Library legacy,legacy,100,1-150,makespan_gap_pct,4.494382022471921,3
la16,JSP,XHT,OR-Library legacy,legacy,100,1-150,flowtime_gap_pct,1.715782580222669,3
la16,JSP,XHT,OR-Library legacy,legacy,100,1-150,seconds,2.3789749000000002,3
la16,JSP,XHE,OR-Library legacy,legacy,100,1-150,hv_deficit_pct,0.868749073791919,3
la16,JSP,XHE,OR-Library legacy,legacy,100,1-150,makespan_gap_pct,5.005107252298258,3
la16,JSP,XHE,OR-Library legacy,legacy,100,1-150,flowtime_gap_pct,3.2874918140143983,3
la16,JSP,XHE,OR-Library legacy,legacy,100,1-150,seconds,1.8907203,3
la16,JSP,XTE,OR-Library legacy,legacy,100,1-150,hv_deficit_pct,0.2194349131878326,3
la16,JSP,XTE,OR-Library legacy,legacy,100,1-150,makespan_gap_pct,4.187946884576088,3
la16,JSP,XTE,OR-Library legacy,legacy,100,1-150,flowtime_gap_pct,0.0,3
la16,JSP,XTE,OR-Library legacy,legacy,100,1-150,seconds,1.6153171,3
la16,JSP,XHTE,OR-Library legacy,legacy,100,1-150,hv_deficit_pct,0.21690481793842364,3
la16,JSP,XHTE,OR-Library legacy,legacy,100,1-150,makespan_gap_pct,3.7793667007150145,3
la16,JSP,XHTE,OR-Library legacy,legacy,100,1-150,flowtime_gap_pct,3.156516044531754,3
la16,JSP,XHTE,OR-Library legacy,legacy,100,1-150,seconds,1.9379048,3
la16,JSP,NSGA-II,OR-Library legacy,legacy,100,1-150,hv_deficit_pct,0.8867092953656286,3
la16,JSP,NSGA-II,OR-Library legacy,legacy,100,1-150,makespan_gap_pct,1.2257405515832431,3
la16,JSP,NSGA-II,OR-Library legacy,legacy,100,1-150,flowtime_gap_pct,8.683693516699421,3
la16,JSP,NSGA-II,OR-Library legacy,legacy,100,1-150,seconds,0.19022449990734458,3
la16,JSP,SPEA2,OR-Library legacy,legacy,100,1-150,hv_deficit_pct,0.9867762978345684,3
la16,JSP,SPEA2,OR-Library legacy,legacy,100,1-150,makespan_gap_pct,2.2471910112359605,3
la16,JSP,SPEA2,OR-Library legacy,legacy,100,1-150,flowtime_gap_pct,8.068107400130975,3
la16,JSP,SPEA2,OR-Library legacy,legacy,100,1-150,seconds,0.21947939996607602,3
la16,JSP,MOEA/D,OR-Library legacy,legacy,100,1-150,hv_deficit_pct,1.3964586174770144,3
la16,JSP,MOEA/D,OR-Library legacy,legacy,100,1-150,makespan_gap_pct,2.962206332992845,3
la16,JSP,MOEA/D,OR-Library legacy,legacy,100,1-150,flowtime_gap_pct,9.561231172233132,3
la16,JSP,MOEA/D,OR-Library legacy,legacy,100,1-150,seconds,0.38007529999595135,3
la16,JSP,SMS-EMOA,OR-Library legacy,legacy,100,1-150,hv_deficit_pct,1.150236871766186,3
la16,JSP,SMS-EMOA,OR-Library legacy,legacy,100,1-150,makespan_gap_pct,2.1450459652706755,3
la16,JSP,SMS-EMOA,OR-Library legacy,legacy,100,1-150,flowtime_gap_pct,9.652914210871,3
la16,JSP,SMS-EMOA,OR-Library legacy,legacy,100,1-150,seconds,0.20809009997174144,3
tai_jsp002,JSP,XG,Taillard,extension,225,151-500,hv_deficit_pct,3.180820573732346,3
tai_jsp002,JSP,XG,Taillard,extension,225,151-500,makespan_gap_pct,19.924528301886802,3
tai_jsp002,JSP,XG,Taillard,extension,225,151-500,flowtime_gap_pct,9.619296716070913,3
tai_jsp002,JSP,XG,Taillard,extension,225,151-500,seconds,0.0068401,3
tai_jsp002,JSP,XH,Taillard,extension,225,151-500,hv_deficit_pct,0.1402126906591028,3
tai_jsp002,JSP,XH,Taillard,extension,225,151-500,makespan_gap_pct,1.35849056603774,3
tai_jsp002,JSP,XH,Taillard,extension,225,151-500,flowtime_gap_pct,1.2089508863702303,3
tai_jsp002,JSP,XH,Taillard,extension,225,151-500,seconds,7.756433,3
tai_jsp002,JSP,XT,Taillard,extension,225,151-500,hv_deficit_pct,0.3271884402340164,3
tai_jsp002,JSP,XT,Taillard,extension,225,151-500,makespan_gap_pct,2.6415094339622636,3
tai_jsp002,JSP,XT,Taillard,extension,225,151-500,flowtime_gap_pct,1.482127288578905,3
tai_jsp002,JSP,XT,Taillard,extension,225,151-500,seconds,6.4852225,3
tai_jsp002,JSP,XE,Taillard,extension,225,151-500,hv_deficit_pct,2.7072777164065975,3
tai_jsp002,JSP,XE,Taillard,extension,225,151-500,makespan_gap_pct,16.301886792452834,3
tai_jsp002,JSP,XE,Taillard,extension,225,151-500,flowtime_gap_pct,9.195001453065977,3
tai_jsp002,JSP,XE,Taillard,extension,225,151-500,seconds,2.6957116,3
tai_jsp002,JSP,XHT,Taillard,extension,225,151-500,hv_deficit_pct,0.024699083218882034,3
tai_jsp002,JSP,XHT,Taillard,extension,225,151-500,makespan_gap_pct,0.7547169811320753,3
tai_jsp002,JSP,XHT,Taillard,extension,225,151-500,flowtime_gap_pct,0.953211275791932,3
tai_jsp002,JSP,XHT,Taillard,extension,225,151-500,seconds,7.6140637,3
tai_jsp002,JSP,XHE,Taillard,extension,225,151-500,hv_deficit_pct,0.10298198846868667,3
tai_jsp002,JSP,XHE,Taillard,extension,225,151-500,makespan_gap_pct,0.9056603773584859,3
tai_jsp002,JSP,XHE,Taillard,extension,225,151-500,flowtime_gap_pct,1.3484452194129526,3
tai_jsp002,JSP,XHE,Taillard,extension,225,151-500,seconds,5.1586656,3
tai_jsp002,JSP,XTE,Taillard,extension,225,151-500,hv_deficit_pct,0.3274417075207148,3
tai_jsp002,JSP,XTE,Taillard,extension,225,151-500,makespan_gap_pct,2.6415094339622636,3
tai_jsp002,JSP,XTE,Taillard,extension,225,151-500,flowtime_gap_pct,1.482127288578905,3
tai_jsp002,JSP,XTE,Taillard,extension,225,151-500,seconds,4.6193325,3
tai_jsp002,JSP,XHTE,Taillard,extension,225,151-500,hv_deficit_pct,0.024699083218882034,3
tai_jsp002,JSP,XHTE,Taillard,extension,225,151-500,makespan_gap_pct,0.7547169811320753,3
tai_jsp002,JSP,XHTE,Taillard,extension,225,151-500,flowtime_gap_pct,1.3484452194129526,3
tai_jsp002,JSP,XHTE,Taillard,extension,225,151-500,seconds,5.9847121,3
tai_jsp002,JSP,NSGA-II,Taillard,extension,225,151-500,hv_deficit_pct,1.7261489155220966,3
tai_jsp002,JSP,NSGA-II,Taillard,extension,225,151-500,makespan_gap_pct,8.754716981132082,3
tai_jsp002,JSP,NSGA-II,Taillard,extension,225,151-500,flowtime_gap_pct,8.439407149084577,3
tai_jsp002,JSP,NSGA-II,Taillard,extension,225,151-500,seconds,0.3779388000257313,3
tai_jsp002,JSP,SPEA2,Taillard,extension,225,151-500,hv_deficit_pct,1.5658785413381393,3
tai_jsp002,JSP,SPEA2,Taillard,extension,225,151-500,makespan_gap_pct,8.150943396226417,3
tai_jsp002,JSP,SPEA2,Taillard,extension,225,151-500,flowtime_gap_pct,8.64283638477188,3
tai_jsp002,JSP,SPEA2,Taillard,extension,225,151-500,seconds,0.43530350003857166,3
tai_jsp002,JSP,MOEA/D,Taillard,extension,225,151-500,hv_deficit_pct,1.6174585585494672,3
tai_jsp002,JSP,MOEA/D,Taillard,extension,225,151-500,makespan_gap_pct,6.41509433962264,3
tai_jsp002,JSP,MOEA/D,Taillard,extension,225,151-500,flowtime_gap_pct,8.462656204591678,3
tai_jsp002,JSP,MOEA/D,Taillard,extension,225,151-500,seconds,0.6006000000052154,3
tai_jsp002,JSP,SMS-EMOA,Taillard,extension,225,151-500,hv_deficit_pct,1.840343699176017,3
tai_jsp002,JSP,SMS-EMOA,Taillard,extension,225,151-500,makespan_gap_pct,8.981132075471688,3
tai_jsp002,JSP,SMS-EMOA,Taillard,extension,225,151-500,flowtime_gap_pct,9.572798605056665,3
tai_jsp002,JSP,SMS-EMOA,Taillard,extension,225,151-500,seconds,0.3851466999622062,3
tai_jsp006,JSP,XG,Taillard,extension,225,151-500,hv_deficit_pct,3.0721804332054625,3
tai_jsp006,JSP,XG,Taillard,extension,225,151-500,makespan_gap_pct,16.896024464831804,3
tai_jsp006,JSP,XG,Taillard,extension,225,151-500,flowtime_gap_pct,12.576249928738381,3
tai_jsp006,JSP,XG,Taillard,extension,225,151-500,seconds,0.0065069,3
tai_jsp006,JSP,XH,Taillard,extension,225,151-500,hv_deficit_pct,0.3686698454870352,3
tai_jsp006,JSP,XH,Taillard,extension,225,151-500,makespan_gap_pct,3.0581039755351647,3
tai_jsp006,JSP,XH,Taillard,extension,225,151-500,flowtime_gap_pct,1.8870075822359,3
tai_jsp006,JSP,XH,Taillard,extension,225,151-500,seconds,7.8831424,3
tai_jsp006,JSP,XT,Taillard,extension,225,151-500,hv_deficit_pct,0.14002448679749646,3
tai_jsp006,JSP,XT,Taillard,extension,225,151-500,makespan_gap_pct,2.3700305810397504,3
tai_jsp006,JSP,XT,Taillard,extension,225,151-500,flowtime_gap_pct,0.09121486802348144,3
tai_jsp006,JSP,XT,Taillard,extension,225,151-500,seconds,6.7748796,3
tai_jsp006,JSP,XE,Taillard,extension,225,151-500,hv_deficit_pct,2.509711531919445,3
tai_jsp006,JSP,XE,Taillard,extension,225,151-500,makespan_gap_pct,13.455657492354733,3
tai_jsp006,JSP,XE,Taillard,extension,225,151-500,flowtime_gap_pct,10.962886950572948,3
tai_jsp006,JSP,XE,Taillard,extension,225,151-500,seconds,2.7282928,3
tai_jsp006,JSP,XHT,Taillard,extension,225,151-500,hv_deficit_pct,0.12015181689680743,3
tai_jsp006,JSP,XHT,Taillard,extension,225,151-500,makespan_gap_pct,1.5290519877675823,3
tai_jsp006,JSP,XHT,Taillard,extension,225,151-500,flowtime_gap_pct,1.7843908557094723,3
tai_jsp006,JSP,XHT,Taillard,extension,225,151-500,seconds,7.7477779,3
tai_jsp006,JSP,XHE,Taillard,extension,225,151-500,hv_deficit_pct,0.491629778564906,3
tai_jsp006,JSP,XHE,Taillard,extension,225,151-500,makespan_gap_pct,3.0581039755351647,3
tai_jsp006,JSP,XHE,Taillard,extension,225,151-500,flowtime_gap_pct,3.1298101590559346,3
tai_jsp006,JSP,XHE,Taillard,extension,225,151-500,seconds,5.3092223,3
tai_jsp006,JSP,XTE,Taillard,extension,225,151-500,hv_deficit_pct,0.36640205991126384,3
tai_jsp006,JSP,XTE,Taillard,extension,225,151-500,makespan_gap_pct,3.5168195718654482,3
tai_jsp006,JSP,XTE,Taillard,extension,225,151-500,flowtime_gap_pct,1.339718374094967,3
tai_jsp006,JSP,XTE,Taillard,extension,225,151-500,seconds,4.8777924,3
tai_jsp006,JSP,XHTE,Taillard,extension,225,151-500,hv_deficit_pct,0.2460735524038582,3
tai_jsp006,JSP,XHTE,Taillard,extension,225,151-500,makespan_gap_pct,1.6819571865443361,3
tai_jsp006,JSP,XHTE,Taillard,extension,225,151-500,flowtime_gap_pct,1.7843908557094723,3
tai_jsp006,JSP,XHTE,Taillard,extension,225,151-500,seconds,5.9744339,3
tai_jsp006,JSP,NSGA-II,Taillard,extension,225,151-500,hv_deficit_pct,1.8253527937605263,3
tai_jsp006,JSP,NSGA-II,Taillard,extension,225,151-500,makespan_gap_pct,9.480122324159023,3
tai_jsp006,JSP,NSGA-II,Taillard,extension,225,151-500,flowtime_gap_pct,8.76232825950629,3
tai_jsp006,JSP,NSGA-II,Taillard,extension,225,151-500,seconds,0.4086398999206722,3
tai_jsp006,JSP,SPEA2,Taillard,extension,225,151-500,hv_deficit_pct,1.768093837343665,3
tai_jsp006,JSP,SPEA2,Taillard,extension,225,151-500,makespan_gap_pct,9.78593272171253,3
tai_jsp006,JSP,SPEA2,Taillard,extension,225,151-500,flowtime_gap_pct,7.342796875890767,3
tai_jsp006,JSP,SPEA2,Taillard,extension,225,151-500,seconds,0.43061150005087256,3
tai_jsp006,JSP,MOEA/D,Taillard,extension,225,151-500,hv_deficit_pct,1.8663991762481458,3
tai_jsp006,JSP,MOEA/D,Taillard,extension,225,151-500,makespan_gap_pct,9.86238532110091,3
tai_jsp006,JSP,MOEA/D,Taillard,extension,225,151-500,flowtime_gap_pct,8.049712103072793,3
tai_jsp006,JSP,MOEA/D,Taillard,extension,225,151-500,seconds,0.5644278000108898,3
tai_jsp006,JSP,SMS-EMOA,Taillard,extension,225,151-500,hv_deficit_pct,1.4395113875733,3
tai_jsp006,JSP,SMS-EMOA,Taillard,extension,225,151-500,makespan_gap_pct,9.097859327217117,3
tai_jsp006,JSP,SMS-EMOA,Taillard,extension,225,151-500,flowtime_gap_pct,6.082891511316335,3
tai_jsp006,JSP,SMS-EMOA,Taillard,extension,225,151-500,seconds,0.4116443000966683,3
tai_jsp013,JSP,XG,Taillard,extension,300,151-500,hv_deficit_pct,2.043041497768172,3
tai_jsp013,JSP,XG,Taillard,extension,300,151-500,makespan_gap_pct,12.369109947643974,3
tai_jsp013,JSP,XG,Taillard,extension,300,151-500,flowtime_gap_pct,9.282070424287681,3
tai_jsp013,JSP,XG,Taillard,extension,300,151-500,seconds,0.0100713,3
tai_jsp013,JSP,XH,Taillard,extension,300,151-500,hv_deficit_pct,0.5450339391682935,3
tai_jsp013,JSP,XH,Taillard,extension,300,151-500,makespan_gap_pct,2.159685863874339,3
tai_jsp013,JSP,XH,Taillard,extension,300,151-500,flowtime_gap_pct,3.5295093525776533,3
tai_jsp013,JSP,XH,Taillard,extension,300,151-500,seconds,12.1125168,3
tai_jsp013,JSP,XT,Taillard,extension,300,151-500,hv_deficit_pct,0.48044397367148495,3
tai_jsp013,JSP,XT,Taillard,extension,300,151-500,makespan_gap_pct,2.290575916230364,3
tai_jsp013,JSP,XT,Taillard,extension,300,151-500,flowtime_gap_pct,3.0193687528514035,3
tai_jsp013,JSP,XT,Taillard,extension,300,151-500,seconds,9.9229559,3
tai_jsp013,JSP,XE,Taillard,extension,300,151-500,hv_deficit_pct,1.8781534971028524,3
tai_jsp013,JSP,XE,Taillard,extension,300,151-500,makespan_gap_pct,11.060209424083766,3
tai_jsp013,JSP,XE,Taillard,extension,300,151-500,flowtime_gap_pct,9.07884368130729,3
tai_jsp013,JSP,XE,Taillard,extension,300,151-500,seconds,3.7603267000000002,3
tai_jsp013,JSP,XHT,Taillard,extension,300,151-500,hv_deficit_pct,0.37976374460080287,3
tai_jsp013,JSP,XHT,Taillard,extension,300,151-500,makespan_gap_pct,2.159685863874339,3
tai_jsp013,JSP,XHT,Taillard,extension,300,151-500,flowtime_gap_pct,1.970055161544515,3
tai_jsp013,JSP,XHT,Taillard,extension,300,151-500,seconds,12.2595216,3
tai_jsp013,JSP,XHE,Taillard,extension,300,151-500,hv_deficit_pct,0.54529648961964,3
tai_jsp013,JSP,XHE,Taillard,extension,300,151-500,makespan_gap_pct,2.159685863874339,3
tai_jsp013,JSP,XHE,Taillard,extension,300,151-500,flowtime_gap_pct,3.703703703703698,3
tai_jsp013,JSP,XHE,Taillard,extension,300,151-500,seconds,7.6756778,3
tai_jsp013,JSP,XTE,Taillard,extension,300,151-500,hv_deficit_pct,0.4809194344497558,3
tai_jsp013,JSP,XTE,Taillard,extension,300,151-500,makespan_gap_pct,2.290575916230364,3
tai_jsp013,JSP,XTE,Taillard,extension,300,151-500,flowtime_gap_pct,3.0193687528514035,3
tai_jsp013,JSP,XTE,Taillard,extension,300,151-500,seconds,6.9947753,3
tai_jsp013,JSP,XHTE,Taillard,extension,300,151-500,hv_deficit_pct,0.4458810250150824,3
tai_jsp013,JSP,XHTE,Taillard,extension,300,151-500,makespan_gap_pct,2.486910994764391,3
tai_jsp013,JSP,XHTE,Taillard,extension,300,151-500,flowtime_gap_pct,2.762224710712946,3
tai_jsp013,JSP,XHTE,Taillard,extension,300,151-500,seconds,9.0927179,3
tai_jsp013,JSP,NSGA-II,Taillard,extension,300,151-500,hv_deficit_pct,1.7432132830584646,3
tai_jsp013,JSP,NSGA-II,Taillard,extension,300,151-500,makespan_gap_pct,4.973821989528804,3
tai_jsp013,JSP,NSGA-II,Taillard,extension,300,151-500,flowtime_gap_pct,15.100991248807594,3
tai_jsp013,JSP,NSGA-II,Taillard,extension,300,151-500,seconds,0.589269999996759,3
tai_jsp013,JSP,SPEA2,Taillard,extension,300,151-500,hv_deficit_pct,1.8744245304822882,3
tai_jsp013,JSP,SPEA2,Taillard,extension,300,151-500,makespan_gap_pct,5.824607329842935,3
tai_jsp013,JSP,SPEA2,Taillard,extension,300,151-500,flowtime_gap_pct,15.660901663141313,3
tai_jsp013,JSP,SPEA2,Taillard,extension,300,151-500,seconds,0.5677857999689877,3
tai_jsp013,JSP,MOEA/D,Taillard,extension,300,151-500,hv_deficit_pct,1.7749748997298753,3
tai_jsp013,JSP,MOEA/D,Taillard,extension,300,151-500,makespan_gap_pct,5.759162303664911,3
tai_jsp013,JSP,MOEA/D,Taillard,extension,300,151-500,flowtime_gap_pct,14.520343411720793,3
tai_jsp013,JSP,MOEA/D,Taillard,extension,300,151-500,seconds,0.7955720999743789,3
tai_jsp013,JSP,SMS-EMOA,Taillard,extension,300,151-500,hv_deficit_pct,2.018504846970115,3
tai_jsp013,JSP,SMS-EMOA,Taillard,extension,300,151-500,makespan_gap_pct,6.348167539267013,3
tai_jsp013,JSP,SMS-EMOA,Taillard,extension,300,151-500,flowtime_gap_pct,17.270125668781876,3
tai_jsp013,JSP,SMS-EMOA,Taillard,extension,300,151-500,seconds,0.5865907999686897,3
tai_jsp020,JSP,XG,Taillard,extension,300,151-500,hv_deficit_pct,1.5111312819896194,3
tai_jsp020,JSP,XG,Taillard,extension,300,151-500,makespan_gap_pct,9.92010652463382,3
tai_jsp020,JSP,XG,Taillard,extension,300,151-500,flowtime_gap_pct,6.342388360034046,3
tai_jsp020,JSP,XG,Taillard,extension,300,151-500,seconds,0.0103899,3
tai_jsp020,JSP,XH,Taillard,extension,300,151-500,hv_deficit_pct,0.22106830230971264,3
tai_jsp020,JSP,XH,Taillard,extension,300,151-500,makespan_gap_pct,0.5326231691078487,3
tai_jsp020,JSP,XH,Taillard,extension,300,151-500,flowtime_gap_pct,2.012228155715512,3
tai_jsp020,JSP,XH,Taillard,extension,300,151-500,seconds,12.0210597,3
tai_jsp020,JSP,XT,Taillard,extension,300,151-500,hv_deficit_pct,0.3519718403455441,3
tai_jsp020,JSP,XT,Taillard,extension,300,151-500,makespan_gap_pct,1.5312916111850816,3
tai_jsp020,JSP,XT,Taillard,extension,300,151-500,flowtime_gap_pct,2.3914557696772754,3
tai_jsp020,JSP,XT,Taillard,extension,300,151-500,seconds,9.9845017,3
tai_jsp020,JSP,XE,Taillard,extension,300,151-500,hv_deficit_pct,1.471228905954347,3
tai_jsp020,JSP,XE,Taillard,extension,300,151-500,makespan_gap_pct,9.786950732356846,3
tai_jsp020,JSP,XE,Taillard,extension,300,151-500,flowtime_gap_pct,6.021205789025608,3
tai_jsp020,JSP,XE,Taillard,extension,300,151-500,seconds,3.5975724,3
tai_jsp020,JSP,XHT,Taillard,extension,300,151-500,hv_deficit_pct,0.05264604262851247,3
tai_jsp020,JSP,XHT,Taillard,extension,300,151-500,makespan_gap_pct,0.5326231691078487,3
tai_jsp020,JSP,XHT,Taillard,extension,300,151-500,flowtime_gap_pct,0.01160900859067393,3
tai_jsp020,JSP,XHT,Taillard,extension,300,151-500,seconds,11.4337396,3
tai_jsp020,JSP,XHE,Taillard,extension,300,151-500,hv_deficit_pct,0.19447015016432756,3
tai_jsp020,JSP,XHE,Taillard,extension,300,151-500,makespan_gap_pct,0.26631158455392434,3
tai_jsp020,JSP,XHE,Taillard,extension,300,151-500,flowtime_gap_pct,2.012228155715512,3
tai_jsp020,JSP,XHE,Taillard,extension,300,151-500,seconds,7.6452214,3
tai_jsp020,JSP,XTE,Taillard,extension,300,151-500,hv_deficit_pct,0.351966894656508,3
tai_jsp020,JSP,XTE,Taillard,extension,300,151-500,makespan_gap_pct,1.5312916111850816,3
tai_jsp020,JSP,XTE,Taillard,extension,300,151-500,flowtime_gap_pct,2.3914557696772754,3
tai_jsp020,JSP,XTE,Taillard,extension,300,151-500,seconds,7.3512117,3
tai_jsp020,JSP,XHTE,Taillard,extension,300,151-500,hv_deficit_pct,0.05264604262851247,3
tai_jsp020,JSP,XHTE,Taillard,extension,300,151-500,makespan_gap_pct,0.5326231691078487,3
tai_jsp020,JSP,XHTE,Taillard,extension,300,151-500,flowtime_gap_pct,0.01160900859067393,3
tai_jsp020,JSP,XHTE,Taillard,extension,300,151-500,seconds,9.3509586,3
tai_jsp020,JSP,NSGA-II,Taillard,extension,300,151-500,hv_deficit_pct,2.2068334643280174,3
tai_jsp020,JSP,NSGA-II,Taillard,extension,300,151-500,makespan_gap_pct,10.585885486018643,3
tai_jsp020,JSP,NSGA-II,Taillard,extension,300,151-500,flowtime_gap_pct,14.070118411887634,3
tai_jsp020,JSP,NSGA-II,Taillard,extension,300,151-500,seconds,0.5545868000481278,3
tai_jsp020,JSP,SPEA2,Taillard,extension,300,151-500,hv_deficit_pct,1.9992496261691972,3
tai_jsp020,JSP,SPEA2,Taillard,extension,300,151-500,makespan_gap_pct,9.05459387483356,3
tai_jsp020,JSP,SPEA2,Taillard,extension,300,151-500,flowtime_gap_pct,13.214921445708526,3
tai_jsp020,JSP,SPEA2,Taillard,extension,300,151-500,seconds,0.610310300020501,3
tai_jsp020,JSP,MOEA/D,Taillard,extension,300,151-500,hv_deficit_pct,1.8476346864280124,3
tai_jsp020,JSP,MOEA/D,Taillard,extension,300,151-500,makespan_gap_pct,7.390146471371506,3
tai_jsp020,JSP,MOEA/D,Taillard,extension,300,151-500,flowtime_gap_pct,13.354229548796525,3
tai_jsp020,JSP,MOEA/D,Taillard,extension,300,151-500,seconds,0.7608361000893638,3
tai_jsp020,JSP,SMS-EMOA,Taillard,extension,300,151-500,hv_deficit_pct,1.9304534661118478,3
tai_jsp020,JSP,SMS-EMOA,Taillard,extension,300,151-500,makespan_gap_pct,9.45406125166446,3
tai_jsp020,JSP,SMS-EMOA,Taillard,extension,300,151-500,flowtime_gap_pct,12.201068028790353,3
tai_jsp020,JSP,SMS-EMOA,Taillard,extension,300,151-500,seconds,0.5617032001027837,3
tai_jsp025,JSP,XG,Taillard,extension,400,151-500,hv_deficit_pct,2.3476371211545,3
tai_jsp025,JSP,XG,Taillard,extension,400,151-500,makespan_gap_pct,17.388825541619156,3
tai_jsp025,JSP,XG,Taillard,extension,400,151-500,flowtime_gap_pct,10.756870496716186,3
tai_jsp025,JSP,XG,Taillard,extension,400,151-500,seconds,0.0148297,3
tai_jsp025,JSP,XH,Taillard,extension,400,151-500,hv_deficit_pct,0.26255641787599204,3
tai_jsp025,JSP,XH,Taillard,extension,400,151-500,makespan_gap_pct,2.6225769669327326,3
tai_jsp025,JSP,XH,Taillard,extension,400,151-500,flowtime_gap_pct,0.5993751195562114,3
tai_jsp025,JSP,XH,Taillard,extension,400,151-500,seconds,17.4997045,3
tai_jsp025,JSP,XT,Taillard,extension,400,151-500,hv_deficit_pct,0.40993488901398534,3
tai_jsp025,JSP,XT,Taillard,extension,400,151-500,makespan_gap_pct,4.275940706955539,3
tai_jsp025,JSP,XT,Taillard,extension,400,151-500,flowtime_gap_pct,0.6185041127335422,3
tai_jsp025,JSP,XT,Taillard,extension,400,151-500,seconds,14.1658694,3
tai_jsp025,JSP,XE,Taillard,extension,400,151-500,hv_deficit_pct,2.242904737235263,3
tai_jsp025,JSP,XE,Taillard,extension,400,151-500,makespan_gap_pct,16.248574686431017,3
tai_jsp025,JSP,XE,Taillard,extension,400,151-500,flowtime_gap_pct,10.581521392590698,3
tai_jsp025,JSP,XE,Taillard,extension,400,151-500,seconds,5.2296405,3
tai_jsp025,JSP,XHT,Taillard,extension,400,151-500,hv_deficit_pct,0.26355341144304045,3
tai_jsp025,JSP,XHT,Taillard,extension,400,151-500,makespan_gap_pct,2.6225769669327326,3
tai_jsp025,JSP,XHT,Taillard,extension,400,151-500,flowtime_gap_pct,0.19447809730281929,3
tai_jsp025,JSP,XHT,Taillard,extension,400,151-500,seconds,16.0956026,3
tai_jsp025,JSP,XHE,Taillard,extension,400,151-500,hv_deficit_pct,0.36763410617072223,3
tai_jsp025,JSP,XHE,Taillard,extension,400,151-500,makespan_gap_pct,2.850627137970352,3
tai_jsp025,JSP,XHE,Taillard,extension,400,151-500,flowtime_gap_pct,0.5993751195562114,3
tai_jsp025,JSP,XHE,Taillard,extension,400,151-500,seconds,11.409389000000001,3
tai_jsp025,JSP,XTE,Taillard,extension,400,151-500,hv_deficit_pct,0.46015398931436025,3
tai_jsp025,JSP,XTE,Taillard,extension,400,151-500,makespan_gap_pct,4.846066134549609,3
tai_jsp025,JSP,XTE,Taillard,extension,400,151-500,flowtime_gap_pct,0.6185041127335422,3
tai_jsp025,JSP,XTE,Taillard,extension,400,151-500,seconds,9.463367,3
tai_jsp025,JSP,XHTE,Taillard,extension,400,151-500,hv_deficit_pct,0.21645622226381667,3
tai_jsp025,JSP,XHTE,Taillard,extension,400,151-500,makespan_gap_pct,0.5701254275940704,3
tai_jsp025,JSP,XHTE,Taillard,extension,400,151-500,flowtime_gap_pct,0.19447809730281929,3
tai_jsp025,JSP,XHTE,Taillard,extension,400,151-500,seconds,12.0763183,3
tai_jsp025,JSP,NSGA-II,Taillard,extension,400,151-500,hv_deficit_pct,1.5391508095772166,3
tai_jsp025,JSP,NSGA-II,Taillard,extension,400,151-500,makespan_gap_pct,8.551881413911055,3
tai_jsp025,JSP,NSGA-II,Taillard,extension,400,151-500,flowtime_gap_pct,10.29777466046038,3
tai_jsp025,JSP,NSGA-II,Taillard,extension,400,151-500,seconds,0.7701209000078961,3
tai_jsp025,JSP,SPEA2,Taillard,extension,400,151-500,hv_deficit_pct,1.7571333037967651,3
tai_jsp025,JSP,SPEA2,Taillard,extension,400,151-500,makespan_gap_pct,9.863169897377432,3
tai_jsp025,JSP,SPEA2,Taillard,extension,400,151-500,flowtime_gap_pct,11.203213670853795,3
tai_jsp025,JSP,SPEA2,Taillard,extension,400,151-500,seconds,0.8130206000059843,3
tai_jsp025,JSP,MOEA/D,Taillard,extension,400,151-500,hv_deficit_pct,1.2892519715372641,3
tai_jsp025,JSP,MOEA/D,Taillard,extension,400,151-500,makespan_gap_pct,8.266818700114031,3
tai_jsp025,JSP,MOEA/D,Taillard,extension,400,151-500,flowtime_gap_pct,7.41248485621373,3
tai_jsp025,JSP,MOEA/D,Taillard,extension,400,151-500,seconds,0.9160087000345811,3
tai_jsp025,JSP,SMS-EMOA,Taillard,extension,400,151-500,hv_deficit_pct,1.6522403076438152,3
tai_jsp025,JSP,SMS-EMOA,Taillard,extension,400,151-500,makespan_gap_pct,10.547320410490313,3
tai_jsp025,JSP,SMS-EMOA,Taillard,extension,400,151-500,flowtime_gap_pct,10.265893005164827,3
tai_jsp025,JSP,SMS-EMOA,Taillard,extension,400,151-500,seconds,0.7923318999819458,3
tai_jsp026,JSP,XG,Taillard,extension,400,151-500,hv_deficit_pct,2.462904664000176,3
tai_jsp026,JSP,XG,Taillard,extension,400,151-500,makespan_gap_pct,20.15765765765767,3
tai_jsp026,JSP,XG,Taillard,extension,400,151-500,flowtime_gap_pct,13.67739466045741,3
tai_jsp026,JSP,XG,Taillard,extension,400,151-500,seconds,0.0134687,3
tai_jsp026,JSP,XH,Taillard,extension,400,151-500,hv_deficit_pct,0.20498975095515348,3
tai_jsp026,JSP,XH,Taillard,extension,400,151-500,makespan_gap_pct,4.335585585585577,3
tai_jsp026,JSP,XH,Taillard,extension,400,151-500,flowtime_gap_pct,2.615546553538972,3
tai_jsp026,JSP,XH,Taillard,extension,400,151-500,seconds,17.9291937,3
tai_jsp026,JSP,XT,Taillard,extension,400,151-500,hv_deficit_pct,0.5879018088532639,3
tai_jsp026,JSP,XT,Taillard,extension,400,151-500,makespan_gap_pct,6.137387387387383,3
tai_jsp026,JSP,XT,Taillard,extension,400,151-500,flowtime_gap_pct,4.669707505342724,3
tai_jsp026,JSP,XT,Taillard,extension,400,151-500,seconds,14.0110701,3
tai_jsp026,JSP,XE,Taillard,extension,400,151-500,hv_deficit_pct,1.9734507942278712,3
tai_jsp026,JSP,XE,Taillard,extension,400,151-500,makespan_gap_pct,14.752252252252251,3
tai_jsp026,JSP,XE,Taillard,extension,400,151-500,flowtime_gap_pct,13.511530732671995,3
tai_jsp026,JSP,XE,Taillard,extension,400,151-500,seconds,5.2852765,3
tai_jsp026,JSP,XHT,Taillard,extension,400,151-500,hv_deficit_pct,0.1190378654735258,3
tai_jsp026,JSP,XHT,Taillard,extension,400,151-500,makespan_gap_pct,3.153153153153143,3
tai_jsp026,JSP,XHT,Taillard,extension,400,151-500,flowtime_gap_pct,1.4513093681222333,3
tai_jsp026,JSP,XHT,Taillard,extension,400,151-500,seconds,17.6546032,3
tai_jsp026,JSP,XHE,Taillard,extension,400,151-500,hv_deficit_pct,0.2035670718663618,3
tai_jsp026,JSP,XHE,Taillard,extension,400,151-500,makespan_gap_pct,4.335585585585577,3
tai_jsp026,JSP,XHE,Taillard,extension,400,151-500,flowtime_gap_pct,2.5964084080252636,3
tai_jsp026,JSP,XHE,Taillard,extension,400,151-500,seconds,11.6251392,3
tai_jsp026,JSP,XTE,Taillard,extension,400,151-500,hv_deficit_pct,0.6944144728536883,3
tai_jsp026,JSP,XTE,Taillard,extension,400,151-500,makespan_gap_pct,6.644144144144137,3
tai_jsp026,JSP,XTE,Taillard,extension,400,151-500,flowtime_gap_pct,5.030142579184083,3
tai_jsp026,JSP,XTE,Taillard,extension,400,151-500,seconds,10.5398663,3
tai_jsp026,JSP,XHTE,Taillard,extension,400,151-500,hv_deficit_pct,0.23448253289867216,3
tai_jsp026,JSP,XHTE,Taillard,extension,400,151-500,makespan_gap_pct,2.98423423423424,3
tai_jsp026,JSP,XHTE,Taillard,extension,400,151-500,flowtime_gap_pct,3.2056393735446997,3
tai_jsp026,JSP,XHTE,Taillard,extension,400,151-500,seconds,12.9917872,3
tai_jsp026,JSP,NSGA-II,Taillard,extension,400,151-500,hv_deficit_pct,1.737424861254333,3
tai_jsp026,JSP,NSGA-II,Taillard,extension,400,151-500,makespan_gap_pct,11.09234234234233,3
tai_jsp026,JSP,NSGA-II,Taillard,extension,400,151-500,flowtime_gap_pct,13.342477113967654,3
tai_jsp026,JSP,NSGA-II,Taillard,extension,400,151-500,seconds,0.7797551000257954,3
tai_jsp026,JSP,SPEA2,Taillard,extension,400,151-500,hv_deficit_pct,1.7357041743677026,3
tai_jsp026,JSP,SPEA2,Taillard,extension,400,151-500,makespan_gap_pct,11.993243243243246,3
tai_jsp026,JSP,SPEA2,Taillard,extension,400,151-500,flowtime_gap_pct,13.157475040668555,3
tai_jsp026,JSP,SPEA2,Taillard,extension,400,151-500,seconds,0.756190299987793,3
tai_jsp026,JSP,MOEA/D,Taillard,extension,400,151-500,hv_deficit_pct,1.4130661806010858,3
tai_jsp026,JSP,MOEA/D,Taillard,extension,400,151-500,makespan_gap_pct,8.727477477477485,3
tai_jsp026,JSP,MOEA/D,Taillard,extension,400,151-500,flowtime_gap_pct,11.049089343242645,3
tai_jsp026,JSP,MOEA/D,Taillard,extension,400,151-500,seconds,0.889552199980244,3
tai_jsp026,JSP,SMS-EMOA,Taillard,extension,400,151-500,hv_deficit_pct,1.8199965215439207,3
tai_jsp026,JSP,SMS-EMOA,Taillard,extension,400,151-500,makespan_gap_pct,12.725225225225234,3
tai_jsp026,JSP,SMS-EMOA,Taillard,extension,400,151-500,flowtime_gap_pct,12.42065643839112,3
tai_jsp026,JSP,SMS-EMOA,Taillard,extension,400,151-500,seconds,0.7916604999918491,3
tai_jsp031,JSP,XG,Taillard,extension,450,151-500,hv_deficit_pct,1.464194138753816,3
tai_jsp031,JSP,XG,Taillard,extension,450,151-500,makespan_gap_pct,11.381709741550704,3
tai_jsp031,JSP,XG,Taillard,extension,450,151-500,flowtime_gap_pct,6.854804867813691,3
tai_jsp031,JSP,XG,Taillard,extension,450,151-500,seconds,0.0208031,3
tai_jsp031,JSP,XH,Taillard,extension,450,151-500,hv_deficit_pct,0.1440481704202634,3
tai_jsp031,JSP,XH,Taillard,extension,450,151-500,makespan_gap_pct,1.6401590457256532,3
tai_jsp031,JSP,XH,Taillard,extension,450,151-500,flowtime_gap_pct,0.0,3
tai_jsp031,JSP,XH,Taillard,extension,450,151-500,seconds,26.0204346,3
tai_jsp031,JSP,XT,Taillard,extension,450,151-500,hv_deficit_pct,0.4095535129672978,3
tai_jsp031,JSP,XT,Taillard,extension,450,151-500,makespan_gap_pct,2.4353876739562574,3
tai_jsp031,JSP,XT,Taillard,extension,450,151-500,flowtime_gap_pct,2.882920688208146,3
tai_jsp031,JSP,XT,Taillard,extension,450,151-500,seconds,20.587279,3
tai_jsp031,JSP,XE,Taillard,extension,450,151-500,hv_deficit_pct,1.427843564760889,3
tai_jsp031,JSP,XE,Taillard,extension,450,151-500,makespan_gap_pct,11.083499005964214,3
tai_jsp031,JSP,XE,Taillard,extension,450,151-500,flowtime_gap_pct,6.703734788082238,3
tai_jsp031,JSP,XE,Taillard,extension,450,151-500,seconds,5.6865629,3
tai_jsp031,JSP,XHT,Taillard,extension,450,151-500,hv_deficit_pct,0.09624013133867626,3
tai_jsp031,JSP,XHT,Taillard,extension,450,151-500,makespan_gap_pct,0.994035785288272,3
tai_jsp031,JSP,XHT,Taillard,extension,450,151-500,flowtime_gap_pct,0.0,3
tai_jsp031,JSP,XHT,Taillard,extension,450,151-500,seconds,23.238647,3
tai_jsp031,JSP,XHE,Taillard,extension,450,151-500,hv_deficit_pct,0.14447467968906613,3
tai_jsp031,JSP,XHE,Taillard,extension,450,151-500,makespan_gap_pct,1.6401590457256532,3
tai_jsp031,JSP,XHE,Taillard,extension,450,151-500,flowtime_gap_pct,0.0,3
tai_jsp031,JSP,XHE,Taillard,extension,450,151-500,seconds,16.7588926,3
tai_jsp031,JSP,XTE,Taillard,extension,450,151-500,hv_deficit_pct,0.40954019709112943,3
tai_jsp031,JSP,XTE,Taillard,extension,450,151-500,makespan_gap_pct,2.4353876739562574,3
tai_jsp031,JSP,XTE,Taillard,extension,450,151-500,flowtime_gap_pct,3.03608896349139,3
tai_jsp031,JSP,XTE,Taillard,extension,450,151-500,seconds,14.2666002,3
tai_jsp031,JSP,XHTE,Taillard,extension,450,151-500,hv_deficit_pct,0.2135931673706737,3
tai_jsp031,JSP,XHTE,Taillard,extension,450,151-500,makespan_gap_pct,0.8449304174950267,3
tai_jsp031,JSP,XHTE,Taillard,extension,450,151-500,flowtime_gap_pct,2.054133445237105,3
tai_jsp031,JSP,XHTE,Taillard,extension,450,151-500,seconds,17.5083093,3
tai_jsp031,JSP,NSGA-II,Taillard,extension,450,151-500,hv_deficit_pct,1.7275435569424458,3
tai_jsp031,JSP,NSGA-II,Taillard,extension,450,151-500,makespan_gap_pct,7.3061630218687945,3
tai_jsp031,JSP,NSGA-II,Taillard,extension,450,151-500,flowtime_gap_pct,16.31347041544271,3
tai_jsp031,JSP,NSGA-II,Taillard,extension,450,151-500,seconds,0.9325470000039786,3
tai_jsp031,JSP,SPEA2,Taillard,extension,450,151-500,hv_deficit_pct,1.6158625763463053,3
tai_jsp031,JSP,SPEA2,Taillard,extension,450,151-500,makespan_gap_pct,6.8091451292246585,3
tai_jsp031,JSP,SPEA2,Taillard,extension,450,151-500,flowtime_gap_pct,14.725136382710868,3
tai_jsp031,JSP,SPEA2,Taillard,extension,450,151-500,seconds,1.0155484999995679,3
tai_jsp031,JSP,MOEA/D,Taillard,extension,450,151-500,hv_deficit_pct,1.601183014035168,3
tai_jsp031,JSP,MOEA/D,Taillard,extension,450,151-500,makespan_gap_pct,6.5606361829025905,3
tai_jsp031,JSP,MOEA/D,Taillard,extension,450,151-500,flowtime_gap_pct,15.098615190935805,3
tai_jsp031,JSP,MOEA/D,Taillard,extension,450,151-500,seconds,1.1640743999741971,3
tai_jsp031,JSP,SMS-EMOA,Taillard,extension,450,151-500,hv_deficit_pct,1.5277516745576536,3
tai_jsp031,JSP,SMS-EMOA,Taillard,extension,450,151-500,makespan_gap_pct,5.268389662027828,3
tai_jsp031,JSP,SMS-EMOA,Taillard,extension,450,151-500,flowtime_gap_pct,15.675618967687788,3
tai_jsp031,JSP,SMS-EMOA,Taillard,extension,450,151-500,seconds,0.9780582000967115,3
tai_jsp037,JSP,XG,Taillard,extension,450,151-500,hv_deficit_pct,2.42576196097527,3
tai_jsp037,JSP,XG,Taillard,extension,450,151-500,makespan_gap_pct,20.954773869346745,3
tai_jsp037,JSP,XG,Taillard,extension,450,151-500,flowtime_gap_pct,11.32667617689016,3
tai_jsp037,JSP,XG,Taillard,extension,450,151-500,seconds,0.0219174,3
tai_jsp037,JSP,XH,Taillard,extension,450,151-500,hv_deficit_pct,0.11071179904138528,3
tai_jsp037,JSP,XH,Taillard,extension,450,151-500,makespan_gap_pct,1.0552763819095423,3
tai_jsp037,JSP,XH,Taillard,extension,450,151-500,flowtime_gap_pct,0.8803749745261769,3
tai_jsp037,JSP,XH,Taillard,extension,450,151-500,seconds,24.8584243,3
tai_jsp037,JSP,XT,Taillard,extension,450,151-500,hv_deficit_pct,0.8369815355994903,3
tai_jsp037,JSP,XT,Taillard,extension,450,151-500,makespan_gap_pct,8.090452261306535,3
tai_jsp037,JSP,XT,Taillard,extension,450,151-500,flowtime_gap_pct,2.559608722233553,3
tai_jsp037,JSP,XT,Taillard,extension,450,151-500,seconds,22.3457292,3
tai_jsp037,JSP,XE,Taillard,extension,450,151-500,hv_deficit_pct,2.306355671407667,3
tai_jsp037,JSP,XE,Taillard,extension,450,151-500,makespan_gap_pct,19.89949748743718,3
tai_jsp037,JSP,XE,Taillard,extension,450,151-500,flowtime_gap_pct,11.069900142653344,3
tai_jsp037,JSP,XE,Taillard,extension,450,151-500,seconds,6.2929453,3
tai_jsp037,JSP,XHT,Taillard,extension,450,151-500,hv_deficit_pct,0.15529556296487446,3
tai_jsp037,JSP,XHT,Taillard,extension,450,151-500,makespan_gap_pct,1.4070351758793898,3
tai_jsp037,JSP,XHT,Taillard,extension,450,151-500,flowtime_gap_pct,1.719991848379876,3
tai_jsp037,JSP,XHT,Taillard,extension,450,151-500,seconds,27.760112200000002,3
tai_jsp037,JSP,XHE,Taillard,extension,450,151-500,hv_deficit_pct,0.17298749920494627,3
tai_jsp037,JSP,XHE,Taillard,extension,450,151-500,makespan_gap_pct,1.155778894472359,3
tai_jsp037,JSP,XHE,Taillard,extension,450,151-500,flowtime_gap_pct,1.719991848379876,3
tai_jsp037,JSP,XHE,Taillard,extension,450,151-500,seconds,15.1150345,3
tai_jsp037,JSP,XTE,Taillard,extension,450,151-500,hv_deficit_pct,0.9533513188413445,3
tai_jsp037,JSP,XTE,Taillard,extension,450,151-500,makespan_gap_pct,8.844221105527627,3
tai_jsp037,JSP,XTE,Taillard,extension,450,151-500,flowtime_gap_pct,4.711636437741995,3
tai_jsp037,JSP,XTE,Taillard,extension,450,151-500,seconds,14.1381414,3
tai_jsp037,JSP,XHTE,Taillard,extension,450,151-500,hv_deficit_pct,0.1733141674335914,3
tai_jsp037,JSP,XHTE,Taillard,extension,450,151-500,makespan_gap_pct,0.6030150753768782,3
tai_jsp037,JSP,XHTE,Taillard,extension,450,151-500,flowtime_gap_pct,1.719991848379876,3
tai_jsp037,JSP,XHTE,Taillard,extension,450,151-500,seconds,18.7297549,3
tai_jsp037,JSP,NSGA-II,Taillard,extension,450,151-500,hv_deficit_pct,2.0415730090721174,3
tai_jsp037,JSP,NSGA-II,Taillard,extension,450,151-500,makespan_gap_pct,12.311557788944727,3
tai_jsp037,JSP,NSGA-II,Taillard,extension,450,151-500,flowtime_gap_pct,17.057265131444876,3
tai_jsp037,JSP,NSGA-II,Taillard,extension,450,151-500,seconds,0.9453422999940813,3
tai_jsp037,JSP,SPEA2,Taillard,extension,450,151-500,hv_deficit_pct,1.8711603317571046,3
tai_jsp037,JSP,SPEA2,Taillard,extension,450,151-500,makespan_gap_pct,11.10552763819095,3
tai_jsp037,JSP,SPEA2,Taillard,extension,450,151-500,flowtime_gap_pct,16.37456694518036,3
tai_jsp037,JSP,SPEA2,Taillard,extension,450,151-500,seconds,1.0319582999218255,3
tai_jsp037,JSP,MOEA/D,Taillard,extension,450,151-500,hv_deficit_pct,2.115163678530896,3
tai_jsp037,JSP,MOEA/D,Taillard,extension,450,151-500,makespan_gap_pct,12.311557788944727,3
tai_jsp037,JSP,MOEA/D,Taillard,extension,450,151-500,flowtime_gap_pct,17.065416751579377,3
tai_jsp037,JSP,MOEA/D,Taillard,extension,450,151-500,seconds,1.239185000071302,3
tai_jsp037,JSP,SMS-EMOA,Taillard,extension,450,151-500,hv_deficit_pct,1.8484429759201393,3
tai_jsp037,JSP,SMS-EMOA,Taillard,extension,450,151-500,makespan_gap_pct,10.603015075376888,3
tai_jsp037,JSP,SMS-EMOA,Taillard,extension,450,151-500,flowtime_gap_pct,15.565518646831066,3
tai_jsp037,JSP,SMS-EMOA,Taillard,extension,450,151-500,seconds,1.0051351999863982,3
tai_jsp044,JSP,XG,Taillard,extension,600,501+,hv_deficit_pct,1.3996454697145277,3
tai_jsp044,JSP,XG,Taillard,extension,600,501+,makespan_gap_pct,13.010989010989004,3
tai_jsp044,JSP,XG,Taillard,extension,600,501+,flowtime_gap_pct,8.943713577834389,3
tai_jsp044,JSP,XG,Taillard,extension,600,501+,seconds,0.0293803,3
tai_jsp044,JSP,XH,Taillard,extension,600,501+,hv_deficit_pct,0.08732491992344826,3
tai_jsp044,JSP,XH,Taillard,extension,600,501+,makespan_gap_pct,1.1428571428571344,3
tai_jsp044,JSP,XH,Taillard,extension,600,501+,flowtime_gap_pct,2.283909690477026,3
tai_jsp044,JSP,XH,Taillard,extension,600,501+,seconds,36.9448453,3
tai_jsp044,JSP,XT,Taillard,extension,600,501+,hv_deficit_pct,0.5555373602225466,3
tai_jsp044,JSP,XT,Taillard,extension,600,501+,makespan_gap_pct,5.142857142857138,3
tai_jsp044,JSP,XT,Taillard,extension,600,501+,flowtime_gap_pct,3.8646752974840437,3
tai_jsp044,JSP,XT,Taillard,extension,600,501+,seconds,27.5085793,3
tai_jsp044,JSP,XE,Taillard,extension,600,501+,hv_deficit_pct,1.3805396220058386,3
tai_jsp044,JSP,XE,Taillard,extension,600,501+,makespan_gap_pct,12.791208791208785,3
tai_jsp044,JSP,XE,Taillard,extension,600,501+,flowtime_gap_pct,8.7971525281781,3
tai_jsp044,JSP,XE,Taillard,extension,600,501+,seconds,8.1383079,3
tai_jsp044,JSP,XHT,Taillard,extension,600,501+,hv_deficit_pct,0.07788830100253774,3
tai_jsp044,JSP,XHT,Taillard,extension,600,501+,makespan_gap_pct,0.9230769230769154,3
tai_jsp044,JSP,XHT,Taillard,extension,600,501+,flowtime_gap_pct,0.26520570890185,3
tai_jsp044,JSP,XHT,Taillard,extension,600,501+,seconds,35.1773471,3
tai_jsp044,JSP,XHE,Taillard,extension,600,501+,hv_deficit_pct,0.16040227525455641,3
tai_jsp044,JSP,XHE,Taillard,extension,600,501+,makespan_gap_pct,1.5824175824175724,3
tai_jsp044,JSP,XHE,Taillard,extension,600,501+,flowtime_gap_pct,2.283909690477026,3
tai_jsp044,JSP,XHE,Taillard,extension,600,501+,seconds,21.9792166,3
tai_jsp044,JSP,XTE,Taillard,extension,600,501+,hv_deficit_pct,0.560455942476279,3
tai_jsp044,JSP,XTE,Taillard,extension,600,501+,makespan_gap_pct,5.0989010989010985,3
tai_jsp044,JSP,XTE,Taillard,extension,600,501+,flowtime_gap_pct,4.51547614893395,3
tai_jsp044,JSP,XTE,Taillard,extension,600,501+,seconds,18.5322274,3
tai_jsp044,JSP,XHTE,Taillard,extension,600,501+,hv_deficit_pct,0.055805398105523984,3
tai_jsp044,JSP,XHTE,Taillard,extension,600,501+,makespan_gap_pct,1.5824175824175724,3
tai_jsp044,JSP,XHTE,Taillard,extension,600,501+,flowtime_gap_pct,0.26520570890185,3
tai_jsp044,JSP,XHTE,Taillard,extension,600,501+,seconds,26.0073991,3
tai_jsp044,JSP,NSGA-II,Taillard,extension,600,501+,hv_deficit_pct,1.6263457626269018,3
tai_jsp044,JSP,NSGA-II,Taillard,extension,600,501+,makespan_gap_pct,9.27472527472528,3
tai_jsp044,JSP,NSGA-II,Taillard,extension,600,501+,flowtime_gap_pct,17.215689011410817,3
tai_jsp044,JSP,NSGA-II,Taillard,extension,600,501+,seconds,1.3145734999561682,3
tai_jsp044,JSP,SPEA2,Taillard,extension,600,501+,hv_deficit_pct,1.6337652677835268,3
tai_jsp044,JSP,SPEA2,Taillard,extension,600,501+,makespan_gap_pct,10.637362637362635,3
tai_jsp044,JSP,SPEA2,Taillard,extension,600,501+,flowtime_gap_pct,15.701224831629279,3
tai_jsp044,JSP,SPEA2,Taillard,extension,600,501+,seconds,1.3254536000313237,3
tai_jsp044,JSP,MOEA/D,Taillard,extension,600,501+,hv_deficit_pct,1.5507244909101936,3
tai_jsp044,JSP,MOEA/D,Taillard,extension,600,501+,makespan_gap_pct,10.549450549450556,3
tai_jsp044,JSP,MOEA/D,Taillard,extension,600,501+,flowtime_gap_pct,15.275499877865784,3
tai_jsp044,JSP,MOEA/D,Taillard,extension,600,501+,seconds,1.4183721999870613,3
tai_jsp044,JSP,SMS-EMOA,Taillard,extension,600,501+,hv_deficit_pct,1.629188582900687,3
tai_jsp044,JSP,SMS-EMOA,Taillard,extension,600,501+,makespan_gap_pct,11.032967032967033,3
tai_jsp044,JSP,SMS-EMOA,Taillard,extension,600,501+,flowtime_gap_pct,15.128938828209515,3
tai_jsp044,JSP,SMS-EMOA,Taillard,extension,600,501+,seconds,1.2722561000846326,3
tai_jsp049,JSP,XG,Taillard,extension,600,501+,hv_deficit_pct,1.6161425254909378,3
tai_jsp049,JSP,XG,Taillard,extension,600,501+,makespan_gap_pct,9.074889867841417,3
tai_jsp049,JSP,XG,Taillard,extension,600,501+,flowtime_gap_pct,16.490142054603353,3
tai_jsp049,JSP,XG,Taillard,extension,600,501+,seconds,0.0281084,3
tai_jsp049,JSP,XH,Taillard,extension,600,501+,hv_deficit_pct,0.058867498186743195,3
tai_jsp049,JSP,XH,Taillard,extension,600,501+,makespan_gap_pct,0.7488986784141005,3
tai_jsp049,JSP,XH,Taillard,extension,600,501+,flowtime_gap_pct,0.5528321465631425,3
tai_jsp049,JSP,XH,Taillard,extension,600,501+,seconds,33.9874834,3
tai_jsp049,JSP,XT,Taillard,extension,600,501+,hv_deficit_pct,0.5443006147572094,3
tai_jsp049,JSP,XT,Taillard,extension,600,501+,makespan_gap_pct,3.2599118942731264,3
tai_jsp049,JSP,XT,Taillard,extension,600,501+,flowtime_gap_pct,5.809210290907796,3
tai_jsp049,JSP,XT,Taillard,extension,600,501+,seconds,28.221314,3
tai_jsp049,JSP,XE,Taillard,extension,600,501+,hv_deficit_pct,1.6115276211635998,3
tai_jsp049,JSP,XE,Taillard,extension,600,501+,makespan_gap_pct,9.074889867841417,3
tai_jsp049,JSP,XE,Taillard,extension,600,501+,flowtime_gap_pct,16.413210720291982,3
tai_jsp049,JSP,XE,Taillard,extension,600,501+,seconds,8.3130543,3
tai_jsp049,JSP,XHT,Taillard,extension,600,501+,hv_deficit_pct,0.2243526472615498,3
tai_jsp049,JSP,XHT,Taillard,extension,600,501+,makespan_gap_pct,1.1013215859030812,3
tai_jsp049,JSP,XHT,Taillard,extension,600,501+,flowtime_gap_pct,2.5977743586073743,3
tai_jsp049,JSP,XHT,Taillard,extension,600,501+,seconds,35.4493958,3
tai_jsp049,JSP,XHE,Taillard,extension,600,501+,hv_deficit_pct,0.255851427268039,3
tai_jsp049,JSP,XHE,Taillard,extension,600,501+,makespan_gap_pct,1.6740088105726914,3
tai_jsp049,JSP,XHE,Taillard,extension,600,501+,flowtime_gap_pct,3.145239202776695,3
tai_jsp049,JSP,XHE,Taillard,extension,600,501+,seconds,20.4199224,3
tai_jsp049,JSP,XTE,Taillard,extension,600,501+,hv_deficit_pct,0.7031932143653719,3
tai_jsp049,JSP,XTE,Taillard,extension,600,501+,makespan_gap_pct,4.669603524229071,3
tai_jsp049,JSP,XTE,Taillard,extension,600,501+,flowtime_gap_pct,6.7127061938669685,3
tai_jsp049,JSP,XTE,Taillard,extension,600,501+,seconds,18.5627744,3
tai_jsp049,JSP,XHTE,Taillard,extension,600,501+,hv_deficit_pct,0.2537901839208434,3
tai_jsp049,JSP,XHTE,Taillard,extension,600,501+,makespan_gap_pct,1.6740088105726914,3
tai_jsp049,JSP,XHTE,Taillard,extension,600,501+,flowtime_gap_pct,2.5977743586073743,3
tai_jsp049,JSP,XHTE,Taillard,extension,600,501+,seconds,25.5601055,3
tai_jsp049,JSP,NSGA-II,Taillard,extension,600,501+,hv_deficit_pct,1.484318295333087,3
tai_jsp049,JSP,NSGA-II,Taillard,extension,600,501+,makespan_gap_pct,7.973568281938337,3
tai_jsp049,JSP,NSGA-II,Taillard,extension,600,501+,flowtime_gap_pct,15.645686477976174,3
tai_jsp049,JSP,NSGA-II,Taillard,extension,600,501+,seconds,1.2687643999233842,3
tai_jsp049,JSP,SPEA2,Taillard,extension,600,501+,hv_deficit_pct,1.3130391048150059,3
tai_jsp049,JSP,SPEA2,Taillard,extension,600,501+,makespan_gap_pct,7.224669603524236,3
tai_jsp049,JSP,SPEA2,Taillard,extension,600,501+,flowtime_gap_pct,14.085590582173403,3
tai_jsp049,JSP,SPEA2,Taillard,extension,600,501+,seconds,1.3229595999000594,3
tai_jsp049,JSP,MOEA/D,Taillard,extension,600,501+,hv_deficit_pct,1.172648899022255,3
tai_jsp049,JSP,MOEA/D,Taillard,extension,600,501+,makespan_gap_pct,6.519823788546253,3
tai_jsp049,JSP,MOEA/D,Taillard,extension,600,501+,flowtime_gap_pct,11.768705048842442,3
tai_jsp049,JSP,MOEA/D,Taillard,extension,600,501+,seconds,1.4563608999596909,3
tai_jsp049,JSP,SMS-EMOA,Taillard,extension,600,501+,hv_deficit_pct,1.5584473747575434,3
tai_jsp049,JSP,SMS-EMOA,Taillard,extension,600,501+,makespan_gap_pct,7.973568281938337,3
tai_jsp049,JSP,SMS-EMOA,Taillard,extension,600,501+,flowtime_gap_pct,16.610011808065273,3
tai_jsp049,JSP,SMS-EMOA,Taillard,extension,600,501+,seconds,1.3833284000866115,3
tai_jsp052,JSP,XG,Taillard,extension,750,501+,hv_deficit_pct,1.52240285938664,3
tai_jsp052,JSP,XG,Taillard,extension,750,501+,makespan_gap_pct,8.862478777589144,3
tai_jsp052,JSP,XG,Taillard,extension,750,501+,flowtime_gap_pct,16.202068153381898,3
tai_jsp052,JSP,XG,Taillard,extension,750,501+,seconds,0.0494675,3
tai_jsp052,JSP,XH,Taillard,extension,750,501+,hv_deficit_pct,0.028662234425658184,3
tai_jsp052,JSP,XH,Taillard,extension,750,501+,makespan_gap_pct,1.120543293718157,3
tai_jsp052,JSP,XH,Taillard,extension,750,501+,flowtime_gap_pct,1.2263560756605507,3
tai_jsp052,JSP,XH,Taillard,extension,750,501+,seconds,62.4915425,3
tai_jsp052,JSP,XT,Taillard,extension,750,501+,hv_deficit_pct,0.7437292000411766,3
tai_jsp052,JSP,XT,Taillard,extension,750,501+,makespan_gap_pct,2.5127334465195217,3
tai_jsp052,JSP,XT,Taillard,extension,750,501+,flowtime_gap_pct,11.04088466916906,3
tai_jsp052,JSP,XT,Taillard,extension,750,501+,seconds,57.3129647,3
tai_jsp052,JSP,XE,Taillard,extension,750,501+,hv_deficit_pct,1.5137242938144002,3
tai_jsp052,JSP,XE,Taillard,extension,750,501+,makespan_gap_pct,8.82852292020373,3
tai_jsp052,JSP,XE,Taillard,extension,750,501+,flowtime_gap_pct,16.093508500772803,3
tai_jsp052,JSP,XE,Taillard,extension,750,501+,seconds,10.025867,3
tai_jsp052,JSP,XHT,Taillard,extension,750,501+,hv_deficit_pct,0.0800741336752453,3
tai_jsp052,JSP,XHT,Taillard,extension,750,501+,makespan_gap_pct,1.120543293718157,3
tai_jsp052,JSP,XHT,Taillard,extension,750,501+,flowtime_gap_pct,1.2263560756605507,3
tai_jsp052,JSP,XHT,Taillard,extension,750,501+,seconds,65.4409176,3
tai_jsp052,JSP,XHE,Taillard,extension,750,501+,hv_deficit_pct,0.08024321364901166,3
tai_jsp052,JSP,XHE,Taillard,extension,750,501+,makespan_gap_pct,1.120543293718157,3
tai_jsp052,JSP,XHE,Taillard,extension,750,501+,flowtime_gap_pct,1.2263560756605507,3
tai_jsp052,JSP,XHE,Taillard,extension,750,501+,seconds,36.668783,3
tai_jsp052,JSP,XTE,Taillard,extension,750,501+,hv_deficit_pct,0.7437254296080997,3
tai_jsp052,JSP,XTE,Taillard,extension,750,501+,makespan_gap_pct,2.5127334465195217,3
tai_jsp052,JSP,XTE,Taillard,extension,750,501+,flowtime_gap_pct,11.04088466916906,3
tai_jsp052,JSP,XTE,Taillard,extension,750,501+,seconds,30.2809856,3
tai_jsp052,JSP,XHTE,Taillard,extension,750,501+,hv_deficit_pct,0.38272255477671546,3
tai_jsp052,JSP,XHTE,Taillard,extension,750,501+,makespan_gap_pct,0.9847198641765642,3
tai_jsp052,JSP,XHTE,Taillard,extension,750,501+,flowtime_gap_pct,6.717818502980788,3
tai_jsp052,JSP,XHTE,Taillard,extension,750,501+,seconds,46.4944515,3
tai_jsp052,JSP,NSGA-II,Taillard,extension,750,501+,hv_deficit_pct,2.0775959002563016,3
tai_jsp052,JSP,NSGA-II,Taillard,extension,750,501+,makespan_gap_pct,8.93039049235993,3
tai_jsp052,JSP,NSGA-II,Taillard,extension,750,501+,flowtime_gap_pct,25.84271730330463,3
tai_jsp052,JSP,NSGA-II,Taillard,extension,750,501+,seconds,2.1428655000636354,3
tai_jsp052,JSP,SPEA2,Taillard,extension,750,501+,hv_deficit_pct,2.089568925860641,3
tai_jsp052,JSP,SPEA2,Taillard,extension,750,501+,makespan_gap_pct,8.998302207130738,3
tai_jsp052,JSP,SPEA2,Taillard,extension,750,501+,flowtime_gap_pct,26.213476116876432,3
tai_jsp052,JSP,SPEA2,Taillard,extension,750,501+,seconds,2.1391761999111623,3
tai_jsp052,JSP,MOEA/D,Taillard,extension,750,501+,hv_deficit_pct,2.1591542305858136,3
tai_jsp052,JSP,MOEA/D,Taillard,extension,750,501+,makespan_gap_pct,8.72665534804753,3
tai_jsp052,JSP,MOEA/D,Taillard,extension,750,501+,flowtime_gap_pct,26.575034959888132,3
tai_jsp052,JSP,MOEA/D,Taillard,extension,750,501+,seconds,2.277699699974619,3
tai_jsp052,JSP,SMS-EMOA,Taillard,extension,750,501+,hv_deficit_pct,2.0837402132556804,3
tai_jsp052,JSP,SMS-EMOA,Taillard,extension,750,501+,makespan_gap_pct,8.760611205432944,3
tai_jsp052,JSP,SMS-EMOA,Taillard,extension,750,501+,flowtime_gap_pct,26.53823507764774,3
tai_jsp052,JSP,SMS-EMOA,Taillard,extension,750,501+,seconds,2.0534003999782726,3
tai_jsp053,JSP,XG,Taillard,extension,750,501+,hv_deficit_pct,1.2114864255469704,3
tai_jsp053,JSP,XG,Taillard,extension,750,501+,makespan_gap_pct,8.93602225312935,3
tai_jsp053,JSP,XG,Taillard,extension,750,501+,flowtime_gap_pct,9.692261141962133,3
tai_jsp053,JSP,XG,Taillard,extension,750,501+,seconds,0.0505621,3
tai_jsp053,JSP,XH,Taillard,extension,750,501+,hv_deficit_pct,0.07980989245072179,3
tai_jsp053,JSP,XH,Taillard,extension,750,501+,makespan_gap_pct,1.0778859527120987,3
tai_jsp053,JSP,XH,Taillard,extension,750,501+,flowtime_gap_pct,0.24384166310693622,3
tai_jsp053,JSP,XH,Taillard,extension,750,501+,seconds,62.9939975,3
tai_jsp053,JSP,XT,Taillard,extension,750,501+,hv_deficit_pct,0.4168929388063458,3
tai_jsp053,JSP,XT,Taillard,extension,750,501+,makespan_gap_pct,2.051460361613344,3
tai_jsp053,JSP,XT,Taillard,extension,750,501+,flowtime_gap_pct,4.8332265413640885,3
tai_jsp053,JSP,XT,Taillard,extension,750,501+,seconds,52.146895,3
tai_jsp053,JSP,XE,Taillard,extension,750,501+,hv_deficit_pct,1.0744359380449708,3
tai_jsp053,JSP,XE,Taillard,extension,750,501+,makespan_gap_pct,7.267037552155764,3
tai_jsp053,JSP,XE,Taillard,extension,750,501+,flowtime_gap_pct,9.337177844226119,3
tai_jsp053,JSP,XE,Taillard,extension,750,501+,seconds,11.2876075,3
tai_jsp053,JSP,XHT,Taillard,extension,750,501+,hv_deficit_pct,0.06540539104613607,3
tai_jsp053,JSP,XHT,Taillard,extension,750,501+,makespan_gap_pct,1.0778859527120987,3
tai_jsp053,JSP,XHT,Taillard,extension,750,501+,flowtime_gap_pct,0.44674640467037285,3
tai_jsp053,JSP,XHT,Taillard,extension,750,501+,seconds,65.7970276,3
tai_jsp053,JSP,XHE,Taillard,extension,750,501+,hv_deficit_pct,0.09143500841729546,3
tai_jsp053,JSP,XHE,Taillard,extension,750,501+,makespan_gap_pct,1.0778859527120987,3
tai_jsp053,JSP,XHE,Taillard,extension,750,501+,flowtime_gap_pct,0.44674640467037285,3
tai_jsp053,JSP,XHE,Taillard,extension,750,501+,seconds,39.2926603,3
tai_jsp053,JSP,XTE,Taillard,extension,750,501+,hv_deficit_pct,0.5103593368492199,3
tai_jsp053,JSP,XTE,Taillard,extension,750,501+,makespan_gap_pct,2.051460361613344,3
tai_jsp053,JSP,XTE,Taillard,extension,750,501+,flowtime_gap_pct,6.460914139256735,3
tai_jsp053,JSP,XTE,Taillard,extension,750,501+,seconds,32.2989363,3
tai_jsp053,JSP,XHTE,Taillard,extension,750,501+,hv_deficit_pct,0.18536603038356025,3
tai_jsp053,JSP,XHTE,Taillard,extension,750,501+,makespan_gap_pct,0.7997218358831715,3
tai_jsp053,JSP,XHTE,Taillard,extension,750,501+,flowtime_gap_pct,2.0966823294888304,3
tai_jsp053,JSP,XHTE,Taillard,extension,750,501+,seconds,48.0769477,3
tai_jsp053,JSP,NSGA-II,Taillard,extension,750,501+,hv_deficit_pct,1.5130350584064756,3
tai_jsp053,JSP,NSGA-II,Taillard,extension,750,501+,makespan_gap_pct,6.815020862308763,3
tai_jsp053,JSP,NSGA-II,Taillard,extension,750,501+,flowtime_gap_pct,17.770183682187103,3
tai_jsp053,JSP,NSGA-II,Taillard,extension,750,501+,seconds,2.2711207000538707,3
tai_jsp053,JSP,SPEA2,Taillard,extension,750,501+,hv_deficit_pct,1.590168709549833,3
tai_jsp053,JSP,SPEA2,Taillard,extension,750,501+,makespan_gap_pct,7.406119610570228,3
tai_jsp053,JSP,SPEA2,Taillard,extension,750,501+,flowtime_gap_pct,18.262316673786128,3
tai_jsp053,JSP,SPEA2,Taillard,extension,750,501+,seconds,2.253061299910769,3
tai_jsp053,JSP,MOEA/D,Taillard,extension,750,501+,hv_deficit_pct,1.593848030941969,3
tai_jsp053,JSP,MOEA/D,Taillard,extension,750,501+,makespan_gap_pct,8.101529902642568,3
tai_jsp053,JSP,MOEA/D,Taillard,extension,750,501+,flowtime_gap_pct,17.29406948597465,3
tai_jsp053,JSP,MOEA/D,Taillard,extension,750,501+,seconds,2.480868099955842,3
tai_jsp053,JSP,SMS-EMOA,Taillard,extension,750,501+,hv_deficit_pct,1.605692394036784,3
tai_jsp053,JSP,SMS-EMOA,Taillard,extension,750,501+,makespan_gap_pct,7.510431154381081,3
tai_jsp053,JSP,SMS-EMOA,Taillard,extension,750,501+,flowtime_gap_pct,18.13238644453936,3
tai_jsp053,JSP,SMS-EMOA,Taillard,extension,750,501+,seconds,2.2046053999802098,3
tai_jsp068,JSP,XG,Taillard,extension,1000,501+,hv_deficit_pct,1.3255946654641915,3
tai_jsp068,JSP,XG,Taillard,extension,1000,501+,makespan_gap_pct,14.882772680937828,3
tai_jsp068,JSP,XG,Taillard,extension,1000,501+,flowtime_gap_pct,10.383701408770541,3
tai_jsp068,JSP,XG,Taillard,extension,1000,501+,seconds,0.0676218,3
tai_jsp068,JSP,XH,Taillard,extension,1000,501+,hv_deficit_pct,0.058328732927148685,3
tai_jsp068,JSP,XH,Taillard,extension,1000,501+,makespan_gap_pct,0.0,3
tai_jsp068,JSP,XH,Taillard,extension,1000,501+,flowtime_gap_pct,1.2100665861036974,3
tai_jsp068,JSP,XH,Taillard,extension,1000,501+,seconds,87.390567,3
tai_jsp068,JSP,XT,Taillard,extension,1000,501+,hv_deficit_pct,0.6731107916723267,3
tai_jsp068,JSP,XT,Taillard,extension,1000,501+,makespan_gap_pct,6.354060482500845,3
tai_jsp068,JSP,XT,Taillard,extension,1000,501+,flowtime_gap_pct,6.7194381138533155,3
tai_jsp068,JSP,XT,Taillard,extension,1000,501+,seconds,71.6113811,3
tai_jsp068,JSP,XE,Taillard,extension,1000,501+,hv_deficit_pct,1.3125986766700515,3
tai_jsp068,JSP,XE,Taillard,extension,1000,501+,makespan_gap_pct,14.746856948691821,3
tai_jsp068,JSP,XE,Taillard,extension,1000,501+,flowtime_gap_pct,10.36180342095232,3
tai_jsp068,JSP,XE,Taillard,extension,1000,501+,seconds,15.1916478,3
tai_jsp068,JSP,XHT,Taillard,extension,1000,501+,hv_deficit_pct,0.11192093668701553,3
tai_jsp068,JSP,XHT,Taillard,extension,1000,501+,makespan_gap_pct,0.0,3
tai_jsp068,JSP,XHT,Taillard,extension,1000,501+,flowtime_gap_pct,1.2100665861036974,3
tai_jsp068,JSP,XHT,Taillard,extension,1000,501+,seconds,92.4801859,3
tai_jsp068,JSP,XHE,Taillard,extension,1000,501+,hv_deficit_pct,0.112079755733141,3
tai_jsp068,JSP,XHE,Taillard,extension,1000,501+,makespan_gap_pct,0.0,3
tai_jsp068,JSP,XHE,Taillard,extension,1000,501+,flowtime_gap_pct,1.2100665861036974,3
tai_jsp068,JSP,XHE,Taillard,extension,1000,501+,seconds,54.5562937,3
tai_jsp068,JSP,XTE,Taillard,extension,1000,501+,hv_deficit_pct,0.6731086540328945,3
tai_jsp068,JSP,XTE,Taillard,extension,1000,501+,makespan_gap_pct,6.354060482500845,3
tai_jsp068,JSP,XTE,Taillard,extension,1000,501+,flowtime_gap_pct,6.7194381138533155,3
tai_jsp068,JSP,XTE,Taillard,extension,1000,501+,seconds,51.6295776,3
tai_jsp068,JSP,XHTE,Taillard,extension,1000,501+,hv_deficit_pct,0.1633093101965688,3
tai_jsp068,JSP,XHTE,Taillard,extension,1000,501+,makespan_gap_pct,0.4417261297995134,3
tai_jsp068,JSP,XHTE,Taillard,extension,1000,501+,flowtime_gap_pct,2.3009107940859197,3
tai_jsp068,JSP,XHTE,Taillard,extension,1000,501+,seconds,66.257548,3
tai_jsp068,JSP,NSGA-II,Taillard,extension,1000,501+,hv_deficit_pct,1.6489080599848327,3
tai_jsp068,JSP,NSGA-II,Taillard,extension,1000,501+,makespan_gap_pct,12.504247366632693,3
tai_jsp068,JSP,NSGA-II,Taillard,extension,1000,501+,flowtime_gap_pct,20.503815927136483,3
tai_jsp068,JSP,NSGA-II,Taillard,extension,1000,501+,seconds,3.118978500016965,3
tai_jsp068,JSP,SPEA2,Taillard,extension,1000,501+,hv_deficit_pct,1.6474554214916948,3
tai_jsp068,JSP,SPEA2,Taillard,extension,1000,501+,makespan_gap_pct,12.300373768263672,3
tai_jsp068,JSP,SPEA2,Taillard,extension,1000,501+,flowtime_gap_pct,20.391081841701887,3
tai_jsp068,JSP,SPEA2,Taillard,extension,1000,501+,seconds,3.1565886000171304,3
tai_jsp068,JSP,MOEA/D,Taillard,extension,1000,501+,hv_deficit_pct,1.694767230028238,3
tai_jsp068,JSP,MOEA/D,Taillard,extension,1000,501+,makespan_gap_pct,12.979952429493725,3
tai_jsp068,JSP,MOEA/D,Taillard,extension,1000,501+,flowtime_gap_pct,21.13155824459241,3
tai_jsp068,JSP,MOEA/D,Taillard,extension,1000,501+,seconds,3.4549122999887913,3
tai_jsp068,JSP,SMS-EMOA,Taillard,extension,1000,501+,hv_deficit_pct,1.6540456066377551,3
tai_jsp068,JSP,SMS-EMOA,Taillard,extension,1000,501+,makespan_gap_pct,12.096500169894675,3
tai_jsp068,JSP,SMS-EMOA,Taillard,extension,1000,501+,flowtime_gap_pct,21.06991946406702,3
tai_jsp068,JSP,SMS-EMOA,Taillard,extension,1000,501+,seconds,3.0758932000026107,3
tai_jsp070,JSP,XG,Taillard,extension,1000,501+,hv_deficit_pct,1.412620638010631,3
tai_jsp070,JSP,XG,Taillard,extension,1000,501+,makespan_gap_pct,9.511111111111115,3
tai_jsp070,JSP,XG,Taillard,extension,1000,501+,flowtime_gap_pct,17.059671286642963,3
tai_jsp070,JSP,XG,Taillard,extension,1000,501+,seconds,0.0717369,3
tai_jsp070,JSP,XH,Taillard,extension,1000,501+,hv_deficit_pct,0.0121362452932261,3
tai_jsp070,JSP,XH,Taillard,extension,1000,501+,makespan_gap_pct,0.5037037037036951,3
tai_jsp070,JSP,XH,Taillard,extension,1000,501+,flowtime_gap_pct,0.11422175886177666,3
tai_jsp070,JSP,XH,Taillard,extension,1000,501+,seconds,83.6876631,3
tai_jsp070,JSP,XT,Taillard,extension,1000,501+,hv_deficit_pct,0.5930098699929665,3
tai_jsp070,JSP,XT,Taillard,extension,1000,501+,makespan_gap_pct,2.9629629629629672,3
tai_jsp070,JSP,XT,Taillard,extension,1000,501+,flowtime_gap_pct,8.808874034097869,3
tai_jsp070,JSP,XT,Taillard,extension,1000,501+,seconds,72.1515265,3
tai_jsp070,JSP,XE,Taillard,extension,1000,501+,hv_deficit_pct,1.407208672772231,3
tai_jsp070,JSP,XE,Taillard,extension,1000,501+,makespan_gap_pct,9.451851851851846,3
tai_jsp070,JSP,XE,Taillard,extension,1000,501+,flowtime_gap_pct,17.025941371274378,3
tai_jsp070,JSP,XE,Taillard,extension,1000,501+,seconds,13.5849014,3
tai_jsp070,JSP,XHT,Taillard,extension,1000,501+,hv_deficit_pct,0.011556258923162144,3
tai_jsp070,JSP,XHT,Taillard,extension,1000,501+,makespan_gap_pct,0.3259259259259295,3
tai_jsp070,JSP,XHT,Taillard,extension,1000,501+,flowtime_gap_pct,0.7711885195633483,3
tai_jsp070,JSP,XHT,Taillard,extension,1000,501+,seconds,91.4203839,3
tai_jsp070,JSP,XHE,Taillard,extension,1000,501+,hv_deficit_pct,0.07833201383511401,3
tai_jsp070,JSP,XHE,Taillard,extension,1000,501+,makespan_gap_pct,0.6222222222222129,3
tai_jsp070,JSP,XHE,Taillard,extension,1000,501+,flowtime_gap_pct,0.7711885195633483,3
tai_jsp070,JSP,XHE,Taillard,extension,1000,501+,seconds,54.3710758,3
tai_jsp070,JSP,XTE,Taillard,extension,1000,501+,hv_deficit_pct,0.5906669944720777,3
tai_jsp070,JSP,XTE,Taillard,extension,1000,501+,makespan_gap_pct,2.9333333333333433,3
tai_jsp070,JSP,XTE,Taillard,extension,1000,501+,flowtime_gap_pct,8.799674966270077,3
tai_jsp070,JSP,XTE,Taillard,extension,1000,501+,seconds,48.1105575,3
tai_jsp070,JSP,XHTE,Taillard,extension,1000,501+,hv_deficit_pct,0.0747109584096517,3
tai_jsp070,JSP,XHTE,Taillard,extension,1000,501+,makespan_gap_pct,0.3259259259259295,3
tai_jsp070,JSP,XHTE,Taillard,extension,1000,501+,flowtime_gap_pct,1.6405004292898262,3
tai_jsp070,JSP,XHTE,Taillard,extension,1000,501+,seconds,59.0533229,3
tai_jsp070,JSP,NSGA-II,Taillard,extension,1000,501+,hv_deficit_pct,1.3343617172711597,3
tai_jsp070,JSP,NSGA-II,Taillard,extension,1000,501+,makespan_gap_pct,6.696296296296289,3
tai_jsp070,JSP,NSGA-II,Taillard,extension,1000,501+,flowtime_gap_pct,19.12869495891083,3
tai_jsp070,JSP,NSGA-II,Taillard,extension,1000,501+,seconds,3.127786500030197,3
tai_jsp070,JSP,SPEA2,Taillard,extension,1000,501+,hv_deficit_pct,1.3867067338044659,3
tai_jsp070,JSP,SPEA2,Taillard,extension,1000,501+,makespan_gap_pct,6.548148148148147,3
tai_jsp070,JSP,SPEA2,Taillard,extension,1000,501+,flowtime_gap_pct,20.166656445480193,3
tai_jsp070,JSP,SPEA2,Taillard,extension,1000,501+,seconds,3.122360899928026,3
tai_jsp070,JSP,MOEA/D,Taillard,extension,1000,501+,hv_deficit_pct,1.3716688286556367,3
tai_jsp070,JSP,MOEA/D,Taillard,extension,1000,501+,makespan_gap_pct,6.044444444444452,3
tai_jsp070,JSP,MOEA/D,Taillard,extension,1000,501+,flowtime_gap_pct,20.674138353980133,3
tai_jsp070,JSP,MOEA/D,Taillard,extension,1000,501+,seconds,3.2750173000385985,3
tai_jsp070,JSP,SMS-EMOA,Taillard,extension,1000,501+,hv_deficit_pct,1.3984180274064895,3
tai_jsp070,JSP,SMS-EMOA,Taillard,extension,1000,501+,makespan_gap_pct,7.140740740740736,3
tai_jsp070,JSP,SMS-EMOA,Taillard,extension,1000,501+,flowtime_gap_pct,20.36903593769164,3
tai_jsp070,JSP,SMS-EMOA,Taillard,extension,1000,501+,seconds,3.1272622999968007,3
ta001,PFSP,XG,Taillard,legacy,100,1-150,hv_deficit_pct,3.875999842534217,3
ta001,PFSP,XG,Taillard,legacy,100,1-150,makespan_gap_pct,8.450704225352123,3
ta001,PFSP,XG,Taillard,legacy,100,1-150,flowtime_gap_pct,12.076021363667898,3
ta001,PFSP,XG,Taillard,legacy,100,1-150,seconds,0.0101616,3
ta001,PFSP,XH,Taillard,legacy,100,1-150,hv_deficit_pct,2.3550799725317817,3
ta001,PFSP,XH,Taillard,legacy,100,1-150,makespan_gap_pct,3.9906103286384997,3
ta001,PFSP,XH,Taillard,legacy,100,1-150,flowtime_gap_pct,10.404383713671361,3
ta001,PFSP,XH,Taillard,legacy,100,1-150,seconds,9.8332048,3
ta001,PFSP,XT,Taillard,legacy,100,1-150,hv_deficit_pct,1.0009860961454842,3
ta001,PFSP,XT,Taillard,legacy,100,1-150,makespan_gap_pct,1.4866979655712154,3
ta001,PFSP,XT,Taillard,legacy,100,1-150,flowtime_gap_pct,5.410279531109108,3
ta001,PFSP,XT,Taillard,legacy,100,1-150,seconds,9.3753874,3
ta001,PFSP,XE,Taillard,legacy,100,1-150,hv_deficit_pct,0.33766065401978906,3
ta001,PFSP,XE,Taillard,legacy,100,1-150,makespan_gap_pct,1.4866979655712154,3
ta001,PFSP,XE,Taillard,legacy,100,1-150,flowtime_gap_pct,1.5745300686689223,3
ta001,PFSP,XE,Taillard,legacy,100,1-150,seconds,9.4672705,3
ta001,PFSP,XHT,Taillard,legacy,100,1-150,hv_deficit_pct,0.6826981518036845,3
ta001,PFSP,XHT,Taillard,legacy,100,1-150,makespan_gap_pct,1.4866979655712154,3
ta001,PFSP,XHT,Taillard,legacy,100,1-150,flowtime_gap_pct,3.856558229867524,3
ta001,PFSP,XHT,Taillard,legacy,100,1-150,seconds,9.4402448,3
ta001,PFSP,XHE,Taillard,legacy,100,1-150,hv_deficit_pct,0.6721931213504839,3
ta001,PFSP,XHE,Taillard,legacy,100,1-150,makespan_gap_pct,1.4866979655712154,3
ta001,PFSP,XHE,Taillard,legacy,100,1-150,flowtime_gap_pct,3.7871956717763666,3
ta001,PFSP,XHE,Taillard,legacy,100,1-150,seconds,9.265646,3
ta001,PFSP,XTE,Taillard,legacy,100,1-150,hv_deficit_pct,0.31697756920027187,3
ta001,PFSP,XTE,Taillard,legacy,100,1-150,makespan_gap_pct,1.4866979655712154,3
ta001,PFSP,XTE,Taillard,legacy,100,1-150,flowtime_gap_pct,1.3456336269681568,3
ta001,PFSP,XTE,Taillard,legacy,100,1-150,seconds,9.1829351,3
ta001,PFSP,XHTE,Taillard,legacy,100,1-150,hv_deficit_pct,0.31972867117897597,3
ta001,PFSP,XHTE,Taillard,legacy,100,1-150,makespan_gap_pct,1.4866979655712154,3
ta001,PFSP,XHTE,Taillard,legacy,100,1-150,flowtime_gap_pct,1.366442394395495,3
ta001,PFSP,XHTE,Taillard,legacy,100,1-150,seconds,9.4129925,3
ta001,PFSP,NSGA-II,Taillard,legacy,100,1-150,hv_deficit_pct,1.133507795396227,3
ta001,PFSP,NSGA-II,Taillard,legacy,100,1-150,makespan_gap_pct,3.1298904538341166,3
ta001,PFSP,NSGA-II,Taillard,legacy,100,1-150,flowtime_gap_pct,5.098148019698967,3
ta001,PFSP,NSGA-II,Taillard,legacy,100,1-150,seconds,0.13489330001175404,3
ta001,PFSP,SPEA2,Taillard,legacy,100,1-150,hv_deficit_pct,0.9136678248824581,3
ta001,PFSP,SPEA2,Taillard,legacy,100,1-150,makespan_gap_pct,1.5649452269170583,3
ta001,PFSP,SPEA2,Taillard,legacy,100,1-150,flowtime_gap_pct,4.654227647915654,3
ta001,PFSP,SPEA2,Taillard,legacy,100,1-150,seconds,0.15315429994370788,3
ta001,PFSP,MOEA/D,Taillard,legacy,100,1-150,hv_deficit_pct,0.20565722110338358,3
ta001,PFSP,MOEA/D,Taillard,legacy,100,1-150,makespan_gap_pct,1.4866979655712154,3
ta001,PFSP,MOEA/D,Taillard,legacy,100,1-150,flowtime_gap_pct,0.5826454879656051,3
ta001,PFSP,MOEA/D,Taillard,legacy,100,1-150,seconds,0.2781744999811053,3
ta001,PFSP,SMS-EMOA,Taillard,legacy,100,1-150,hv_deficit_pct,0.6536334183157133,3
ta001,PFSP,SMS-EMOA,Taillard,legacy,100,1-150,makespan_gap_pct,1.4866979655712154,3
ta001,PFSP,SMS-EMOA,Taillard,legacy,100,1-150,flowtime_gap_pct,3.613789276548518,3
ta001,PFSP,SMS-EMOA,Taillard,legacy,100,1-150,seconds,0.12324200000148267,3
ta002,PFSP,XG,Taillard,legacy,100,1-150,hv_deficit_pct,5.878986714062218,3
ta002,PFSP,XG,Taillard,legacy,100,1-150,makespan_gap_pct,8.406432748538005,3
ta002,PFSP,XG,Taillard,legacy,100,1-150,flowtime_gap_pct,22.008683437619723,3
ta002,PFSP,XG,Taillard,legacy,100,1-150,seconds,0.0112639,3
ta002,PFSP,XH,Taillard,legacy,100,1-150,hv_deficit_pct,2.7512443782014895,3
ta002,PFSP,XH,Taillard,legacy,100,1-150,makespan_gap_pct,4.678362573099415,3
ta002,PFSP,XH,Taillard,legacy,100,1-150,flowtime_gap_pct,9.283616396373384,3
ta002,PFSP,XH,Taillard,legacy,100,1-150,seconds,10.0047927,3
ta002,PFSP,XT,Taillard,legacy,100,1-150,hv_deficit_pct,3.1817169551681235,3
ta002,PFSP,XT,Taillard,legacy,100,1-150,makespan_gap_pct,3.7280701754385914,3
ta002,PFSP,XT,Taillard,legacy,100,1-150,flowtime_gap_pct,13.75941769888902,3
ta002,PFSP,XT,Taillard,legacy,100,1-150,seconds,9.7848094,3
ta002,PFSP,XE,Taillard,legacy,100,1-150,hv_deficit_pct,0.1675304827377655,3
ta002,PFSP,XE,Taillard,legacy,100,1-150,makespan_gap_pct,1.0964912280701844,3
ta002,PFSP,XE,Taillard,legacy,100,1-150,flowtime_gap_pct,0.6895671050951346,3
ta002,PFSP,XE,Taillard,legacy,100,1-150,seconds,9.5883676,3
ta002,PFSP,XHT,Taillard,legacy,100,1-150,hv_deficit_pct,2.3344102733536376,3
ta002,PFSP,XHT,Taillard,legacy,100,1-150,makespan_gap_pct,3.2163742690058506,3
ta002,PFSP,XHT,Taillard,legacy,100,1-150,flowtime_gap_pct,9.245307112756995,3
ta002,PFSP,XHT,Taillard,legacy,100,1-150,seconds,10.7594648,3
ta002,PFSP,XHE,Taillard,legacy,100,1-150,hv_deficit_pct,1.3980813189689578,3
ta002,PFSP,XHE,Taillard,legacy,100,1-150,makespan_gap_pct,3.2163742690058506,3
ta002,PFSP,XHE,Taillard,legacy,100,1-150,flowtime_gap_pct,3.575533137530318,3
ta002,PFSP,XHE,Taillard,legacy,100,1-150,seconds,9.6392905,3
ta002,PFSP,XTE,Taillard,legacy,100,1-150,hv_deficit_pct,1.0711902443765853,3
ta002,PFSP,XTE,Taillard,legacy,100,1-150,makespan_gap_pct,2.8508771929824483,3
ta002,PFSP,XTE,Taillard,legacy,100,1-150,flowtime_gap_pct,3.0838973311199114,3
ta002,PFSP,XTE,Taillard,legacy,100,1-150,seconds,9.890671,3
ta002,PFSP,XHTE,Taillard,legacy,100,1-150,hv_deficit_pct,1.331737808040645,3
ta002,PFSP,XHTE,Taillard,legacy,100,1-150,makespan_gap_pct,3.2163742690058506,3
ta002,PFSP,XHTE,Taillard,legacy,100,1-150,flowtime_gap_pct,3.1541310177499726,3
ta002,PFSP,XHTE,Taillard,legacy,100,1-150,seconds,9.4149197,3
ta002,PFSP,NSGA-II,Taillard,legacy,100,1-150,hv_deficit_pct,0.48177980190202696,3
ta002,PFSP,NSGA-II,Taillard,legacy,100,1-150,makespan_gap_pct,1.0964912280701844,3
ta002,PFSP,NSGA-II,Taillard,legacy,100,1-150,flowtime_gap_pct,1.9793129868471482,3
ta002,PFSP,NSGA-II,Taillard,legacy,100,1-150,seconds,0.12763010000344366,3
ta002,PFSP,SPEA2,Taillard,legacy,100,1-150,hv_deficit_pct,0.5347447643929915,3
ta002,PFSP,SPEA2,Taillard,legacy,100,1-150,makespan_gap_pct,0.3654970760234022,3
ta002,PFSP,SPEA2,Taillard,legacy,100,1-150,flowtime_gap_pct,3.7415400332013737,3
ta002,PFSP,SPEA2,Taillard,legacy,100,1-150,seconds,0.14882909995503724,3
ta002,PFSP,MOEA/D,Taillard,legacy,100,1-150,hv_deficit_pct,0.15864696961207514,3
ta002,PFSP,MOEA/D,Taillard,legacy,100,1-150,makespan_gap_pct,0.3654970760234022,3
ta002,PFSP,MOEA/D,Taillard,legacy,100,1-150,flowtime_gap_pct,1.3280551653684025,3
ta002,PFSP,MOEA/D,Taillard,legacy,100,1-150,seconds,0.28551089996472,3
ta002,PFSP,SMS-EMOA,Taillard,legacy,100,1-150,hv_deficit_pct,0.567462727865542,3
ta002,PFSP,SMS-EMOA,Taillard,legacy,100,1-150,makespan_gap_pct,0.9502923976608235,3
ta002,PFSP,SMS-EMOA,Taillard,legacy,100,1-150,flowtime_gap_pct,3.575533137530318,3
ta002,PFSP,SMS-EMOA,Taillard,legacy,100,1-150,seconds,0.13450410007499158,3
ta003,PFSP,XG,Taillard,legacy,100,1-150,hv_deficit_pct,6.9639612401189215,3
ta003,PFSP,XG,Taillard,legacy,100,1-150,makespan_gap_pct,13.612099644128106,3
ta003,PFSP,XG,Taillard,legacy,100,1-150,flowtime_gap_pct,20.621206711888608,3
ta003,PFSP,XG,Taillard,legacy,100,1-150,seconds,0.0115188,3
ta003,PFSP,XH,Taillard,legacy,100,1-150,hv_deficit_pct,4.764391420134784,3
ta003,PFSP,XH,Taillard,legacy,100,1-150,makespan_gap_pct,9.430604982206404,3
ta003,PFSP,XH,Taillard,legacy,100,1-150,flowtime_gap_pct,13.930739021777928,3
ta003,PFSP,XH,Taillard,legacy,100,1-150,seconds,9.983256,3
ta003,PFSP,XT,Taillard,legacy,100,1-150,hv_deficit_pct,4.2323926842124715,3
ta003,PFSP,XT,Taillard,legacy,100,1-150,makespan_gap_pct,8.362989323843406,3
ta003,PFSP,XT,Taillard,legacy,100,1-150,flowtime_gap_pct,12.652624062834693,3
ta003,PFSP,XT,Taillard,legacy,100,1-150,seconds,10.5994687,3
ta003,PFSP,XE,Taillard,legacy,100,1-150,hv_deficit_pct,0.29138688484551256,3
ta003,PFSP,XE,Taillard,legacy,100,1-150,makespan_gap_pct,0.7117437722419906,3
ta003,PFSP,XE,Taillard,legacy,100,1-150,flowtime_gap_pct,1.0996072831131798,3
ta003,PFSP,XE,Taillard,legacy,100,1-150,seconds,9.4299612,3
ta003,PFSP,XHT,Taillard,legacy,100,1-150,hv_deficit_pct,4.530677698651031,3
ta003,PFSP,XHT,Taillard,legacy,100,1-150,makespan_gap_pct,9.341637010676163,3
ta003,PFSP,XHT,Taillard,legacy,100,1-150,flowtime_gap_pct,12.431274544805436,3
ta003,PFSP,XHT,Taillard,legacy,100,1-150,seconds,10.0444515,3
ta003,PFSP,XHE,Taillard,legacy,100,1-150,hv_deficit_pct,0.7562329655380617,3
ta003,PFSP,XHE,Taillard,legacy,100,1-150,makespan_gap_pct,1.4234875444839812,3
ta003,PFSP,XHE,Taillard,legacy,100,1-150,flowtime_gap_pct,2.8204212781149485,3
ta003,PFSP,XHE,Taillard,legacy,100,1-150,seconds,9.8058854,3
ta003,PFSP,XTE,Taillard,legacy,100,1-150,hv_deficit_pct,1.433897798635575,3
ta003,PFSP,XTE,Taillard,legacy,100,1-150,makespan_gap_pct,3.380782918149472,3
ta003,PFSP,XTE,Taillard,legacy,100,1-150,flowtime_gap_pct,3.555872902534807,3
ta003,PFSP,XTE,Taillard,legacy,100,1-150,seconds,9.4202986,3
ta003,PFSP,XHTE,Taillard,legacy,100,1-150,hv_deficit_pct,0.6937287114793689,3
ta003,PFSP,XHTE,Taillard,legacy,100,1-150,makespan_gap_pct,1.067615658362997,3
ta003,PFSP,XHTE,Taillard,legacy,100,1-150,flowtime_gap_pct,4.184219921456633,3
ta003,PFSP,XHTE,Taillard,legacy,100,1-150,seconds,9.7636411,3
ta003,PFSP,NSGA-II,Taillard,legacy,100,1-150,hv_deficit_pct,1.3010800405503842,3
ta003,PFSP,NSGA-II,Taillard,legacy,100,1-150,makespan_gap_pct,3.6476868327402157,3
ta003,PFSP,NSGA-II,Taillard,legacy,100,1-150,flowtime_gap_pct,2.877543734380583,3
ta003,PFSP,NSGA-II,Taillard,legacy,100,1-150,seconds,0.12487709999550134,3
ta003,PFSP,SPEA2,Taillard,legacy,100,1-150,hv_deficit_pct,1.5475074112348053,3
ta003,PFSP,SPEA2,Taillard,legacy,100,1-150,makespan_gap_pct,3.6476868327402157,3
ta003,PFSP,SPEA2,Taillard,legacy,100,1-150,flowtime_gap_pct,3.784362727597279,3
ta003,PFSP,SPEA2,Taillard,legacy,100,1-150,seconds,0.15804170002229512,3
ta003,PFSP,MOEA/D,Taillard,legacy,100,1-150,hv_deficit_pct,0.035779947295089265,3
ta003,PFSP,MOEA/D,Taillard,legacy,100,1-150,makespan_gap_pct,0.3558718861210064,3
ta003,PFSP,MOEA/D,Taillard,legacy,100,1-150,flowtime_gap_pct,0.2641913602284829,3
ta003,PFSP,MOEA/D,Taillard,legacy,100,1-150,seconds,0.2626648999284953,3
ta003,PFSP,SMS-EMOA,Taillard,legacy,100,1-150,hv_deficit_pct,1.6871629357337214,3
ta003,PFSP,SMS-EMOA,Taillard,legacy,100,1-150,makespan_gap_pct,4.270462633451966,3
ta003,PFSP,SMS-EMOA,Taillard,legacy,100,1-150,flowtime_gap_pct,3.520171367368796,3
ta003,PFSP,SMS-EMOA,Taillard,legacy,100,1-150,seconds,0.1284072999842465,3
ta004,PFSP,XG,Taillard,legacy,100,1-150,hv_deficit_pct,7.7469992488772395,3
ta004,PFSP,XG,Taillard,legacy,100,1-150,makespan_gap_pct,17.03089675960814,3
ta004,PFSP,XG,Taillard,legacy,100,1-150,flowtime_gap_pct,24.19375157470396,3
ta004,PFSP,XG,Taillard,legacy,100,1-150,seconds,0.0108067,3
ta004,PFSP,XH,Taillard,legacy,100,1-150,hv_deficit_pct,6.279757966956057,3
ta004,PFSP,XH,Taillard,legacy,100,1-150,makespan_gap_pct,13.03692539562924,3
ta004,PFSP,XH,Taillard,legacy,100,1-150,flowtime_gap_pct,21.2207105064248,3
ta004,PFSP,XH,Taillard,legacy,100,1-150,seconds,9.9969309,3
ta004,PFSP,XT,Taillard,legacy,100,1-150,hv_deficit_pct,2.9846413551186113,3
ta004,PFSP,XT,Taillard,legacy,100,1-150,makespan_gap_pct,6.782215523737745,3
ta004,PFSP,XT,Taillard,legacy,100,1-150,flowtime_gap_pct,9.926933736457544,3
ta004,PFSP,XT,Taillard,legacy,100,1-150,seconds,9.7891141,3
ta004,PFSP,XE,Taillard,legacy,100,1-150,hv_deficit_pct,0.2039022622726816,3
ta004,PFSP,XE,Taillard,legacy,100,1-150,makespan_gap_pct,1.5825169555388152,3
ta004,PFSP,XE,Taillard,legacy,100,1-150,flowtime_gap_pct,2.053413958175865,3
ta004,PFSP,XE,Taillard,legacy,100,1-150,seconds,9.7832875,3
ta004,PFSP,XHT,Taillard,legacy,100,1-150,hv_deficit_pct,2.9315419250645736,3
ta004,PFSP,XHT,Taillard,legacy,100,1-150,makespan_gap_pct,6.782215523737745,3
ta004,PFSP,XHT,Taillard,legacy,100,1-150,flowtime_gap_pct,9.561602418745284,3
ta004,PFSP,XHT,Taillard,legacy,100,1-150,seconds,10.1194518,3
ta004,PFSP,XHE,Taillard,legacy,100,1-150,hv_deficit_pct,1.1776798871836136,3
ta004,PFSP,XHE,Taillard,legacy,100,1-150,makespan_gap_pct,2.4114544084400835,3
ta004,PFSP,XHE,Taillard,legacy,100,1-150,flowtime_gap_pct,3.609221466364332,3
ta004,PFSP,XHE,Taillard,legacy,100,1-150,seconds,8.9699965,3
ta004,PFSP,XTE,Taillard,legacy,100,1-150,hv_deficit_pct,1.2397023736017254,3
ta004,PFSP,XTE,Taillard,legacy,100,1-150,makespan_gap_pct,4.069329314242642,3
ta004,PFSP,XTE,Taillard,legacy,100,1-150,flowtime_gap_pct,2.9541446208112943,3
ta004,PFSP,XTE,Taillard,legacy,100,1-150,seconds,9.2799951,3
ta004,PFSP,XHTE,Taillard,legacy,100,1-150,hv_deficit_pct,0.9136416513930268,3
ta004,PFSP,XHTE,Taillard,legacy,100,1-150,makespan_gap_pct,2.4114544084400835,3
ta004,PFSP,XHTE,Taillard,legacy,100,1-150,flowtime_gap_pct,4.094230284706479,3
ta004,PFSP,XHTE,Taillard,legacy,100,1-150,seconds,9.5112593,3
ta004,PFSP,NSGA-II,Taillard,legacy,100,1-150,hv_deficit_pct,1.702290218321334,3
ta004,PFSP,NSGA-II,Taillard,legacy,100,1-150,makespan_gap_pct,4.973624717407676,3
ta004,PFSP,NSGA-II,Taillard,legacy,100,1-150,flowtime_gap_pct,5.158730158730163,3
ta004,PFSP,NSGA-II,Taillard,legacy,100,1-150,seconds,0.13456829998176545,3
ta004,PFSP,SPEA2,Taillard,legacy,100,1-150,hv_deficit_pct,1.2248456418348708,3
ta004,PFSP,SPEA2,Taillard,legacy,100,1-150,makespan_gap_pct,3.69253956292388,3
ta004,PFSP,SPEA2,Taillard,legacy,100,1-150,flowtime_gap_pct,3.6344167296548324,3
ta004,PFSP,SPEA2,Taillard,legacy,100,1-150,seconds,0.14993600000161678,3
ta004,PFSP,MOEA/D,Taillard,legacy,100,1-150,hv_deficit_pct,0.27884672041179615,3
ta004,PFSP,MOEA/D,Taillard,legacy,100,1-150,makespan_gap_pct,1.6578749058025588,3
ta004,PFSP,MOEA/D,Taillard,legacy,100,1-150,flowtime_gap_pct,0.8629377676996786,3
ta004,PFSP,MOEA/D,Taillard,legacy,100,1-150,seconds,0.2867770999437198,3
ta004,PFSP,SMS-EMOA,Taillard,legacy,100,1-150,hv_deficit_pct,1.8142301460477461,3
ta004,PFSP,SMS-EMOA,Taillard,legacy,100,1-150,makespan_gap_pct,5.275056518462695,3
ta004,PFSP,SMS-EMOA,Taillard,legacy,100,1-150,flowtime_gap_pct,5.020156210632409,3
ta004,PFSP,SMS-EMOA,Taillard,legacy,100,1-150,seconds,0.12664629996288568,3
ta005,PFSP,XG,Taillard,legacy,100,1-150,hv_deficit_pct,4.644234734123454,3
ta005,PFSP,XG,Taillard,legacy,100,1-150,makespan_gap_pct,13.040000000000006,3
ta005,PFSP,XG,Taillard,legacy,100,1-150,flowtime_gap_pct,7.4034180669251715,3
ta005,PFSP,XG,Taillard,legacy,100,1-150,seconds,0.012062,3
ta005,PFSP,XH,Taillard,legacy,100,1-150,hv_deficit_pct,1.844984277313888,3
ta005,PFSP,XH,Taillard,legacy,100,1-150,makespan_gap_pct,4.079999999999995,3
ta005,PFSP,XH,Taillard,legacy,100,1-150,flowtime_gap_pct,6.017521183397956,3
ta005,PFSP,XH,Taillard,legacy,100,1-150,seconds,11.1336987,3
ta005,PFSP,XT,Taillard,legacy,100,1-150,hv_deficit_pct,2.2717887011328597,3
ta005,PFSP,XT,Taillard,legacy,100,1-150,makespan_gap_pct,6.240000000000001,3
ta005,PFSP,XT,Taillard,legacy,100,1-150,flowtime_gap_pct,5.49332184403275,3
ta005,PFSP,XT,Taillard,legacy,100,1-150,seconds,9.7449963,3
ta005,PFSP,XE,Taillard,legacy,100,1-150,hv_deficit_pct,0.601330407880285,3
ta005,PFSP,XE,Taillard,legacy,100,1-150,makespan_gap_pct,2.639999999999998,3
ta005,PFSP,XE,Taillard,legacy,100,1-150,flowtime_gap_pct,0.6175499066494394,3
ta005,PFSP,XE,Taillard,legacy,100,1-150,seconds,8.8164263,3
ta005,PFSP,XHT,Taillard,legacy,100,1-150,hv_deficit_pct,1.4387828265726155,3
ta005,PFSP,XHT,Taillard,legacy,100,1-150,makespan_gap_pct,2.8000000000000025,3
ta005,PFSP,XHT,Taillard,legacy,100,1-150,flowtime_gap_pct,5.270716645124218,3
ta005,PFSP,XHT,Taillard,legacy,100,1-150,seconds,10.1137159,3
ta005,PFSP,XHE,Taillard,legacy,100,1-150,hv_deficit_pct,0.6165413686889054,3
ta005,PFSP,XHE,Taillard,legacy,100,1-150,makespan_gap_pct,0.32000000000000917,3
ta005,PFSP,XHE,Taillard,legacy,100,1-150,flowtime_gap_pct,4.6818899899468525,3
ta005,PFSP,XHE,Taillard,legacy,100,1-150,seconds,10.4697362,3
ta005,PFSP,XTE,Taillard,legacy,100,1-150,hv_deficit_pct,0.7098459021147918,3
ta005,PFSP,XTE,Taillard,legacy,100,1-150,makespan_gap_pct,2.0000000000000018,3
ta005,PFSP,XTE,Taillard,legacy,100,1-150,flowtime_gap_pct,1.9819043515725943,3
ta005,PFSP,XTE,Taillard,legacy,100,1-150,seconds,9.0958247,3
ta005,PFSP,XHTE,Taillard,legacy,100,1-150,hv_deficit_pct,0.6093166450174103,3
ta005,PFSP,XHTE,Taillard,legacy,100,1-150,makespan_gap_pct,0.32000000000000917,3
ta005,PFSP,XHTE,Taillard,legacy,100,1-150,flowtime_gap_pct,3.1739192876633737,3
ta005,PFSP,XHTE,Taillard,legacy,100,1-150,seconds,9.9482333,3
ta005,PFSP,NSGA-II,Taillard,legacy,100,1-150,hv_deficit_pct,1.9297427267443656,3
ta005,PFSP,NSGA-II,Taillard,legacy,100,1-150,makespan_gap_pct,4.239999999999999,3
ta005,PFSP,NSGA-II,Taillard,legacy,100,1-150,flowtime_gap_pct,4.897314375987372,3
ta005,PFSP,NSGA-II,Taillard,legacy,100,1-150,seconds,0.12997409992385656,3
ta005,PFSP,SPEA2,Taillard,legacy,100,1-150,hv_deficit_pct,1.815102295336679,3
ta005,PFSP,SPEA2,Taillard,legacy,100,1-150,makespan_gap_pct,4.800000000000004,3
ta005,PFSP,SPEA2,Taillard,legacy,100,1-150,flowtime_gap_pct,5.127100387763894,3
ta005,PFSP,SPEA2,Taillard,legacy,100,1-150,seconds,0.15610399993602186,3
ta005,PFSP,MOEA/D,Taillard,legacy,100,1-150,hv_deficit_pct,0.1980708348819249,3
ta005,PFSP,MOEA/D,Taillard,legacy,100,1-150,makespan_gap_pct,0.6399999999999961,3
ta005,PFSP,MOEA/D,Taillard,legacy,100,1-150,flowtime_gap_pct,3.231365790607499,3
ta005,PFSP,MOEA/D,Taillard,legacy,100,1-150,seconds,0.2911487999372184,3
ta005,PFSP,SMS-EMOA,Taillard,legacy,100,1-150,hv_deficit_pct,1.6554251503036244,3
ta005,PFSP,SMS-EMOA,Taillard,legacy,100,1-150,makespan_gap_pct,4.479999999999995,3
ta005,PFSP,SMS-EMOA,Taillard,legacy,100,1-150,flowtime_gap_pct,4.021255206089336,3
ta005,PFSP,SMS-EMOA,Taillard,legacy,100,1-150,seconds,0.14068269997369498,3
ta008,PFSP,XG,Taillard,extension,100,1-150,hv_deficit_pct,6.530767954409211,3
ta008,PFSP,XG,Taillard,extension,100,1-150,makespan_gap_pct,15.484922575387117,3
ta008,PFSP,XG,Taillard,extension,100,1-150,flowtime_gap_pct,17.4855888004392,3
ta008,PFSP,XG,Taillard,extension,100,1-150,seconds,0.0112553,3
ta008,PFSP,XH,Taillard,extension,100,1-150,hv_deficit_pct,3.43200306025917,3
ta008,PFSP,XH,Taillard,extension,100,1-150,makespan_gap_pct,8.312958435207829,3
ta008,PFSP,XH,Taillard,extension,100,1-150,flowtime_gap_pct,9.010430963491633,3
ta008,PFSP,XH,Taillard,extension,100,1-150,seconds,10.3009006,3
ta008,PFSP,XT,Taillard,extension,100,1-150,hv_deficit_pct,3.533717178010387,3
ta008,PFSP,XT,Taillard,extension,100,1-150,makespan_gap_pct,8.557457212713926,3
ta008,PFSP,XT,Taillard,extension,100,1-150,flowtime_gap_pct,9.264342574800999,3
ta008,PFSP,XT,Taillard,extension,100,1-150,seconds,9.7062708,3
ta008,PFSP,XE,Taillard,extension,100,1-150,hv_deficit_pct,0.4290051756600577,3
ta008,PFSP,XE,Taillard,extension,100,1-150,makespan_gap_pct,0.9779951100244544,3
ta008,PFSP,XE,Taillard,extension,100,1-150,flowtime_gap_pct,1.8185561350535284,3
ta008,PFSP,XE,Taillard,extension,100,1-150,seconds,9.6244904,3
ta008,PFSP,XHT,Taillard,extension,100,1-150,hv_deficit_pct,2.242493796435552,3
ta008,PFSP,XHT,Taillard,extension,100,1-150,makespan_gap_pct,4.563977180114098,3
ta008,PFSP,XHT,Taillard,extension,100,1-150,flowtime_gap_pct,7.685973099094157,3
ta008,PFSP,XHT,Taillard,extension,100,1-150,seconds,10.1005173,3
ta008,PFSP,XHE,Taillard,extension,100,1-150,hv_deficit_pct,1.4636016316269096,3
ta008,PFSP,XHE,Taillard,extension,100,1-150,makespan_gap_pct,4.563977180114098,3
ta008,PFSP,XHE,Taillard,extension,100,1-150,flowtime_gap_pct,2.2440296458962283,3
ta008,PFSP,XHE,Taillard,extension,100,1-150,seconds,9.7729934,3
ta008,PFSP,XTE,Taillard,extension,100,1-150,hv_deficit_pct,0.8650926525446634,3
ta008,PFSP,XTE,Taillard,extension,100,1-150,makespan_gap_pct,2.933985330073341,3
ta008,PFSP,XTE,Taillard,extension,100,1-150,flowtime_gap_pct,2.436178973373604,3
ta008,PFSP,XTE,Taillard,extension,100,1-150,seconds,9.4015595,3
ta008,PFSP,XHTE,Taillard,extension,100,1-150,hv_deficit_pct,1.6123867598924702,3
ta008,PFSP,XHTE,Taillard,extension,100,1-150,makespan_gap_pct,4.563977180114098,3
ta008,PFSP,XHTE,Taillard,extension,100,1-150,flowtime_gap_pct,4.762558331045841,3
ta008,PFSP,XHTE,Taillard,extension,100,1-150,seconds,9.8394252,3
ta008,PFSP,NSGA-II,Taillard,extension,100,1-150,hv_deficit_pct,2.247680736039137,3
ta008,PFSP,NSGA-II,Taillard,extension,100,1-150,makespan_gap_pct,6.030969845150769,3
ta008,PFSP,NSGA-II,Taillard,extension,100,1-150,flowtime_gap_pct,4.913532802635201,3
ta008,PFSP,NSGA-II,Taillard,extension,100,1-150,seconds,0.13545309996698052,3
ta008,PFSP,SPEA2,Taillard,extension,100,1-150,hv_deficit_pct,1.7567630246940635,3
ta008,PFSP,SPEA2,Taillard,extension,100,1-150,makespan_gap_pct,5.052974735126314,3
ta008,PFSP,SPEA2,Taillard,extension,100,1-150,flowtime_gap_pct,4.213560252539117,3
ta008,PFSP,SPEA2,Taillard,extension,100,1-150,seconds,0.15084319992456585,3
ta008,PFSP,MOEA/D,Taillard,extension,100,1-150,hv_deficit_pct,0.9613516135385303,3
ta008,PFSP,MOEA/D,Taillard,extension,100,1-150,makespan_gap_pct,2.526487367563157,3
ta008,PFSP,MOEA/D,Taillard,extension,100,1-150,flowtime_gap_pct,2.5940159209442815,3
ta008,PFSP,MOEA/D,Taillard,extension,100,1-150,seconds,0.28998240001965314,3
ta008,PFSP,SMS-EMOA,Taillard,extension,100,1-150,hv_deficit_pct,2.109478085656258,3
ta008,PFSP,SMS-EMOA,Taillard,extension,100,1-150,makespan_gap_pct,4.88997555012225,3
ta008,PFSP,SMS-EMOA,Taillard,extension,100,1-150,flowtime_gap_pct,5.723304968432608,3
ta008,PFSP,SMS-EMOA,Taillard,extension,100,1-150,seconds,0.13278590003028512,3
ta013,PFSP,XG,Taillard,extension,200,151-500,hv_deficit_pct,5.530525108970286,3
ta013,PFSP,XG,Taillard,extension,200,151-500,makespan_gap_pct,21.329113924050635,3
ta013,PFSP,XG,Taillard,extension,200,151-500,flowtime_gap_pct,19.30695478658686,3
ta013,PFSP,XG,Taillard,extension,200,151-500,seconds,0.0224913,3
ta013,PFSP,XH,Taillard,extension,200,151-500,hv_deficit_pct,2.8448246372076658,3
ta013,PFSP,XH,Taillard,extension,200,151-500,makespan_gap_pct,8.797468354430382,3
ta013,PFSP,XH,Taillard,extension,200,151-500,flowtime_gap_pct,14.12371635761911,3
ta013,PFSP,XH,Taillard,extension,200,151-500,seconds,22.7657131,3
ta013,PFSP,XT,Taillard,extension,200,151-500,hv_deficit_pct,3.662425671790981,3
ta013,PFSP,XT,Taillard,extension,200,151-500,makespan_gap_pct,14.367088607594948,3
ta013,PFSP,XT,Taillard,extension,200,151-500,flowtime_gap_pct,12.532243149851553,3
ta013,PFSP,XT,Taillard,extension,200,151-500,seconds,20.1201652,3
ta013,PFSP,XE,Taillard,extension,200,151-500,hv_deficit_pct,0.21021245037824432,3
ta013,PFSP,XE,Taillard,extension,200,151-500,makespan_gap_pct,0.44303797468354666,3
ta013,PFSP,XE,Taillard,extension,200,151-500,flowtime_gap_pct,1.562271864505771,3
ta013,PFSP,XE,Taillard,extension,200,151-500,seconds,19.6884327,3
ta013,PFSP,XHT,Taillard,extension,200,151-500,hv_deficit_pct,2.719141670640235,3
ta013,PFSP,XHT,Taillard,extension,200,151-500,makespan_gap_pct,8.797468354430382,3
ta013,PFSP,XHT,Taillard,extension,200,151-500,flowtime_gap_pct,13.661361755974099,3
ta013,PFSP,XHT,Taillard,extension,200,151-500,seconds,21.9229922,3
ta013,PFSP,XHE,Taillard,extension,200,151-500,hv_deficit_pct,0.8182782563163293,3
ta013,PFSP,XHE,Taillard,extension,200,151-500,makespan_gap_pct,2.1518987341772045,3
ta013,PFSP,XHE,Taillard,extension,200,151-500,flowtime_gap_pct,5.071299946464203,3
ta013,PFSP,XHE,Taillard,extension,200,151-500,seconds,21.3481801,3
ta013,PFSP,XTE,Taillard,extension,200,151-500,hv_deficit_pct,1.0668504046625005,3
ta013,PFSP,XTE,Taillard,extension,200,151-500,makespan_gap_pct,3.924050632911391,3
ta013,PFSP,XTE,Taillard,extension,200,151-500,flowtime_gap_pct,5.52878765756557,3
ta013,PFSP,XTE,Taillard,extension,200,151-500,seconds,21.3569941,3
ta013,PFSP,XHTE,Taillard,extension,200,151-500,hv_deficit_pct,1.77148427401993,3
ta013,PFSP,XHTE,Taillard,extension,200,151-500,makespan_gap_pct,5.253164556962031,3
ta013,PFSP,XHTE,Taillard,extension,200,151-500,flowtime_gap_pct,8.80907188397333,3
ta013,PFSP,XHTE,Taillard,extension,200,151-500,seconds,23.792508,3
ta013,PFSP,NSGA-II,Taillard,extension,200,151-500,hv_deficit_pct,1.2413298851422616,3
ta013,PFSP,NSGA-II,Taillard,extension,200,151-500,makespan_gap_pct,5.126582278481018,3
ta013,PFSP,NSGA-II,Taillard,extension,200,151-500,flowtime_gap_pct,5.2027059911422535,3
ta013,PFSP,NSGA-II,Taillard,extension,200,151-500,seconds,0.21482829994056374,3
ta013,PFSP,SPEA2,Taillard,extension,200,151-500,hv_deficit_pct,1.0689402022691863,3
ta013,PFSP,SPEA2,Taillard,extension,200,151-500,makespan_gap_pct,4.0506329113924044,3
ta013,PFSP,SPEA2,Taillard,extension,200,151-500,flowtime_gap_pct,4.458071737966618,3
ta013,PFSP,SPEA2,Taillard,extension,200,151-500,seconds,0.22958809998817742,3
ta013,PFSP,MOEA/D,Taillard,extension,200,151-500,hv_deficit_pct,0.35542391794796124,3
ta013,PFSP,MOEA/D,Taillard,extension,200,151-500,makespan_gap_pct,0.37974683544304,3
ta013,PFSP,MOEA/D,Taillard,extension,200,151-500,flowtime_gap_pct,2.3847763663795263,3
ta013,PFSP,MOEA/D,Taillard,extension,200,151-500,seconds,0.3814517999999225,3
ta013,PFSP,SMS-EMOA,Taillard,extension,200,151-500,hv_deficit_pct,1.2885546218963762,3
ta013,PFSP,SMS-EMOA,Taillard,extension,200,151-500,makespan_gap_pct,4.810126582278484,3
ta013,PFSP,SMS-EMOA,Taillard,extension,200,151-500,flowtime_gap_pct,4.925293230155248,3
ta013,PFSP,SMS-EMOA,Taillard,extension,200,151-500,seconds,0.20031230000313371,3
ta018,PFSP,XG,Taillard,extension,200,151-500,hv_deficit_pct,7.118431766432975,3
ta018,PFSP,XG,Taillard,extension,200,151-500,makespan_gap_pct,25.094339622641513,3
ta018,PFSP,XG,Taillard,extension,200,151-500,flowtime_gap_pct,27.59764884338263,3
ta018,PFSP,XG,Taillard,extension,200,151-500,seconds,0.0220094,3
ta018,PFSP,XH,Taillard,extension,200,151-500,hv_deficit_pct,5.642255834199061,3
ta018,PFSP,XH,Taillard,extension,200,151-500,makespan_gap_pct,20.503144654088047,3
ta018,PFSP,XH,Taillard,extension,200,151-500,flowtime_gap_pct,20.691126279863493,3
ta018,PFSP,XH,Taillard,extension,200,151-500,seconds,20.8387795,3
ta018,PFSP,XT,Taillard,extension,200,151-500,hv_deficit_pct,4.3381898178753815,3
ta018,PFSP,XT,Taillard,extension,200,151-500,makespan_gap_pct,16.603773584905657,3
ta018,PFSP,XT,Taillard,extension,200,151-500,flowtime_gap_pct,14.429275692074327,3
ta018,PFSP,XT,Taillard,extension,200,151-500,seconds,21.9152801,3
ta018,PFSP,XE,Taillard,extension,200,151-500,hv_deficit_pct,0.9349634772784055,3
ta018,PFSP,XE,Taillard,extension,200,151-500,makespan_gap_pct,4.088050314465419,3
ta018,PFSP,XE,Taillard,extension,200,151-500,flowtime_gap_pct,2.2326507394766715,3
ta018,PFSP,XE,Taillard,extension,200,151-500,seconds,18.5319298,3
ta018,PFSP,XHT,Taillard,extension,200,151-500,hv_deficit_pct,3.8935578421526174,3
ta018,PFSP,XHT,Taillard,extension,200,151-500,makespan_gap_pct,15.283018867924536,3
ta018,PFSP,XHT,Taillard,extension,200,151-500,flowtime_gap_pct,13.410125142207052,3
ta018,PFSP,XHT,Taillard,extension,200,151-500,seconds,21.302314,3
ta018,PFSP,XHE,Taillard,extension,200,151-500,hv_deficit_pct,1.180646727142387,3
ta018,PFSP,XHE,Taillard,extension,200,151-500,makespan_gap_pct,4.716981132075482,3
ta018,PFSP,XHE,Taillard,extension,200,151-500,flowtime_gap_pct,2.6877133105801976,3
ta018,PFSP,XHE,Taillard,extension,200,151-500,seconds,19.7529493,3
ta018,PFSP,XTE,Taillard,extension,200,151-500,hv_deficit_pct,1.3780122857707133,3
ta018,PFSP,XTE,Taillard,extension,200,151-500,makespan_gap_pct,5.283018867924527,3
ta018,PFSP,XTE,Taillard,extension,200,151-500,flowtime_gap_pct,3.986537732271511,3
ta018,PFSP,XTE,Taillard,extension,200,151-500,seconds,20.8890005,3
ta018,PFSP,XHTE,Taillard,extension,200,151-500,hv_deficit_pct,1.397525414740286,3
ta018,PFSP,XHTE,Taillard,extension,200,151-500,makespan_gap_pct,5.786163522012577,3
ta018,PFSP,XHTE,Taillard,extension,200,151-500,flowtime_gap_pct,3.8775123246113097,3
ta018,PFSP,XHTE,Taillard,extension,200,151-500,seconds,18.7666318,3
ta018,PFSP,NSGA-II,Taillard,extension,200,151-500,hv_deficit_pct,1.28928336306251,3
ta018,PFSP,NSGA-II,Taillard,extension,200,151-500,makespan_gap_pct,5.849056603773595,3
ta018,PFSP,NSGA-II,Taillard,extension,200,151-500,flowtime_gap_pct,3.2660219946909264,3
ta018,PFSP,NSGA-II,Taillard,extension,200,151-500,seconds,0.20794919994659722,3
ta018,PFSP,SPEA2,Taillard,extension,200,151-500,hv_deficit_pct,1.3983053270460233,3
ta018,PFSP,SPEA2,Taillard,extension,200,151-500,makespan_gap_pct,5.094339622641519,3
ta018,PFSP,SPEA2,Taillard,extension,200,151-500,flowtime_gap_pct,4.8445202882063,3
ta018,PFSP,SPEA2,Taillard,extension,200,151-500,seconds,0.2316376999951899,3
ta018,PFSP,MOEA/D,Taillard,extension,200,151-500,hv_deficit_pct,0.2385641117210735,3
ta018,PFSP,MOEA/D,Taillard,extension,200,151-500,makespan_gap_pct,0.6918238993710801,3
ta018,PFSP,MOEA/D,Taillard,extension,200,151-500,flowtime_gap_pct,0.7062950322336059,3
ta018,PFSP,MOEA/D,Taillard,extension,200,151-500,seconds,0.35269079997669905,3
ta018,PFSP,SMS-EMOA,Taillard,extension,200,151-500,hv_deficit_pct,1.5049798825212513,3
ta018,PFSP,SMS-EMOA,Taillard,extension,200,151-500,makespan_gap_pct,6.729559748427683,3
ta018,PFSP,SMS-EMOA,Taillard,extension,200,151-500,flowtime_gap_pct,3.360826697004171,3
ta018,PFSP,SMS-EMOA,Taillard,extension,200,151-500,seconds,0.2040609000250697,3
ta021,PFSP,XG,Taillard,extension,400,151-500,hv_deficit_pct,3.10752053326655,3
ta021,PFSP,XG,Taillard,extension,400,151-500,makespan_gap_pct,17.546777546777538,3
ta021,PFSP,XG,Taillard,extension,400,151-500,flowtime_gap_pct,13.63779078064793,3
ta021,PFSP,XG,Taillard,extension,400,151-500,seconds,0.045322,3
ta021,PFSP,XH,Taillard,extension,400,151-500,hv_deficit_pct,1.670626689480048,3
ta021,PFSP,XH,Taillard,extension,400,151-500,makespan_gap_pct,7.151767151767152,3
ta021,PFSP,XH,Taillard,extension,400,151-500,flowtime_gap_pct,11.408591408591406,3
ta021,PFSP,XH,Taillard,extension,400,151-500,seconds,48.3171869,3
ta021,PFSP,XT,Taillard,extension,400,151-500,hv_deficit_pct,1.8505937976232012,3
ta021,PFSP,XT,Taillard,extension,400,151-500,makespan_gap_pct,10.769230769230775,3
ta021,PFSP,XT,Taillard,extension,400,151-500,flowtime_gap_pct,8.40587983445127,3
ta021,PFSP,XT,Taillard,extension,400,151-500,seconds,47.4935042,3
ta021,PFSP,XE,Taillard,extension,400,151-500,hv_deficit_pct,0.10321518650903139,3
ta021,PFSP,XE,Taillard,extension,400,151-500,makespan_gap_pct,1.2474012474012364,3
ta021,PFSP,XE,Taillard,extension,400,151-500,flowtime_gap_pct,2.226345083487935,3
ta021,PFSP,XE,Taillard,extension,400,151-500,seconds,42.1066547,3
ta021,PFSP,XHT,Taillard,extension,400,151-500,hv_deficit_pct,1.3435447289118607,3
ta021,PFSP,XHT,Taillard,extension,400,151-500,makespan_gap_pct,5.072765072765062,3
ta021,PFSP,XHT,Taillard,extension,400,151-500,flowtime_gap_pct,8.976737548166124,3
ta021,PFSP,XHT,Taillard,extension,400,151-500,seconds,48.5332887,3
ta021,PFSP,XHE,Taillard,extension,400,151-500,hv_deficit_pct,0.6662263867180385,3
ta021,PFSP,XHE,Taillard,extension,400,151-500,makespan_gap_pct,2.7027027027026973,3
ta021,PFSP,XHE,Taillard,extension,400,151-500,flowtime_gap_pct,5.882688739831599,3
ta021,PFSP,XHE,Taillard,extension,400,151-500,seconds,48.921739,3
ta021,PFSP,XTE,Taillard,extension,400,151-500,hv_deficit_pct,0.4009807317386871,3
ta021,PFSP,XTE,Taillard,extension,400,151-500,makespan_gap_pct,2.8690228690228636,3
ta021,PFSP,XTE,Taillard,extension,400,151-500,flowtime_gap_pct,2.999857285571572,3
ta021,PFSP,XTE,Taillard,extension,400,151-500,seconds,49.2036333,3
ta021,PFSP,XHTE,Taillard,extension,400,151-500,hv_deficit_pct,0.5151724565594429,3
ta021,PFSP,XHTE,Taillard,extension,400,151-500,makespan_gap_pct,1.7047817047816993,3
ta021,PFSP,XHTE,Taillard,extension,400,151-500,flowtime_gap_pct,5.45169116597688,3
ta021,PFSP,XHTE,Taillard,extension,400,151-500,seconds,44.5472329,3
ta021,PFSP,NSGA-II,Taillard,extension,400,151-500,hv_deficit_pct,0.21419929486476974,3
ta021,PFSP,NSGA-II,Taillard,extension,400,151-500,makespan_gap_pct,2.1621621621621623,3
ta021,PFSP,NSGA-II,Taillard,extension,400,151-500,flowtime_gap_pct,0.7050092764378402,3
ta021,PFSP,NSGA-II,Taillard,extension,400,151-500,seconds,0.36935659998562187,3
ta021,PFSP,SPEA2,Taillard,extension,400,151-500,hv_deficit_pct,0.232288286369986,3
ta021,PFSP,SPEA2,Taillard,extension,400,151-500,makespan_gap_pct,1.8295218295218296,3
ta021,PFSP,SPEA2,Taillard,extension,400,151-500,flowtime_gap_pct,1.9608962466105329,3
ta021,PFSP,SPEA2,Taillard,extension,400,151-500,seconds,0.40217120002489537,3
ta021,PFSP,MOEA/D,Taillard,extension,400,151-500,hv_deficit_pct,0.03488454812018427,3
ta021,PFSP,MOEA/D,Taillard,extension,400,151-500,makespan_gap_pct,0.8316008316008316,3
ta021,PFSP,MOEA/D,Taillard,extension,400,151-500,flowtime_gap_pct,0.6536320822035036,3
ta021,PFSP,MOEA/D,Taillard,extension,400,151-500,seconds,0.5212058000033721,3
ta021,PFSP,SMS-EMOA,Taillard,extension,400,151-500,hv_deficit_pct,0.30692254154222054,3
ta021,PFSP,SMS-EMOA,Taillard,extension,400,151-500,makespan_gap_pct,2.494802494802495,3
ta021,PFSP,SMS-EMOA,Taillard,extension,400,151-500,flowtime_gap_pct,1.8838304552590168,3
ta021,PFSP,SMS-EMOA,Taillard,extension,400,151-500,seconds,0.3839985999511555,3
ta025,PFSP,XG,Taillard,extension,400,151-500,hv_deficit_pct,2.8041223274278715,3
ta025,PFSP,XG,Taillard,extension,400,151-500,makespan_gap_pct,16.22530474989492,3
ta025,PFSP,XG,Taillard,extension,400,151-500,flowtime_gap_pct,10.933229207340878,3
ta025,PFSP,XG,Taillard,extension,400,151-500,seconds,0.0470794,3
ta025,PFSP,XH,Taillard,extension,400,151-500,hv_deficit_pct,2.0010467432604484,3
ta025,PFSP,XH,Taillard,extension,400,151-500,makespan_gap_pct,10.92896174863387,3
ta025,PFSP,XH,Taillard,extension,400,151-500,flowtime_gap_pct,8.785630613041784,3
ta025,PFSP,XH,Taillard,extension,400,151-500,seconds,50.5473767,3
ta025,PFSP,XT,Taillard,extension,400,151-500,hv_deficit_pct,1.8279587486118132,3
ta025,PFSP,XT,Taillard,extension,400,151-500,makespan_gap_pct,10.382513661202175,3
ta025,PFSP,XT,Taillard,extension,400,151-500,flowtime_gap_pct,7.335304289619016,3
ta025,PFSP,XT,Taillard,extension,400,151-500,seconds,44.3385847,3
ta025,PFSP,XE,Taillard,extension,400,151-500,hv_deficit_pct,0.30917928797296046,3
ta025,PFSP,XE,Taillard,extension,400,151-500,makespan_gap_pct,2.690205968894488,3
ta025,PFSP,XE,Taillard,extension,400,151-500,flowtime_gap_pct,1.4586935906732768,3
ta025,PFSP,XE,Taillard,extension,400,151-500,seconds,43.5905128,3
ta025,PFSP,XHT,Taillard,extension,400,151-500,hv_deficit_pct,1.556689424245239,3
ta025,PFSP,XHT,Taillard,extension,400,151-500,makespan_gap_pct,7.524169819251791,3
ta025,PFSP,XHT,Taillard,extension,400,151-500,flowtime_gap_pct,8.06883471858091,3
ta025,PFSP,XHT,Taillard,extension,400,151-500,seconds,43.7087283,3
ta025,PFSP,XHE,Taillard,extension,400,151-500,hv_deficit_pct,0.5502545326849684,3
ta025,PFSP,XHE,Taillard,extension,400,151-500,makespan_gap_pct,2.1437578814627933,3
ta025,PFSP,XHE,Taillard,extension,400,151-500,flowtime_gap_pct,3.921459251408499,3
ta025,PFSP,XHE,Taillard,extension,400,151-500,seconds,45.343822,3
ta025,PFSP,XTE,Taillard,extension,400,151-500,hv_deficit_pct,0.5267991222298263,3
ta025,PFSP,XTE,Taillard,extension,400,151-500,makespan_gap_pct,2.3118957545187113,3
ta025,PFSP,XTE,Taillard,extension,400,151-500,flowtime_gap_pct,3.4138450382105168,3
ta025,PFSP,XTE,Taillard,extension,400,151-500,seconds,48.3246866,3
ta025,PFSP,XHTE,Taillard,extension,400,151-500,hv_deficit_pct,0.7919157575977054,3
ta025,PFSP,XHTE,Taillard,extension,400,151-500,makespan_gap_pct,4.077343421605706,3
ta025,PFSP,XHTE,Taillard,extension,400,151-500,flowtime_gap_pct,4.066491883750767,3
ta025,PFSP,XHTE,Taillard,extension,400,151-500,seconds,49.0763697,3
ta025,PFSP,NSGA-II,Taillard,extension,400,151-500,hv_deficit_pct,0.6691547651032859,3
ta025,PFSP,NSGA-II,Taillard,extension,400,151-500,makespan_gap_pct,4.455653635981505,3
ta025,PFSP,NSGA-II,Taillard,extension,400,151-500,flowtime_gap_pct,1.5730462430969983,3
ta025,PFSP,NSGA-II,Taillard,extension,400,151-500,seconds,0.3775448000524193,3
ta025,PFSP,SPEA2,Taillard,extension,400,151-500,hv_deficit_pct,0.5816037948239261,3
ta025,PFSP,SPEA2,Taillard,extension,400,151-500,makespan_gap_pct,4.7078604455653705,3
ta025,PFSP,SPEA2,Taillard,extension,400,151-500,flowtime_gap_pct,0.9845484464773735,3
ta025,PFSP,SPEA2,Taillard,extension,400,151-500,seconds,0.3868089000461623,3
ta025,PFSP,MOEA/D,Taillard,extension,400,151-500,hv_deficit_pct,0.33096469741833445,3
ta025,PFSP,MOEA/D,Taillard,extension,400,151-500,makespan_gap_pct,1.555275325767136,3
ta025,PFSP,MOEA/D,Taillard,extension,400,151-500,flowtime_gap_pct,0.4825124114464119,3
ta025,PFSP,MOEA/D,Taillard,extension,400,151-500,seconds,0.4923291999148205,3
ta025,PFSP,SMS-EMOA,Taillard,extension,400,151-500,hv_deficit_pct,0.7382741085325106,3
ta025,PFSP,SMS-EMOA,Taillard,extension,400,151-500,makespan_gap_pct,5.422446406052961,3
ta025,PFSP,SMS-EMOA,Taillard,extension,400,151-500,flowtime_gap_pct,1.6093044011825652,3
ta025,PFSP,SMS-EMOA,Taillard,extension,400,151-500,seconds,0.3797505999682471,3
ta038,PFSP,XG,Taillard,extension,250,151-500,hv_deficit_pct,4.172584423106662,3
ta038,PFSP,XG,Taillard,extension,250,151-500,makespan_gap_pct,8.557902403495987,3
ta038,PFSP,XG,Taillard,extension,250,151-500,flowtime_gap_pct,19.098676957001093,3
ta038,PFSP,XG,Taillard,extension,250,151-500,seconds,0.0415722,3
ta038,PFSP,XH,Taillard,extension,250,151-500,hv_deficit_pct,2.4100609993644606,3
ta038,PFSP,XH,Taillard,extension,250,151-500,makespan_gap_pct,5.061908230152956,3
ta038,PFSP,XH,Taillard,extension,250,151-500,flowtime_gap_pct,11.459481808158767,3
ta038,PFSP,XH,Taillard,extension,250,151-500,seconds,46.8827464,3
ta038,PFSP,XT,Taillard,extension,250,151-500,hv_deficit_pct,2.9809914963350503,3
ta038,PFSP,XT,Taillard,extension,250,151-500,makespan_gap_pct,5.790240349599407,3
ta038,PFSP,XT,Taillard,extension,250,151-500,flowtime_gap_pct,14.776736493936049,3
ta038,PFSP,XT,Taillard,extension,250,151-500,seconds,44.6211723,3
ta038,PFSP,XE,Taillard,extension,250,151-500,hv_deficit_pct,0.2746165728755745,3
ta038,PFSP,XE,Taillard,extension,250,151-500,makespan_gap_pct,0.9832483612527421,3
ta038,PFSP,XE,Taillard,extension,250,151-500,flowtime_gap_pct,2.050716648291062,3
ta038,PFSP,XE,Taillard,extension,250,151-500,seconds,40.6810362,3
ta038,PFSP,XHT,Taillard,extension,250,151-500,hv_deficit_pct,2.173303250955383,3
ta038,PFSP,XHT,Taillard,extension,250,151-500,makespan_gap_pct,4.115076474872548,3
ta038,PFSP,XHT,Taillard,extension,250,151-500,flowtime_gap_pct,11.459481808158767,3
ta038,PFSP,XHT,Taillard,extension,250,151-500,seconds,43.7423716,3
ta038,PFSP,XHE,Taillard,extension,250,151-500,hv_deficit_pct,0.49118634492079094,3
ta038,PFSP,XHE,Taillard,extension,250,151-500,makespan_gap_pct,1.4202476329206126,3
ta038,PFSP,XHE,Taillard,extension,250,151-500,flowtime_gap_pct,2.9644432194046333,3
ta038,PFSP,XHE,Taillard,extension,250,151-500,seconds,40.0361874,3
ta038,PFSP,XTE,Taillard,extension,250,151-500,hv_deficit_pct,0.8414219961555336,3
ta038,PFSP,XTE,Taillard,extension,250,151-500,makespan_gap_pct,2.039329934450107,3
ta038,PFSP,XTE,Taillard,extension,250,151-500,flowtime_gap_pct,2.9051819184123584,3
ta038,PFSP,XTE,Taillard,extension,250,151-500,seconds,43.4006372,3
ta038,PFSP,XHTE,Taillard,extension,250,151-500,hv_deficit_pct,0.5519589060666519,3
ta038,PFSP,XHTE,Taillard,extension,250,151-500,makespan_gap_pct,2.112163146394752,3
ta038,PFSP,XHTE,Taillard,extension,250,151-500,flowtime_gap_pct,4.769845644983461,3
ta038,PFSP,XHTE,Taillard,extension,250,151-500,seconds,44.6083927,3
ta038,PFSP,NSGA-II,Taillard,extension,250,151-500,hv_deficit_pct,0.9229737092121826,3
ta038,PFSP,NSGA-II,Taillard,extension,250,151-500,makespan_gap_pct,2.0029133284777956,3
ta038,PFSP,NSGA-II,Taillard,extension,250,151-500,flowtime_gap_pct,5.344542447629541,3
ta038,PFSP,NSGA-II,Taillard,extension,250,151-500,seconds,0.26681280008051544,3
ta038,PFSP,SPEA2,Taillard,extension,250,151-500,hv_deficit_pct,0.9805847005601831,3
ta038,PFSP,SPEA2,Taillard,extension,250,151-500,makespan_gap_pct,2.6584122359796014,3
ta038,PFSP,SPEA2,Taillard,extension,250,151-500,flowtime_gap_pct,5.704244762954791,3
ta038,PFSP,SPEA2,Taillard,extension,250,151-500,seconds,0.2994433999992907,3
ta038,PFSP,MOEA/D,Taillard,extension,250,151-500,hv_deficit_pct,0.5503150247241462,3
ta038,PFSP,MOEA/D,Taillard,extension,250,151-500,makespan_gap_pct,1.3474144209759675,3
ta038,PFSP,MOEA/D,Taillard,extension,250,151-500,flowtime_gap_pct,3.6121830209481898,3
ta038,PFSP,MOEA/D,Taillard,extension,250,151-500,seconds,0.46093470009509474,3
ta038,PFSP,SMS-EMOA,Taillard,extension,250,151-500,hv_deficit_pct,1.3290048807757415,3
ta038,PFSP,SMS-EMOA,Taillard,extension,250,151-500,makespan_gap_pct,3.3139111434814295,3
ta038,PFSP,SMS-EMOA,Taillard,extension,250,151-500,flowtime_gap_pct,5.476846747519293,3
ta038,PFSP,SMS-EMOA,Taillard,extension,250,151-500,seconds,0.2737018000334501,3
ta039,PFSP,XG,Taillard,extension,250,151-500,hv_deficit_pct,7.005278919731772,3
ta039,PFSP,XG,Taillard,extension,250,151-500,makespan_gap_pct,15.67877629063097,3
ta039,PFSP,XG,Taillard,extension,250,151-500,flowtime_gap_pct,25.134230577511918,3
ta039,PFSP,XG,Taillard,extension,250,151-500,seconds,0.0458582,3
ta039,PFSP,XH,Taillard,extension,250,151-500,hv_deficit_pct,2.944177870668374,3
ta039,PFSP,XH,Taillard,extension,250,151-500,makespan_gap_pct,5.162523900573612,3
ta039,PFSP,XH,Taillard,extension,250,151-500,flowtime_gap_pct,13.049918108666247,3
ta039,PFSP,XH,Taillard,extension,250,151-500,seconds,46.7468005,3
ta039,PFSP,XT,Taillard,extension,250,151-500,hv_deficit_pct,5.060703021289958,3
ta039,PFSP,XT,Taillard,extension,250,151-500,makespan_gap_pct,11.051625239005736,3
ta039,PFSP,XT,Taillard,extension,250,151-500,flowtime_gap_pct,18.43907996866767,3
ta039,PFSP,XT,Taillard,extension,250,151-500,seconds,48.2086854,3
ta039,PFSP,XE,Taillard,extension,250,151-500,hv_deficit_pct,0.4773048751324893,3
ta039,PFSP,XE,Taillard,extension,250,151-500,makespan_gap_pct,0.7648183556405286,3
ta039,PFSP,XE,Taillard,extension,250,151-500,flowtime_gap_pct,1.713309121982487,3
ta039,PFSP,XE,Taillard,extension,250,151-500,seconds,45.8139392,3
ta039,PFSP,XHT,Taillard,extension,250,151-500,hv_deficit_pct,2.7899046518850334,3
ta039,PFSP,XHT,Taillard,extension,250,151-500,makespan_gap_pct,4.550669216061176,3
ta039,PFSP,XHT,Taillard,extension,250,151-500,flowtime_gap_pct,13.049918108666247,3
ta039,PFSP,XHT,Taillard,extension,250,151-500,seconds,45.6249648,3
ta039,PFSP,XHE,Taillard,extension,250,151-500,hv_deficit_pct,1.7436365129935294,3
ta039,PFSP,XHE,Taillard,extension,250,151-500,makespan_gap_pct,3.8240917782026873,3
ta039,PFSP,XHE,Taillard,extension,250,151-500,flowtime_gap_pct,4.709819839065732,3
ta039,PFSP,XHE,Taillard,extension,250,151-500,seconds,43.1790342,3
ta039,PFSP,XTE,Taillard,extension,250,151-500,hv_deficit_pct,0.7793400056858357,3
ta039,PFSP,XTE,Taillard,extension,250,151-500,makespan_gap_pct,1.873804971319304,3
ta039,PFSP,XTE,Taillard,extension,250,151-500,flowtime_gap_pct,4.385102898241122,3
ta039,PFSP,XTE,Taillard,extension,250,151-500,seconds,49.648043799999996,3
ta039,PFSP,XHTE,Taillard,extension,250,151-500,hv_deficit_pct,2.2473240839845254,3
ta039,PFSP,XHTE,Taillard,extension,250,151-500,makespan_gap_pct,2.6768642447418722,3
ta039,PFSP,XHTE,Taillard,extension,250,151-500,flowtime_gap_pct,7.944171473331907,3
ta039,PFSP,XHTE,Taillard,extension,250,151-500,seconds,43.7377289,3
ta039,PFSP,NSGA-II,Taillard,extension,250,151-500,hv_deficit_pct,1.0343339769253057,3
ta039,PFSP,NSGA-II,Taillard,extension,250,151-500,makespan_gap_pct,1.9120458891013437,3
ta039,PFSP,NSGA-II,Taillard,extension,250,151-500,flowtime_gap_pct,4.393648080894397,3
ta039,PFSP,NSGA-II,Taillard,extension,250,151-500,seconds,0.26235460001043975,3
ta039,PFSP,SPEA2,Taillard,extension,250,151-500,hv_deficit_pct,1.2509305239198132,3
ta039,PFSP,SPEA2,Taillard,extension,250,151-500,makespan_gap_pct,2.6768642447418722,3
ta039,PFSP,SPEA2,Taillard,extension,250,151-500,flowtime_gap_pct,4.594459873246448,3
ta039,PFSP,SPEA2,Taillard,extension,250,151-500,seconds,0.29232989996671677,3
ta039,PFSP,MOEA/D,Taillard,extension,250,151-500,hv_deficit_pct,0.25291162585339144,3
ta039,PFSP,MOEA/D,Taillard,extension,250,151-500,makespan_gap_pct,0.42065009560230404,3
ta039,PFSP,MOEA/D,Taillard,extension,250,151-500,flowtime_gap_pct,1.1906287830235618,3
ta039,PFSP,MOEA/D,Taillard,extension,250,151-500,seconds,0.42907249997369945,3
ta039,PFSP,SMS-EMOA,Taillard,extension,250,151-500,hv_deficit_pct,1.2078519168982615,3
ta039,PFSP,SMS-EMOA,Taillard,extension,250,151-500,makespan_gap_pct,2.103250478011476,3
ta039,PFSP,SMS-EMOA,Taillard,extension,250,151-500,flowtime_gap_pct,5.339314961190622,3
ta039,PFSP,SMS-EMOA,Taillard,extension,250,151-500,seconds,0.2691429000115022,3
ta041,PFSP,XG,Taillard,extension,500,151-500,hv_deficit_pct,3.1484472144621023,3
ta041,PFSP,XG,Taillard,extension,500,151-500,makespan_gap_pct,15.259441203561552,3
ta041,PFSP,XG,Taillard,extension,500,151-500,flowtime_gap_pct,16.221453575595923,3
ta041,PFSP,XG,Taillard,extension,500,151-500,seconds,0.0832927,3
ta041,PFSP,XH,Taillard,extension,500,151-500,hv_deficit_pct,2.691377096422043,3
ta041,PFSP,XH,Taillard,extension,500,151-500,makespan_gap_pct,13.35584894074302,3
ta041,PFSP,XH,Taillard,extension,500,151-500,flowtime_gap_pct,13.915860976829464,3
ta041,PFSP,XH,Taillard,extension,500,151-500,seconds,96.0110075,3
ta041,PFSP,XT,Taillard,extension,500,151-500,hv_deficit_pct,2.475401272239608,3
ta041,PFSP,XT,Taillard,extension,500,151-500,makespan_gap_pct,12.404052809333743,3
ta041,PFSP,XT,Taillard,extension,500,151-500,flowtime_gap_pct,11.945740956826146,3
ta041,PFSP,XT,Taillard,extension,500,151-500,seconds,93.1931691,3
ta041,PFSP,XE,Taillard,extension,500,151-500,hv_deficit_pct,0.294283269107376,3
ta041,PFSP,XE,Taillard,extension,500,151-500,makespan_gap_pct,1.8114829597789317,3
ta041,PFSP,XE,Taillard,extension,500,151-500,flowtime_gap_pct,3.9787881313552154,3
ta041,PFSP,XE,Taillard,extension,500,151-500,seconds,85.3340375,3
ta041,PFSP,XHT,Taillard,extension,500,151-500,hv_deficit_pct,2.361926924212121,3
ta041,PFSP,XHT,Taillard,extension,500,151-500,makespan_gap_pct,11.482959778937673,3
ta041,PFSP,XHT,Taillard,extension,500,151-500,flowtime_gap_pct,11.381063510585099,3
ta041,PFSP,XHT,Taillard,extension,500,151-500,seconds,94.7065819,3
ta041,PFSP,XHE,Taillard,extension,500,151-500,hv_deficit_pct,0.8365319708551366,3
ta041,PFSP,XHE,Taillard,extension,500,151-500,makespan_gap_pct,3.929996929689894,3
ta041,PFSP,XHE,Taillard,extension,500,151-500,flowtime_gap_pct,5.957242873812296,3
ta041,PFSP,XHE,Taillard,extension,500,151-500,seconds,94.1741356,3
ta041,PFSP,XTE,Taillard,extension,500,151-500,hv_deficit_pct,1.0897718149218028,3
ta041,PFSP,XTE,Taillard,extension,500,151-500,makespan_gap_pct,4.881793061099171,3
ta041,PFSP,XTE,Taillard,extension,500,151-500,flowtime_gap_pct,6.981371895315891,3
ta041,PFSP,XTE,Taillard,extension,500,151-500,seconds,97.3746246,3
ta041,PFSP,XHTE,Taillard,extension,500,151-500,hv_deficit_pct,1.2579529496493103,3
ta041,PFSP,XHTE,Taillard,extension,500,151-500,makespan_gap_pct,4.820386859072756,3
ta041,PFSP,XHTE,Taillard,extension,500,151-500,flowtime_gap_pct,7.649191531921984,3
ta041,PFSP,XHTE,Taillard,extension,500,151-500,seconds,90.5363963,3
ta041,PFSP,NSGA-II,Taillard,extension,500,151-500,hv_deficit_pct,0.9336291247603157,3
ta041,PFSP,NSGA-II,Taillard,extension,500,151-500,makespan_gap_pct,4.666871354006763,3
ta041,PFSP,NSGA-II,Taillard,extension,500,151-500,flowtime_gap_pct,5.262335389231532,3
ta041,PFSP,NSGA-II,Taillard,extension,500,151-500,seconds,0.4778196000261232,3
ta041,PFSP,SPEA2,Taillard,extension,500,151-500,hv_deficit_pct,0.8752792072940219,3
ta041,PFSP,SPEA2,Taillard,extension,500,151-500,makespan_gap_pct,4.144918636782324,3
ta041,PFSP,SPEA2,Taillard,extension,500,151-500,flowtime_gap_pct,5.413402233705611,3
ta041,PFSP,SPEA2,Taillard,extension,500,151-500,seconds,0.503266999963671,3
ta041,PFSP,MOEA/D,Taillard,extension,500,151-500,hv_deficit_pct,0.19369319212590996,3
ta041,PFSP,MOEA/D,Taillard,extension,500,151-500,makespan_gap_pct,0.614062020264039,3
ta041,PFSP,MOEA/D,Taillard,extension,500,151-500,flowtime_gap_pct,2.69940823470578,3
ta041,PFSP,MOEA/D,Taillard,extension,500,151-500,seconds,0.6566663000266999,3
ta041,PFSP,SMS-EMOA,Taillard,extension,500,151-500,hv_deficit_pct,0.6878532901788303,3
ta041,PFSP,SMS-EMOA,Taillard,extension,500,151-500,makespan_gap_pct,2.9474976972674316,3
ta041,PFSP,SMS-EMOA,Taillard,extension,500,151-500,flowtime_gap_pct,6.311468578096346,3
ta041,PFSP,SMS-EMOA,Taillard,extension,500,151-500,seconds,0.4399250999558717,3
ta049,PFSP,XG,Taillard,extension,500,151-500,hv_deficit_pct,2.93809072088288,3
ta049,PFSP,XG,Taillard,extension,500,151-500,makespan_gap_pct,14.424007744433688,3
ta049,PFSP,XG,Taillard,extension,500,151-500,flowtime_gap_pct,14.229298433901905,3
ta049,PFSP,XG,Taillard,extension,500,151-500,seconds,0.0852805,3
ta049,PFSP,XH,Taillard,extension,500,151-500,hv_deficit_pct,2.0532692881689574,3
ta049,PFSP,XH,Taillard,extension,500,151-500,makespan_gap_pct,9.099709583736693,3
ta049,PFSP,XH,Taillard,extension,500,151-500,flowtime_gap_pct,11.75667649602483,3
ta049,PFSP,XH,Taillard,extension,500,151-500,seconds,101.0313781,3
ta049,PFSP,XT,Taillard,extension,500,151-500,hv_deficit_pct,2.2294634702913707,3
ta049,PFSP,XT,Taillard,extension,500,151-500,makespan_gap_pct,11.358502742820264,3
ta049,PFSP,XT,Taillard,extension,500,151-500,flowtime_gap_pct,10.131185462275072,3
ta049,PFSP,XT,Taillard,extension,500,151-500,seconds,93.844299,3
ta049,PFSP,XE,Taillard,extension,500,151-500,hv_deficit_pct,0.7108659023998043,3
ta049,PFSP,XE,Taillard,extension,500,151-500,makespan_gap_pct,3.8722168441432725,3
ta049,PFSP,XE,Taillard,extension,500,151-500,flowtime_gap_pct,2.6070375425909953,3
ta049,PFSP,XE,Taillard,extension,500,151-500,seconds,88.6389126,3
ta049,PFSP,XHT,Taillard,extension,500,151-500,hv_deficit_pct,1.9067778444890493,3
ta049,PFSP,XHT,Taillard,extension,500,151-500,makespan_gap_pct,7.905776056792524,3
ta049,PFSP,XHT,Taillard,extension,500,151-500,flowtime_gap_pct,11.75667649602483,3
ta049,PFSP,XHT,Taillard,extension,500,151-500,seconds,99.2598614,3
ta049,PFSP,XHE,Taillard,extension,500,151-500,hv_deficit_pct,1.2735408863543518,3
ta049,PFSP,XHE,Taillard,extension,500,151-500,makespan_gap_pct,4.646660212971931,3
ta049,PFSP,XHE,Taillard,extension,500,151-500,flowtime_gap_pct,9.327817778287194,3
ta049,PFSP,XHE,Taillard,extension,500,151-500,seconds,93.9939994,3
ta049,PFSP,XTE,Taillard,extension,500,151-500,hv_deficit_pct,1.0365304184379753,3
ta049,PFSP,XTE,Taillard,extension,500,151-500,makespan_gap_pct,4.904808002581484,3
ta049,PFSP,XTE,Taillard,extension,500,151-500,flowtime_gap_pct,5.502703941815756,3
ta049,PFSP,XTE,Taillard,extension,500,151-500,seconds,83.2476422,3
ta049,PFSP,XHTE,Taillard,extension,500,151-500,hv_deficit_pct,1.443939880342493,3
ta049,PFSP,XHTE,Taillard,extension,500,151-500,makespan_gap_pct,5.485640529202973,3
ta049,PFSP,XHTE,Taillard,extension,500,151-500,flowtime_gap_pct,10.11868168509238,3
ta049,PFSP,XHTE,Taillard,extension,500,151-500,seconds,103.7757219,3
ta049,PFSP,NSGA-II,Taillard,extension,500,151-500,hv_deficit_pct,1.1290963657531239,3
ta049,PFSP,NSGA-II,Taillard,extension,500,151-500,makespan_gap_pct,6.518231687641185,3
ta049,PFSP,NSGA-II,Taillard,extension,500,151-500,flowtime_gap_pct,3.7146638046910097,3
ta049,PFSP,NSGA-II,Taillard,extension,500,151-500,seconds,0.4911363000283018,3
ta049,PFSP,SPEA2,Taillard,extension,500,151-500,hv_deficit_pct,1.079227676847938,3
ta049,PFSP,SPEA2,Taillard,extension,500,151-500,makespan_gap_pct,6.195546950629227,3
ta049,PFSP,SPEA2,Taillard,extension,500,151-500,flowtime_gap_pct,3.8636671494513886,3
ta049,PFSP,SPEA2,Taillard,extension,500,151-500,seconds,0.4882610000204295,3
ta049,PFSP,MOEA/D,Taillard,extension,500,151-500,hv_deficit_pct,0.16206046446641809,3
ta049,PFSP,MOEA/D,Taillard,extension,500,151-500,makespan_gap_pct,0.1936108422071703,3
ta049,PFSP,MOEA/D,Taillard,extension,500,151-500,flowtime_gap_pct,0.38449114836773823,3
ta049,PFSP,MOEA/D,Taillard,extension,500,151-500,seconds,0.6721383000258356,3
ta049,PFSP,SMS-EMOA,Taillard,extension,500,151-500,hv_deficit_pct,1.1253085503825533,3
ta049,PFSP,SMS-EMOA,Taillard,extension,500,151-500,makespan_gap_pct,6.163278476928036,3
ta049,PFSP,SMS-EMOA,Taillard,extension,500,151-500,flowtime_gap_pct,3.8542893165643743,3
ta049,PFSP,SMS-EMOA,Taillard,extension,500,151-500,seconds,0.44356849999167025,3
ta059,PFSP,XG,Taillard,extension,1000,501+,hv_deficit_pct,2.2064540364681973,3
ta059,PFSP,XG,Taillard,extension,1000,501+,makespan_gap_pct,18.935342732134174,3
ta059,PFSP,XG,Taillard,extension,1000,501+,flowtime_gap_pct,13.239866208908602,3
ta059,PFSP,XG,Taillard,extension,1000,501+,seconds,0.1823724,3
ta059,PFSP,XH,Taillard,extension,1000,501+,hv_deficit_pct,1.242035421648413,3
ta059,PFSP,XH,Taillard,extension,1000,501+,makespan_gap_pct,10.6951871657754,3
ta059,PFSP,XH,Taillard,extension,1000,501+,flowtime_gap_pct,7.295150809671869,3
ta059,PFSP,XH,Taillard,extension,1000,501+,seconds,204.231258,3
ta059,PFSP,XT,Taillard,extension,1000,501+,hv_deficit_pct,1.4463879864456741,3
ta059,PFSP,XT,Taillard,extension,1000,501+,makespan_gap_pct,12.51823043266893,3
ta059,PFSP,XT,Taillard,extension,1000,501+,flowtime_gap_pct,8.040726715487656,3
ta059,PFSP,XT,Taillard,extension,1000,501+,seconds,208.578921,3
ta059,PFSP,XE,Taillard,extension,1000,501+,hv_deficit_pct,0.3325076753099676,3
ta059,PFSP,XE,Taillard,extension,1000,501+,makespan_gap_pct,2.9168692270296503,3
ta059,PFSP,XE,Taillard,extension,1000,501+,flowtime_gap_pct,1.9840275833615806,3
ta059,PFSP,XE,Taillard,extension,1000,501+,seconds,184.0276043,3
ta059,PFSP,XHT,Taillard,extension,1000,501+,hv_deficit_pct,1.2725879763591852,3
ta059,PFSP,XHT,Taillard,extension,1000,501+,makespan_gap_pct,11.351482741857065,3
ta059,PFSP,XHT,Taillard,extension,1000,501+,flowtime_gap_pct,6.9444649093079125,3
ta059,PFSP,XHT,Taillard,extension,1000,501+,seconds,224.1580624,3
ta059,PFSP,XHE,Taillard,extension,1000,501+,hv_deficit_pct,0.6077285070194005,3
ta059,PFSP,XHE,Taillard,extension,1000,501+,makespan_gap_pct,5.031599416626165,3
ta059,PFSP,XHE,Taillard,extension,1000,501+,flowtime_gap_pct,3.9489000545184005,3
ta059,PFSP,XHE,Taillard,extension,1000,501+,seconds,206.0527459,3
ta059,PFSP,XTE,Taillard,extension,1000,501+,hv_deficit_pct,0.5488746419297086,3
ta059,PFSP,XTE,Taillard,extension,1000,501+,makespan_gap_pct,4.715605250364607,3
ta059,PFSP,XTE,Taillard,extension,1000,501+,flowtime_gap_pct,4.487453401505892,3
ta059,PFSP,XTE,Taillard,extension,1000,501+,seconds,205.5534303,3
ta059,PFSP,XHTE,Taillard,extension,1000,501+,hv_deficit_pct,0.7807398004418098,3
ta059,PFSP,XHTE,Taillard,extension,1000,501+,makespan_gap_pct,6.562955760816713,3
ta059,PFSP,XHTE,Taillard,extension,1000,501+,flowtime_gap_pct,4.911812810349647,3
ta059,PFSP,XHTE,Taillard,extension,1000,501+,seconds,204.0841158,3
ta059,PFSP,NSGA-II,Taillard,extension,1000,501+,hv_deficit_pct,0.5020035983850146,3
ta059,PFSP,NSGA-II,Taillard,extension,1000,501+,makespan_gap_pct,4.715605250364607,3
ta059,PFSP,NSGA-II,Taillard,extension,1000,501+,flowtime_gap_pct,2.3980727010181724,3
ta059,PFSP,NSGA-II,Taillard,extension,1000,501+,seconds,1.0369740999303758,3
ta059,PFSP,SPEA2,Taillard,extension,1000,501+,hv_deficit_pct,0.50120639413469,3
ta059,PFSP,SPEA2,Taillard,extension,1000,501+,makespan_gap_pct,5.201750121536208,3
ta059,PFSP,SPEA2,Taillard,extension,1000,501+,flowtime_gap_pct,1.6222906567256556,3
ta059,PFSP,SPEA2,Taillard,extension,1000,501+,seconds,1.0540141999954358,3
ta059,PFSP,MOEA/D,Taillard,extension,1000,501+,hv_deficit_pct,0.19857657308767207,3
ta059,PFSP,MOEA/D,Taillard,extension,1000,501+,makespan_gap_pct,2.503646086533795,3
ta059,PFSP,MOEA/D,Taillard,extension,1000,501+,flowtime_gap_pct,0.07809391898860873,3
ta059,PFSP,MOEA/D,Taillard,extension,1000,501+,seconds,1.27341919997707,3
ta059,PFSP,SMS-EMOA,Taillard,extension,1000,501+,hv_deficit_pct,0.49026952880659724,3
ta059,PFSP,SMS-EMOA,Taillard,extension,1000,501+,makespan_gap_pct,4.958677685950419,3
ta059,PFSP,SMS-EMOA,Taillard,extension,1000,501+,flowtime_gap_pct,3.045662840555785,3
ta059,PFSP,SMS-EMOA,Taillard,extension,1000,501+,seconds,1.1674818999599665,3
ta060,PFSP,XG,Taillard,extension,1000,501+,hv_deficit_pct,1.890667438109106,3
ta060,PFSP,XG,Taillard,extension,1000,501+,makespan_gap_pct,17.178804742317922,3
ta060,PFSP,XG,Taillard,extension,1000,501+,flowtime_gap_pct,11.251859031749678,3
ta060,PFSP,XG,Taillard,extension,1000,501+,seconds,0.1893087,3
ta060,PFSP,XH,Taillard,extension,1000,501+,hv_deficit_pct,1.136588741498823,3
ta060,PFSP,XH,Taillard,extension,1000,501+,makespan_gap_pct,9.121703363174461,3
ta060,PFSP,XH,Taillard,extension,1000,501+,flowtime_gap_pct,9.052097283778892,3
ta060,PFSP,XH,Taillard,extension,1000,501+,seconds,217.6222366,3
ta060,PFSP,XT,Taillard,extension,1000,501+,hv_deficit_pct,1.198011583809,3
ta060,PFSP,XT,Taillard,extension,1000,501+,makespan_gap_pct,10.766997338495043,3
ta060,PFSP,XT,Taillard,extension,1000,501+,flowtime_gap_pct,7.866016529659414,3
ta060,PFSP,XT,Taillard,extension,1000,501+,seconds,185.2839465,3
ta060,PFSP,XE,Taillard,extension,1000,501+,hv_deficit_pct,0.32452788626069484,3
ta060,PFSP,XE,Taillard,extension,1000,501+,makespan_gap_pct,2.4679409629808857,3
ta060,PFSP,XE,Taillard,extension,1000,501+,flowtime_gap_pct,3.552322957284826,3
ta060,PFSP,XE,Taillard,extension,1000,501+,seconds,215.3897201,3
ta060,PFSP,XHT,Taillard,extension,1000,501+,hv_deficit_pct,0.99047941005449,3
ta060,PFSP,XHT,Taillard,extension,1000,501+,makespan_gap_pct,7.66997338495039,3
ta060,PFSP,XHT,Taillard,extension,1000,501+,flowtime_gap_pct,9.214138260168259,3
ta060,PFSP,XHT,Taillard,extension,1000,501+,seconds,223.7169229,3
ta060,PFSP,XHE,Taillard,extension,1000,501+,hv_deficit_pct,0.6581484291652839,3
ta060,PFSP,XHE,Taillard,extension,1000,501+,makespan_gap_pct,4.08903943866441,3
ta060,PFSP,XHE,Taillard,extension,1000,501+,flowtime_gap_pct,7.555253013296248,3
ta060,PFSP,XHE,Taillard,extension,1000,501+,seconds,201.7937226,3
ta060,PFSP,XTE,Taillard,extension,1000,501+,hv_deficit_pct,0.43769396775008573,3
ta060,PFSP,XTE,Taillard,extension,1000,501+,makespan_gap_pct,3.169610452455851,3
ta060,PFSP,XTE,Taillard,extension,1000,501+,flowtime_gap_pct,4.666632137387072,3
ta060,PFSP,XTE,Taillard,extension,1000,501+,seconds,186.3491532,3
ta060,PFSP,XHTE,Taillard,extension,1000,501+,hv_deficit_pct,0.6720466392456048,3
ta060,PFSP,XHTE,Taillard,extension,1000,501+,makespan_gap_pct,3.7744979433825376,3
ta060,PFSP,XHTE,Taillard,extension,1000,501+,flowtime_gap_pct,7.652181633876176,3
ta060,PFSP,XHTE,Taillard,extension,1000,501+,seconds,224.066186,3
ta060,PFSP,NSGA-II,Taillard,extension,1000,501+,hv_deficit_pct,0.5494656825270283,3
ta060,PFSP,NSGA-II,Taillard,extension,1000,501+,makespan_gap_pct,4.645535930316957,3
ta060,PFSP,NSGA-II,Taillard,extension,1000,501+,flowtime_gap_pct,3.817951772461914,3
ta060,PFSP,NSGA-II,Taillard,extension,1000,501+,seconds,1.032727099955082,3
ta060,PFSP,SPEA2,Taillard,extension,1000,501+,hv_deficit_pct,0.45712425876487384,3
ta060,PFSP,SPEA2,Taillard,extension,1000,501+,makespan_gap_pct,4.742317928865236,3
ta060,PFSP,SPEA2,Taillard,extension,1000,501+,flowtime_gap_pct,3.5286457369904767,3
ta060,PFSP,SPEA2,Taillard,extension,1000,501+,seconds,1.065220299991779,3
ta060,PFSP,MOEA/D,Taillard,extension,1000,501+,hv_deficit_pct,0.1038010462924066,3
ta060,PFSP,MOEA/D,Taillard,extension,1000,501+,makespan_gap_pct,0.6048874909266866,3
ta060,PFSP,MOEA/D,Taillard,extension,1000,501+,flowtime_gap_pct,1.0691744789161683,3
ta060,PFSP,MOEA/D,Taillard,extension,1000,501+,seconds,1.2751252999296412,3
ta060,PFSP,SMS-EMOA,Taillard,extension,1000,501+,hv_deficit_pct,0.5408765591973785,3
ta060,PFSP,SMS-EMOA,Taillard,extension,1000,501+,makespan_gap_pct,5.298814420517783,3
ta060,PFSP,SMS-EMOA,Taillard,extension,1000,501+,flowtime_gap_pct,4.135374507032874,3
ta060,PFSP,SMS-EMOA,Taillard,extension,1000,501+,seconds,1.1145422999979928,3
ta064,PFSP,XG,Taillard,extension,500,151-500,hv_deficit_pct,2.9180671182441387,3
ta064,PFSP,XG,Taillard,extension,500,151-500,makespan_gap_pct,7.579944729569688,3
ta064,PFSP,XG,Taillard,extension,500,151-500,flowtime_gap_pct,11.599387794145777,3
ta064,PFSP,XG,Taillard,extension,500,151-500,seconds,0.169282,3
ta064,PFSP,XH,Taillard,extension,500,151-500,hv_deficit_pct,1.9218026674552524,3
ta064,PFSP,XH,Taillard,extension,500,151-500,makespan_gap_pct,3.2964863797868116,3
ta064,PFSP,XH,Taillard,extension,500,151-500,flowtime_gap_pct,11.308590013391996,3
ta064,PFSP,XH,Taillard,extension,500,151-500,seconds,156.1682051,3
ta064,PFSP,XT,Taillard,extension,500,151-500,hv_deficit_pct,2.560460406178733,3
ta064,PFSP,XT,Taillard,extension,500,151-500,makespan_gap_pct,6.632451638373471,3
ta064,PFSP,XT,Taillard,extension,500,151-500,flowtime_gap_pct,10.346278936292318,3
ta064,PFSP,XT,Taillard,extension,500,151-500,seconds,145.2194513,3
ta064,PFSP,XE,Taillard,extension,500,151-500,hv_deficit_pct,0.0567508409035522,3
ta064,PFSP,XE,Taillard,extension,500,151-500,makespan_gap_pct,0.5527043031977819,3
ta064,PFSP,XE,Taillard,extension,500,151-500,flowtime_gap_pct,0.418595752821882,3
ta064,PFSP,XE,Taillard,extension,500,151-500,seconds,149.6298785,3
ta064,PFSP,XHT,Taillard,extension,500,151-500,hv_deficit_pct,1.940143455178145,3
ta064,PFSP,XHT,Taillard,extension,500,151-500,makespan_gap_pct,3.9281484405842892,3
ta064,PFSP,XHT,Taillard,extension,500,151-500,flowtime_gap_pct,10.390663860723159,3
ta064,PFSP,XHT,Taillard,extension,500,151-500,seconds,164.0021828,3
ta064,PFSP,XHE,Taillard,extension,500,151-500,hv_deficit_pct,0.7162819471352999,3
ta064,PFSP,XHE,Taillard,extension,500,151-500,makespan_gap_pct,1.9542045005921826,3
ta064,PFSP,XHE,Taillard,extension,500,151-500,flowtime_gap_pct,3.845035393150953,3
ta064,PFSP,XHE,Taillard,extension,500,151-500,seconds,173.885586,3
ta064,PFSP,XTE,Taillard,extension,500,151-500,hv_deficit_pct,0.7473498821813696,3
ta064,PFSP,XTE,Taillard,extension,500,151-500,makespan_gap_pct,1.3620213185945529,3
ta064,PFSP,XTE,Taillard,extension,500,151-500,flowtime_gap_pct,5.079012818060069,3
ta064,PFSP,XTE,Taillard,extension,500,151-500,seconds,152.9621935,3
ta064,PFSP,XHTE,Taillard,extension,500,151-500,hv_deficit_pct,0.9826283740488773,3
ta064,PFSP,XHTE,Taillard,extension,500,151-500,makespan_gap_pct,2.2700355309909215,3
ta064,PFSP,XHTE,Taillard,extension,500,151-500,flowtime_gap_pct,5.275301320068881,3
ta064,PFSP,XHTE,Taillard,extension,500,151-500,seconds,153.1015025,3
ta064,PFSP,NSGA-II,Taillard,extension,500,151-500,hv_deficit_pct,0.9973113764899733,3
ta064,PFSP,NSGA-II,Taillard,extension,500,151-500,makespan_gap_pct,2.2502960915909975,3
ta064,PFSP,NSGA-II,Taillard,extension,500,151-500,flowtime_gap_pct,4.929787641094308,3
ta064,PFSP,NSGA-II,Taillard,extension,500,151-500,seconds,0.5251954999985173,3
ta064,PFSP,SPEA2,Taillard,extension,500,151-500,hv_deficit_pct,0.9493580823642933,3
ta064,PFSP,SPEA2,Taillard,extension,500,151-500,makespan_gap_pct,2.427951046190291,3
ta064,PFSP,SPEA2,Taillard,extension,500,151-500,flowtime_gap_pct,4.115171226324854,3
ta064,PFSP,SPEA2,Taillard,extension,500,151-500,seconds,0.5371674000052735,3
ta064,PFSP,MOEA/D,Taillard,extension,500,151-500,hv_deficit_pct,0.3123547822491357,3
ta064,PFSP,MOEA/D,Taillard,extension,500,151-500,makespan_gap_pct,0.7303592577970752,3
ta064,PFSP,MOEA/D,Taillard,extension,500,151-500,flowtime_gap_pct,2.428544097952945,3
ta064,PFSP,MOEA/D,Taillard,extension,500,151-500,seconds,0.716776099987328,3
ta064,PFSP,SMS-EMOA,Taillard,extension,500,151-500,hv_deficit_pct,0.9166622617907905,3
ta064,PFSP,SMS-EMOA,Taillard,extension,500,151-500,makespan_gap_pct,1.7173312277931396,3
ta064,PFSP,SMS-EMOA,Taillard,extension,500,151-500,flowtime_gap_pct,5.8580447675530944,3
ta064,PFSP,SMS-EMOA,Taillard,extension,500,151-500,seconds,0.48330590000841767,3
ta069,PFSP,XG,Taillard,extension,500,151-500,hv_deficit_pct,4.113876123511673,3
ta069,PFSP,XG,Taillard,extension,500,151-500,makespan_gap_pct,9.118870996924189,3
ta069,PFSP,XG,Taillard,extension,500,151-500,flowtime_gap_pct,18.070070438745912,3
ta069,PFSP,XG,Taillard,extension,500,151-500,seconds,0.1442377,3
ta069,PFSP,XH,Taillard,extension,500,151-500,hv_deficit_pct,3.3662018283063477,3
ta069,PFSP,XH,Taillard,extension,500,151-500,makespan_gap_pct,7.020083227790841,3
ta069,PFSP,XH,Taillard,extension,500,151-500,flowtime_gap_pct,15.729903354782504,3
ta069,PFSP,XH,Taillard,extension,500,151-500,seconds,157.0441805,3
ta069,PFSP,XT,Taillard,extension,500,151-500,hv_deficit_pct,3.5433954638281473,3
ta069,PFSP,XT,Taillard,extension,500,151-500,makespan_gap_pct,7.580966166093717,3
ta069,PFSP,XT,Taillard,extension,500,151-500,flowtime_gap_pct,16.16372670191555,3
ta069,PFSP,XT,Taillard,extension,500,151-500,seconds,146.1402104,3
ta069,PFSP,XE,Taillard,extension,500,151-500,hv_deficit_pct,0.10670839971057555,3
ta069,PFSP,XE,Taillard,extension,500,151-500,makespan_gap_pct,0.5970689343224089,3
ta069,PFSP,XE,Taillard,extension,500,151-500,flowtime_gap_pct,0.33466372493120566,3
ta069,PFSP,XE,Taillard,extension,500,151-500,seconds,158.4286234,3
ta069,PFSP,XHT,Taillard,extension,500,151-500,hv_deficit_pct,3.3386805388327945,3
ta069,PFSP,XHT,Taillard,extension,500,151-500,makespan_gap_pct,7.020083227790841,3
ta069,PFSP,XHT,Taillard,extension,500,151-500,flowtime_gap_pct,15.502544506734006,3
ta069,PFSP,XHT,Taillard,extension,500,151-500,seconds,160.0786853,3
ta069,PFSP,XHE,Taillard,extension,500,151-500,hv_deficit_pct,1.6148952609041811,3
ta069,PFSP,XHE,Taillard,extension,500,151-500,makespan_gap_pct,3.528134611905198,3
ta069,PFSP,XHE,Taillard,extension,500,151-500,flowtime_gap_pct,7.875044710365375,3
ta069,PFSP,XHE,Taillard,extension,500,151-500,seconds,153.7375241,3
ta069,PFSP,XTE,Taillard,extension,500,151-500,hv_deficit_pct,1.6751845861136316,3
ta069,PFSP,XTE,Taillard,extension,500,151-500,makespan_gap_pct,3.238646643748866,3
ta069,PFSP,XTE,Taillard,extension,500,151-500,flowtime_gap_pct,9.369876015058098,3
ta069,PFSP,XTE,Taillard,extension,500,151-500,seconds,158.0150906,3
ta069,PFSP,XHTE,Taillard,extension,500,151-500,hv_deficit_pct,1.7393184865515554,3
ta069,PFSP,XHTE,Taillard,extension,500,151-500,makespan_gap_pct,3.184367649719566,3
ta069,PFSP,XHTE,Taillard,extension,500,151-500,flowtime_gap_pct,9.290548317296633,3
ta069,PFSP,XHTE,Taillard,extension,500,151-500,seconds,160.6732999,3
ta069,PFSP,NSGA-II,Taillard,extension,500,151-500,hv_deficit_pct,0.8709376291753723,3
ta069,PFSP,NSGA-II,Taillard,extension,500,151-500,makespan_gap_pct,1.5559978288402387,3
ta069,PFSP,NSGA-II,Taillard,extension,500,151-500,flowtime_gap_pct,4.839697846465496,3
ta069,PFSP,NSGA-II,Taillard,extension,500,151-500,seconds,0.4759714000392705,3
ta069,PFSP,SPEA2,Taillard,extension,500,151-500,hv_deficit_pct,0.8657244645611573,3
ta069,PFSP,SPEA2,Taillard,extension,500,151-500,makespan_gap_pct,1.5198118328207055,3
ta069,PFSP,SPEA2,Taillard,extension,500,151-500,flowtime_gap_pct,5.270688061535633,3
ta069,PFSP,SPEA2,Taillard,extension,500,151-500,seconds,0.49910749995615333,3
ta069,PFSP,MOEA/D,Taillard,extension,500,151-500,hv_deficit_pct,0.3885027128891716,3
ta069,PFSP,MOEA/D,Taillard,extension,500,151-500,makespan_gap_pct,0.32567396417586547,3
ta069,PFSP,MOEA/D,Taillard,extension,500,151-500,flowtime_gap_pct,2.9719555339922765,3
ta069,PFSP,MOEA/D,Taillard,extension,500,151-500,seconds,0.7056877999566495,3
ta069,PFSP,SMS-EMOA,Taillard,extension,500,151-500,hv_deficit_pct,1.064886065506776,3
ta069,PFSP,SMS-EMOA,Taillard,extension,500,151-500,makespan_gap_pct,1.791206802967249,3
ta069,PFSP,SMS-EMOA,Taillard,extension,500,151-500,flowtime_gap_pct,5.523545098150318,3
ta069,PFSP,SMS-EMOA,Taillard,extension,500,151-500,seconds,0.46979979996103793,3
