problem_class,method,metric,threshold,count_leq,n,fraction_leq
ALL,XG,hv_deficit_pct,0.337034285850224,1,69,0.014492753623188406
ALL,XG,hv_deficit_pct,0.35096244082010175,2,69,0.028985507246376812
ALL,XG,hv_deficit_pct,0.4293629982331626,3,69,0.043478260869565216
ALL,XG,hv_deficit_pct,0.44790197209637617,4,69,0.057971014492753624
ALL,XG,hv_deficit_pct,0.5045440620031316,5,69,0.07246376811594203
ALL,XG,hv_deficit_pct,0.5672855385426279,6,69,0.08695652173913043
ALL,XG,hv_deficit_pct,0.5752471600433684,7,69,0.10144927536231885
ALL,XG,hv_deficit_pct,0.5978561287637851,8,69,0.11594202898550725
ALL,XG,hv_deficit_pct,0.713167717460006,9,69,0.13043478260869565
ALL,XG,hv_deficit_pct,0.883325026252002,10,69,0.14492753623188406
ALL,XG,hv_deficit_pct,0.8837638204713061,11,69,0.15942028985507245
ALL,XG,hv_deficit_pct,0.9822941060167567,12,69,0.17391304347826086
ALL,XG,hv_deficit_pct,1.2114864255469704,13,69,0.18840579710144928
ALL,XG,hv_deficit_pct,1.3255946654641915,14,69,0.2028985507246377
ALL,XG,hv_deficit_pct,1.3996454697145277,15,69,0.21739130434782608
ALL,XG,hv_deficit_pct,1.412620638010631,16,69,0.2318840579710145
ALL,XG,hv_deficit_pct,1.464194138753816,17,69,0.2463768115942029
ALL,XG,hv_deficit_pct,1.5111312819896194,18,69,0.2608695652173913
ALL,XG,hv_deficit_pct,1.52240285938664,19,69,0.2753623188405797
ALL,XG,hv_deficit_pct,1.5967489554017056,20,69,0.2898550724637681
ALL,XG,hv_deficit_pct,1.6161425254909378,21,69,0.30434782608695654
ALL,XG,hv_deficit_pct,1.689535939847353,22,69,0.3188405797101449
ALL,XG,hv_deficit_pct,1.890667438109106,23,69,0.3333333333333333
ALL,XG,hv_deficit_pct,1.9194966794008006,24,69,0.34782608695652173
ALL,XG,hv_deficit_pct,2.0058307329087754,25,69,0.36231884057971014
ALL,XG,hv_deficit_pct,2.043041497768172,26,69,0.37681159420289856
ALL,XG,hv_deficit_pct,2.1340441093195217,27,69,0.391304347826087
ALL,XG,hv_deficit_pct,2.187041157682179,28,69,0.4057971014492754
ALL,XG,hv_deficit_pct,2.2064540364681973,29,69,0.42028985507246375
ALL,XG,hv_deficit_pct,2.277723972444523,30,69,0.43478260869565216
ALL,XG,hv_deficit_pct,2.3476371211545,31,69,0.4492753623188406
ALL,XG,hv_deficit_pct,2.42576196097527,32,69,0.463768115942029
ALL,XG,hv_deficit_pct,2.462904664000176,33,69,0.4782608695652174
ALL,XG,hv_deficit_pct,2.8041223274278715,34,69,0.4927536231884058
ALL,XG,hv_deficit_pct,2.9180671182441387,35,69,0.5072463768115942
ALL,XG,hv_deficit_pct,2.93809072088288,36,69,0.5217391304347826
ALL,XG,hv_deficit_pct,3.0721804332054625,37,69,0.5362318840579711
ALL,XG,hv_deficit_pct,3.10752053326655,38,69,0.5507246376811594
ALL,XG,hv_deficit_pct,3.1484472144621023,39,69,0.5652173913043478
ALL,XG,hv_deficit_pct,3.180820573732346,40,69,0.5797101449275363
ALL,XG,hv_deficit_pct,3.5114090820737576,41,69,0.5942028985507246
ALL,XG,hv_deficit_pct,3.6232265035635924,42,69,0.6086956521739131
ALL,XG,hv_deficit_pct,3.749947570711587,43,69,0.6231884057971014
ALL,XG,hv_deficit_pct,3.818400042218817,44,69,0.6376811594202898
ALL,XG,hv_deficit_pct,3.875999842534217,45,69,0.6521739130434783
ALL,XG,hv_deficit_pct,4.113876123511673,46,69,0.6666666666666666
ALL,XG,hv_deficit_pct,4.172584423106662,47,69,0.6811594202898551
ALL,XG,hv_deficit_pct,4.182857895333047,48,69,0.6956521739130435
ALL,XG,hv_deficit_pct,4.344594658161882,49,69,0.7101449275362319
ALL,XG,hv_deficit_pct,4.644234734123454,50,69,0.7246376811594203
ALL,XG,hv_deficit_pct,4.660793568996602,51,69,0.7391304347826086
ALL,XG,hv_deficit_pct,4.816864504633078,52,69,0.7536231884057971
ALL,XG,hv_deficit_pct,5.001228037824168,53,69,0.7681159420289855
ALL,XG,hv_deficit_pct,5.066198843325875,54,69,0.782608695652174
ALL,XG,hv_deficit_pct,5.530525108970286,55,69,0.7971014492753623
ALL,XG,hv_deficit_pct,5.5370679932935545,56,69,0.8115942028985508
ALL,XG,hv_deficit_pct,5.639940885365813,57,69,0.8260869565217391
ALL,XG,hv_deficit_pct,5.656125642616683,58,69,0.8405797101449275
ALL,XG,hv_deficit_pct,5.878986714062218,59,69,0.855072463768116
ALL,XG,hv_deficit_pct,6.239927443611881,60,69,0.8695652173913043
ALL,XG,hv_deficit_pct,6.530767954409211,61,69,0.8840579710144928
ALL,XG,hv_deficit_pct,6.9639612401189215,62,69,0.8985507246376812
ALL,XG,hv_deficit_pct,7.005278919731772,63,69,0.9130434782608695
ALL,XG,hv_deficit_pct,7.118431766432975,64,69,0.927536231884058
ALL,XG,hv_deficit_pct,7.206963059326643,65,69,0.9420289855072463
ALL,XG,hv_deficit_pct,7.7469992488772395,66,69,0.9565217391304348
ALL,XG,hv_deficit_pct,8.679906065950915,67,69,0.9710144927536232
ALL,XG,hv_deficit_pct,10.320229698683637,68,69,0.9855072463768116
ALL,XG,hv_deficit_pct,18.652064192597685,69,69,1.0
ALL,XH,hv_deficit_pct,0.0,3,69,0.043478260869565216
ALL,XH,hv_deficit_pct,0.0121362452932261,4,69,0.057971014492753624
ALL,XH,hv_deficit_pct,0.018346047946593558,5,69,0.07246376811594203
ALL,XH,hv_deficit_pct,0.028662234425658184,6,69,0.08695652173913043
ALL,XH,hv_deficit_pct,0.030983741102608153,7,69,0.10144927536231885
ALL,XH,hv_deficit_pct,0.031030075376503596,8,69,0.11594202898550725
ALL,XH,hv_deficit_pct,0.031099696697667323,9,69,0.13043478260869565
ALL,XH,hv_deficit_pct,0.033834910114660666,10,69,0.14492753623188406
ALL,XH,hv_deficit_pct,0.034128691176404935,11,69,0.15942028985507245
ALL,XH,hv_deficit_pct,0.03545650904054343,12,69,0.17391304347826086
ALL,XH,hv_deficit_pct,0.0410814936075643,13,69,0.18840579710144928
ALL,XH,hv_deficit_pct,0.0419920621456793,14,69,0.2028985507246377
ALL,XH,hv_deficit_pct,0.058328732927148685,15,69,0.21739130434782608
ALL,XH,hv_deficit_pct,0.058867498186743195,16,69,0.2318840579710145
ALL,XH,hv_deficit_pct,0.06192172285238717,17,69,0.2463768115942029
ALL,XH,hv_deficit_pct,0.06787237730464524,18,69,0.2608695652173913
ALL,XH,hv_deficit_pct,0.07369395949359259,19,69,0.2753623188405797
ALL,XH,hv_deficit_pct,0.07690843185562679,20,69,0.2898550724637681
ALL,XH,hv_deficit_pct,0.07980989245072179,21,69,0.30434782608695654
ALL,XH,hv_deficit_pct,0.07991563152790482,22,69,0.3188405797101449
ALL,XH,hv_deficit_pct,0.08732491992344826,23,69,0.3333333333333333
ALL,XH,hv_deficit_pct,0.10894974490984755,24,69,0.34782608695652173
ALL,XH,hv_deficit_pct,0.11071179904138528,25,69,0.36231884057971014
ALL,XH,hv_deficit_pct,0.11747011819227549,26,69,0.37681159420289856
ALL,XH,hv_deficit_pct,0.1402126906591028,27,69,0.391304347826087
ALL,XH,hv_deficit_pct,0.1440481704202634,28,69,0.4057971014492754
ALL,XH,hv_deficit_pct,0.1666509934531768,29,69,0.42028985507246375
ALL,XH,hv_deficit_pct,0.17844151895806126,30,69,0.43478260869565216
ALL,XH,hv_deficit_pct,0.18695213743870065,31,69,0.4492753623188406
ALL,XH,hv_deficit_pct,0.19744200122625566,32,69,0.463768115942029
ALL,XH,hv_deficit_pct,0.20019948125413745,33,69,0.4782608695652174
ALL,XH,hv_deficit_pct,0.20498975095515348,34,69,0.4927536231884058
ALL,XH,hv_deficit_pct,0.20571594184465303,35,69,0.5072463768115942
ALL,XH,hv_deficit_pct,0.21888227617283817,36,69,0.5217391304347826
ALL,XH,hv_deficit_pct,0.22106830230971264,37,69,0.5362318840579711
ALL,XH,hv_deficit_pct,0.26255641787599204,38,69,0.5507246376811594
ALL,XH,hv_deficit_pct,0.29032200681619047,39,69,0.5652173913043478
ALL,XH,hv_deficit_pct,0.29672356923960974,40,69,0.5797101449275363
ALL,XH,hv_deficit_pct,0.3686698454870352,41,69,0.5942028985507246
ALL,XH,hv_deficit_pct,0.3775035649219327,42,69,0.6086956521739131
ALL,XH,hv_deficit_pct,0.430575181657733,43,69,0.6231884057971014
ALL,XH,hv_deficit_pct,0.4503858788769133,44,69,0.6376811594202898
ALL,XH,hv_deficit_pct,0.5423095903773323,45,69,0.6521739130434783
ALL,XH,hv_deficit_pct,0.5450339391682935,46,69,0.6666666666666666
ALL,XH,hv_deficit_pct,0.5984889661361126,47,69,0.6811594202898551
ALL,XH,hv_deficit_pct,0.6866468304595807,48,69,0.6956521739130435
ALL,XH,hv_deficit_pct,0.719444831731253,49,69,0.7101449275362319
ALL,XH,hv_deficit_pct,0.7802207575096864,50,69,0.7246376811594203
ALL,XH,hv_deficit_pct,0.8750744236618258,51,69,0.7391304347826086
ALL,XH,hv_deficit_pct,1.136588741498823,52,69,0.7536231884057971
ALL,XH,hv_deficit_pct,1.242035421648413,53,69,0.7681159420289855
ALL,XH,hv_deficit_pct,1.670626689480048,54,69,0.782608695652174
ALL,XH,hv_deficit_pct,1.844984277313888,55,69,0.7971014492753623
ALL,XH,hv_deficit_pct,1.9218026674552524,56,69,0.8115942028985508
ALL,XH,hv_deficit_pct,2.0010467432604484,57,69,0.8260869565217391
ALL,XH,hv_deficit_pct,2.0532692881689574,58,69,0.8405797101449275
ALL,XH,hv_deficit_pct,2.3550799725317817,59,69,0.855072463768116
ALL,XH,hv_deficit_pct,2.4100609993644606,60,69,0.8695652173913043
ALL,XH,hv_deficit_pct,2.691377096422043,61,69,0.8840579710144928
ALL,XH,hv_deficit_pct,2.7512443782014895,62,69,0.8985507246376812
ALL,XH,hv_deficit_pct,2.8448246372076658,63,69,0.9130434782608695
ALL,XH,hv_deficit_pct,2.944177870668374,64,69,0.927536231884058
ALL,XH,hv_deficit_pct,3.3662018283063477,65,69,0.9420289855072463
ALL,XH,hv_deficit_pct,3.43200306025917,66,69,0.9565217391304348
ALL,XH,hv_deficit_pct,4.764391420134784,67,69,0.9710144927536232
ALL,XH,hv_deficit_pct,5.642255834199061,68,69,0.9855072463768116
ALL,XH,hv_deficit_pct,6.279757966956057,69,69,1.0
ALL,XT,hv_deficit_pct,0.00017893969852522673,1,69,0.014492753623188406
ALL,XT,hv_deficit_pct,0.007888811929135375,2,69,0.028985507246376812
ALL,XT,hv_deficit_pct,0.07062055121063171,3,69,0.043478260869565216
ALL,XT,hv_deficit_pct,0.13234647758147977,4,69,0.057971014492753624
ALL,XT,hv_deficit_pct,0.14002448679749646,5,69,0.07246376811594203
ALL,XT,hv_deficit_pct,0.14621432154909852,6,69,0.08695652173913043
ALL,XT,hv_deficit_pct,0.2170299414383292,7,69,0.10144927536231885
ALL,XT,hv_deficit_pct,0.23868432193074884,8,69,0.11594202898550725
ALL,XT,hv_deficit_pct,0.2391359202119303,9,69,0.13043478260869565
ALL,XT,hv_deficit_pct,0.2426496422758384,10,69,0.14492753623188406
ALL,XT,hv_deficit_pct,0.2493393007119371,11,69,0.15942028985507245
ALL,XT,hv_deficit_pct,0.28266639385297054,12,69,0.17391304347826086
ALL,XT,hv_deficit_pct,0.2938148229419624,13,69,0.18840579710144928
ALL,XT,hv_deficit_pct,0.2951339035341616,14,69,0.2028985507246377
ALL,XT,hv_deficit_pct,0.3188824508052468,15,69,0.21739130434782608
ALL,XT,hv_deficit_pct,0.32490530453774813,16,69,0.2318840579710145
ALL,XT,hv_deficit_pct,0.3271884402340164,17,69,0.2463768115942029
ALL,XT,hv_deficit_pct,0.34556105013833216,18,69,0.2608695652173913
ALL,XT,hv_deficit_pct,0.3519718403455441,19,69,0.2753623188405797
ALL,XT,hv_deficit_pct,0.3920902246464353,20,69,0.2898550724637681
ALL,XT,hv_deficit_pct,0.4095535129672978,21,69,0.30434782608695654
ALL,XT,hv_deficit_pct,0.40993488901398534,22,69,0.3188405797101449
ALL,XT,hv_deficit_pct,0.41055469589569293,23,69,0.3333333333333333
ALL,XT,hv_deficit_pct,0.4168929388063458,24,69,0.34782608695652173
ALL,XT,hv_deficit_pct,0.48015264943356284,25,69,0.36231884057971014
ALL,XT,hv_deficit_pct,0.48044397367148495,26,69,0.37681159420289856
ALL,XT,hv_deficit_pct,0.5302463956658232,27,69,0.391304347826087
ALL,XT,hv_deficit_pct,0.5443006147572094,28,69,0.4057971014492754
ALL,XT,hv_deficit_pct,0.5555373602225466,29,69,0.42028985507246375
ALL,XT,hv_deficit_pct,0.5879018088532639,30,69,0.43478260869565216
ALL,XT,hv_deficit_pct,0.5930098699929665,31,69,0.4492753623188406
ALL,XT,hv_deficit_pct,0.5986378813699567,32,69,0.463768115942029
ALL,XT,hv_deficit_pct,0.6308200543278075,33,69,0.4782608695652174
ALL,XT,hv_deficit_pct,0.6686725692180095,34,69,0.4927536231884058
ALL,XT,hv_deficit_pct,0.6731107916723267,35,69,0.5072463768115942
ALL,XT,hv_deficit_pct,0.7437292000411766,36,69,0.5217391304347826
ALL,XT,hv_deficit_pct,0.8369815355994903,37,69,0.5362318840579711
ALL,XT,hv_deficit_pct,0.8970790601739775,38,69,0.5507246376811594
ALL,XT,hv_deficit_pct,1.0009860961454842,39,69,0.5652173913043478
ALL,XT,hv_deficit_pct,1.0736525323257085,40,69,0.5797101449275363
ALL,XT,hv_deficit_pct,1.198011583809,41,69,0.5942028985507246
ALL,XT,hv_deficit_pct,1.4463879864456741,42,69,0.6086956521739131
ALL,XT,hv_deficit_pct,1.6297605943678684,43,69,0.6231884057971014
ALL,XT,hv_deficit_pct,1.7251325980092935,44,69,0.6376811594202898
ALL,XT,hv_deficit_pct,1.7837516414722865,45,69,0.6521739130434783
ALL,XT,hv_deficit_pct,1.8279587486118132,46,69,0.6666666666666666
ALL,XT,hv_deficit_pct,1.8355102682761748,47,69,0.6811594202898551
ALL,XT,hv_deficit_pct,1.8505937976232012,48,69,0.6956521739130435
ALL,XT,hv_deficit_pct,2.1046263537375265,49,69,0.7101449275362319
ALL,XT,hv_deficit_pct,2.2294634702913707,50,69,0.7246376811594203
ALL,XT,hv_deficit_pct,2.2717887011328597,51,69,0.7391304347826086
ALL,XT,hv_deficit_pct,2.2978543309761568,52,69,0.7536231884057971
ALL,XT,hv_deficit_pct,2.4157144603262792,53,69,0.7681159420289855
ALL,XT,hv_deficit_pct,2.475401272239608,54,69,0.782608695652174
ALL,XT,hv_deficit_pct,2.4816781639352636,55,69,0.7971014492753623
ALL,XT,hv_deficit_pct,2.555517553315867,56,69,0.8115942028985508
ALL,XT,hv_deficit_pct,2.560460406178733,57,69,0.8260869565217391
ALL,XT,hv_deficit_pct,2.5954329384164865,58,69,0.8405797101449275
ALL,XT,hv_deficit_pct,2.6562789938986975,59,69,0.855072463768116
ALL,XT,hv_deficit_pct,2.9809914963350503,60,69,0.8695652173913043
ALL,XT,hv_deficit_pct,2.9846413551186113,61,69,0.8840579710144928
ALL,XT,hv_deficit_pct,3.1817169551681235,62,69,0.8985507246376812
ALL,XT,hv_deficit_pct,3.469122849420747,63,69,0.9130434782608695
ALL,XT,hv_deficit_pct,3.533717178010387,64,69,0.927536231884058
ALL,XT,hv_deficit_pct,3.5433954638281473,65,69,0.9420289855072463
ALL,XT,hv_deficit_pct,3.662425671790981,66,69,0.9565217391304348
ALL,XT,hv_deficit_pct,4.2323926842124715,67,69,0.9710144927536232
ALL,XT,hv_deficit_pct,4.3381898178753815,68,69,0.9855072463768116
ALL,XT,hv_deficit_pct,5.060703021289958,69,69,1.0
ALL,XE,hv_deficit_pct,0.0567508409035522,1,69,0.014492753623188406
ALL,XE,hv_deficit_pct,0.10321518650903139,2,69,0.028985507246376812
ALL,XE,hv_deficit_pct,0.10670839971057555,3,69,0.043478260869565216
ALL,XE,hv_deficit_pct,0.1675304827377655,4,69,0.057971014492753624
ALL,XE,hv_deficit_pct,0.2039022622726816,5,69,0.07246376811594203
ALL,XE,hv_deficit_pct,0.21021245037824432,6,69,0.08695652173913043
ALL,XE,hv_deficit_pct,0.2680094860737281,7,69,0.10144927536231885
ALL,XE,hv_deficit_pct,0.2746165728755745,8,69,0.11594202898550725
ALL,XE,hv_deficit_pct,0.29138688484551256,9,69,0.13043478260869565
ALL,XE,hv_deficit_pct,0.294283269107376,10,69,0.14492753623188406
ALL,XE,hv_deficit_pct,0.3046053683405825,11,69,0.15942028985507245
ALL,XE,hv_deficit_pct,0.30917928797296046,12,69,0.17391304347826086
ALL,XE,hv_deficit_pct,0.32452788626069484,13,69,0.18840579710144928
ALL,XE,hv_deficit_pct,0.3325076753099676,14,69,0.2028985507246377
ALL,XE,hv_deficit_pct,0.33766065401978906,15,69,0.21739130434782608
ALL,XE,hv_deficit_pct,0.36875585292575064,16,69,0.2318840579710145
ALL,XE,hv_deficit_pct,0.4185516532893119,17,69,0.2463768115942029
ALL,XE,hv_deficit_pct,0.4290051756600577,18,69,0.2608695652173913
ALL,XE,hv_deficit_pct,0.4360648961159286,19,69,0.2753623188405797
ALL,XE,hv_deficit_pct,0.46072410745232606,20,69,0.2898550724637681
ALL,XE,hv_deficit_pct,0.4773048751324893,21,69,0.30434782608695654
ALL,XE,hv_deficit_pct,0.4784756998772788,22,69,0.3188405797101449
ALL,XE,hv_deficit_pct,0.49246455402377487,23,69,0.3333333333333333
ALL,XE,hv_deficit_pct,0.5262241713583138,24,69,0.34782608695652173
ALL,XE,hv_deficit_pct,0.601330407880285,25,69,0.36231884057971014
ALL,XE,hv_deficit_pct,0.6579804466444239,26,69,0.37681159420289856
ALL,XE,hv_deficit_pct,0.7108659023998043,27,69,0.391304347826087
ALL,XE,hv_deficit_pct,0.7551405874963835,28,69,0.4057971014492754
ALL,XE,hv_deficit_pct,0.8232906985877086,29,69,0.42028985507246375
ALL,XE,hv_deficit_pct,0.9032193462802263,30,69,0.43478260869565216
ALL,XE,hv_deficit_pct,0.9349634772784055,31,69,0.4492753623188406
ALL,XE,hv_deficit_pct,1.0744359380449708,32,69,0.463768115942029
ALL,XE,hv_deficit_pct,1.1294832415651546,33,69,0.4782608695652174
ALL,XE,hv_deficit_pct,1.3125986766700515,34,69,0.4927536231884058
ALL,XE,hv_deficit_pct,1.3805396220058386,35,69,0.5072463768115942
ALL,XE,hv_deficit_pct,1.407208672772231,36,69,0.5217391304347826
ALL,XE,hv_deficit_pct,1.409792549750566,37,69,0.5362318840579711
ALL,XE,hv_deficit_pct,1.427843564760889,38,69,0.5507246376811594
ALL,XE,hv_deficit_pct,1.471228905954347,39,69,0.5652173913043478
ALL,XE,hv_deficit_pct,1.5137242938144002,40,69,0.5797101449275363
ALL,XE,hv_deficit_pct,1.5179653138998828,41,69,0.5942028985507246
ALL,XE,hv_deficit_pct,1.5790109774986738,42,69,0.6086956521739131
ALL,XE,hv_deficit_pct,1.6115276211635998,43,69,0.6231884057971014
ALL,XE,hv_deficit_pct,1.618480899052288,44,69,0.6376811594202898
ALL,XE,hv_deficit_pct,1.8781534971028524,45,69,0.6521739130434783
ALL,XE,hv_deficit_pct,1.9296928460389218,46,69,0.6666666666666666
ALL,XE,hv_deficit_pct,1.9734507942278712,47,69,0.6811594202898551
ALL,XE,hv_deficit_pct,2.1527911095488905,48,69,0.6956521739130435
ALL,XE,hv_deficit_pct,2.242904737235263,49,69,0.7101449275362319
ALL,XE,hv_deficit_pct,2.306355671407667,50,69,0.7246376811594203
ALL,XE,hv_deficit_pct,2.509711531919445,51,69,0.7391304347826086
ALL,XE,hv_deficit_pct,2.522049190822573,52,69,0.7536231884057971
ALL,XE,hv_deficit_pct,2.7072777164065975,53,69,0.7681159420289855
ALL,XE,hv_deficit_pct,2.75983821010638,54,69,0.782608695652174
ALL,XE,hv_deficit_pct,3.018585003290908,55,69,0.7971014492753623
ALL,XE,hv_deficit_pct,3.0488501460249506,56,69,0.8115942028985508
ALL,XE,hv_deficit_pct,3.0960803397965475,57,69,0.8260869565217391
ALL,XE,hv_deficit_pct,3.20609201458969,58,69,0.8405797101449275
ALL,XE,hv_deficit_pct,3.2260609297102394,59,69,0.855072463768116
ALL,XE,hv_deficit_pct,3.2972847195680943,60,69,0.8695652173913043
ALL,XE,hv_deficit_pct,3.337273502568261,61,69,0.8840579710144928
ALL,XE,hv_deficit_pct,3.4727127639024746,62,69,0.8985507246376812
ALL,XE,hv_deficit_pct,3.5055552278373314,63,69,0.9130434782608695
ALL,XE,hv_deficit_pct,4.226325297761024,64,69,0.927536231884058
ALL,XE,hv_deficit_pct,4.809628972352586,65,69,0.9420289855072463
ALL,XE,hv_deficit_pct,5.781831629208356,66,69,0.9565217391304348
ALL,XE,hv_deficit_pct,6.173113268476715,67,69,0.9710144927536232
ALL,XE,hv_deficit_pct,6.187628274589896,68,69,0.9855072463768116
ALL,XE,hv_deficit_pct,6.432066645999191,69,69,1.0
ALL,XHT,hv_deficit_pct,0.011556258923162144,1,69,0.014492753623188406
ALL,XHT,hv_deficit_pct,0.020241735154924445,2,69,0.028985507246376812
ALL,XHT,hv_deficit_pct,0.024699083218882034,3,69,0.043478260869565216
ALL,XHT,hv_deficit_pct,0.027387662405031765,4,69,0.057971014492753624
ALL,XHT,hv_deficit_pct,0.030642306856198953,5,69,0.07246376811594203
ALL,XHT,hv_deficit_pct,0.031030075376503596,6,69,0.08695652173913043
ALL,XHT,hv_deficit_pct,0.031519724520301384,7,69,0.10144927536231885
ALL,XHT,hv_deficit_pct,0.033834910114660666,8,69,0.11594202898550725
ALL,XHT,hv_deficit_pct,0.0340271044010132,9,69,0.13043478260869565
ALL,XHT,hv_deficit_pct,0.04396570327832583,10,69,0.14492753623188406
ALL,XHT,hv_deficit_pct,0.05264604262851247,11,69,0.15942028985507245
ALL,XHT,hv_deficit_pct,0.05754962145334552,12,69,0.17391304347826086
ALL,XHT,hv_deficit_pct,0.06540539104613607,13,69,0.18840579710144928
ALL,XHT,hv_deficit_pct,0.06770168982161984,14,69,0.2028985507246377
ALL,XHT,hv_deficit_pct,0.07122138162390934,15,69,0.21739130434782608
ALL,XHT,hv_deficit_pct,0.071684416506268,16,69,0.2318840579710145
ALL,XHT,hv_deficit_pct,0.07336172768863669,17,69,0.2463768115942029
ALL,XHT,hv_deficit_pct,0.07369395949359259,18,69,0.2608695652173913
ALL,XHT,hv_deficit_pct,0.07583508905617542,19,69,0.2753623188405797
ALL,XHT,hv_deficit_pct,0.07728570234332155,20,69,0.2898550724637681
ALL,XHT,hv_deficit_pct,0.07788830100253774,21,69,0.30434782608695654
ALL,XHT,hv_deficit_pct,0.0800741336752453,22,69,0.3188405797101449
ALL,XHT,hv_deficit_pct,0.09624013133867626,23,69,0.3333333333333333
ALL,XHT,hv_deficit_pct,0.11192093668701553,24,69,0.34782608695652173
ALL,XHT,hv_deficit_pct,0.1190378654735258,25,69,0.36231884057971014
ALL,XHT,hv_deficit_pct,0.11910324597378397,26,69,0.37681159420289856
ALL,XHT,hv_deficit_pct,0.12015181689680743,27,69,0.391304347826087
ALL,XHT,hv_deficit_pct,0.12803809152980294,28,69,0.4057971014492754
ALL,XHT,hv_deficit_pct,0.15430320368750028,29,69,0.42028985507246375
ALL,XHT,hv_deficit_pct,0.15529556296487446,30,69,0.43478260869565216
ALL,XHT,hv_deficit_pct,0.15680820256150918,31,69,0.4492753623188406
ALL,XHT,hv_deficit_pct,0.1618811919743668,32,69,0.463768115942029
ALL,XHT,hv_deficit_pct,0.17717716612477563,33,69,0.4782608695652174
ALL,XHT,hv_deficit_pct,0.18706380843509507,34,69,0.4927536231884058
ALL,XHT,hv_deficit_pct,0.19103698001177172,35,69,0.5072463768115942
ALL,XHT,hv_deficit_pct,0.1996476249760848,36,69,0.5217391304347826
ALL,XHT,hv_deficit_pct,0.2243526472615498,37,69,0.5362318840579711
ALL,XHT,hv_deficit_pct,0.24737558818346272,38,69,0.5507246376811594
ALL,XHT,hv_deficit_pct,0.26355341144304045,39,69,0.5652173913043478
ALL,XHT,hv_deficit_pct,0.2658384853775231,40,69,0.5797101449275363
ALL,XHT,hv_deficit_pct,0.288045118451985,41,69,0.5942028985507246
ALL,XHT,hv_deficit_pct,0.32868801720433716,42,69,0.6086956521739131
ALL,XHT,hv_deficit_pct,0.36711704471247275,43,69,0.6231884057971014
ALL,XHT,hv_deficit_pct,0.36986517826824716,44,69,0.6376811594202898
ALL,XHT,hv_deficit_pct,0.37976374460080287,45,69,0.6521739130434783
ALL,XHT,hv_deficit_pct,0.3979901915325712,46,69,0.6666666666666666
ALL,XHT,hv_deficit_pct,0.44922340460837873,47,69,0.6811594202898551
ALL,XHT,hv_deficit_pct,0.4814020259656715,48,69,0.6956521739130435
ALL,XHT,hv_deficit_pct,0.4982453429225653,49,69,0.7101449275362319
ALL,XHT,hv_deficit_pct,0.6342403924892159,50,69,0.7246376811594203
ALL,XHT,hv_deficit_pct,0.6826981518036845,51,69,0.7391304347826086
ALL,XHT,hv_deficit_pct,0.99047941005449,52,69,0.7536231884057971
ALL,XHT,hv_deficit_pct,1.2725879763591852,53,69,0.7681159420289855
ALL,XHT,hv_deficit_pct,1.3435447289118607,54,69,0.782608695652174
ALL,XHT,hv_deficit_pct,1.3956907706793364,55,69,0.7971014492753623
ALL,XHT,hv_deficit_pct,1.4387828265726155,56,69,0.8115942028985508
ALL,XHT,hv_deficit_pct,1.556689424245239,57,69,0.8260869565217391
ALL,XHT,hv_deficit_pct,1.9067778444890493,58,69,0.8405797101449275
ALL,XHT,hv_deficit_pct,1.940143455178145,59,69,0.855072463768116
ALL,XHT,hv_deficit_pct,2.173303250955383,60,69,0.8695652173913043
ALL,XHT,hv_deficit_pct,2.242493796435552,61,69,0.8840579710144928
ALL,XHT,hv_deficit_pct,2.3344102733536376,62,69,0.8985507246376812
ALL,XHT,hv_deficit_pct,2.361926924212121,63,69,0.9130434782608695
ALL,XHT,hv_deficit_pct,2.719141670640235,64,69,0.927536231884058
ALL,XHT,hv_deficit_pct,2.7899046518850334,65,69,0.9420289855072463
ALL,XHT,hv_deficit_pct,2.9315419250645736,66,69,0.9565217391304348
ALL,XHT,hv_deficit_pct,3.3386805388327945,67,69,0.9710144927536232
ALL,XHT,hv_deficit_pct,3.8935578421526174,68,69,0.9855072463768116
ALL,XHT,hv_deficit_pct,4.530677698651031,69,69,1.0
ALL,XHE,hv_deficit_pct,0.020241735154924445,1,69,0.014492753623188406
ALL,XHE,hv_deficit_pct,0.031030075376503596,2,69,0.028985507246376812
ALL,XHE,hv_deficit_pct,0.0410814936075643,3,69,0.043478260869565216
ALL,XHE,hv_deficit_pct,0.04137583852211746,4,69,0.057971014492753624
ALL,XHE,hv_deficit_pct,0.05206059031905852,5,69,0.07246376811594203
ALL,XHE,hv_deficit_pct,0.06716895261655864,6,69,0.08695652173913043
ALL,XHE,hv_deficit_pct,0.07122138162390934,7,69,0.10144927536231885
ALL,XHE,hv_deficit_pct,0.071684416506268,8,69,0.11594202898550725
ALL,XHE,hv_deficit_pct,0.07504558035369424,9,69,0.13043478260869565
ALL,XHE,hv_deficit_pct,0.07833201383511401,10,69,0.14492753623188406
ALL,XHE,hv_deficit_pct,0.08024321364901166,11,69,0.15942028985507245
ALL,XHE,hv_deficit_pct,0.09143500841729546,12,69,0.17391304347826086
ALL,XHE,hv_deficit_pct,0.10063045722201736,13,69,0.18840579710144928
ALL,XHE,hv_deficit_pct,0.10298198846868667,14,69,0.2028985507246377
ALL,XHE,hv_deficit_pct,0.112079755733141,15,69,0.21739130434782608
ALL,XHE,hv_deficit_pct,0.11910324597378397,16,69,0.2318840579710145
ALL,XHE,hv_deficit_pct,0.14447467968906613,17,69,0.2463768115942029
ALL,XHE,hv_deficit_pct,0.15338614529635253,18,69,0.2608695652173913
ALL,XHE,hv_deficit_pct,0.16040227525455641,19,69,0.2753623188405797
ALL,XHE,hv_deficit_pct,0.1618811919743668,20,69,0.2898550724637681
ALL,XHE,hv_deficit_pct,0.17298749920494627,21,69,0.30434782608695654
ALL,XHE,hv_deficit_pct,0.17332990553821093,22,69,0.3188405797101449
ALL,XHE,hv_deficit_pct,0.19237583390888657,23,69,0.3333333333333333
ALL,XHE,hv_deficit_pct,0.19447015016432756,24,69,0.34782608695652173
ALL,XHE,hv_deficit_pct,0.19479297148121688,25,69,0.36231884057971014
ALL,XHE,hv_deficit_pct,0.2035670718663618,26,69,0.37681159420289856
ALL,XHE,hv_deficit_pct,0.23203984108868259,27,69,0.391304347826087
ALL,XHE,hv_deficit_pct,0.238575848054845,28,69,0.4057971014492754
ALL,XHE,hv_deficit_pct,0.255851427268039,29,69,0.42028985507246375
ALL,XHE,hv_deficit_pct,0.261235473662369,30,69,0.43478260869565216
ALL,XHE,hv_deficit_pct,0.2658384853775231,31,69,0.4492753623188406
ALL,XHE,hv_deficit_pct,0.2726025778616803,32,69,0.463768115942029
ALL,XHE,hv_deficit_pct,0.2942128707512204,33,69,0.4782608695652174
ALL,XHE,hv_deficit_pct,0.3227079001698052,34,69,0.4927536231884058
ALL,XHE,hv_deficit_pct,0.32868801720433716,35,69,0.5072463768115942
ALL,XHE,hv_deficit_pct,0.36763410617072223,36,69,0.5217391304347826
ALL,XHE,hv_deficit_pct,0.37017592958676904,37,69,0.5362318840579711
ALL,XHE,hv_deficit_pct,0.3771023729726708,38,69,0.5507246376811594
ALL,XHE,hv_deficit_pct,0.42961692792999884,39,69,0.5652173913043478
ALL,XHE,hv_deficit_pct,0.4353532217549527,40,69,0.5797101449275363
ALL,XHE,hv_deficit_pct,0.4497289947605565,41,69,0.5942028985507246
ALL,XHE,hv_deficit_pct,0.4504598539482485,42,69,0.6086956521739131
ALL,XHE,hv_deficit_pct,0.49118634492079094,43,69,0.6231884057971014
ALL,XHE,hv_deficit_pct,0.491629778564906,44,69,0.6376811594202898
ALL,XHE,hv_deficit_pct,0.4981628529554749,45,69,0.6521739130434783
ALL,XHE,hv_deficit_pct,0.5363280562281081,46,69,0.6666666666666666
ALL,XHE,hv_deficit_pct,0.54529648961964,47,69,0.6811594202898551
ALL,XHE,hv_deficit_pct,0.5502545326849684,48,69,0.6956521739130435
ALL,XHE,hv_deficit_pct,0.5988574075542319,49,69,0.7101449275362319
ALL,XHE,hv_deficit_pct,0.6077285070194005,50,69,0.7246376811594203
ALL,XHE,hv_deficit_pct,0.6165413686889054,51,69,0.7391304347826086
ALL,XHE,hv_deficit_pct,0.6581484291652839,52,69,0.7536231884057971
ALL,XHE,hv_deficit_pct,0.6662263867180385,53,69,0.7681159420289855
ALL,XHE,hv_deficit_pct,0.6721931213504839,54,69,0.782608695652174
ALL,XHE,hv_deficit_pct,0.7162819471352999,55,69,0.7971014492753623
ALL,XHE,hv_deficit_pct,0.7562329655380617,56,69,0.8115942028985508
ALL,XHE,hv_deficit_pct,0.7854669049245255,57,69,0.8260869565217391
ALL,XHE,hv_deficit_pct,0.8182782563163293,58,69,0.8405797101449275
ALL,XHE,hv_deficit_pct,0.8365319708551366,59,69,0.855072463768116
ALL,XHE,hv_deficit_pct,0.868749073791919,60,69,0.8695652173913043
ALL,XHE,hv_deficit_pct,0.9423320312777927,61,69,0.8840579710144928
ALL,XHE,hv_deficit_pct,1.1776798871836136,62,69,0.8985507246376812
ALL,XHE,hv_deficit_pct,1.180646727142387,63,69,0.9130434782608695
ALL,XHE,hv_deficit_pct,1.2735408863543518,64,69,0.927536231884058
ALL,XHE,hv_deficit_pct,1.3950250497939964,65,69,0.9420289855072463
ALL,XHE,hv_deficit_pct,1.3980813189689578,66,69,0.9565217391304348
ALL,XHE,hv_deficit_pct,1.4636016316269096,67,69,0.9710144927536232
ALL,XHE,hv_deficit_pct,1.6148952609041811,68,69,0.9855072463768116
ALL,XHE,hv_deficit_pct,1.7436365129935294,69,69,1.0
ALL,XTE,hv_deficit_pct,0.04369188145373348,1,69,0.014492753623188406
ALL,XTE,hv_deficit_pct,0.13501511965807733,2,69,0.028985507246376812
ALL,XTE,hv_deficit_pct,0.13747744541050544,3,69,0.043478260869565216
ALL,XTE,hv_deficit_pct,0.14665923082595178,4,69,0.057971014492753624
ALL,XTE,hv_deficit_pct,0.2187355070728425,5,69,0.07246376811594203
ALL,XTE,hv_deficit_pct,0.2194349131878326,6,69,0.08695652173913043
ALL,XTE,hv_deficit_pct,0.2445846210661462,7,69,0.10144927536231885
ALL,XTE,hv_deficit_pct,0.2517805718379229,8,69,0.11594202898550725
ALL,XTE,hv_deficit_pct,0.25436394340351276,9,69,0.13043478260869565
ALL,XTE,hv_deficit_pct,0.28533481365728974,10,69,0.14492753623188406
ALL,XTE,hv_deficit_pct,0.29501765829518245,11,69,0.15942028985507245
ALL,XTE,hv_deficit_pct,0.3138517442520139,12,69,0.17391304347826086
ALL,XTE,hv_deficit_pct,0.31697756920027187,13,69,0.18840579710144928
ALL,XTE,hv_deficit_pct,0.3261645798276258,14,69,0.2028985507246377
ALL,XTE,hv_deficit_pct,0.3274417075207148,15,69,0.21739130434782608
ALL,XTE,hv_deficit_pct,0.351966894656508,16,69,0.2318840579710145
ALL,XTE,hv_deficit_pct,0.36640205991126384,17,69,0.2463768115942029
ALL,XTE,hv_deficit_pct,0.3738511862001581,18,69,0.2608695652173913
ALL,XTE,hv_deficit_pct,0.3810164186044629,19,69,0.2753623188405797
ALL,XTE,hv_deficit_pct,0.3936774859731873,20,69,0.2898550724637681
ALL,XTE,hv_deficit_pct,0.4009807317386871,21,69,0.30434782608695654
ALL,XTE,hv_deficit_pct,0.40954019709112943,22,69,0.3188405797101449
ALL,XTE,hv_deficit_pct,0.43279068681990607,23,69,0.3333333333333333
ALL,XTE,hv_deficit_pct,0.43769396775008573,24,69,0.34782608695652173
ALL,XTE,hv_deficit_pct,0.46015398931436025,25,69,0.36231884057971014
ALL,XTE,hv_deficit_pct,0.4809194344497558,26,69,0.37681159420289856
ALL,XTE,hv_deficit_pct,0.49811508805861493,27,69,0.391304347826087
ALL,XTE,hv_deficit_pct,0.5063993216424478,28,69,0.4057971014492754
ALL,XTE,hv_deficit_pct,0.5103593368492199,29,69,0.42028985507246375
ALL,XTE,hv_deficit_pct,0.5267991222298263,30,69,0.43478260869565216
ALL,XTE,hv_deficit_pct,0.5488746419297086,31,69,0.4492753623188406
ALL,XTE,hv_deficit_pct,0.560455942476279,32,69,0.463768115942029
ALL,XTE,hv_deficit_pct,0.5906669944720777,33,69,0.4782608695652174
ALL,XTE,hv_deficit_pct,0.6426356919555842,34,69,0.4927536231884058
ALL,XTE,hv_deficit_pct,0.6531591157133754,35,69,0.5072463768115942
ALL,XTE,hv_deficit_pct,0.6614915265680255,36,69,0.5217391304347826
ALL,XTE,hv_deficit_pct,0.6731086540328945,37,69,0.5362318840579711
ALL,XTE,hv_deficit_pct,0.6737504338196088,38,69,0.5507246376811594
ALL,XTE,hv_deficit_pct,0.6944144728536883,39,69,0.5652173913043478
ALL,XTE,hv_deficit_pct,0.7031932143653719,40,69,0.5797101449275363
ALL,XTE,hv_deficit_pct,0.7056718641889614,41,69,0.5942028985507246
ALL,XTE,hv_deficit_pct,0.7098459021147918,42,69,0.6086956521739131
ALL,XTE,hv_deficit_pct,0.7437254296080997,43,69,0.6231884057971014
ALL,XTE,hv_deficit_pct,0.7473498821813696,44,69,0.6376811594202898
ALL,XTE,hv_deficit_pct,0.762042678381647,45,69,0.6521739130434783
ALL,XTE,hv_deficit_pct,0.7793400056858357,46,69,0.6666666666666666
ALL,XTE,hv_deficit_pct,0.8414219961555336,47,69,0.6811594202898551
ALL,XTE,hv_deficit_pct,0.8650926525446634,48,69,0.6956521739130435
ALL,XTE,hv_deficit_pct,0.9533513188413445,49,69,0.7101449275362319
ALL,XTE,hv_deficit_pct,1.0365304184379753,50,69,0.7246376811594203
ALL,XTE,hv_deficit_pct,1.0668504046625005,51,69,0.7391304347826086
ALL,XTE,hv_deficit_pct,1.0711902443765853,52,69,0.7536231884057971
ALL,XTE,hv_deficit_pct,1.0897718149218028,53,69,0.7681159420289855
ALL,XTE,hv_deficit_pct,1.2397023736017254,54,69,0.782608695652174
ALL,XTE,hv_deficit_pct,1.3780122857707133,55,69,0.7971014492753623
ALL,XTE,hv_deficit_pct,1.433897798635575,56,69,0.8115942028985508
ALL,XTE,hv_deficit_pct,1.507927547977228,57,69,0.8260869565217391
ALL,XTE,hv_deficit_pct,1.6751845861136316,58,69,0.8405797101449275
ALL,XTE,hv_deficit_pct,1.715685426787028,59,69,0.855072463768116
ALL,XTE,hv_deficit_pct,1.8582593815964166,60,69,0.8695652173913043
ALL,XTE,hv_deficit_pct,1.9083550908234326,61,69,0.8840579710144928
ALL,XTE,hv_deficit_pct,1.9526890190394885,62,69,0.8985507246376812
ALL,XTE,hv_deficit_pct,2.082252404135332,63,69,0.9130434782608695
ALL,XTE,hv_deficit_pct,2.263249843090742,64,69,0.927536231884058
ALL,XTE,hv_deficit_pct,2.4874324402598513,65,69,0.9420289855072463
ALL,XTE,hv_deficit_pct,2.526140918709052,66,69,0.9565217391304348
ALL,XTE,hv_deficit_pct,2.5715215204495823,67,69,0.9710144927536232
ALL,XTE,hv_deficit_pct,2.7868464732576537,68,69,0.9855072463768116
ALL,XTE,hv_deficit_pct,3.4699300359942065,69,69,1.0
ALL,XHTE,hv_deficit_pct,0.015379388100145164,1,69,0.014492753623188406
ALL,XHTE,hv_deficit_pct,0.02027824210563134,2,69,0.028985507246376812
ALL,XHTE,hv_deficit_pct,0.024699083218882034,3,69,0.043478260869565216
ALL,XHTE,hv_deficit_pct,0.027387662405031765,4,69,0.057971014492753624
ALL,XHTE,hv_deficit_pct,0.034022080879159144,5,69,0.07246376811594203
ALL,XHTE,hv_deficit_pct,0.048285096672084915,6,69,0.08695652173913043
ALL,XHTE,hv_deficit_pct,0.05264604262851247,7,69,0.10144927536231885
ALL,XHTE,hv_deficit_pct,0.055767989505906,8,69,0.11594202898550725
ALL,XHTE,hv_deficit_pct,0.055805398105523984,9,69,0.13043478260869565
ALL,XHTE,hv_deficit_pct,0.061148069975291985,10,69,0.14492753623188406
ALL,XHTE,hv_deficit_pct,0.07123566284860106,11,69,0.15942028985507245
ALL,XHTE,hv_deficit_pct,0.07183747518472172,12,69,0.17391304347826086
ALL,XHTE,hv_deficit_pct,0.07287789106745768,13,69,0.18840579710144928
ALL,XHTE,hv_deficit_pct,0.07369395949359259,14,69,0.2028985507246377
ALL,XHTE,hv_deficit_pct,0.0747109584096517,15,69,0.21739130434782608
ALL,XHTE,hv_deficit_pct,0.08424083854865483,16,69,0.2318840579710145
ALL,XHTE,hv_deficit_pct,0.08833132168516444,17,69,0.2463768115942029
ALL,XHTE,hv_deficit_pct,0.11927887454216135,18,69,0.2608695652173913
ALL,XHTE,hv_deficit_pct,0.15428998883683098,19,69,0.2753623188405797
ALL,XHTE,hv_deficit_pct,0.15713687847759283,20,69,0.2898550724637681
ALL,XHTE,hv_deficit_pct,0.1633093101965688,21,69,0.30434782608695654
ALL,XHTE,hv_deficit_pct,0.16838323290601087,22,69,0.3188405797101449
ALL,XHTE,hv_deficit_pct,0.1694151293482382,23,69,0.3333333333333333
ALL,XHTE,hv_deficit_pct,0.1733141674335914,24,69,0.34782608695652173
ALL,XHTE,hv_deficit_pct,0.17940467192588683,25,69,0.36231884057971014
ALL,XHTE,hv_deficit_pct,0.18536603038356025,26,69,0.37681159420289856
ALL,XHTE,hv_deficit_pct,0.20814326859209809,27,69,0.391304347826087
ALL,XHTE,hv_deficit_pct,0.2135931673706737,28,69,0.4057971014492754
ALL,XHTE,hv_deficit_pct,0.21645622226381667,29,69,0.42028985507246375
ALL,XHTE,hv_deficit_pct,0.21690481793842364,30,69,0.43478260869565216
ALL,XHTE,hv_deficit_pct,0.22837548382638184,31,69,0.4492753623188406
ALL,XHTE,hv_deficit_pct,0.23448253289867216,32,69,0.463768115942029
ALL,XHTE,hv_deficit_pct,0.2460735524038582,33,69,0.4782608695652174
ALL,XHTE,hv_deficit_pct,0.2537901839208434,34,69,0.4927536231884058
ALL,XHTE,hv_deficit_pct,0.26896236624277536,35,69,0.5072463768115942
ALL,XHTE,hv_deficit_pct,0.2726025778616803,36,69,0.5217391304347826
ALL,XHTE,hv_deficit_pct,0.288045118451985,37,69,0.5362318840579711
ALL,XHTE,hv_deficit_pct,0.2927027585711617,38,69,0.5507246376811594
ALL,XHTE,hv_deficit_pct,0.30588728817245725,39,69,0.5652173913043478
ALL,XHTE,hv_deficit_pct,0.31532305375803205,40,69,0.5797101449275363
ALL,XHTE,hv_deficit_pct,0.31972867117897597,41,69,0.5942028985507246
ALL,XHTE,hv_deficit_pct,0.3200271150517242,42,69,0.6086956521739131
ALL,XHTE,hv_deficit_pct,0.3576031750511688,43,69,0.6231884057971014
ALL,XHTE,hv_deficit_pct,0.37474809302358025,44,69,0.6376811594202898
ALL,XHTE,hv_deficit_pct,0.3765099314600784,45,69,0.6521739130434783
ALL,XHTE,hv_deficit_pct,0.38272255477671546,46,69,0.6666666666666666
ALL,XHTE,hv_deficit_pct,0.40414745415804365,47,69,0.6811594202898551
ALL,XHTE,hv_deficit_pct,0.4458810250150824,48,69,0.6956521739130435
ALL,XHTE,hv_deficit_pct,0.48872444577208185,49,69,0.7101449275362319
ALL,XHTE,hv_deficit_pct,0.5151724565594429,50,69,0.7246376811594203
ALL,XHTE,hv_deficit_pct,0.5519589060666519,51,69,0.7391304347826086
ALL,XHTE,hv_deficit_pct,0.558646637406568,52,69,0.7536231884057971
ALL,XHTE,hv_deficit_pct,0.6093166450174103,53,69,0.7681159420289855
ALL,XHTE,hv_deficit_pct,0.6720466392456048,54,69,0.782608695652174
ALL,XHTE,hv_deficit_pct,0.6937287114793689,55,69,0.7971014492753623
ALL,XHTE,hv_deficit_pct,0.7566385422126287,56,69,0.8115942028985508
ALL,XHTE,hv_deficit_pct,0.7807398004418098,57,69,0.8260869565217391
ALL,XHTE,hv_deficit_pct,0.7919157575977054,58,69,0.8405797101449275
ALL,XHTE,hv_deficit_pct,0.9136416513930268,59,69,0.855072463768116
ALL,XHTE,hv_deficit_pct,0.9826283740488773,60,69,0.8695652173913043
ALL,XHTE,hv_deficit_pct,1.2579529496493103,61,69,0.8840579710144928
ALL,XHTE,hv_deficit_pct,1.331737808040645,62,69,0.8985507246376812
ALL,XHTE,hv_deficit_pct,1.397525414740286,63,69,0.9130434782608695
ALL,XHTE,hv_deficit_pct,1.441493754508305,64,69,0.927536231884058
ALL,XHTE,hv_deficit_pct,1.443939880342493,65,69,0.9420289855072463
ALL,XHTE,hv_deficit_pct,1.6123867598924702,66,69,0.9565217391304348
ALL,XHTE,hv_deficit_pct,1.7393184865515554,67,69,0.9710144927536232
ALL,XHTE,hv_deficit_pct,1.77148427401993,68,69,0.9855072463768116
ALL,XHTE,hv_deficit_pct,2.2473240839845254,69,69,1.0
ALL,NSGA-II,hv_deficit_pct,0.21419929486476974,1,69,0.014492753623188406
ALL,NSGA-II,hv_deficit_pct,0.48177980190202696,2,69,0.028985507246376812
ALL,NSGA-II,hv_deficit_pct,0.5020035983850146,3,69,0.043478260869565216
ALL,NSGA-II,hv_deficit_pct,0.5494656825270283,4,69,0.057971014492753624
ALL,NSGA-II,hv_deficit_pct,0.556586023185579,5,69,0.07246376811594203
ALL,NSGA-II,hv_deficit_pct,0.6691547651032859,6,69,0.08695652173913043
ALL,NSGA-II,hv_deficit_pct,0.8709376291753723,7,69,0.10144927536231885
ALL,NSGA-II,hv_deficit_pct,0.8867092953656286,8,69,0.11594202898550725
ALL,NSGA-II,hv_deficit_pct,0.9229737092121826,9,69,0.13043478260869565
ALL,NSGA-II,hv_deficit_pct,0.9336291247603157,10,69,0.14492753623188406
ALL,NSGA-II,hv_deficit_pct,0.9973113764899733,11,69,0.15942028985507245
ALL,NSGA-II,hv_deficit_pct,1.0343339769253057,12,69,0.17391304347826086
ALL,NSGA-II,hv_deficit_pct,1.1290963657531239,13,69,0.18840579710144928
ALL,NSGA-II,hv_deficit_pct,1.133507795396227,14,69,0.2028985507246377
ALL,NSGA-II,hv_deficit_pct,1.2413298851422616,15,69,0.21739130434782608
ALL,NSGA-II,hv_deficit_pct,1.28928336306251,16,69,0.2318840579710145
ALL,NSGA-II,hv_deficit_pct,1.3010800405503842,17,69,0.2463768115942029
ALL,NSGA-II,hv_deficit_pct,1.3343617172711597,18,69,0.2608695652173913
ALL,NSGA-II,hv_deficit_pct,1.484318295333087,19,69,0.2753623188405797
ALL,NSGA-II,hv_deficit_pct,1.5130350584064756,20,69,0.2898550724637681
ALL,NSGA-II,hv_deficit_pct,1.5391508095772166,21,69,0.30434782608695654
ALL,NSGA-II,hv_deficit_pct,1.6074974806516762,22,69,0.3188405797101449
ALL,NSGA-II,hv_deficit_pct,1.6263457626269018,23,69,0.3333333333333333
ALL,NSGA-II,hv_deficit_pct,1.6489080599848327,24,69,0.34782608695652173
ALL,NSGA-II,hv_deficit_pct,1.6943283965194067,25,69,0.36231884057971014
ALL,NSGA-II,hv_deficit_pct,1.702290218321334,26,69,0.37681159420289856
ALL,NSGA-II,hv_deficit_pct,1.7261489155220966,27,69,0.391304347826087
ALL,NSGA-II,hv_deficit_pct,1.7275435569424458,28,69,0.4057971014492754
ALL,NSGA-II,hv_deficit_pct,1.737424861254333,29,69,0.42028985507246375
ALL,NSGA-II,hv_deficit_pct,1.7432132830584646,30,69,0.43478260869565216
ALL,NSGA-II,hv_deficit_pct,1.8068471986814272,31,69,0.4492753623188406
ALL,NSGA-II,hv_deficit_pct,1.8253527937605263,32,69,0.463768115942029
ALL,NSGA-II,hv_deficit_pct,1.8335419055220958,33,69,0.4782608695652174
ALL,NSGA-II,hv_deficit_pct,1.9297427267443656,34,69,0.4927536231884058
ALL,NSGA-II,hv_deficit_pct,2.0415730090721174,35,69,0.5072463768115942
ALL,NSGA-II,hv_deficit_pct,2.0775959002563016,36,69,0.5217391304347826
ALL,NSGA-II,hv_deficit_pct,2.2068334643280174,37,69,0.5362318840579711
ALL,NSGA-II,hv_deficit_pct,2.247680736039137,38,69,0.5507246376811594
ALL,NSGA-II,hv_deficit_pct,2.9536220187482143,39,69,0.5652173913043478
ALL,NSGA-II,hv_deficit_pct,3.056182950364972,40,69,0.5797101449275363
ALL,NSGA-II,hv_deficit_pct,3.165208373010475,41,69,0.5942028985507246
ALL,NSGA-II,hv_deficit_pct,3.28225754470427,42,69,0.6086956521739131
ALL,NSGA-II,hv_deficit_pct,3.330621718401039,43,69,0.6231884057971014
ALL,NSGA-II,hv_deficit_pct,3.4765762024377422,44,69,0.6376811594202898
ALL,NSGA-II,hv_deficit_pct,3.6492580055902613,45,69,0.6521739130434783
ALL,NSGA-II,hv_deficit_pct,3.8342813147011934,46,69,0.6666666666666666
ALL,NSGA-II,hv_deficit_pct,3.999037407236772,47,69,0.6811594202898551
ALL,NSGA-II,hv_deficit_pct,4.18658309082941,48,69,0.6956521739130435
ALL,NSGA-II,hv_deficit_pct,4.293274289105065,49,69,0.7101449275362319
ALL,NSGA-II,hv_deficit_pct,4.433930229910398,50,69,0.7246376811594203
ALL,NSGA-II,hv_deficit_pct,4.537875503301936,51,69,0.7391304347826086
ALL,NSGA-II,hv_deficit_pct,4.543564215040785,52,69,0.7536231884057971
ALL,NSGA-II,hv_deficit_pct,4.580949658939392,53,69,0.7681159420289855
ALL,NSGA-II,hv_deficit_pct,4.630452033577404,54,69,0.782608695652174
ALL,NSGA-II,hv_deficit_pct,4.640045818138095,55,69,0.7971014492753623
ALL,NSGA-II,hv_deficit_pct,4.645503884499358,56,69,0.8115942028985508
ALL,NSGA-II,hv_deficit_pct,5.0269689405333935,57,69,0.8260869565217391
ALL,NSGA-II,hv_deficit_pct,5.173794715721125,58,69,0.8405797101449275
ALL,NSGA-II,hv_deficit_pct,5.256808831680737,59,69,0.855072463768116
ALL,NSGA-II,hv_deficit_pct,5.423491849693707,60,69,0.8695652173913043
ALL,NSGA-II,hv_deficit_pct,5.437177434198304,61,69,0.8840579710144928
ALL,NSGA-II,hv_deficit_pct,5.550323392393675,62,69,0.8985507246376812
ALL,NSGA-II,hv_deficit_pct,5.551679871807947,63,69,0.9130434782608695
ALL,NSGA-II,hv_deficit_pct,5.623007273484459,64,69,0.927536231884058
ALL,NSGA-II,hv_deficit_pct,5.679479006000509,65,69,0.9420289855072463
ALL,NSGA-II,hv_deficit_pct,6.261904218635106,66,69,0.9565217391304348
ALL,NSGA-II,hv_deficit_pct,6.703726100126106,67,69,0.9710144927536232
ALL,NSGA-II,hv_deficit_pct,6.830455167215388,68,69,0.9855072463768116
ALL,NSGA-II,hv_deficit_pct,7.631618228131176,69,69,1.0
ALL,SPEA2,hv_deficit_pct,0.19442887246912122,1,69,0.014492753623188406
ALL,SPEA2,hv_deficit_pct,0.232288286369986,2,69,0.028985507246376812
ALL,SPEA2,hv_deficit_pct,0.45712425876487384,3,69,0.043478260869565216
ALL,SPEA2,hv_deficit_pct,0.50120639413469,4,69,0.057971014492753624
ALL,SPEA2,hv_deficit_pct,0.5347447643929915,5,69,0.07246376811594203
ALL,SPEA2,hv_deficit_pct,0.5816037948239261,6,69,0.08695652173913043
ALL,SPEA2,hv_deficit_pct,0.8657244645611573,7,69,0.10144927536231885
ALL,SPEA2,hv_deficit_pct,0.8752792072940219,8,69,0.11594202898550725
ALL,SPEA2,hv_deficit_pct,0.9136678248824581,9,69,0.13043478260869565
ALL,SPEA2,hv_deficit_pct,0.9493580823642933,10,69,0.14492753623188406
ALL,SPEA2,hv_deficit_pct,0.9805847005601831,11,69,0.15942028985507245
ALL,SPEA2,hv_deficit_pct,0.9867762978345684,12,69,0.17391304347826086
ALL,SPEA2,hv_deficit_pct,1.0689402022691863,13,69,0.18840579710144928
ALL,SPEA2,hv_deficit_pct,1.079227676847938,14,69,0.2028985507246377
ALL,SPEA2,hv_deficit_pct,1.2248456418348708,15,69,0.21739130434782608
ALL,SPEA2,hv_deficit_pct,1.2509305239198132,16,69,0.2318840579710145
ALL,SPEA2,hv_deficit_pct,1.3130391048150059,17,69,0.2463768115942029
ALL,SPEA2,hv_deficit_pct,1.3867067338044659,18,69,0.2608695652173913
ALL,SPEA2,hv_deficit_pct,1.3983053270460233,19,69,0.2753623188405797
ALL,SPEA2,hv_deficit_pct,1.5029473767951829,20,69,0.2898550724637681
ALL,SPEA2,hv_deficit_pct,1.5475074112348053,21,69,0.30434782608695654
ALL,SPEA2,hv_deficit_pct,1.5530714357896769,22,69,0.3188405797101449
ALL,SPEA2,hv_deficit_pct,1.5658785413381393,23,69,0.3333333333333333
ALL,SPEA2,hv_deficit_pct,1.590168709549833,24,69,0.34782608695652173
ALL,SPEA2,hv_deficit_pct,1.6158625763463053,25,69,0.36231884057971014
ALL,SPEA2,hv_deficit_pct,1.6337652677835268,26,69,0.37681159420289856
ALL,SPEA2,hv_deficit_pct,1.6474554214916948,27,69,0.391304347826087
ALL,SPEA2,hv_deficit_pct,1.690424021280068,28,69,0.4057971014492754
ALL,SPEA2,hv_deficit_pct,1.6996079165938593,29,69,0.42028985507246375
ALL,SPEA2,hv_deficit_pct,1.7357041743677026,30,69,0.43478260869565216
ALL,SPEA2,hv_deficit_pct,1.7567630246940635,31,69,0.4492753623188406
ALL,SPEA2,hv_deficit_pct,1.7571333037967651,32,69,0.463768115942029
ALL,SPEA2,hv_deficit_pct,1.768093837343665,33,69,0.4782608695652174
ALL,SPEA2,hv_deficit_pct,1.815102295336679,34,69,0.4927536231884058
ALL,SPEA2,hv_deficit_pct,1.8711603317571046,35,69,0.5072463768115942
ALL,SPEA2,hv_deficit_pct,1.8744245304822882,36,69,0.5217391304347826
ALL,SPEA2,hv_deficit_pct,1.9992496261691972,37,69,0.5362318840579711
ALL,SPEA2,hv_deficit_pct,2.089568925860641,38,69,0.5507246376811594
ALL,SPEA2,hv_deficit_pct,2.7347448687082276,39,69,0.5652173913043478
ALL,SPEA2,hv_deficit_pct,2.9627001374905815,40,69,0.5797101449275363
ALL,SPEA2,hv_deficit_pct,2.9964549056402445,41,69,0.5942028985507246
ALL,SPEA2,hv_deficit_pct,3.0510785716199362,42,69,0.6086956521739131
ALL,SPEA2,hv_deficit_pct,3.0828857027316636,43,69,0.6231884057971014
ALL,SPEA2,hv_deficit_pct,3.194965363652469,44,69,0.6376811594202898
ALL,SPEA2,hv_deficit_pct,3.5870342580392234,45,69,0.6521739130434783
ALL,SPEA2,hv_deficit_pct,3.6843270661474414,46,69,0.6666666666666666
ALL,SPEA2,hv_deficit_pct,3.693268414526296,47,69,0.6811594202898551
ALL,SPEA2,hv_deficit_pct,3.9284146909177586,48,69,0.6956521739130435
ALL,SPEA2,hv_deficit_pct,4.060143902837887,49,69,0.7101449275362319
ALL,SPEA2,hv_deficit_pct,4.081975217218425,50,69,0.7246376811594203
ALL,SPEA2,hv_deficit_pct,4.353264223867026,51,69,0.7391304347826086
ALL,SPEA2,hv_deficit_pct,4.38472843382347,52,69,0.7536231884057971
ALL,SPEA2,hv_deficit_pct,4.492584226678487,53,69,0.7681159420289855
ALL,SPEA2,hv_deficit_pct,4.510126391262093,54,69,0.782608695652174
ALL,SPEA2,hv_deficit_pct,4.595453716919684,55,69,0.7971014492753623
ALL,SPEA2,hv_deficit_pct,4.735875427887226,56,69,0.8115942028985508
ALL,SPEA2,hv_deficit_pct,5.073023757459838,57,69,0.8260869565217391
ALL,SPEA2,hv_deficit_pct,5.081458298526076,58,69,0.8405797101449275
ALL,SPEA2,hv_deficit_pct,5.120454983500267,59,69,0.855072463768116
ALL,SPEA2,hv_deficit_pct,5.2214651908851,60,69,0.8695652173913043
ALL,SPEA2,hv_deficit_pct,5.37377979167969,61,69,0.8840579710144928
ALL,SPEA2,hv_deficit_pct,5.554847314129963,62,69,0.8985507246376812
ALL,SPEA2,hv_deficit_pct,5.610094265379795,63,69,0.9130434782608695
ALL,SPEA2,hv_deficit_pct,5.698105435791301,64,69,0.927536231884058
ALL,SPEA2,hv_deficit_pct,5.8920792526397925,65,69,0.9420289855072463
ALL,SPEA2,hv_deficit_pct,6.3568522328267925,66,69,0.9565217391304348
ALL,SPEA2,hv_deficit_pct,6.655536522811911,67,69,0.9710144927536232
ALL,SPEA2,hv_deficit_pct,6.883973462504434,68,69,0.9855072463768116
ALL,SPEA2,hv_deficit_pct,7.102379552568094,69,69,1.0
ALL,MOEA/D,hv_deficit_pct,0.03488454812018427,1,69,0.014492753623188406
ALL,MOEA/D,hv_deficit_pct,0.035779947295089265,2,69,0.028985507246376812
ALL,MOEA/D,hv_deficit_pct,0.1038010462924066,3,69,0.043478260869565216
ALL,MOEA/D,hv_deficit_pct,0.15864696961207514,4,69,0.057971014492753624
ALL,MOEA/D,hv_deficit_pct,0.16206046446641809,5,69,0.07246376811594203
ALL,MOEA/D,hv_deficit_pct,0.19369319212590996,6,69,0.08695652173913043
ALL,MOEA/D,hv_deficit_pct,0.1980708348819249,7,69,0.10144927536231885
ALL,MOEA/D,hv_deficit_pct,0.19857657308767207,8,69,0.11594202898550725
ALL,MOEA/D,hv_deficit_pct,0.20565722110338358,9,69,0.13043478260869565
ALL,MOEA/D,hv_deficit_pct,0.2385641117210735,10,69,0.14492753623188406
ALL,MOEA/D,hv_deficit_pct,0.25291162585339144,11,69,0.15942028985507245
ALL,MOEA/D,hv_deficit_pct,0.27884672041179615,12,69,0.17391304347826086
ALL,MOEA/D,hv_deficit_pct,0.3123547822491357,13,69,0.18840579710144928
ALL,MOEA/D,hv_deficit_pct,0.33096469741833445,14,69,0.2028985507246377
ALL,MOEA/D,hv_deficit_pct,0.35542391794796124,15,69,0.21739130434782608
ALL,MOEA/D,hv_deficit_pct,0.3885027128891716,16,69,0.2318840579710145
ALL,MOEA/D,hv_deficit_pct,0.5503150247241462,17,69,0.2463768115942029
ALL,MOEA/D,hv_deficit_pct,0.9613516135385303,18,69,0.2608695652173913
ALL,MOEA/D,hv_deficit_pct,1.11695682091989,19,69,0.2753623188405797
ALL,MOEA/D,hv_deficit_pct,1.172648899022255,20,69,0.2898550724637681
ALL,MOEA/D,hv_deficit_pct,1.2892519715372641,21,69,0.30434782608695654
ALL,MOEA/D,hv_deficit_pct,1.3716688286556367,22,69,0.3188405797101449
ALL,MOEA/D,hv_deficit_pct,1.3881274836862523,23,69,0.3333333333333333
ALL,MOEA/D,hv_deficit_pct,1.3932607727584423,24,69,0.34782608695652173
ALL,MOEA/D,hv_deficit_pct,1.3964586174770144,25,69,0.36231884057971014
ALL,MOEA/D,hv_deficit_pct,1.4130661806010858,26,69,0.37681159420289856
ALL,MOEA/D,hv_deficit_pct,1.4209386316776484,27,69,0.391304347826087
ALL,MOEA/D,hv_deficit_pct,1.4645390950867587,28,69,0.4057971014492754
ALL,MOEA/D,hv_deficit_pct,1.4776910119638664,29,69,0.42028985507246375
ALL,MOEA/D,hv_deficit_pct,1.5327481140250288,30,69,0.43478260869565216
ALL,MOEA/D,hv_deficit_pct,1.5507244909101936,31,69,0.4492753623188406
ALL,MOEA/D,hv_deficit_pct,1.593848030941969,32,69,0.463768115942029
ALL,MOEA/D,hv_deficit_pct,1.601183014035168,33,69,0.4782608695652174
ALL,MOEA/D,hv_deficit_pct,1.6174585585494672,34,69,0.4927536231884058
ALL,MOEA/D,hv_deficit_pct,1.694767230028238,35,69,0.5072463768115942
ALL,MOEA/D,hv_deficit_pct,1.7053266509957088,36,69,0.5217391304347826
ALL,MOEA/D,hv_deficit_pct,1.7749748997298753,37,69,0.5362318840579711
ALL,MOEA/D,hv_deficit_pct,1.8476346864280124,38,69,0.5507246376811594
ALL,MOEA/D,hv_deficit_pct,1.8663991762481458,39,69,0.5652173913043478
ALL,MOEA/D,hv_deficit_pct,2.115163678530896,40,69,0.5797101449275363
ALL,MOEA/D,hv_deficit_pct,2.1591542305858136,41,69,0.5942028985507246
ALL,MOEA/D,hv_deficit_pct,2.3614843626687088,42,69,0.6086956521739131
ALL,MOEA/D,hv_deficit_pct,2.888669803891153,43,69,0.6231884057971014
ALL,MOEA/D,hv_deficit_pct,2.953905528803169,44,69,0.6376811594202898
ALL,MOEA/D,hv_deficit_pct,3.0232097698276506,45,69,0.6521739130434783
ALL,MOEA/D,hv_deficit_pct,3.0280608632579087,46,69,0.6666666666666666
ALL,MOEA/D,hv_deficit_pct,3.4979701101373273,47,69,0.6811594202898551
ALL,MOEA/D,hv_deficit_pct,3.595225276842906,48,69,0.6956521739130435
ALL,MOEA/D,hv_deficit_pct,3.7419124581878904,49,69,0.7101449275362319
ALL,MOEA/D,hv_deficit_pct,3.7494911909323747,50,69,0.7246376811594203
ALL,MOEA/D,hv_deficit_pct,3.8032767835799675,51,69,0.7391304347826086
ALL,MOEA/D,hv_deficit_pct,3.8206527246858246,52,69,0.7536231884057971
ALL,MOEA/D,hv_deficit_pct,3.922896798474884,53,69,0.7681159420289855
ALL,MOEA/D,hv_deficit_pct,3.9400641938901138,54,69,0.782608695652174
ALL,MOEA/D,hv_deficit_pct,3.9409998977225635,55,69,0.7971014492753623
ALL,MOEA/D,hv_deficit_pct,3.9449129583900233,56,69,0.8115942028985508
ALL,MOEA/D,hv_deficit_pct,3.979775958798226,57,69,0.8260869565217391
ALL,MOEA/D,hv_deficit_pct,3.998882895571243,58,69,0.8405797101449275
ALL,MOEA/D,hv_deficit_pct,4.06921649532459,59,69,0.855072463768116
ALL,MOEA/D,hv_deficit_pct,4.087752957227586,60,69,0.8695652173913043
ALL,MOEA/D,hv_deficit_pct,4.150590438342416,61,69,0.8840579710144928
ALL,MOEA/D,hv_deficit_pct,4.193841446068925,62,69,0.8985507246376812
ALL,MOEA/D,hv_deficit_pct,4.4261282600150835,63,69,0.9130434782608695
ALL,MOEA/D,hv_deficit_pct,4.649361368134852,64,69,0.927536231884058
ALL,MOEA/D,hv_deficit_pct,4.96521210733537,65,69,0.9420289855072463
ALL,MOEA/D,hv_deficit_pct,5.086446234015685,66,69,0.9565217391304348
ALL,MOEA/D,hv_deficit_pct,5.240314872386964,67,69,0.9710144927536232
ALL,MOEA/D,hv_deficit_pct,6.138807174167516,68,69,0.9855072463768116
ALL,MOEA/D,hv_deficit_pct,6.991862534492377,69,69,1.0
ALL,SMS-EMOA,hv_deficit_pct,0.30692254154222054,1,69,0.014492753623188406
ALL,SMS-EMOA,hv_deficit_pct,0.49026952880659724,2,69,0.028985507246376812
ALL,SMS-EMOA,hv_deficit_pct,0.5408765591973785,3,69,0.043478260869565216
ALL,SMS-EMOA,hv_deficit_pct,0.567462727865542,4,69,0.057971014492753624
ALL,SMS-EMOA,hv_deficit_pct,0.6536334183157133,5,69,0.07246376811594203
ALL,SMS-EMOA,hv_deficit_pct,0.6878532901788303,6,69,0.08695652173913043
ALL,SMS-EMOA,hv_deficit_pct,0.7382741085325106,7,69,0.10144927536231885
ALL,SMS-EMOA,hv_deficit_pct,0.9166622617907905,8,69,0.11594202898550725
ALL,SMS-EMOA,hv_deficit_pct,1.064886065506776,9,69,0.13043478260869565
ALL,SMS-EMOA,hv_deficit_pct,1.0961807591391648,10,69,0.14492753623188406
ALL,SMS-EMOA,hv_deficit_pct,1.1253085503825533,11,69,0.15942028985507245
ALL,SMS-EMOA,hv_deficit_pct,1.150236871766186,12,69,0.17391304347826086
ALL,SMS-EMOA,hv_deficit_pct,1.1676580171891326,13,69,0.18840579710144928
ALL,SMS-EMOA,hv_deficit_pct,1.2078519168982615,14,69,0.2028985507246377
ALL,SMS-EMOA,hv_deficit_pct,1.2885546218963762,15,69,0.21739130434782608
ALL,SMS-EMOA,hv_deficit_pct,1.3290048807757415,16,69,0.2318840579710145
ALL,SMS-EMOA,hv_deficit_pct,1.355599888378578,17,69,0.2463768115942029
ALL,SMS-EMOA,hv_deficit_pct,1.3984180274064895,18,69,0.2608695652173913
ALL,SMS-EMOA,hv_deficit_pct,1.4395113875733,19,69,0.2753623188405797
ALL,SMS-EMOA,hv_deficit_pct,1.5049798825212513,20,69,0.2898550724637681
ALL,SMS-EMOA,hv_deficit_pct,1.5277516745576536,21,69,0.30434782608695654
ALL,SMS-EMOA,hv_deficit_pct,1.5584473747575434,22,69,0.3188405797101449
ALL,SMS-EMOA,hv_deficit_pct,1.605692394036784,23,69,0.3333333333333333
ALL,SMS-EMOA,hv_deficit_pct,1.629188582900687,24,69,0.34782608695652173
ALL,SMS-EMOA,hv_deficit_pct,1.6522403076438152,25,69,0.36231884057971014
ALL,SMS-EMOA,hv_deficit_pct,1.6540456066377551,26,69,0.37681159420289856
ALL,SMS-EMOA,hv_deficit_pct,1.6554251503036244,27,69,0.391304347826087
ALL,SMS-EMOA,hv_deficit_pct,1.6871629357337214,28,69,0.4057971014492754
ALL,SMS-EMOA,hv_deficit_pct,1.7457527318705646,29,69,0.42028985507246375
ALL,SMS-EMOA,hv_deficit_pct,1.8142301460477461,30,69,0.43478260869565216
ALL,SMS-EMOA,hv_deficit_pct,1.8199965215439207,31,69,0.4492753623188406
ALL,SMS-EMOA,hv_deficit_pct,1.840343699176017,32,69,0.463768115942029
ALL,SMS-EMOA,hv_deficit_pct,1.8484429759201393,33,69,0.4782608695652174
ALL,SMS-EMOA,hv_deficit_pct,1.8806489840991092,34,69,0.4927536231884058
ALL,SMS-EMOA,hv_deficit_pct,1.9304534661118478,35,69,0.5072463768115942
ALL,SMS-EMOA,hv_deficit_pct,2.018504846970115,36,69,0.5217391304347826
ALL,SMS-EMOA,hv_deficit_pct,2.0837402132556804,37,69,0.5362318840579711
ALL,SMS-EMOA,hv_deficit_pct,2.109478085656258,38,69,0.5507246376811594
ALL,SMS-EMOA,hv_deficit_pct,2.7416007069485215,39,69,0.5652173913043478
ALL,SMS-EMOA,hv_deficit_pct,2.978604210711766,40,69,0.5797101449275363
ALL,SMS-EMOA,hv_deficit_pct,3.2226869572710815,41,69,0.5942028985507246
ALL,SMS-EMOA,hv_deficit_pct,3.24863632160306,42,69,0.6086956521739131
ALL,SMS-EMOA,hv_deficit_pct,3.2948118658288617,43,69,0.6231884057971014
ALL,SMS-EMOA,hv_deficit_pct,3.4992405626569134,44,69,0.6376811594202898
ALL,SMS-EMOA,hv_deficit_pct,4.027372891481884,45,69,0.6521739130434783
ALL,SMS-EMOA,hv_deficit_pct,4.051915575495357,46,69,0.6666666666666666
ALL,SMS-EMOA,hv_deficit_pct,4.151039554714897,47,69,0.6811594202898551
ALL,SMS-EMOA,hv_deficit_pct,4.167624262315361,48,69,0.6956521739130435
ALL,SMS-EMOA,hv_deficit_pct,4.1699700617026,49,69,0.7101449275362319
ALL,SMS-EMOA,hv_deficit_pct,4.199683827763312,50,69,0.7246376811594203
ALL,SMS-EMOA,hv_deficit_pct,4.329049823174847,51,69,0.7391304347826086
ALL,SMS-EMOA,hv_deficit_pct,4.524575512520057,52,69,0.7536231884057971
ALL,SMS-EMOA,hv_deficit_pct,4.571199400993131,53,69,0.7681159420289855
ALL,SMS-EMOA,hv_deficit_pct,4.640256979302427,54,69,0.782608695652174
ALL,SMS-EMOA,hv_deficit_pct,4.749594399114942,55,69,0.7971014492753623
ALL,SMS-EMOA,hv_deficit_pct,4.802766310504514,56,69,0.8115942028985508
ALL,SMS-EMOA,hv_deficit_pct,4.820414876251633,57,69,0.8260869565217391
ALL,SMS-EMOA,hv_deficit_pct,4.858268791478315,58,69,0.8405797101449275
ALL,SMS-EMOA,hv_deficit_pct,4.93291964409186,59,69,0.855072463768116
ALL,SMS-EMOA,hv_deficit_pct,5.311672284714186,60,69,0.8695652173913043
ALL,SMS-EMOA,hv_deficit_pct,5.499680384688288,61,69,0.8840579710144928
ALL,SMS-EMOA,hv_deficit_pct,5.584107598591348,62,69,0.8985507246376812
ALL,SMS-EMOA,hv_deficit_pct,5.665088155703646,63,69,0.9130434782608695
ALL,SMS-EMOA,hv_deficit_pct,5.813750078108326,64,69,0.927536231884058
ALL,SMS-EMOA,hv_deficit_pct,5.962480997838481,65,69,0.9420289855072463
ALL,SMS-EMOA,hv_deficit_pct,6.6904532899749185,66,69,0.9565217391304348
ALL,SMS-EMOA,hv_deficit_pct,6.7774414202495965,67,69,0.9710144927536232
ALL,SMS-EMOA,hv_deficit_pct,6.975191193239805,68,69,0.9855072463768116
ALL,SMS-EMOA,hv_deficit_pct,7.86204760683471,69,69,1.0
ALL,XG,makespan_gap_pct,3.995680345572361,1,69,0.014492753623188406
ALL,XG,makespan_gap_pct,6.153846153846154,2,69,0.028985507246376812
ALL,XG,makespan_gap_pct,6.374501992031867,3,69,0.043478260869565216
ALL,XG,makespan_gap_pct,6.41025641025641,4,69,0.057971014492753624
ALL,XG,makespan_gap_pct,6.474820143884896,5,69,0.07246376811594203
ALL,XG,makespan_gap_pct,7.579944729569688,6,69,0.08695652173913043
ALL,XG,makespan_gap_pct,8.406432748538005,7,69,0.10144927536231885
ALL,XG,makespan_gap_pct,8.450704225352123,8,69,0.11594202898550725
ALL,XG,makespan_gap_pct,8.47457627118644,9,69,0.13043478260869565
ALL,XG,makespan_gap_pct,8.557902403495987,10,69,0.14492753623188406
ALL,XG,makespan_gap_pct,8.764940239043817,11,69,0.15942028985507245
ALL,XG,makespan_gap_pct,8.786610878661083,12,69,0.17391304347826086
ALL,XG,makespan_gap_pct,8.862478777589144,13,69,0.18840579710144928
ALL,XG,makespan_gap_pct,8.93602225312935,14,69,0.2028985507246377
ALL,XG,makespan_gap_pct,9.074889867841417,15,69,0.21739130434782608
ALL,XG,makespan_gap_pct,9.118870996924189,16,69,0.2318840579710145
ALL,XG,makespan_gap_pct,9.511111111111115,17,69,0.2463768115942029
ALL,XG,makespan_gap_pct,9.701492537313428,18,69,0.2608695652173913
ALL,XG,makespan_gap_pct,9.92010652463382,19,69,0.2753623188405797
ALL,XG,makespan_gap_pct,10.236220472440948,20,69,0.2898550724637681
ALL,XG,makespan_gap_pct,11.363636363636353,21,69,0.30434782608695654
ALL,XG,makespan_gap_pct,11.381709741550704,22,69,0.3188405797101449
ALL,XG,makespan_gap_pct,11.570247933884303,23,69,0.3333333333333333
ALL,XG,makespan_gap_pct,12.369109947643974,24,69,0.34782608695652173
ALL,XG,makespan_gap_pct,12.762762762762758,25,69,0.36231884057971014
ALL,XG,makespan_gap_pct,12.992125984251967,26,69,0.37681159420289856
ALL,XG,makespan_gap_pct,13.010989010989004,27,69,0.391304347826087
ALL,XG,makespan_gap_pct,13.040000000000006,28,69,0.4057971014492754
ALL,XG,makespan_gap_pct,13.612099644128106,29,69,0.42028985507246375
ALL,XG,makespan_gap_pct,14.149139579349912,30,69,0.43478260869565216
ALL,XG,makespan_gap_pct,14.424007744433688,31,69,0.4492753623188406
ALL,XG,makespan_gap_pct,14.634146341463406,32,69,0.463768115942029
ALL,XG,makespan_gap_pct,14.882772680937828,33,69,0.4782608695652174
ALL,XG,makespan_gap_pct,14.893617021276606,34,69,0.4927536231884058
ALL,XG,makespan_gap_pct,14.935064935064934,35,69,0.5072463768115942
ALL,XG,makespan_gap_pct,15.219611848825343,36,69,0.5217391304347826
ALL,XG,makespan_gap_pct,15.259441203561552,37,69,0.5362318840579711
ALL,XG,makespan_gap_pct,15.484922575387117,38,69,0.5507246376811594
ALL,XG,makespan_gap_pct,15.67877629063097,39,69,0.5652173913043478
ALL,XG,makespan_gap_pct,15.999999999999993,40,69,0.5797101449275363
ALL,XG,makespan_gap_pct,16.22530474989492,41,69,0.5942028985507246
ALL,XG,makespan_gap_pct,16.326530612244895,42,69,0.6086956521739131
ALL,XG,makespan_gap_pct,16.896024464831804,43,69,0.6231884057971014
ALL,XG,makespan_gap_pct,17.03089675960814,44,69,0.6376811594202898
ALL,XG,makespan_gap_pct,17.178804742317922,45,69,0.6521739130434783
ALL,XG,makespan_gap_pct,17.388825541619156,46,69,0.6666666666666666
ALL,XG,makespan_gap_pct,17.546777546777538,47,69,0.6811594202898551
ALL,XG,makespan_gap_pct,18.935342732134174,48,69,0.6956521739130435
ALL,XG,makespan_gap_pct,19.696969696969703,49,69,0.7101449275362319
ALL,XG,makespan_gap_pct,19.924528301886802,50,69,0.7246376811594203
ALL,XG,makespan_gap_pct,20.15765765765767,51,69,0.7391304347826086
ALL,XG,makespan_gap_pct,20.2247191011236,52,69,0.7536231884057971
ALL,XG,makespan_gap_pct,20.954773869346745,53,69,0.7681159420289855
ALL,XG,makespan_gap_pct,21.037463976945237,54,69,0.782608695652174
ALL,XG,makespan_gap_pct,21.329113924050635,55,69,0.7971014492753623
ALL,XG,makespan_gap_pct,22.72727272727273,56,69,0.8115942028985508
ALL,XG,makespan_gap_pct,22.857142857142865,57,69,0.8260869565217391
ALL,XG,makespan_gap_pct,25.094339622641513,58,69,0.8405797101449275
ALL,XG,makespan_gap_pct,26.37362637362637,59,69,0.855072463768116
ALL,XG,makespan_gap_pct,28.735632183908045,60,69,0.8695652173913043
ALL,XG,makespan_gap_pct,39.61352657004831,61,69,0.8840579710144928
ALL,XG,makespan_gap_pct,41.93037974683544,62,69,0.8985507246376812
ALL,XG,makespan_gap_pct,43.627450980392155,63,69,0.9130434782608695
ALL,XG,makespan_gap_pct,46.451612903225815,64,69,0.927536231884058
ALL,XG,makespan_gap_pct,46.52777777777777,65,69,0.9420289855072463
ALL,XG,makespan_gap_pct,47.297297297297305,66,69,0.9565217391304348
ALL,XG,makespan_gap_pct,51.72413793103448,67,69,0.9710144927536232
ALL,XG,makespan_gap_pct,51.977401129943516,68,69,0.9855072463768116
ALL,XG,makespan_gap_pct,52.727272727272734,69,69,1.0
ALL,XH,makespan_gap_pct,0.0,18,69,0.2608695652173913
ALL,XH,makespan_gap_pct,0.3984063745019917,19,69,0.2753623188405797
ALL,XH,makespan_gap_pct,0.4184100418409997,20,69,0.2898550724637681
ALL,XH,makespan_gap_pct,0.4237288135593209,21,69,0.30434782608695654
ALL,XH,makespan_gap_pct,0.48701298701299134,22,69,0.3188405797101449
ALL,XH,makespan_gap_pct,0.5037037037036951,23,69,0.3333333333333333
ALL,XH,makespan_gap_pct,0.5326231691078487,24,69,0.34782608695652173
ALL,XH,makespan_gap_pct,0.5714285714285783,25,69,0.36231884057971014
ALL,XH,makespan_gap_pct,0.694444444444442,26,69,0.37681159420289856
ALL,XH,makespan_gap_pct,0.7488986784141005,27,69,0.391304347826087
ALL,XH,makespan_gap_pct,0.8264462809917328,28,69,0.4057971014492754
ALL,XH,makespan_gap_pct,0.8474576271186418,29,69,0.42028985507246375
ALL,XH,makespan_gap_pct,1.0552763819095423,30,69,0.43478260869565216
ALL,XH,makespan_gap_pct,1.0778859527120987,31,69,0.4492753623188406
ALL,XH,makespan_gap_pct,1.120543293718157,32,69,0.463768115942029
ALL,XH,makespan_gap_pct,1.1363636363636465,33,69,0.4782608695652174
ALL,XH,makespan_gap_pct,1.1428571428571344,34,69,0.4927536231884058
ALL,XH,makespan_gap_pct,1.195219123505975,35,69,0.5072463768115942
ALL,XH,makespan_gap_pct,1.35849056603774,36,69,0.5217391304347826
ALL,XH,makespan_gap_pct,1.538461538461533,37,69,0.5362318840579711
ALL,XH,makespan_gap_pct,1.5748031496062964,38,69,0.5507246376811594
ALL,XH,makespan_gap_pct,1.6000000000000014,39,69,0.5652173913043478
ALL,XH,makespan_gap_pct,1.6401590457256532,40,69,0.5797101449275363
ALL,XH,makespan_gap_pct,1.8018018018018056,41,69,0.5942028985507246
ALL,XH,makespan_gap_pct,2.0408163265306145,42,69,0.6086956521739131
ALL,XH,makespan_gap_pct,2.136752136752129,43,69,0.6231884057971014
ALL,XH,makespan_gap_pct,2.159685863874339,44,69,0.6376811594202898
ALL,XH,makespan_gap_pct,2.6225769669327326,45,69,0.6521739130434783
ALL,XH,makespan_gap_pct,2.9850746268656803,46,69,0.6666666666666666
ALL,XH,makespan_gap_pct,3.0303030303030276,47,69,0.6811594202898551
ALL,XH,makespan_gap_pct,3.0581039755351647,48,69,0.6956521739130435
ALL,XH,makespan_gap_pct,3.2964863797868116,49,69,0.7101449275362319
ALL,XH,makespan_gap_pct,3.9906103286384997,50,69,0.7246376811594203
ALL,XH,makespan_gap_pct,4.079999999999995,51,69,0.7391304347826086
ALL,XH,makespan_gap_pct,4.335585585585577,52,69,0.7536231884057971
ALL,XH,makespan_gap_pct,4.596527068437184,53,69,0.7681159420289855
ALL,XH,makespan_gap_pct,4.678362573099415,54,69,0.782608695652174
ALL,XH,makespan_gap_pct,5.061908230152956,55,69,0.7971014492753623
ALL,XH,makespan_gap_pct,5.162523900573612,56,69,0.8115942028985508
ALL,XH,makespan_gap_pct,5.319148936170204,57,69,0.8260869565217391
ALL,XH,makespan_gap_pct,7.020083227790841,58,69,0.8405797101449275
ALL,XH,makespan_gap_pct,7.151767151767152,59,69,0.855072463768116
ALL,XH,makespan_gap_pct,8.312958435207829,60,69,0.8695652173913043
ALL,XH,makespan_gap_pct,8.797468354430382,61,69,0.8840579710144928
ALL,XH,makespan_gap_pct,9.099709583736693,62,69,0.8985507246376812
ALL,XH,makespan_gap_pct,9.121703363174461,63,69,0.9130434782608695
ALL,XH,makespan_gap_pct,9.430604982206404,64,69,0.927536231884058
ALL,XH,makespan_gap_pct,10.6951871657754,65,69,0.9420289855072463
ALL,XH,makespan_gap_pct,10.92896174863387,66,69,0.9565217391304348
ALL,XH,makespan_gap_pct,13.03692539562924,67,69,0.9710144927536232
ALL,XH,makespan_gap_pct,13.35584894074302,68,69,0.9855072463768116
ALL,XH,makespan_gap_pct,20.503144654088047,69,69,1.0
ALL,XT,makespan_gap_pct,0.0,2,69,0.028985507246376812
ALL,XT,makespan_gap_pct,0.30030030030030463,3,69,0.043478260869565216
ALL,XT,makespan_gap_pct,1.195219123505975,4,69,0.057971014492753624
ALL,XT,makespan_gap_pct,1.4866979655712154,5,69,0.07246376811594203
ALL,XT,makespan_gap_pct,1.5312916111850816,6,69,0.08695652173913043
ALL,XT,makespan_gap_pct,1.8196202531645556,7,69,0.10144927536231885
ALL,XT,makespan_gap_pct,2.0408163265306145,8,69,0.11594202898550725
ALL,XT,makespan_gap_pct,2.051460361613344,9,69,0.13043478260869565
ALL,XT,makespan_gap_pct,2.136752136752129,10,69,0.14492753623188406
ALL,XT,makespan_gap_pct,2.290575916230364,11,69,0.15942028985507245
ALL,XT,makespan_gap_pct,2.3700305810397504,12,69,0.17391304347826086
ALL,XT,makespan_gap_pct,2.4353876739562574,13,69,0.18840579710144928
ALL,XT,makespan_gap_pct,2.5104602510460206,14,69,0.2028985507246377
ALL,XT,makespan_gap_pct,2.5127334465195217,15,69,0.21739130434782608
ALL,XT,makespan_gap_pct,2.6415094339622636,16,69,0.2318840579710145
ALL,XT,makespan_gap_pct,2.877697841726623,17,69,0.2463768115942029
ALL,XT,makespan_gap_pct,2.9629629629629672,18,69,0.2608695652173913
ALL,XT,makespan_gap_pct,3.0303030303030276,20,69,0.2898550724637681
ALL,XT,makespan_gap_pct,3.06435137895813,21,69,0.30434782608695654
ALL,XT,makespan_gap_pct,3.076923076923066,22,69,0.3188405797101449
ALL,XT,makespan_gap_pct,3.1914893617021267,23,69,0.3333333333333333
ALL,XT,makespan_gap_pct,3.2504780114722687,24,69,0.34782608695652173
ALL,XT,makespan_gap_pct,3.2599118942731264,25,69,0.36231884057971014
ALL,XT,makespan_gap_pct,3.7280701754385914,26,69,0.37681159420289856
ALL,XT,makespan_gap_pct,3.731343283582089,27,69,0.391304347826087
ALL,XT,makespan_gap_pct,4.0000000000000036,28,69,0.4057971014492754
ALL,XT,makespan_gap_pct,4.275940706955539,29,69,0.42028985507246375
ALL,XT,makespan_gap_pct,4.494382022471921,30,69,0.43478260869565216
ALL,XT,makespan_gap_pct,4.597701149425282,31,69,0.4492753623188406
ALL,XT,makespan_gap_pct,4.878048780487809,32,69,0.463768115942029
ALL,XT,makespan_gap_pct,4.958677685950419,33,69,0.4782608695652174
ALL,XT,makespan_gap_pct,5.084745762711873,34,69,0.4927536231884058
ALL,XT,makespan_gap_pct,5.142857142857138,35,69,0.5072463768115942
ALL,XT,makespan_gap_pct,5.179282868525892,36,69,0.5217391304347826
ALL,XT,makespan_gap_pct,5.494505494505497,37,69,0.5362318840579711
ALL,XT,makespan_gap_pct,5.681818181818188,38,69,0.5507246376811594
ALL,XT,makespan_gap_pct,5.790240349599407,39,69,0.5652173913043478
ALL,XT,makespan_gap_pct,6.006493506493515,40,69,0.5797101449275363
ALL,XT,makespan_gap_pct,6.137387387387383,41,69,0.5942028985507246
ALL,XT,makespan_gap_pct,6.240000000000001,42,69,0.6086956521739131
ALL,XT,makespan_gap_pct,6.299212598425208,43,69,0.6231884057971014
ALL,XT,makespan_gap_pct,6.354060482500845,44,69,0.6376811594202898
ALL,XT,makespan_gap_pct,6.632451638373471,45,69,0.6521739130434783
ALL,XT,makespan_gap_pct,6.782215523737745,46,69,0.6666666666666666
ALL,XT,makespan_gap_pct,6.8571428571428505,47,69,0.6811594202898551
ALL,XT,makespan_gap_pct,7.49279538904899,48,69,0.6956521739130435
ALL,XT,makespan_gap_pct,7.580966166093717,49,69,0.7101449275362319
ALL,XT,makespan_gap_pct,8.090452261306535,50,69,0.7246376811594203
ALL,XT,makespan_gap_pct,8.362989323843406,51,69,0.7391304347826086
ALL,XT,makespan_gap_pct,8.557457212713926,52,69,0.7536231884057971
ALL,XT,makespan_gap_pct,9.4488188976378,53,69,0.7681159420289855
ALL,XT,makespan_gap_pct,10.344827586206895,54,69,0.782608695652174
ALL,XT,makespan_gap_pct,10.382513661202175,55,69,0.7971014492753623
ALL,XT,makespan_gap_pct,10.766997338495043,56,69,0.8115942028985508
ALL,XT,makespan_gap_pct,10.769230769230775,57,69,0.8260869565217391
ALL,XT,makespan_gap_pct,11.051625239005736,58,69,0.8405797101449275
ALL,XT,makespan_gap_pct,11.358502742820264,59,69,0.855072463768116
ALL,XT,makespan_gap_pct,12.404052809333743,60,69,0.8695652173913043
ALL,XT,makespan_gap_pct,12.51823043266893,61,69,0.8840579710144928
ALL,XT,makespan_gap_pct,14.215686274509798,62,69,0.8985507246376812
ALL,XT,makespan_gap_pct,14.367088607594948,63,69,0.9130434782608695
ALL,XT,makespan_gap_pct,15.161290322580644,64,69,0.927536231884058
ALL,XT,makespan_gap_pct,16.603773584905657,65,69,0.9420289855072463
ALL,XT,makespan_gap_pct,22.916666666666675,66,69,0.9565217391304348
ALL,XT,makespan_gap_pct,23.188405797101442,67,69,0.9710144927536232
ALL,XT,makespan_gap_pct,24.011299435028242,68,69,0.9855072463768116
ALL,XT,makespan_gap_pct,33.7837837837838,69,69,1.0
ALL,XE,makespan_gap_pct,0.44303797468354666,1,69,0.014492753623188406
ALL,XE,makespan_gap_pct,0.5527043031977819,2,69,0.028985507246376812
ALL,XE,makespan_gap_pct,0.5970689343224089,3,69,0.043478260869565216
ALL,XE,makespan_gap_pct,0.7117437722419906,4,69,0.057971014492753624
ALL,XE,makespan_gap_pct,0.7648183556405286,5,69,0.07246376811594203
ALL,XE,makespan_gap_pct,0.9779951100244544,6,69,0.08695652173913043
ALL,XE,makespan_gap_pct,0.9832483612527421,7,69,0.10144927536231885
ALL,XE,makespan_gap_pct,1.0964912280701844,8,69,0.11594202898550725
ALL,XE,makespan_gap_pct,1.2474012474012364,9,69,0.13043478260869565
ALL,XE,makespan_gap_pct,1.4866979655712154,10,69,0.14492753623188406
ALL,XE,makespan_gap_pct,1.5825169555388152,11,69,0.15942028985507245
ALL,XE,makespan_gap_pct,1.8114829597789317,12,69,0.17391304347826086
ALL,XE,makespan_gap_pct,2.4679409629808857,13,69,0.18840579710144928
ALL,XE,makespan_gap_pct,2.639999999999998,14,69,0.2028985507246377
ALL,XE,makespan_gap_pct,2.690205968894488,15,69,0.21739130434782608
ALL,XE,makespan_gap_pct,2.9168692270296503,16,69,0.2318840579710145
ALL,XE,makespan_gap_pct,3.597122302158273,17,69,0.2463768115942029
ALL,XE,makespan_gap_pct,3.6717062634989306,18,69,0.2608695652173913
ALL,XE,makespan_gap_pct,3.8722168441432725,19,69,0.2753623188405797
ALL,XE,makespan_gap_pct,4.088050314465419,20,69,0.2898550724637681
ALL,XE,makespan_gap_pct,4.2735042735042805,21,69,0.30434782608695654
ALL,XE,makespan_gap_pct,5.179282868525892,22,69,0.3188405797101449
ALL,XE,makespan_gap_pct,5.255255255255253,23,69,0.3333333333333333
ALL,XE,makespan_gap_pct,6.060606060606055,24,69,0.34782608695652173
ALL,XE,makespan_gap_pct,6.153846153846154,25,69,0.36231884057971014
ALL,XE,makespan_gap_pct,6.7729083665338585,26,69,0.37681159420289856
ALL,XE,makespan_gap_pct,6.779661016949157,27,69,0.391304347826087
ALL,XE,makespan_gap_pct,7.267037552155764,28,69,0.4057971014492754
ALL,XE,makespan_gap_pct,7.446808510638303,29,69,0.42028985507246375
ALL,XE,makespan_gap_pct,7.45697896749522,30,69,0.43478260869565216
ALL,XE,makespan_gap_pct,8.368200836820083,31,69,0.4492753623188406
ALL,XE,makespan_gap_pct,8.82852292020373,32,69,0.463768115942029
ALL,XE,makespan_gap_pct,9.074889867841417,33,69,0.4782608695652174
ALL,XE,makespan_gap_pct,9.4488188976378,34,69,0.4927536231884058
ALL,XE,makespan_gap_pct,9.451851851851846,35,69,0.5072463768115942
ALL,XE,makespan_gap_pct,9.600000000000009,36,69,0.5217391304347826
ALL,XE,makespan_gap_pct,9.701492537313428,37,69,0.5362318840579711
ALL,XE,makespan_gap_pct,9.756097560975618,38,69,0.5507246376811594
ALL,XE,makespan_gap_pct,9.786950732356846,39,69,0.5652173913043478
ALL,XE,makespan_gap_pct,9.917355371900815,40,69,0.5797101449275363
ALL,XE,makespan_gap_pct,10.606060606060597,41,69,0.5942028985507246
ALL,XE,makespan_gap_pct,11.038961038961048,42,69,0.6086956521739131
ALL,XE,makespan_gap_pct,11.060209424083766,43,69,0.6231884057971014
ALL,XE,makespan_gap_pct,11.083499005964214,44,69,0.6376811594202898
ALL,XE,makespan_gap_pct,11.363636363636353,45,69,0.6521739130434783
ALL,XE,makespan_gap_pct,11.950970377936665,46,69,0.6666666666666666
ALL,XE,makespan_gap_pct,12.401574803149607,47,69,0.6811594202898551
ALL,XE,makespan_gap_pct,12.791208791208785,48,69,0.6956521739130435
ALL,XE,makespan_gap_pct,13.265306122448983,49,69,0.7101449275362319
ALL,XE,makespan_gap_pct,13.455657492354733,50,69,0.7246376811594203
ALL,XE,makespan_gap_pct,14.4092219020173,51,69,0.7391304347826086
ALL,XE,makespan_gap_pct,14.746856948691821,52,69,0.7536231884057971
ALL,XE,makespan_gap_pct,14.752252252252251,53,69,0.7681159420289855
ALL,XE,makespan_gap_pct,16.248574686431017,54,69,0.782608695652174
ALL,XE,makespan_gap_pct,16.301886792452834,55,69,0.7971014492753623
ALL,XE,makespan_gap_pct,16.36363636363636,56,69,0.8115942028985508
ALL,XE,makespan_gap_pct,16.57142857142857,57,69,0.8260869565217391
ALL,XE,makespan_gap_pct,16.85393258426966,58,69,0.8405797101449275
ALL,XE,makespan_gap_pct,18.681318681318682,59,69,0.855072463768116
ALL,XE,makespan_gap_pct,19.54022988505748,60,69,0.8695652173913043
ALL,XE,makespan_gap_pct,19.89949748743718,61,69,0.8840579710144928
ALL,XE,makespan_gap_pct,24.76265822784811,62,69,0.8985507246376812
ALL,XE,makespan_gap_pct,27.083333333333325,63,69,0.9130434782608695
ALL,XE,makespan_gap_pct,27.586206896551737,64,69,0.927536231884058
ALL,XE,makespan_gap_pct,32.35294117647059,65,69,0.9420289855072463
ALL,XE,makespan_gap_pct,34.05797101449275,66,69,0.9565217391304348
ALL,XE,makespan_gap_pct,39.99999999999999,67,69,0.9710144927536232
ALL,XE,makespan_gap_pct,43.69369369369369,68,69,0.9855072463768116
ALL,XE,makespan_gap_pct,46.89265536723164,69,69,1.0
ALL,XHT,makespan_gap_pct,0.0,15,69,0.21739130434782608
ALL,XHT,makespan_gap_pct,0.3225806451612856,16,69,0.2318840579710145
ALL,XHT,makespan_gap_pct,0.3259259259259295,17,69,0.2463768115942029
ALL,XHT,makespan_gap_pct,0.4184100418409997,18,69,0.2608695652173913
ALL,XHT,makespan_gap_pct,0.4746835443038,19,69,0.2753623188405797
ALL,XHT,makespan_gap_pct,0.48701298701299134,20,69,0.2898550724637681
ALL,XHT,makespan_gap_pct,0.5326231691078487,21,69,0.30434782608695654
ALL,XHT,makespan_gap_pct,0.7547169811320753,22,69,0.3188405797101449
ALL,XHT,makespan_gap_pct,0.8264462809917328,23,69,0.3333333333333333
ALL,XHT,makespan_gap_pct,0.8474576271186418,24,69,0.34782608695652173
ALL,XHT,makespan_gap_pct,0.9230769230769154,25,69,0.36231884057971014
ALL,XHT,makespan_gap_pct,0.9661835748792313,26,69,0.37681159420289856
ALL,XHT,makespan_gap_pct,0.994035785288272,27,69,0.391304347826087
ALL,XHT,makespan_gap_pct,1.0204081632652962,28,69,0.4057971014492754
ALL,XHT,makespan_gap_pct,1.0638297872340496,29,69,0.42028985507246375
ALL,XHT,makespan_gap_pct,1.0778859527120987,30,69,0.43478260869565216
ALL,XHT,makespan_gap_pct,1.1013215859030812,31,69,0.4492753623188406
ALL,XHT,makespan_gap_pct,1.120543293718157,32,69,0.463768115942029
ALL,XHT,makespan_gap_pct,1.1428571428571344,33,69,0.4782608695652174
ALL,XHT,makespan_gap_pct,1.195219123505975,35,69,0.5072463768115942
ALL,XHT,makespan_gap_pct,1.3513513513513598,36,69,0.5217391304347826
ALL,XHT,makespan_gap_pct,1.4070351758793898,37,69,0.5362318840579711
ALL,XHT,makespan_gap_pct,1.4866979655712154,38,69,0.5507246376811594
ALL,XHT,makespan_gap_pct,1.5151515151515138,39,69,0.5652173913043478
ALL,XHT,makespan_gap_pct,1.5290519877675823,40,69,0.5797101449275363
ALL,XHT,makespan_gap_pct,1.538461538461533,41,69,0.5942028985507246
ALL,XHT,makespan_gap_pct,1.5748031496062964,42,69,0.6086956521739131
ALL,XHT,makespan_gap_pct,1.6000000000000014,43,69,0.6231884057971014
ALL,XHT,makespan_gap_pct,2.1186440677966045,44,69,0.6376811594202898
ALL,XHT,makespan_gap_pct,2.136752136752129,45,69,0.6521739130434783
ALL,XHT,makespan_gap_pct,2.158273381294973,46,69,0.6666666666666666
ALL,XHT,makespan_gap_pct,2.159685863874339,47,69,0.6811594202898551
ALL,XHT,makespan_gap_pct,2.2727272727272707,48,69,0.6956521739130435
ALL,XHT,makespan_gap_pct,2.6225769669327326,49,69,0.7101449275362319
ALL,XHT,makespan_gap_pct,2.8000000000000025,50,69,0.7246376811594203
ALL,XHT,makespan_gap_pct,3.153153153153143,51,69,0.7391304347826086
ALL,XHT,makespan_gap_pct,3.2163742690058506,52,69,0.7536231884057971
ALL,XHT,makespan_gap_pct,3.731343283582089,53,69,0.7681159420289855
ALL,XHT,makespan_gap_pct,3.9281484405842892,54,69,0.782608695652174
ALL,XHT,makespan_gap_pct,4.115076474872548,55,69,0.7971014492753623
ALL,XHT,makespan_gap_pct,4.494382022471921,56,69,0.8115942028985508
ALL,XHT,makespan_gap_pct,4.550669216061176,57,69,0.8260869565217391
ALL,XHT,makespan_gap_pct,4.563977180114098,58,69,0.8405797101449275
ALL,XHT,makespan_gap_pct,5.072765072765062,59,69,0.855072463768116
ALL,XHT,makespan_gap_pct,6.782215523737745,60,69,0.8695652173913043
ALL,XHT,makespan_gap_pct,7.020083227790841,61,69,0.8840579710144928
ALL,XHT,makespan_gap_pct,7.524169819251791,62,69,0.8985507246376812
ALL,XHT,makespan_gap_pct,7.66997338495039,63,69,0.9130434782608695
ALL,XHT,makespan_gap_pct,7.905776056792524,64,69,0.927536231884058
ALL,XHT,makespan_gap_pct,8.797468354430382,65,69,0.9420289855072463
ALL,XHT,makespan_gap_pct,9.341637010676163,66,69,0.9565217391304348
ALL,XHT,makespan_gap_pct,11.351482741857065,67,69,0.9710144927536232
ALL,XHT,makespan_gap_pct,11.482959778937673,68,69,0.9855072463768116
ALL,XHT,makespan_gap_pct,15.283018867924536,69,69,1.0
ALL,XHE,makespan_gap_pct,0.0,13,69,0.18840579710144928
ALL,XHE,makespan_gap_pct,0.26631158455392434,14,69,0.2028985507246377
ALL,XHE,makespan_gap_pct,0.32000000000000917,15,69,0.21739130434782608
ALL,XHE,makespan_gap_pct,0.3225806451612856,16,69,0.2318840579710145
ALL,XHE,makespan_gap_pct,0.4184100418409997,17,69,0.2463768115942029
ALL,XHE,makespan_gap_pct,0.48701298701299134,18,69,0.2608695652173913
ALL,XHE,makespan_gap_pct,0.6222222222222129,19,69,0.2753623188405797
ALL,XHE,makespan_gap_pct,0.694444444444442,20,69,0.2898550724637681
ALL,XHE,makespan_gap_pct,0.8264462809917328,21,69,0.30434782608695654
ALL,XHE,makespan_gap_pct,0.8474576271186418,22,69,0.3188405797101449
ALL,XHE,makespan_gap_pct,0.9056603773584859,23,69,0.3333333333333333
ALL,XHE,makespan_gap_pct,0.9661835748792313,24,69,0.34782608695652173
ALL,XHE,makespan_gap_pct,1.0778859527120987,25,69,0.36231884057971014
ALL,XHE,makespan_gap_pct,1.120543293718157,26,69,0.37681159420289856
ALL,XHE,makespan_gap_pct,1.1428571428571344,27,69,0.391304347826087
ALL,XHE,makespan_gap_pct,1.155778894472359,28,69,0.4057971014492754
ALL,XHE,makespan_gap_pct,1.195219123505975,29,69,0.42028985507246375
ALL,XHE,makespan_gap_pct,1.3449367088607556,30,69,0.43478260869565216
ALL,XHE,makespan_gap_pct,1.4202476329206126,31,69,0.4492753623188406
ALL,XHE,makespan_gap_pct,1.4234875444839812,32,69,0.463768115942029
ALL,XHE,makespan_gap_pct,1.4866979655712154,33,69,0.4782608695652174
ALL,XHE,makespan_gap_pct,1.5151515151515138,34,69,0.4927536231884058
ALL,XHE,makespan_gap_pct,1.5748031496062964,35,69,0.5072463768115942
ALL,XHE,makespan_gap_pct,1.5824175824175724,36,69,0.5217391304347826
ALL,XHE,makespan_gap_pct,1.6000000000000014,37,69,0.5362318840579711
ALL,XHE,makespan_gap_pct,1.6401590457256532,38,69,0.5507246376811594
ALL,XHE,makespan_gap_pct,1.6740088105726914,39,69,0.5652173913043478
ALL,XHE,makespan_gap_pct,1.8018018018018056,40,69,0.5797101449275363
ALL,XHE,makespan_gap_pct,1.9542045005921826,41,69,0.5942028985507246
ALL,XHE,makespan_gap_pct,2.1186440677966045,42,69,0.6086956521739131
ALL,XHE,makespan_gap_pct,2.136752136752129,43,69,0.6231884057971014
ALL,XHE,makespan_gap_pct,2.1437578814627933,44,69,0.6376811594202898
ALL,XHE,makespan_gap_pct,2.1518987341772045,45,69,0.6521739130434783
ALL,XHE,makespan_gap_pct,2.158273381294973,46,69,0.6666666666666666
ALL,XHE,makespan_gap_pct,2.159685863874339,47,69,0.6811594202898551
ALL,XHE,makespan_gap_pct,2.19780219780219,48,69,0.6956521739130435
ALL,XHE,makespan_gap_pct,2.2727272727272707,49,69,0.7101449275362319
ALL,XHE,makespan_gap_pct,2.4114544084400835,50,69,0.7246376811594203
ALL,XHE,makespan_gap_pct,2.7027027027026973,51,69,0.7391304347826086
ALL,XHE,makespan_gap_pct,2.850627137970352,52,69,0.7536231884057971
ALL,XHE,makespan_gap_pct,3.0303030303030276,53,69,0.7681159420289855
ALL,XHE,makespan_gap_pct,3.0581039755351647,54,69,0.782608695652174
ALL,XHE,makespan_gap_pct,3.0612244897959107,55,69,0.7971014492753623
ALL,XHE,makespan_gap_pct,3.2163742690058506,56,69,0.8115942028985508
ALL,XHE,makespan_gap_pct,3.528134611905198,57,69,0.8260869565217391
ALL,XHE,makespan_gap_pct,3.8240917782026873,58,69,0.8405797101449275
ALL,XHE,makespan_gap_pct,3.929996929689894,59,69,0.855072463768116
ALL,XHE,makespan_gap_pct,3.984063745019917,60,69,0.8695652173913043
ALL,XHE,makespan_gap_pct,4.08903943866441,61,69,0.8840579710144928
ALL,XHE,makespan_gap_pct,4.335585585585577,62,69,0.8985507246376812
ALL,XHE,makespan_gap_pct,4.563977180114098,63,69,0.9130434782608695
ALL,XHE,makespan_gap_pct,4.646660212971931,64,69,0.927536231884058
ALL,XHE,makespan_gap_pct,4.716981132075482,65,69,0.9420289855072463
ALL,XHE,makespan_gap_pct,5.005107252298258,66,69,0.9565217391304348
ALL,XHE,makespan_gap_pct,5.031599416626165,67,69,0.9710144927536232
ALL,XHE,makespan_gap_pct,5.223880597014929,68,69,0.9855072463768116
ALL,XHE,makespan_gap_pct,5.319148936170204,69,69,1.0
ALL,XTE,makespan_gap_pct,0.0,3,69,0.043478260869565216
ALL,XTE,makespan_gap_pct,1.3620213185945529,4,69,0.057971014492753624
ALL,XTE,makespan_gap_pct,1.4866979655712154,5,69,0.07246376811594203
ALL,XTE,makespan_gap_pct,1.5312916111850816,6,69,0.08695652173913043
ALL,XTE,makespan_gap_pct,1.7405063291139333,7,69,0.10144927536231885
ALL,XTE,makespan_gap_pct,1.873804971319304,8,69,0.11594202898550725
ALL,XTE,makespan_gap_pct,2.0000000000000018,9,69,0.13043478260869565
ALL,XTE,makespan_gap_pct,2.039329934450107,10,69,0.14492753623188406
ALL,XTE,makespan_gap_pct,2.0408163265306145,11,69,0.15942028985507245
ALL,XTE,makespan_gap_pct,2.051460361613344,12,69,0.17391304347826086
ALL,XTE,makespan_gap_pct,2.136752136752129,13,69,0.18840579710144928
ALL,XTE,makespan_gap_pct,2.290575916230364,14,69,0.2028985507246377
ALL,XTE,makespan_gap_pct,2.3118957545187113,15,69,0.21739130434782608
ALL,XTE,makespan_gap_pct,2.4353876739562574,16,69,0.2318840579710145
ALL,XTE,makespan_gap_pct,2.5127334465195217,17,69,0.2463768115942029
ALL,XTE,makespan_gap_pct,2.6415094339622636,18,69,0.2608695652173913
ALL,XTE,makespan_gap_pct,2.6768642447418722,19,69,0.2753623188405797
ALL,XTE,makespan_gap_pct,2.7888446215139417,20,69,0.2898550724637681
ALL,XTE,makespan_gap_pct,2.8508771929824483,21,69,0.30434782608695654
ALL,XTE,makespan_gap_pct,2.8690228690228636,22,69,0.3188405797101449
ALL,XTE,makespan_gap_pct,2.9288702928870203,23,69,0.3333333333333333
ALL,XTE,makespan_gap_pct,2.9333333333333433,24,69,0.34782608695652173
ALL,XTE,makespan_gap_pct,2.933985330073341,25,69,0.36231884057971014
ALL,XTE,makespan_gap_pct,3.0303030303030276,27,69,0.391304347826087
ALL,XTE,makespan_gap_pct,3.076923076923066,28,69,0.4057971014492754
ALL,XTE,makespan_gap_pct,3.169610452455851,29,69,0.42028985507246375
ALL,XTE,makespan_gap_pct,3.200000000000003,30,69,0.43478260869565216
ALL,XTE,makespan_gap_pct,3.238646643748866,31,69,0.4492753623188406
ALL,XTE,makespan_gap_pct,3.380782918149472,32,69,0.463768115942029
ALL,XTE,makespan_gap_pct,3.5168195718654482,33,69,0.4782608695652174
ALL,XTE,makespan_gap_pct,3.597122302158273,34,69,0.4927536231884058
ALL,XTE,makespan_gap_pct,3.731343283582089,35,69,0.5072463768115942
ALL,XTE,makespan_gap_pct,3.924050632911391,36,69,0.5217391304347826
ALL,XTE,makespan_gap_pct,4.069329314242642,37,69,0.5362318840579711
ALL,XTE,makespan_gap_pct,4.187946884576088,38,69,0.5507246376811594
ALL,XTE,makespan_gap_pct,4.255319148936176,39,69,0.5652173913043478
ALL,XTE,makespan_gap_pct,4.494382022471921,40,69,0.5797101449275363
ALL,XTE,makespan_gap_pct,4.669603524229071,41,69,0.5942028985507246
ALL,XTE,makespan_gap_pct,4.715605250364607,42,69,0.6086956521739131
ALL,XTE,makespan_gap_pct,4.7808764940239,43,69,0.6231884057971014
ALL,XTE,makespan_gap_pct,4.846066134549609,44,69,0.6376811594202898
ALL,XTE,makespan_gap_pct,4.878048780487809,45,69,0.6521739130434783
ALL,XTE,makespan_gap_pct,4.881793061099171,46,69,0.6666666666666666
ALL,XTE,makespan_gap_pct,4.904808002581484,47,69,0.6811594202898551
ALL,XTE,makespan_gap_pct,5.0989010989010985,48,69,0.6956521739130435
ALL,XTE,makespan_gap_pct,5.283018867924527,49,69,0.7101449275362319
ALL,XTE,makespan_gap_pct,5.494505494505497,50,69,0.7246376811594203
ALL,XTE,makespan_gap_pct,5.508474576271194,51,69,0.7391304347826086
ALL,XTE,makespan_gap_pct,5.681818181818188,52,69,0.7536231884057971
ALL,XTE,makespan_gap_pct,5.785123966942152,53,69,0.7681159420289855
ALL,XTE,makespan_gap_pct,6.168831168831179,54,69,0.782608695652174
ALL,XTE,makespan_gap_pct,6.2857142857142945,55,69,0.7971014492753623
ALL,XTE,makespan_gap_pct,6.354060482500845,56,69,0.8115942028985508
ALL,XTE,makespan_gap_pct,6.644144144144137,57,69,0.8260869565217391
ALL,XTE,makespan_gap_pct,6.896551724137923,59,69,0.855072463768116
ALL,XTE,makespan_gap_pct,7.086614173228356,60,69,0.8695652173913043
ALL,XTE,makespan_gap_pct,7.636887608069154,61,69,0.8840579710144928
ALL,XTE,makespan_gap_pct,8.844221105527627,62,69,0.8985507246376812
ALL,XTE,makespan_gap_pct,9.055118110236226,63,69,0.9130434782608695
ALL,XTE,makespan_gap_pct,12.254901960784315,64,69,0.927536231884058
ALL,XTE,makespan_gap_pct,16.774193548387096,65,69,0.9420289855072463
ALL,XTE,makespan_gap_pct,20.772946859903385,66,69,0.9565217391304348
ALL,XTE,makespan_gap_pct,22.916666666666675,67,69,0.9710144927536232
ALL,XTE,makespan_gap_pct,25.423728813559322,68,69,0.9855072463768116
ALL,XTE,makespan_gap_pct,32.88288288288288,69,69,1.0
ALL,XHTE,makespan_gap_pct,0.0,13,69,0.18840579710144928
ALL,XHTE,makespan_gap_pct,0.32000000000000917,14,69,0.2028985507246377
ALL,XHTE,makespan_gap_pct,0.3225806451612856,15,69,0.21739130434782608
ALL,XHTE,makespan_gap_pct,0.3259259259259295,16,69,0.2318840579710145
ALL,XHTE,makespan_gap_pct,0.4184100418409997,17,69,0.2463768115942029
ALL,XHTE,makespan_gap_pct,0.4417261297995134,18,69,0.2608695652173913
ALL,XHTE,makespan_gap_pct,0.48309178743961567,19,69,0.2753623188405797
ALL,XHTE,makespan_gap_pct,0.48701298701299134,20,69,0.2898550724637681
ALL,XHTE,makespan_gap_pct,0.5326231691078487,21,69,0.30434782608695654
ALL,XHTE,makespan_gap_pct,0.5701254275940704,22,69,0.3188405797101449
ALL,XHTE,makespan_gap_pct,0.6030150753768782,23,69,0.3333333333333333
ALL,XHTE,makespan_gap_pct,0.7547169811320753,24,69,0.34782608695652173
ALL,XHTE,makespan_gap_pct,0.7997218358831715,25,69,0.36231884057971014
ALL,XHTE,makespan_gap_pct,0.8264462809917328,26,69,0.37681159420289856
ALL,XHTE,makespan_gap_pct,0.8449304174950267,27,69,0.391304347826087
ALL,XHTE,makespan_gap_pct,0.8474576271186418,28,69,0.4057971014492754
ALL,XHTE,makespan_gap_pct,0.9847198641765642,29,69,0.42028985507246375
ALL,XHTE,makespan_gap_pct,1.0638297872340496,30,69,0.43478260869565216
ALL,XHTE,makespan_gap_pct,1.067615658362997,31,69,0.4492753623188406
ALL,XHTE,makespan_gap_pct,1.1428571428571344,32,69,0.463768115942029
ALL,XHTE,makespan_gap_pct,1.3449367088607556,33,69,0.4782608695652174
ALL,XHTE,makespan_gap_pct,1.3513513513513598,34,69,0.4927536231884058
ALL,XHTE,makespan_gap_pct,1.4866979655712154,35,69,0.5072463768115942
ALL,XHTE,makespan_gap_pct,1.5151515151515138,36,69,0.5217391304347826
ALL,XHTE,makespan_gap_pct,1.5748031496062964,37,69,0.5362318840579711
ALL,XHTE,makespan_gap_pct,1.5824175824175724,38,69,0.5507246376811594
ALL,XHTE,makespan_gap_pct,1.5936254980079667,39,69,0.5652173913043478
ALL,XHTE,makespan_gap_pct,1.6000000000000014,40,69,0.5797101449275363
ALL,XHTE,makespan_gap_pct,1.6740088105726914,41,69,0.5942028985507246
ALL,XHTE,makespan_gap_pct,1.6819571865443361,42,69,0.6086956521739131
ALL,XHTE,makespan_gap_pct,1.7047817047816993,43,69,0.6231884057971014
ALL,XHTE,makespan_gap_pct,1.9920318725099584,44,69,0.6376811594202898
ALL,XHTE,makespan_gap_pct,2.0408163265306145,45,69,0.6521739130434783
ALL,XHTE,makespan_gap_pct,2.083333333333326,46,69,0.6666666666666666
ALL,XHTE,makespan_gap_pct,2.112163146394752,47,69,0.6811594202898551
ALL,XHTE,makespan_gap_pct,2.1186440677966045,48,69,0.6956521739130435
ALL,XHTE,makespan_gap_pct,2.136752136752129,49,69,0.7101449275362319
ALL,XHTE,makespan_gap_pct,2.2700355309909215,50,69,0.7246376811594203
ALL,XHTE,makespan_gap_pct,2.2727272727272707,51,69,0.7391304347826086
ALL,XHTE,makespan_gap_pct,2.4114544084400835,52,69,0.7536231884057971
ALL,XHTE,makespan_gap_pct,2.486910994764391,53,69,0.7681159420289855
ALL,XHTE,makespan_gap_pct,2.6768642447418722,54,69,0.782608695652174
ALL,XHTE,makespan_gap_pct,2.98423423423424,55,69,0.7971014492753623
ALL,XHTE,makespan_gap_pct,3.076923076923066,56,69,0.8115942028985508
ALL,XHTE,makespan_gap_pct,3.184367649719566,57,69,0.8260869565217391
ALL,XHTE,makespan_gap_pct,3.2163742690058506,58,69,0.8405797101449275
ALL,XHTE,makespan_gap_pct,3.597122302158273,59,69,0.855072463768116
ALL,XHTE,makespan_gap_pct,3.731343283582089,60,69,0.8695652173913043
ALL,XHTE,makespan_gap_pct,3.7744979433825376,61,69,0.8840579710144928
ALL,XHTE,makespan_gap_pct,3.7793667007150145,62,69,0.8985507246376812
ALL,XHTE,makespan_gap_pct,4.077343421605706,63,69,0.9130434782608695
ALL,XHTE,makespan_gap_pct,4.563977180114098,64,69,0.927536231884058
ALL,XHTE,makespan_gap_pct,4.820386859072756,65,69,0.9420289855072463
ALL,XHTE,makespan_gap_pct,5.253164556962031,66,69,0.9565217391304348
ALL,XHTE,makespan_gap_pct,5.485640529202973,67,69,0.9710144927536232
ALL,XHTE,makespan_gap_pct,5.786163522012577,68,69,0.9855072463768116
ALL,XHTE,makespan_gap_pct,6.562955760816713,69,69,1.0
ALL,NSGA-II,makespan_gap_pct,0.0,2,69,0.028985507246376812
ALL,NSGA-II,makespan_gap_pct,1.0964912280701844,3,69,0.043478260869565216
ALL,NSGA-II,makespan_gap_pct,1.2257405515832431,4,69,0.057971014492753624
ALL,NSGA-II,makespan_gap_pct,1.5559978288402387,5,69,0.07246376811594203
ALL,NSGA-II,makespan_gap_pct,1.9120458891013437,6,69,0.08695652173913043
ALL,NSGA-II,makespan_gap_pct,2.0029133284777956,7,69,0.10144927536231885
ALL,NSGA-II,makespan_gap_pct,2.1021021021021102,8,69,0.11594202898550725
ALL,NSGA-II,makespan_gap_pct,2.1621621621621623,9,69,0.13043478260869565
ALL,NSGA-II,makespan_gap_pct,2.2502960915909975,10,69,0.14492753623188406
ALL,NSGA-II,makespan_gap_pct,2.48565965583174,11,69,0.15942028985507245
ALL,NSGA-II,makespan_gap_pct,3.1298904538341166,12,69,0.17391304347826086
ALL,NSGA-II,makespan_gap_pct,3.6476868327402157,13,69,0.18840579710144928
ALL,NSGA-II,makespan_gap_pct,4.239999999999999,14,69,0.2028985507246377
ALL,NSGA-II,makespan_gap_pct,4.455653635981505,15,69,0.21739130434782608
ALL,NSGA-II,makespan_gap_pct,4.645535930316957,16,69,0.2318840579710145
ALL,NSGA-II,makespan_gap_pct,4.666871354006763,17,69,0.2463768115942029
ALL,NSGA-II,makespan_gap_pct,4.715605250364607,18,69,0.2608695652173913
ALL,NSGA-II,makespan_gap_pct,4.973624717407676,19,69,0.2753623188405797
ALL,NSGA-II,makespan_gap_pct,4.973821989528804,20,69,0.2898550724637681
ALL,NSGA-II,makespan_gap_pct,4.984177215189867,21,69,0.30434782608695654
ALL,NSGA-II,makespan_gap_pct,5.126582278481018,22,69,0.3188405797101449
ALL,NSGA-II,makespan_gap_pct,5.849056603773595,23,69,0.3333333333333333
ALL,NSGA-II,makespan_gap_pct,6.030969845150769,24,69,0.34782608695652173
ALL,NSGA-II,makespan_gap_pct,6.518231687641185,25,69,0.36231884057971014
ALL,NSGA-II,makespan_gap_pct,6.696296296296289,26,69,0.37681159420289856
ALL,NSGA-II,makespan_gap_pct,6.815020862308763,27,69,0.391304347826087
ALL,NSGA-II,makespan_gap_pct,7.3061630218687945,28,69,0.4057971014492754
ALL,NSGA-II,makespan_gap_pct,7.973568281938337,29,69,0.42028985507246375
ALL,NSGA-II,makespan_gap_pct,8.551881413911055,30,69,0.43478260869565216
ALL,NSGA-II,makespan_gap_pct,8.754716981132082,31,69,0.4492753623188406
ALL,NSGA-II,makespan_gap_pct,8.93039049235993,32,69,0.463768115942029
ALL,NSGA-II,makespan_gap_pct,9.27472527472528,33,69,0.4782608695652174
ALL,NSGA-II,makespan_gap_pct,9.480122324159023,34,69,0.4927536231884058
ALL,NSGA-II,makespan_gap_pct,9.5100864553314,35,69,0.5072463768115942
ALL,NSGA-II,makespan_gap_pct,9.740259740259738,36,69,0.5217391304347826
ALL,NSGA-II,makespan_gap_pct,9.756097560975618,37,69,0.5362318840579711
ALL,NSGA-II,makespan_gap_pct,10.039370078740163,38,69,0.5507246376811594
ALL,NSGA-II,makespan_gap_pct,10.585885486018643,39,69,0.5652173913043478
ALL,NSGA-II,makespan_gap_pct,10.857142857142854,40,69,0.5797101449275363
ALL,NSGA-II,makespan_gap_pct,11.09234234234233,41,69,0.5942028985507246
ALL,NSGA-II,makespan_gap_pct,12.311557788944727,42,69,0.6086956521739131
ALL,NSGA-II,makespan_gap_pct,12.504247366632693,43,69,0.6231884057971014
ALL,NSGA-II,makespan_gap_pct,15.15151515151516,44,69,0.6376811594202898
ALL,NSGA-II,makespan_gap_pct,17.156862745098046,45,69,0.6521739130434783
ALL,NSGA-II,makespan_gap_pct,25.161290322580655,46,69,0.6666666666666666
ALL,NSGA-II,makespan_gap_pct,31.034482758620683,47,69,0.6811594202898551
ALL,NSGA-II,makespan_gap_pct,35.02415458937198,48,69,0.6956521739130435
ALL,NSGA-II,makespan_gap_pct,36.80555555555556,49,69,0.7101449275362319
ALL,NSGA-II,makespan_gap_pct,40.39548022598871,50,69,0.7246376811594203
ALL,NSGA-II,makespan_gap_pct,44.31818181818181,51,69,0.7391304347826086
ALL,NSGA-II,makespan_gap_pct,47.74774774774775,52,69,0.7536231884057971
ALL,NSGA-II,makespan_gap_pct,50.56179775280898,53,69,0.7681159420289855
ALL,NSGA-II,makespan_gap_pct,51.64835164835164,54,69,0.782608695652174
ALL,NSGA-II,makespan_gap_pct,53.06122448979591,55,69,0.7971014492753623
ALL,NSGA-II,makespan_gap_pct,53.191489361702125,56,69,0.8115942028985508
ALL,NSGA-II,makespan_gap_pct,53.78787878787878,57,69,0.8260869565217391
ALL,NSGA-II,makespan_gap_pct,54.022988505747115,58,69,0.8405797101449275
ALL,NSGA-II,makespan_gap_pct,55.2,59,69,0.855072463768116
ALL,NSGA-II,makespan_gap_pct,59.41422594142261,60,69,0.8695652173913043
ALL,NSGA-II,makespan_gap_pct,64.40677966101696,61,69,0.8840579710144928
ALL,NSGA-II,makespan_gap_pct,64.46280991735537,62,69,0.8985507246376812
ALL,NSGA-II,makespan_gap_pct,64.56692913385827,63,69,0.9130434782608695
ALL,NSGA-II,makespan_gap_pct,66.66666666666667,64,69,0.927536231884058
ALL,NSGA-II,makespan_gap_pct,70.50359712230217,65,69,0.9420289855072463
ALL,NSGA-II,makespan_gap_pct,70.89552238805969,66,69,0.9565217391304348
ALL,NSGA-II,makespan_gap_pct,75.38461538461539,67,69,0.9710144927536232
ALL,NSGA-II,makespan_gap_pct,82.47011952191234,68,69,0.9855072463768116
ALL,NSGA-II,makespan_gap_pct,82.86852589641434,69,69,1.0
ALL,SPEA2,makespan_gap_pct,0.0,2,69,0.028985507246376812
ALL,SPEA2,makespan_gap_pct,0.3654970760234022,3,69,0.043478260869565216
ALL,SPEA2,makespan_gap_pct,1.5198118328207055,4,69,0.057971014492753624
ALL,SPEA2,makespan_gap_pct,1.5649452269170583,5,69,0.07246376811594203
ALL,SPEA2,makespan_gap_pct,1.7208413001912115,6,69,0.08695652173913043
ALL,SPEA2,makespan_gap_pct,1.8295218295218296,7,69,0.10144927536231885
ALL,SPEA2,makespan_gap_pct,2.2471910112359605,8,69,0.11594202898550725
ALL,SPEA2,makespan_gap_pct,2.427951046190291,9,69,0.13043478260869565
ALL,SPEA2,makespan_gap_pct,2.6584122359796014,10,69,0.14492753623188406
ALL,SPEA2,makespan_gap_pct,2.6768642447418722,11,69,0.15942028985507245
ALL,SPEA2,makespan_gap_pct,3.453453453453448,12,69,0.17391304347826086
ALL,SPEA2,makespan_gap_pct,3.6476868327402157,13,69,0.18840579710144928
ALL,SPEA2,makespan_gap_pct,3.69253956292388,14,69,0.2028985507246377
ALL,SPEA2,makespan_gap_pct,4.0506329113924044,15,69,0.21739130434782608
ALL,SPEA2,makespan_gap_pct,4.144918636782324,16,69,0.2318840579710145
ALL,SPEA2,makespan_gap_pct,4.7078604455653705,17,69,0.2463768115942029
ALL,SPEA2,makespan_gap_pct,4.742317928865236,18,69,0.2608695652173913
ALL,SPEA2,makespan_gap_pct,4.800000000000004,19,69,0.2753623188405797
ALL,SPEA2,makespan_gap_pct,4.905063291139244,20,69,0.2898550724637681
ALL,SPEA2,makespan_gap_pct,5.052974735126314,21,69,0.30434782608695654
ALL,SPEA2,makespan_gap_pct,5.094339622641519,22,69,0.3188405797101449
ALL,SPEA2,makespan_gap_pct,5.201750121536208,23,69,0.3333333333333333
ALL,SPEA2,makespan_gap_pct,5.824607329842935,24,69,0.34782608695652173
ALL,SPEA2,makespan_gap_pct,6.195546950629227,25,69,0.36231884057971014
ALL,SPEA2,makespan_gap_pct,6.548148148148147,26,69,0.37681159420289856
ALL,SPEA2,makespan_gap_pct,6.8091451292246585,27,69,0.391304347826087
ALL,SPEA2,makespan_gap_pct,7.224669603524236,28,69,0.4057971014492754
ALL,SPEA2,makespan_gap_pct,7.317073170731714,29,69,0.42028985507246375
ALL,SPEA2,makespan_gap_pct,7.406119610570228,30,69,0.43478260869565216
ALL,SPEA2,makespan_gap_pct,8.069164265129691,31,69,0.4492753623188406
ALL,SPEA2,makespan_gap_pct,8.150943396226417,32,69,0.463768115942029
ALL,SPEA2,makespan_gap_pct,8.998302207130738,33,69,0.4782608695652174
ALL,SPEA2,makespan_gap_pct,9.05459387483356,34,69,0.4927536231884058
ALL,SPEA2,makespan_gap_pct,9.253246753246746,35,69,0.5072463768115942
ALL,SPEA2,makespan_gap_pct,9.714285714285719,36,69,0.5217391304347826
ALL,SPEA2,makespan_gap_pct,9.78593272171253,37,69,0.5362318840579711
ALL,SPEA2,makespan_gap_pct,9.863169897377432,38,69,0.5507246376811594
ALL,SPEA2,makespan_gap_pct,10.637362637362635,39,69,0.5652173913043478
ALL,SPEA2,makespan_gap_pct,10.826771653543311,40,69,0.5797101449275363
ALL,SPEA2,makespan_gap_pct,11.10552763819095,41,69,0.5942028985507246
ALL,SPEA2,makespan_gap_pct,11.993243243243246,42,69,0.6086956521739131
ALL,SPEA2,makespan_gap_pct,12.300373768263672,43,69,0.6231884057971014
ALL,SPEA2,makespan_gap_pct,12.745098039215685,44,69,0.6376811594202898
ALL,SPEA2,makespan_gap_pct,18.181818181818187,45,69,0.6521739130434783
ALL,SPEA2,makespan_gap_pct,27.09677419354839,46,69,0.6666666666666666
ALL,SPEA2,makespan_gap_pct,36.80555555555556,47,69,0.6811594202898551
ALL,SPEA2,makespan_gap_pct,37.198067632850254,48,69,0.6956521739130435
ALL,SPEA2,makespan_gap_pct,37.93103448275863,49,69,0.7101449275362319
ALL,SPEA2,makespan_gap_pct,41.758241758241766,50,69,0.7246376811594203
ALL,SPEA2,makespan_gap_pct,42.09039548022599,51,69,0.7391304347826086
ALL,SPEA2,makespan_gap_pct,46.93877551020409,52,69,0.7536231884057971
ALL,SPEA2,makespan_gap_pct,49.42528735632183,53,69,0.7681159420289855
ALL,SPEA2,makespan_gap_pct,50.0,54,69,0.782608695652174
ALL,SPEA2,makespan_gap_pct,51.35135135135136,55,69,0.7971014492753623
ALL,SPEA2,makespan_gap_pct,52.0,56,69,0.8115942028985508
ALL,SPEA2,makespan_gap_pct,52.127659574468076,57,69,0.8260869565217391
ALL,SPEA2,makespan_gap_pct,52.27272727272727,58,69,0.8405797101449275
ALL,SPEA2,makespan_gap_pct,52.80898876404494,59,69,0.855072463768116
ALL,SPEA2,makespan_gap_pct,57.74058577405859,60,69,0.8695652173913043
ALL,SPEA2,makespan_gap_pct,60.33057851239669,61,69,0.8840579710144928
ALL,SPEA2,makespan_gap_pct,60.629921259842526,62,69,0.8985507246376812
ALL,SPEA2,makespan_gap_pct,61.53846153846154,63,69,0.9130434782608695
ALL,SPEA2,makespan_gap_pct,63.13559322033899,64,69,0.927536231884058
ALL,SPEA2,makespan_gap_pct,69.23076923076923,65,69,0.9420289855072463
ALL,SPEA2,makespan_gap_pct,69.40298507462686,66,69,0.9565217391304348
ALL,SPEA2,makespan_gap_pct,70.50359712230217,67,69,0.9710144927536232
ALL,SPEA2,makespan_gap_pct,80.0796812749004,68,69,0.9855072463768116
ALL,SPEA2,makespan_gap_pct,81.27490039840637,69,69,1.0
ALL,MOEA/D,makespan_gap_pct,0.0,2,69,0.028985507246376812
ALL,MOEA/D,makespan_gap_pct,0.19120458891013214,3,69,0.043478260869565216
ALL,MOEA/D,makespan_gap_pct,0.1936108422071703,4,69,0.057971014492753624
ALL,MOEA/D,makespan_gap_pct,0.32567396417586547,5,69,0.07246376811594203
ALL,MOEA/D,makespan_gap_pct,0.3558718861210064,6,69,0.08695652173913043
ALL,MOEA/D,makespan_gap_pct,0.3654970760234022,7,69,0.10144927536231885
ALL,MOEA/D,makespan_gap_pct,0.37974683544304,8,69,0.11594202898550725
ALL,MOEA/D,makespan_gap_pct,0.42065009560230404,9,69,0.13043478260869565
ALL,MOEA/D,makespan_gap_pct,0.4322766570605152,10,69,0.14492753623188406
ALL,MOEA/D,makespan_gap_pct,0.6048874909266866,11,69,0.15942028985507245
ALL,MOEA/D,makespan_gap_pct,0.614062020264039,12,69,0.17391304347826086
ALL,MOEA/D,makespan_gap_pct,0.6399999999999961,13,69,0.18840579710144928
ALL,MOEA/D,makespan_gap_pct,0.6918238993710801,14,69,0.2028985507246377
ALL,MOEA/D,makespan_gap_pct,0.7303592577970752,15,69,0.21739130434782608
ALL,MOEA/D,makespan_gap_pct,0.8316008316008316,16,69,0.2318840579710145
ALL,MOEA/D,makespan_gap_pct,1.3474144209759675,17,69,0.2463768115942029
ALL,MOEA/D,makespan_gap_pct,1.4866979655712154,18,69,0.2608695652173913
ALL,MOEA/D,makespan_gap_pct,1.555275325767136,19,69,0.2753623188405797
ALL,MOEA/D,makespan_gap_pct,1.6516516516516422,20,69,0.2898550724637681
ALL,MOEA/D,makespan_gap_pct,1.6578749058025588,21,69,0.30434782608695654
ALL,MOEA/D,makespan_gap_pct,2.503646086533795,22,69,0.3188405797101449
ALL,MOEA/D,makespan_gap_pct,2.526487367563157,23,69,0.3333333333333333
ALL,MOEA/D,makespan_gap_pct,2.927215189873422,24,69,0.34782608695652173
ALL,MOEA/D,makespan_gap_pct,2.962206332992845,25,69,0.36231884057971014
ALL,MOEA/D,makespan_gap_pct,4.878048780487809,26,69,0.37681159420289856
ALL,MOEA/D,makespan_gap_pct,4.921259842519676,27,69,0.391304347826087
ALL,MOEA/D,makespan_gap_pct,5.714285714285716,28,69,0.4057971014492754
ALL,MOEA/D,makespan_gap_pct,5.759162303664911,29,69,0.42028985507246375
ALL,MOEA/D,makespan_gap_pct,6.044444444444452,30,69,0.43478260869565216
ALL,MOEA/D,makespan_gap_pct,6.331168831168821,31,69,0.4492753623188406
ALL,MOEA/D,makespan_gap_pct,6.41509433962264,32,69,0.463768115942029
ALL,MOEA/D,makespan_gap_pct,6.519823788546253,33,69,0.4782608695652174
ALL,MOEA/D,makespan_gap_pct,6.5606361829025905,34,69,0.4927536231884058
ALL,MOEA/D,makespan_gap_pct,7.390146471371506,35,69,0.5072463768115942
ALL,MOEA/D,makespan_gap_pct,8.101529902642568,36,69,0.5217391304347826
ALL,MOEA/D,makespan_gap_pct,8.266818700114031,37,69,0.5362318840579711
ALL,MOEA/D,makespan_gap_pct,8.72665534804753,38,69,0.5507246376811594
ALL,MOEA/D,makespan_gap_pct,8.727477477477485,39,69,0.5652173913043478
ALL,MOEA/D,makespan_gap_pct,9.86238532110091,40,69,0.5797101449275363
ALL,MOEA/D,makespan_gap_pct,10.549450549450556,41,69,0.5942028985507246
ALL,MOEA/D,makespan_gap_pct,10.606060606060597,42,69,0.6086956521739131
ALL,MOEA/D,makespan_gap_pct,10.784313725490202,43,69,0.6231884057971014
ALL,MOEA/D,makespan_gap_pct,12.311557788944727,44,69,0.6376811594202898
ALL,MOEA/D,makespan_gap_pct,12.979952429493725,45,69,0.6521739130434783
ALL,MOEA/D,makespan_gap_pct,19.67741935483871,46,69,0.6666666666666666
ALL,MOEA/D,makespan_gap_pct,24.13793103448276,47,69,0.6811594202898551
ALL,MOEA/D,makespan_gap_pct,30.555555555555557,48,69,0.6956521739130435
ALL,MOEA/D,makespan_gap_pct,32.36714975845412,49,69,0.7101449275362319
ALL,MOEA/D,makespan_gap_pct,32.95454545454546,50,69,0.7246376811594203
ALL,MOEA/D,makespan_gap_pct,34.8314606741573,51,69,0.7391304347826086
ALL,MOEA/D,makespan_gap_pct,35.71428571428572,52,69,0.7536231884057971
ALL,MOEA/D,makespan_gap_pct,36.170212765957444,53,69,0.7681159420289855
ALL,MOEA/D,makespan_gap_pct,36.7816091954023,54,69,0.782608695652174
ALL,MOEA/D,makespan_gap_pct,40.67796610169492,55,69,0.7971014492753623
ALL,MOEA/D,makespan_gap_pct,43.24324324324324,56,69,0.8115942028985508
ALL,MOEA/D,makespan_gap_pct,43.956043956043956,57,69,0.8260869565217391
ALL,MOEA/D,makespan_gap_pct,50.39370078740157,58,69,0.8405797101449275
ALL,MOEA/D,makespan_gap_pct,52.517985611510795,59,69,0.855072463768116
ALL,MOEA/D,makespan_gap_pct,53.03030303030303,60,69,0.8695652173913043
ALL,MOEA/D,makespan_gap_pct,53.846153846153854,61,69,0.8840579710144928
ALL,MOEA/D,makespan_gap_pct,54.400000000000006,62,69,0.8985507246376812
ALL,MOEA/D,makespan_gap_pct,55.64853556485356,63,69,0.9130434782608695
ALL,MOEA/D,makespan_gap_pct,57.024793388429764,64,69,0.927536231884058
ALL,MOEA/D,makespan_gap_pct,57.6271186440678,65,69,0.9420289855072463
ALL,MOEA/D,makespan_gap_pct,64.17910447761194,66,69,0.9565217391304348
ALL,MOEA/D,makespan_gap_pct,69.23076923076923,67,69,0.9710144927536232
ALL,MOEA/D,makespan_gap_pct,70.91633466135458,68,69,0.9855072463768116
ALL,MOEA/D,makespan_gap_pct,74.10358565737052,69,69,1.0
ALL,SMS-EMOA,makespan_gap_pct,0.0,2,69,0.028985507246376812
ALL,SMS-EMOA,makespan_gap_pct,0.9009009009008917,3,69,0.043478260869565216
ALL,SMS-EMOA,makespan_gap_pct,0.9502923976608235,4,69,0.057971014492753624
ALL,SMS-EMOA,makespan_gap_pct,1.4866979655712154,5,69,0.07246376811594203
ALL,SMS-EMOA,makespan_gap_pct,1.7173312277931396,6,69,0.08695652173913043
ALL,SMS-EMOA,makespan_gap_pct,1.791206802967249,7,69,0.10144927536231885
ALL,SMS-EMOA,makespan_gap_pct,2.103250478011476,8,69,0.11594202898550725
ALL,SMS-EMOA,makespan_gap_pct,2.1450459652706755,9,69,0.13043478260869565
ALL,SMS-EMOA,makespan_gap_pct,2.48565965583174,10,69,0.14492753623188406
ALL,SMS-EMOA,makespan_gap_pct,2.494802494802495,11,69,0.15942028985507245
ALL,SMS-EMOA,makespan_gap_pct,2.9474976972674316,12,69,0.17391304347826086
ALL,SMS-EMOA,makespan_gap_pct,3.3139111434814295,13,69,0.18840579710144928
ALL,SMS-EMOA,makespan_gap_pct,4.270462633451966,14,69,0.2028985507246377
ALL,SMS-EMOA,makespan_gap_pct,4.479999999999995,15,69,0.21739130434782608
ALL,SMS-EMOA,makespan_gap_pct,4.810126582278484,16,69,0.2318840579710145
ALL,SMS-EMOA,makespan_gap_pct,4.88997555012225,17,69,0.2463768115942029
ALL,SMS-EMOA,makespan_gap_pct,4.958677685950419,18,69,0.2608695652173913
ALL,SMS-EMOA,makespan_gap_pct,5.268389662027828,19,69,0.2753623188405797
ALL,SMS-EMOA,makespan_gap_pct,5.275056518462695,20,69,0.2898550724637681
ALL,SMS-EMOA,makespan_gap_pct,5.298814420517783,21,69,0.30434782608695654
ALL,SMS-EMOA,makespan_gap_pct,5.422446406052961,22,69,0.3188405797101449
ALL,SMS-EMOA,makespan_gap_pct,5.458860759493667,23,69,0.3333333333333333
ALL,SMS-EMOA,makespan_gap_pct,6.163278476928036,24,69,0.34782608695652173
ALL,SMS-EMOA,makespan_gap_pct,6.348167539267013,25,69,0.36231884057971014
ALL,SMS-EMOA,makespan_gap_pct,6.729559748427683,26,69,0.37681159420289856
ALL,SMS-EMOA,makespan_gap_pct,7.140740740740736,27,69,0.391304347826087
ALL,SMS-EMOA,makespan_gap_pct,7.510431154381081,28,69,0.4057971014492754
ALL,SMS-EMOA,makespan_gap_pct,7.973568281938337,29,69,0.42028985507246375
ALL,SMS-EMOA,makespan_gap_pct,8.760611205432944,30,69,0.43478260869565216
ALL,SMS-EMOA,makespan_gap_pct,8.789625360230557,31,69,0.4492753623188406
ALL,SMS-EMOA,makespan_gap_pct,8.981132075471688,32,69,0.463768115942029
ALL,SMS-EMOA,makespan_gap_pct,9.097859327217117,33,69,0.4782608695652174
ALL,SMS-EMOA,makespan_gap_pct,9.45406125166446,34,69,0.4927536231884058
ALL,SMS-EMOA,makespan_gap_pct,9.645669291338589,35,69,0.5072463768115942
ALL,SMS-EMOA,makespan_gap_pct,9.714285714285719,36,69,0.5217391304347826
ALL,SMS-EMOA,makespan_gap_pct,10.22727272727273,37,69,0.5362318840579711
ALL,SMS-EMOA,makespan_gap_pct,10.547320410490313,38,69,0.5507246376811594
ALL,SMS-EMOA,makespan_gap_pct,10.603015075376888,39,69,0.5652173913043478
ALL,SMS-EMOA,makespan_gap_pct,11.032967032967033,40,69,0.5797101449275363
ALL,SMS-EMOA,makespan_gap_pct,12.096500169894675,41,69,0.5942028985507246
ALL,SMS-EMOA,makespan_gap_pct,12.725225225225234,42,69,0.6086956521739131
ALL,SMS-EMOA,makespan_gap_pct,14.634146341463406,43,69,0.6231884057971014
ALL,SMS-EMOA,makespan_gap_pct,15.19607843137254,44,69,0.6376811594202898
ALL,SMS-EMOA,makespan_gap_pct,16.666666666666675,45,69,0.6521739130434783
ALL,SMS-EMOA,makespan_gap_pct,23.225806451612897,46,69,0.6666666666666666
ALL,SMS-EMOA,makespan_gap_pct,35.99033816425121,47,69,0.6811594202898551
ALL,SMS-EMOA,makespan_gap_pct,37.93103448275863,48,69,0.6956521739130435
ALL,SMS-EMOA,makespan_gap_pct,38.19444444444444,49,69,0.7101449275362319
ALL,SMS-EMOA,makespan_gap_pct,40.96045197740112,50,69,0.7246376811594203
ALL,SMS-EMOA,makespan_gap_pct,41.758241758241766,51,69,0.7391304347826086
ALL,SMS-EMOA,makespan_gap_pct,47.19101123595506,52,69,0.7536231884057971
ALL,SMS-EMOA,makespan_gap_pct,47.72727272727273,53,69,0.7681159420289855
ALL,SMS-EMOA,makespan_gap_pct,49.09909909909911,54,69,0.782608695652174
ALL,SMS-EMOA,makespan_gap_pct,50.0,55,69,0.7971014492753623
ALL,SMS-EMOA,makespan_gap_pct,53.191489361702125,56,69,0.8115942028985508
ALL,SMS-EMOA,makespan_gap_pct,55.172413793103445,57,69,0.8260869565217391
ALL,SMS-EMOA,makespan_gap_pct,56.060606060606055,58,69,0.8405797101449275
ALL,SMS-EMOA,makespan_gap_pct,57.60000000000001,59,69,0.855072463768116
ALL,SMS-EMOA,makespan_gap_pct,59.50413223140496,60,69,0.8695652173913043
ALL,SMS-EMOA,makespan_gap_pct,59.84251968503938,61,69,0.8840579710144928
ALL,SMS-EMOA,makespan_gap_pct,60.25104602510461,62,69,0.8985507246376812
ALL,SMS-EMOA,makespan_gap_pct,63.13559322033899,63,69,0.9130434782608695
ALL,SMS-EMOA,makespan_gap_pct,64.52991452991452,64,69,0.927536231884058
ALL,SMS-EMOA,makespan_gap_pct,71.64179104477613,65,69,0.9420289855072463
ALL,SMS-EMOA,makespan_gap_pct,73.38129496402878,66,69,0.9565217391304348
ALL,SMS-EMOA,makespan_gap_pct,75.38461538461539,67,69,0.9710144927536232
ALL,SMS-EMOA,makespan_gap_pct,80.47808764940238,68,69,0.9855072463768116
ALL,SMS-EMOA,makespan_gap_pct,82.86852589641434,69,69,1.0
ALL,XG,flowtime_gap_pct,2.3457419683834857,1,69,0.014492753623188406
ALL,XG,flowtime_gap_pct,3.571428571428581,2,69,0.028985507246376812
ALL,XG,flowtime_gap_pct,5.236486486486491,3,69,0.043478260869565216
ALL,XG,flowtime_gap_pct,6.342388360034046,4,69,0.057971014492753624
ALL,XG,flowtime_gap_pct,6.383782422563589,5,69,0.07246376811594203
ALL,XG,flowtime_gap_pct,6.659388646288211,6,69,0.08695652173913043
ALL,XG,flowtime_gap_pct,6.70763462139361,7,69,0.10144927536231885
ALL,XG,flowtime_gap_pct,6.854804867813691,8,69,0.11594202898550725
ALL,XG,flowtime_gap_pct,7.4034180669251715,9,69,0.13043478260869565
ALL,XG,flowtime_gap_pct,7.490709955016617,10,69,0.14492753623188406
ALL,XG,flowtime_gap_pct,7.770270270270263,11,69,0.15942028985507245
ALL,XG,flowtime_gap_pct,7.880935506732811,12,69,0.17391304347826086
ALL,XG,flowtime_gap_pct,8.654367878459034,13,69,0.18840579710144928
ALL,XG,flowtime_gap_pct,8.943713577834389,14,69,0.2028985507246377
ALL,XG,flowtime_gap_pct,9.282070424287681,15,69,0.21739130434782608
ALL,XG,flowtime_gap_pct,9.543010752688176,16,69,0.2318840579710145
ALL,XG,flowtime_gap_pct,9.619296716070913,17,69,0.2463768115942029
ALL,XG,flowtime_gap_pct,9.636363636363644,18,69,0.2608695652173913
ALL,XG,flowtime_gap_pct,9.692261141962133,19,69,0.2753623188405797
ALL,XG,flowtime_gap_pct,10.088272383354347,20,69,0.2898550724637681
ALL,XG,flowtime_gap_pct,10.383701408770541,21,69,0.30434782608695654
ALL,XG,flowtime_gap_pct,10.677966101694913,22,69,0.3188405797101449
ALL,XG,flowtime_gap_pct,10.756870496716186,23,69,0.3333333333333333
ALL,XG,flowtime_gap_pct,10.843552582683014,24,69,0.34782608695652173
ALL,XG,flowtime_gap_pct,10.933229207340878,25,69,0.36231884057971014
ALL,XG,flowtime_gap_pct,11.19592875318065,26,69,0.37681159420289856
ALL,XG,flowtime_gap_pct,11.251859031749678,27,69,0.391304347826087
ALL,XG,flowtime_gap_pct,11.32667617689016,28,69,0.4057971014492754
ALL,XG,flowtime_gap_pct,11.473087818696893,29,69,0.42028985507246375
ALL,XG,flowtime_gap_pct,11.599387794145777,30,69,0.43478260869565216
ALL,XG,flowtime_gap_pct,11.878926327812689,31,69,0.4492753623188406
ALL,XG,flowtime_gap_pct,11.965811965811968,32,69,0.463768115942029
ALL,XG,flowtime_gap_pct,12.029887920298886,33,69,0.4782608695652174
ALL,XG,flowtime_gap_pct,12.076021363667898,34,69,0.4927536231884058
ALL,XG,flowtime_gap_pct,12.576249928738381,35,69,0.5072463768115942
ALL,XG,flowtime_gap_pct,13.181469157921688,36,69,0.5217391304347826
ALL,XG,flowtime_gap_pct,13.239866208908602,37,69,0.5362318840579711
ALL,XG,flowtime_gap_pct,13.399153737658676,38,69,0.5507246376811594
ALL,XG,flowtime_gap_pct,13.50125944584384,39,69,0.5652173913043478
ALL,XG,flowtime_gap_pct,13.63779078064793,40,69,0.5797101449275363
ALL,XG,flowtime_gap_pct,13.67739466045741,41,69,0.5942028985507246
ALL,XG,flowtime_gap_pct,14.229298433901905,42,69,0.6086956521739131
ALL,XG,flowtime_gap_pct,14.563106796116498,43,69,0.6231884057971014
ALL,XG,flowtime_gap_pct,14.735885264114735,44,69,0.6376811594202898
ALL,XG,flowtime_gap_pct,15.350360183366085,45,69,0.6521739130434783
ALL,XG,flowtime_gap_pct,15.393386545039899,46,69,0.6666666666666666
ALL,XG,flowtime_gap_pct,15.82491582491583,47,69,0.6811594202898551
ALL,XG,flowtime_gap_pct,16.202068153381898,48,69,0.6956521739130435
ALL,XG,flowtime_gap_pct,16.221453575595923,49,69,0.7101449275362319
ALL,XG,flowtime_gap_pct,16.490142054603353,50,69,0.7246376811594203
ALL,XG,flowtime_gap_pct,17.059671286642963,51,69,0.7391304347826086
ALL,XG,flowtime_gap_pct,17.413972888425434,52,69,0.7536231884057971
ALL,XG,flowtime_gap_pct,17.4855888004392,53,69,0.7681159420289855
ALL,XG,flowtime_gap_pct,18.070070438745912,54,69,0.782608695652174
ALL,XG,flowtime_gap_pct,19.098676957001093,55,69,0.7971014492753623
ALL,XG,flowtime_gap_pct,19.30695478658686,56,69,0.8115942028985508
ALL,XG,flowtime_gap_pct,20.15273103805333,57,69,0.8260869565217391
ALL,XG,flowtime_gap_pct,20.191220314588264,58,69,0.8405797101449275
ALL,XG,flowtime_gap_pct,20.621206711888608,59,69,0.855072463768116
ALL,XG,flowtime_gap_pct,20.72958888245513,60,69,0.8695652173913043
ALL,XG,flowtime_gap_pct,22.008683437619723,61,69,0.8840579710144928
ALL,XG,flowtime_gap_pct,22.808155699721965,62,69,0.8985507246376812
ALL,XG,flowtime_gap_pct,24.19375157470396,63,69,0.9130434782608695
ALL,XG,flowtime_gap_pct,25.134230577511918,64,69,0.927536231884058
ALL,XG,flowtime_gap_pct,27.59764884338263,65,69,0.9420289855072463
ALL,XG,flowtime_gap_pct,30.311614730878176,66,69,0.9565217391304348
ALL,XG,flowtime_gap_pct,39.16977879919563,67,69,0.9710144927536232
ALL,XG,flowtime_gap_pct,40.981093510475205,68,69,0.9855072463768116
ALL,XG,flowtime_gap_pct,43.440114262395426,69,69,1.0
ALL,XH,flowtime_gap_pct,0.0,5,69,0.07246376811594203
ALL,XH,flowtime_gap_pct,0.11422175886177666,6,69,0.08695652173913043
ALL,XH,flowtime_gap_pct,0.24384166310693622,7,69,0.10144927536231885
ALL,XH,flowtime_gap_pct,0.2577319587628857,8,69,0.11594202898550725
ALL,XH,flowtime_gap_pct,0.4692387904066786,9,69,0.13043478260869565
ALL,XH,flowtime_gap_pct,0.4910601863510555,10,69,0.14492753623188406
ALL,XH,flowtime_gap_pct,0.5528321465631425,11,69,0.15942028985507245
ALL,XH,flowtime_gap_pct,0.5993751195562114,12,69,0.17391304347826086
ALL,XH,flowtime_gap_pct,0.6720430107526987,13,69,0.18840579710144928
ALL,XH,flowtime_gap_pct,0.7319819819819884,14,69,0.2028985507246377
ALL,XH,flowtime_gap_pct,0.8324043106651802,15,69,0.21739130434782608
ALL,XH,flowtime_gap_pct,0.8498583569405138,16,69,0.2318840579710145
ALL,XH,flowtime_gap_pct,0.8803749745261769,17,69,0.2463768115942029
ALL,XH,flowtime_gap_pct,0.8827238335435084,18,69,0.2608695652173913
ALL,XH,flowtime_gap_pct,1.026225769669331,19,69,0.2753623188405797
ALL,XH,flowtime_gap_pct,1.0406039583758409,20,69,0.2898550724637681
ALL,XH,flowtime_gap_pct,1.1001737116386856,21,69,0.30434782608695654
ALL,XH,flowtime_gap_pct,1.142204454597362,22,69,0.3188405797101449
ALL,XH,flowtime_gap_pct,1.2089508863702303,23,69,0.3333333333333333
ALL,XH,flowtime_gap_pct,1.2100665861036974,24,69,0.34782608695652173
ALL,XH,flowtime_gap_pct,1.218993621545006,25,69,0.36231884057971014
ALL,XH,flowtime_gap_pct,1.2263560756605507,26,69,0.37681159420289856
ALL,XH,flowtime_gap_pct,1.3698630136986356,27,69,0.391304347826087
ALL,XH,flowtime_gap_pct,1.8870075822359,28,69,0.4057971014492754
ALL,XH,flowtime_gap_pct,1.9430451321065023,29,69,0.42028985507246375
ALL,XH,flowtime_gap_pct,2.012228155715512,30,69,0.43478260869565216
ALL,XH,flowtime_gap_pct,2.0199979800020307,31,69,0.4492753623188406
ALL,XH,flowtime_gap_pct,2.033898305084736,32,69,0.463768115942029
ALL,XH,flowtime_gap_pct,2.039775624681295,33,69,0.4782608695652174
ALL,XH,flowtime_gap_pct,2.0476068594829755,34,69,0.4927536231884058
ALL,XH,flowtime_gap_pct,2.139860139860139,35,69,0.5072463768115942
ALL,XH,flowtime_gap_pct,2.283909690477026,36,69,0.5217391304347826
ALL,XH,flowtime_gap_pct,2.4017467248908186,37,69,0.5362318840579711
ALL,XH,flowtime_gap_pct,2.4173027989821794,38,69,0.5507246376811594
ALL,XH,flowtime_gap_pct,2.615546553538972,39,69,0.5652173913043478
ALL,XH,flowtime_gap_pct,2.6798307475317307,40,69,0.5797101449275363
ALL,XH,flowtime_gap_pct,2.951074294589695,41,69,0.5942028985507246
ALL,XH,flowtime_gap_pct,2.993512511584795,42,69,0.6086956521739131
ALL,XH,flowtime_gap_pct,3.261296660117874,43,69,0.6231884057971014
ALL,XH,flowtime_gap_pct,3.5295093525776533,44,69,0.6376811594202898
ALL,XH,flowtime_gap_pct,3.6182280461568572,45,69,0.6521739130434783
ALL,XH,flowtime_gap_pct,3.799195633438668,46,69,0.6666666666666666
ALL,XH,flowtime_gap_pct,3.82436260623229,47,69,0.6811594202898551
ALL,XH,flowtime_gap_pct,3.8461538461538547,48,69,0.6956521739130435
ALL,XH,flowtime_gap_pct,4.614102697635669,49,69,0.7101449275362319
ALL,XH,flowtime_gap_pct,4.8866498740554265,50,69,0.7246376811594203
ALL,XH,flowtime_gap_pct,6.017521183397956,51,69,0.7391304347826086
ALL,XH,flowtime_gap_pct,7.295150809671869,52,69,0.7536231884057971
ALL,XH,flowtime_gap_pct,7.407407407407418,53,69,0.7681159420289855
ALL,XH,flowtime_gap_pct,8.785630613041784,54,69,0.782608695652174
ALL,XH,flowtime_gap_pct,9.010430963491633,55,69,0.7971014492753623
ALL,XH,flowtime_gap_pct,9.052097283778892,56,69,0.8115942028985508
ALL,XH,flowtime_gap_pct,9.283616396373384,57,69,0.8260869565217391
ALL,XH,flowtime_gap_pct,10.404383713671361,58,69,0.8405797101449275
ALL,XH,flowtime_gap_pct,11.308590013391996,59,69,0.855072463768116
ALL,XH,flowtime_gap_pct,11.408591408591406,60,69,0.8695652173913043
ALL,XH,flowtime_gap_pct,11.459481808158767,61,69,0.8840579710144928
ALL,XH,flowtime_gap_pct,11.75667649602483,62,69,0.8985507246376812
ALL,XH,flowtime_gap_pct,13.049918108666247,63,69,0.9130434782608695
ALL,XH,flowtime_gap_pct,13.915860976829464,64,69,0.927536231884058
ALL,XH,flowtime_gap_pct,13.930739021777928,65,69,0.9420289855072463
ALL,XH,flowtime_gap_pct,14.12371635761911,66,69,0.9565217391304348
ALL,XH,flowtime_gap_pct,15.729903354782504,67,69,0.9710144927536232
ALL,XH,flowtime_gap_pct,20.691126279863493,68,69,0.9855072463768116
ALL,XH,flowtime_gap_pct,21.2207105064248,69,69,1.0
ALL,XT,flowtime_gap_pct,0.0,2,69,0.028985507246376812
ALL,XT,flowtime_gap_pct,0.09121486802348144,3,69,0.043478260869565216
ALL,XT,flowtime_gap_pct,0.6185041127335422,4,69,0.057971014492753624
ALL,XT,flowtime_gap_pct,0.8605515353021786,5,69,0.07246376811594203
ALL,XT,flowtime_gap_pct,1.482127288578905,6,69,0.08695652173913043
ALL,XT,flowtime_gap_pct,1.5102593479845883,7,69,0.10144927536231885
ALL,XT,flowtime_gap_pct,1.526717557251911,8,69,0.11594202898550725
ALL,XT,flowtime_gap_pct,1.8131453034500034,9,69,0.13043478260869565
ALL,XT,flowtime_gap_pct,2.192758796532379,10,69,0.14492753623188406
ALL,XT,flowtime_gap_pct,2.1964782205746047,11,69,0.15942028985507245
ALL,XT,flowtime_gap_pct,2.3914557696772754,12,69,0.17391304347826086
ALL,XT,flowtime_gap_pct,2.55791505791505,13,69,0.18840579710144928
ALL,XT,flowtime_gap_pct,2.559608722233553,14,69,0.2028985507246377
ALL,XT,flowtime_gap_pct,2.564102564102555,15,69,0.21739130434782608
ALL,XT,flowtime_gap_pct,2.882920688208146,16,69,0.2318840579710145
ALL,XT,flowtime_gap_pct,3.0193687528514035,17,69,0.2463768115942029
ALL,XT,flowtime_gap_pct,3.2786885245901676,18,69,0.2608695652173913
ALL,XT,flowtime_gap_pct,3.8646752974840437,19,69,0.2753623188405797
ALL,XT,flowtime_gap_pct,3.968816442239542,20,69,0.2898550724637681
ALL,XT,flowtime_gap_pct,4.039301310043664,21,69,0.30434782608695654
ALL,XT,flowtime_gap_pct,4.177970699945743,22,69,0.3188405797101449
ALL,XT,flowtime_gap_pct,4.223776223776232,23,69,0.3333333333333333
ALL,XT,flowtime_gap_pct,4.299583911234395,24,69,0.34782608695652173
ALL,XT,flowtime_gap_pct,4.669707505342724,25,69,0.36231884057971014
ALL,XT,flowtime_gap_pct,4.745762711864399,26,69,0.37681159420289856
ALL,XT,flowtime_gap_pct,4.8332265413640885,27,69,0.391304347826087
ALL,XT,flowtime_gap_pct,5.011261261261257,28,69,0.4057971014492754
ALL,XT,flowtime_gap_pct,5.099150141643061,29,69,0.42028985507246375
ALL,XT,flowtime_gap_pct,5.410279531109108,30,69,0.43478260869565216
ALL,XT,flowtime_gap_pct,5.49332184403275,31,69,0.4492753623188406
ALL,XT,flowtime_gap_pct,5.633593459680419,32,69,0.463768115942029
ALL,XT,flowtime_gap_pct,5.726694273305721,33,69,0.4782608695652174
ALL,XT,flowtime_gap_pct,5.809210290907796,34,69,0.4927536231884058
ALL,XT,flowtime_gap_pct,6.048387096774199,35,69,0.5072463768115942
ALL,XT,flowtime_gap_pct,6.095717884130991,36,69,0.5217391304347826
ALL,XT,flowtime_gap_pct,6.10034207525656,37,69,0.5362318840579711
ALL,XT,flowtime_gap_pct,6.226650062266503,38,69,0.5507246376811594
ALL,XT,flowtime_gap_pct,6.33923472301543,39,69,0.5652173913043478
ALL,XT,flowtime_gap_pct,6.7194381138533155,40,69,0.5797101449275363
ALL,XT,flowtime_gap_pct,6.734006734006726,41,69,0.5942028985507246
ALL,XT,flowtime_gap_pct,6.7700987306064775,42,69,0.6086956521739131
ALL,XT,flowtime_gap_pct,7.223796033994345,43,69,0.6231884057971014
ALL,XT,flowtime_gap_pct,7.335304289619016,44,69,0.6376811594202898
ALL,XT,flowtime_gap_pct,7.588942922958797,45,69,0.6521739130434783
ALL,XT,flowtime_gap_pct,7.866016529659414,46,69,0.6666666666666666
ALL,XT,flowtime_gap_pct,8.040726715487656,47,69,0.6811594202898551
ALL,XT,flowtime_gap_pct,8.40587983445127,48,69,0.6956521739130435
ALL,XT,flowtime_gap_pct,8.808874034097869,49,69,0.7101449275362319
ALL,XT,flowtime_gap_pct,9.264342574800999,50,69,0.7246376811594203
ALL,XT,flowtime_gap_pct,9.42272844939167,51,69,0.7391304347826086
ALL,XT,flowtime_gap_pct,9.926933736457544,52,69,0.7536231884057971
ALL,XT,flowtime_gap_pct,10.131185462275072,53,69,0.7681159420289855
ALL,XT,flowtime_gap_pct,10.346278936292318,54,69,0.782608695652174
ALL,XT,flowtime_gap_pct,10.688216892596447,55,69,0.7971014492753623
ALL,XT,flowtime_gap_pct,11.04088466916906,56,69,0.8115942028985508
ALL,XT,flowtime_gap_pct,11.945740956826146,57,69,0.8260869565217391
ALL,XT,flowtime_gap_pct,12.532243149851553,58,69,0.8405797101449275
ALL,XT,flowtime_gap_pct,12.652624062834693,59,69,0.855072463768116
ALL,XT,flowtime_gap_pct,13.283149971048068,60,69,0.8695652173913043
ALL,XT,flowtime_gap_pct,13.75941769888902,61,69,0.8840579710144928
ALL,XT,flowtime_gap_pct,14.429275692074327,62,69,0.8985507246376812
ALL,XT,flowtime_gap_pct,14.776736493936049,63,69,0.9130434782608695
ALL,XT,flowtime_gap_pct,15.143415235941205,64,69,0.927536231884058
ALL,XT,flowtime_gap_pct,15.976331360946737,65,69,0.9420289855072463
ALL,XT,flowtime_gap_pct,16.16372670191555,66,69,0.9565217391304348
ALL,XT,flowtime_gap_pct,17.731221257026064,67,69,0.9710144927536232
ALL,XT,flowtime_gap_pct,18.43907996866767,68,69,0.9855072463768116
ALL,XT,flowtime_gap_pct,18.830795748348184,69,69,1.0
ALL,XE,flowtime_gap_pct,0.33466372493120566,1,69,0.014492753623188406
ALL,XE,flowtime_gap_pct,0.418595752821882,2,69,0.028985507246376812
ALL,XE,flowtime_gap_pct,0.6175499066494394,3,69,0.043478260869565216
ALL,XE,flowtime_gap_pct,0.6895671050951346,4,69,0.057971014492753624
ALL,XE,flowtime_gap_pct,1.0714285714285676,5,69,0.07246376811594203
ALL,XE,flowtime_gap_pct,1.0996072831131798,6,69,0.08695652173913043
ALL,XE,flowtime_gap_pct,1.4586935906732768,7,69,0.10144927536231885
ALL,XE,flowtime_gap_pct,1.562271864505771,8,69,0.11594202898550725
ALL,XE,flowtime_gap_pct,1.5745300686689223,9,69,0.13043478260869565
ALL,XE,flowtime_gap_pct,1.713309121982487,10,69,0.14492753623188406
ALL,XE,flowtime_gap_pct,1.8185561350535284,11,69,0.15942028985507245
ALL,XE,flowtime_gap_pct,1.9840275833615806,12,69,0.17391304347826086
ALL,XE,flowtime_gap_pct,2.050716648291062,13,69,0.18840579710144928
ALL,XE,flowtime_gap_pct,2.053413958175865,14,69,0.2028985507246377
ALL,XE,flowtime_gap_pct,2.226345083487935,15,69,0.21739130434782608
ALL,XE,flowtime_gap_pct,2.2326507394766715,16,69,0.2318840579710145
ALL,XE,flowtime_gap_pct,2.243753187149422,17,69,0.2463768115942029
ALL,XE,flowtime_gap_pct,2.6070375425909953,18,69,0.2608695652173913
ALL,XE,flowtime_gap_pct,3.552322957284826,19,69,0.2753623188405797
ALL,XE,flowtime_gap_pct,3.9311558771758293,20,69,0.2898550724637681
ALL,XE,flowtime_gap_pct,3.9787881313552154,21,69,0.30434782608695654
ALL,XE,flowtime_gap_pct,4.729729729729737,22,69,0.3188405797101449
ALL,XE,flowtime_gap_pct,5.686907613790226,23,69,0.3333333333333333
ALL,XE,flowtime_gap_pct,6.021205789025608,24,69,0.34782608695652173
ALL,XE,flowtime_gap_pct,6.0589519650654955,25,69,0.36231884057971014
ALL,XE,flowtime_gap_pct,6.169730546461838,26,69,0.37681159420289856
ALL,XE,flowtime_gap_pct,6.703734788082238,27,69,0.391304347826087
ALL,XE,flowtime_gap_pct,6.8376068376068355,28,69,0.4057971014492754
ALL,XE,flowtime_gap_pct,7.191119691119696,29,69,0.42028985507246375
ALL,XE,flowtime_gap_pct,7.526881720430101,30,69,0.43478260869565216
ALL,XE,flowtime_gap_pct,7.566204287515754,31,69,0.4492753623188406
ALL,XE,flowtime_gap_pct,7.795889440113402,32,69,0.463768115942029
ALL,XE,flowtime_gap_pct,7.826912642430828,33,69,0.4782608695652174
ALL,XE,flowtime_gap_pct,7.98952193844138,34,69,0.4927536231884058
ALL,XE,flowtime_gap_pct,8.524173027989823,35,69,0.5072463768115942
ALL,XE,flowtime_gap_pct,8.78186968838528,36,69,0.5217391304347826
ALL,XE,flowtime_gap_pct,8.783216783216785,37,69,0.5362318840579711
ALL,XE,flowtime_gap_pct,8.7971525281781,38,69,0.5507246376811594
ALL,XE,flowtime_gap_pct,9.07884368130729,39,69,0.5652173913043478
ALL,XE,flowtime_gap_pct,9.118387909319893,40,69,0.5797101449275363
ALL,XE,flowtime_gap_pct,9.186176142697878,41,69,0.5942028985507246
ALL,XE,flowtime_gap_pct,9.195001453065977,42,69,0.6086956521739131
ALL,XE,flowtime_gap_pct,9.30888575458393,43,69,0.6231884057971014
ALL,XE,flowtime_gap_pct,9.337177844226119,44,69,0.6376811594202898
ALL,XE,flowtime_gap_pct,9.49152542372882,45,69,0.6521739130434783
ALL,XE,flowtime_gap_pct,9.937178754997134,46,69,0.6666666666666666
ALL,XE,flowtime_gap_pct,10.211706102117057,47,69,0.6811594202898551
ALL,XE,flowtime_gap_pct,10.36180342095232,48,69,0.6956521739130435
ALL,XE,flowtime_gap_pct,10.581521392590698,49,69,0.7101449275362319
ALL,XE,flowtime_gap_pct,10.962886950572948,50,69,0.7246376811594203
ALL,XE,flowtime_gap_pct,11.069900142653344,51,69,0.7391304347826086
ALL,XE,flowtime_gap_pct,11.44781144781144,52,69,0.7536231884057971
ALL,XE,flowtime_gap_pct,11.678832116788328,53,69,0.7681159420289855
ALL,XE,flowtime_gap_pct,12.234450985410806,54,69,0.782608695652174
ALL,XE,flowtime_gap_pct,12.301787698212308,55,69,0.7971014492753623
ALL,XE,flowtime_gap_pct,12.482662968099856,56,69,0.8115942028985508
ALL,XE,flowtime_gap_pct,12.60623229461757,57,69,0.8260869565217391
ALL,XE,flowtime_gap_pct,13.169897377423023,58,69,0.8405797101449275
ALL,XE,flowtime_gap_pct,13.511530732671995,59,69,0.855072463768116
ALL,XE,flowtime_gap_pct,14.496505306756413,60,69,0.8695652173913043
ALL,XE,flowtime_gap_pct,15.505097312326232,61,69,0.8840579710144928
ALL,XE,flowtime_gap_pct,16.093508500772803,62,69,0.8985507246376812
ALL,XE,flowtime_gap_pct,16.413210720291982,63,69,0.9130434782608695
ALL,XE,flowtime_gap_pct,17.025941371274378,64,69,0.927536231884058
ALL,XE,flowtime_gap_pct,18.98838285185567,65,69,0.9420289855072463
ALL,XE,flowtime_gap_pct,19.386218876664742,66,69,0.9565217391304348
ALL,XE,flowtime_gap_pct,32.260844584889405,67,69,0.9710144927536232
ALL,XE,flowtime_gap_pct,33.367399080224835,68,69,0.9855072463768116
ALL,XE,flowtime_gap_pct,36.99245052030198,69,69,1.0
ALL,XHT,flowtime_gap_pct,0.0,2,69,0.028985507246376812
ALL,XHT,flowtime_gap_pct,0.01160900859067393,3,69,0.043478260869565216
ALL,XHT,flowtime_gap_pct,0.12722646310432406,4,69,0.057971014492753624
ALL,XHT,flowtime_gap_pct,0.19447809730281929,5,69,0.07246376811594203
ALL,XHT,flowtime_gap_pct,0.2577319587628857,6,69,0.08695652173913043
ALL,XHT,flowtime_gap_pct,0.26520570890185,7,69,0.10144927536231885
ALL,XHT,flowtime_gap_pct,0.4160887656033285,8,69,0.11594202898550725
ALL,XHT,flowtime_gap_pct,0.44674640467037285,9,69,0.13043478260869565
ALL,XHT,flowtime_gap_pct,0.4910601863510555,10,69,0.14492753623188406
ALL,XHT,flowtime_gap_pct,0.5282669138090723,11,69,0.15942028985507245
ALL,XHT,flowtime_gap_pct,0.56657223796035,12,69,0.17391304347826086
ALL,XHT,flowtime_gap_pct,0.6720430107526987,13,69,0.18840579710144928
ALL,XHT,flowtime_gap_pct,0.7134894091415767,14,69,0.2028985507246377
ALL,XHT,flowtime_gap_pct,0.7711885195633483,15,69,0.21739130434782608
ALL,XHT,flowtime_gap_pct,0.8445945945946054,16,69,0.2318840579710145
ALL,XHT,flowtime_gap_pct,0.8685991314008712,17,69,0.2463768115942029
ALL,XHT,flowtime_gap_pct,0.953211275791932,18,69,0.2608695652173913
ALL,XHT,flowtime_gap_pct,1.026225769669331,19,69,0.2753623188405797
ALL,XHT,flowtime_gap_pct,1.0958904109588996,20,69,0.2898550724637681
ALL,XHT,flowtime_gap_pct,1.1331444759206777,21,69,0.30434782608695654
ALL,XHT,flowtime_gap_pct,1.142204454597362,22,69,0.3188405797101449
ALL,XHT,flowtime_gap_pct,1.2100665861036974,23,69,0.3333333333333333
ALL,XHT,flowtime_gap_pct,1.2263560756605507,24,69,0.34782608695652173
ALL,XHT,flowtime_gap_pct,1.3465627214741316,25,69,0.36231884057971014
ALL,XHT,flowtime_gap_pct,1.37684854665987,26,69,0.37681159420289856
ALL,XHT,flowtime_gap_pct,1.3849339891276236,27,69,0.391304347826087
ALL,XHT,flowtime_gap_pct,1.4513093681222333,28,69,0.4057971014492754
ALL,XHT,flowtime_gap_pct,1.5444015444015413,29,69,0.42028985507246375
ALL,XHT,flowtime_gap_pct,1.715782580222669,30,69,0.43478260869565216
ALL,XHT,flowtime_gap_pct,1.719991848379876,31,69,0.4492753623188406
ALL,XHT,flowtime_gap_pct,1.725535610885931,32,69,0.463768115942029
ALL,XHT,flowtime_gap_pct,1.7843908557094723,33,69,0.4782608695652174
ALL,XHT,flowtime_gap_pct,1.970055161544515,34,69,0.4927536231884058
ALL,XHT,flowtime_gap_pct,2.033898305084736,35,69,0.5072463768115942
ALL,XHT,flowtime_gap_pct,2.0476068594829755,36,69,0.5217391304347826
ALL,XHT,flowtime_gap_pct,2.136752136752129,37,69,0.5362318840579711
ALL,XHT,flowtime_gap_pct,2.195804195804185,38,69,0.5507246376811594
ALL,XHT,flowtime_gap_pct,2.1976877408603324,39,69,0.5652173913043478
ALL,XHT,flowtime_gap_pct,2.4017467248908186,40,69,0.5797101449275363
ALL,XHT,flowtime_gap_pct,2.5977743586073743,41,69,0.5942028985507246
ALL,XHT,flowtime_gap_pct,2.6798307475317307,42,69,0.6086956521739131
ALL,XHT,flowtime_gap_pct,2.718560531977321,43,69,0.6231884057971014
ALL,XHT,flowtime_gap_pct,3.167193335248486,44,69,0.6376811594202898
ALL,XHT,flowtime_gap_pct,3.367003367003374,45,69,0.6521739130434783
ALL,XHT,flowtime_gap_pct,3.856558229867524,46,69,0.6666666666666666
ALL,XHT,flowtime_gap_pct,3.90920554854981,47,69,0.6811594202898551
ALL,XHT,flowtime_gap_pct,5.270716645124218,48,69,0.6956521739130435
ALL,XHT,flowtime_gap_pct,5.315102292587648,49,69,0.7101449275362319
ALL,XHT,flowtime_gap_pct,5.3254437869822535,50,69,0.7246376811594203
ALL,XHT,flowtime_gap_pct,5.825242718446599,51,69,0.7391304347826086
ALL,XHT,flowtime_gap_pct,6.9444649093079125,52,69,0.7536231884057971
ALL,XHT,flowtime_gap_pct,7.299270072992692,53,69,0.7681159420289855
ALL,XHT,flowtime_gap_pct,7.685973099094157,54,69,0.782608695652174
ALL,XHT,flowtime_gap_pct,8.01007556675064,55,69,0.7971014492753623
ALL,XHT,flowtime_gap_pct,8.06883471858091,56,69,0.8115942028985508
ALL,XHT,flowtime_gap_pct,8.976737548166124,57,69,0.8260869565217391
ALL,XHT,flowtime_gap_pct,9.214138260168259,58,69,0.8405797101449275
ALL,XHT,flowtime_gap_pct,9.245307112756995,59,69,0.855072463768116
ALL,XHT,flowtime_gap_pct,9.561602418745284,60,69,0.8695652173913043
ALL,XHT,flowtime_gap_pct,10.390663860723159,61,69,0.8840579710144928
ALL,XHT,flowtime_gap_pct,11.381063510585099,62,69,0.8985507246376812
ALL,XHT,flowtime_gap_pct,11.459481808158767,63,69,0.9130434782608695
ALL,XHT,flowtime_gap_pct,11.75667649602483,64,69,0.927536231884058
ALL,XHT,flowtime_gap_pct,12.431274544805436,65,69,0.9420289855072463
ALL,XHT,flowtime_gap_pct,13.049918108666247,66,69,0.9565217391304348
ALL,XHT,flowtime_gap_pct,13.410125142207052,67,69,0.9710144927536232
ALL,XHT,flowtime_gap_pct,13.661361755974099,68,69,0.9855072463768116
ALL,XHT,flowtime_gap_pct,15.502544506734006,69,69,1.0
ALL,XHE,flowtime_gap_pct,0.0,2,69,0.028985507246376812
ALL,XHE,flowtime_gap_pct,0.2577319587628857,3,69,0.043478260869565216
ALL,XHE,flowtime_gap_pct,0.4160887656033285,4,69,0.057971014492753624
ALL,XHE,flowtime_gap_pct,0.44674640467037285,5,69,0.07246376811594203
ALL,XHE,flowtime_gap_pct,0.4910601863510555,6,69,0.08695652173913043
ALL,XHE,flowtime_gap_pct,0.5993751195562114,7,69,0.10144927536231885
ALL,XHE,flowtime_gap_pct,0.6720430107526987,8,69,0.11594202898550725
ALL,XHE,flowtime_gap_pct,0.7711885195633483,9,69,0.13043478260869565
ALL,XHE,flowtime_gap_pct,0.8445945945946054,10,69,0.14492753623188406
ALL,XHE,flowtime_gap_pct,0.8498583569405138,11,69,0.15942028985507245
ALL,XHE,flowtime_gap_pct,1.142204454597362,12,69,0.17391304347826086
ALL,XHE,flowtime_gap_pct,1.2100665861036974,13,69,0.18840579710144928
ALL,XHE,flowtime_gap_pct,1.2263560756605507,14,69,0.2028985507246377
ALL,XHE,flowtime_gap_pct,1.3484452194129526,15,69,0.21739130434782608
ALL,XHE,flowtime_gap_pct,1.5444015444015413,16,69,0.2318840579710145
ALL,XHE,flowtime_gap_pct,1.719991848379876,17,69,0.2463768115942029
ALL,XHE,flowtime_gap_pct,1.725535610885931,18,69,0.2608695652173913
ALL,XHE,flowtime_gap_pct,1.77629134150874,19,69,0.2753623188405797
ALL,XHE,flowtime_gap_pct,1.8814139110604255,20,69,0.2898550724637681
ALL,XHE,flowtime_gap_pct,1.9746121297602226,21,69,0.30434782608695654
ALL,XHE,flowtime_gap_pct,2.012228155715512,22,69,0.3188405797101449
ALL,XHE,flowtime_gap_pct,2.017434620174341,23,69,0.3333333333333333
ALL,XHE,flowtime_gap_pct,2.026931254429476,24,69,0.34782608695652173
ALL,XHE,flowtime_gap_pct,2.033898305084736,25,69,0.36231884057971014
ALL,XHE,flowtime_gap_pct,2.136752136752129,26,69,0.37681159420289856
ALL,XHE,flowtime_gap_pct,2.192758796532379,27,69,0.391304347826087
ALL,XHE,flowtime_gap_pct,2.195804195804185,28,69,0.4057971014492754
ALL,XHE,flowtime_gap_pct,2.2440296458962283,29,69,0.42028985507246375
ALL,XHE,flowtime_gap_pct,2.283909690477026,30,69,0.43478260869565216
ALL,XHE,flowtime_gap_pct,2.393140517020731,31,69,0.4492753623188406
ALL,XHE,flowtime_gap_pct,2.4173027989821794,32,69,0.463768115942029
ALL,XHE,flowtime_gap_pct,2.5964084080252636,33,69,0.4782608695652174
ALL,XHE,flowtime_gap_pct,2.6877133105801976,34,69,0.4927536231884058
ALL,XHE,flowtime_gap_pct,2.7838427947598277,35,69,0.5072463768115942
ALL,XHE,flowtime_gap_pct,2.8204212781149485,36,69,0.5217391304347826
ALL,XHE,flowtime_gap_pct,2.951074294589695,37,69,0.5362318840579711
ALL,XHE,flowtime_gap_pct,2.9644432194046333,38,69,0.5507246376811594
ALL,XHE,flowtime_gap_pct,2.993512511584795,39,69,0.5652173913043478
ALL,XHE,flowtime_gap_pct,3.116147308781869,40,69,0.5797101449275363
ALL,XHE,flowtime_gap_pct,3.1298101590559346,41,69,0.5942028985507246
ALL,XHE,flowtime_gap_pct,3.145239202776695,42,69,0.6086956521739131
ALL,XHE,flowtime_gap_pct,3.2874918140143983,43,69,0.6231884057971014
ALL,XHE,flowtime_gap_pct,3.2925967074032947,44,69,0.6376811594202898
ALL,XHE,flowtime_gap_pct,3.490376328641198,45,69,0.6521739130434783
ALL,XHE,flowtime_gap_pct,3.575533137530318,46,69,0.6666666666666666
ALL,XHE,flowtime_gap_pct,3.609221466364332,47,69,0.6811594202898551
ALL,XHE,flowtime_gap_pct,3.703703703703698,49,69,0.7101449275362319
ALL,XHE,flowtime_gap_pct,3.7871956717763666,50,69,0.7246376811594203
ALL,XHE,flowtime_gap_pct,3.845035393150953,51,69,0.7391304347826086
ALL,XHE,flowtime_gap_pct,3.90920554854981,52,69,0.7536231884057971
ALL,XHE,flowtime_gap_pct,3.921459251408499,53,69,0.7681159420289855
ALL,XHE,flowtime_gap_pct,3.9489000545184005,54,69,0.782608695652174
ALL,XHE,flowtime_gap_pct,4.146293761001374,55,69,0.7971014492753623
ALL,XHE,flowtime_gap_pct,4.6818899899468525,56,69,0.8115942028985508
ALL,XHE,flowtime_gap_pct,4.709819839065732,57,69,0.8260869565217391
ALL,XHE,flowtime_gap_pct,5.071299946464203,58,69,0.8405797101449275
ALL,XHE,flowtime_gap_pct,5.315102292587648,59,69,0.855072463768116
ALL,XHE,flowtime_gap_pct,5.3254437869822535,60,69,0.8695652173913043
ALL,XHE,flowtime_gap_pct,5.582751796687835,61,69,0.8840579710144928
ALL,XHE,flowtime_gap_pct,5.825242718446599,62,69,0.8985507246376812
ALL,XHE,flowtime_gap_pct,5.882688739831599,63,69,0.9130434782608695
ALL,XHE,flowtime_gap_pct,5.957242873812296,64,69,0.927536231884058
ALL,XHE,flowtime_gap_pct,7.299270072992692,65,69,0.9420289855072463
ALL,XHE,flowtime_gap_pct,7.555253013296248,66,69,0.9565217391304348
ALL,XHE,flowtime_gap_pct,7.875044710365375,67,69,0.9710144927536232
ALL,XHE,flowtime_gap_pct,8.01007556675064,68,69,0.9855072463768116
ALL,XHE,flowtime_gap_pct,9.327817778287194,69,69,1.0
ALL,XTE,flowtime_gap_pct,0.0,2,69,0.028985507246376812
ALL,XTE,flowtime_gap_pct,0.6185041127335422,3,69,0.043478260869565216
ALL,XTE,flowtime_gap_pct,0.9192255036182262,4,69,0.057971014492753624
ALL,XTE,flowtime_gap_pct,1.2820512820512775,5,69,0.07246376811594203
ALL,XTE,flowtime_gap_pct,1.339718374094967,6,69,0.08695652173913043
ALL,XTE,flowtime_gap_pct,1.3456336269681568,7,69,0.10144927536231885
ALL,XTE,flowtime_gap_pct,1.482127288578905,8,69,0.11594202898550725
ALL,XTE,flowtime_gap_pct,1.9819043515725943,9,69,0.13043478260869565
ALL,XTE,flowtime_gap_pct,1.9893761066555493,10,69,0.14492753623188406
ALL,XTE,flowtime_gap_pct,2.192758796532379,11,69,0.15942028985507245
ALL,XTE,flowtime_gap_pct,2.1964782205746047,12,69,0.17391304347826086
ALL,XTE,flowtime_gap_pct,2.3293880634600805,13,69,0.18840579710144928
ALL,XTE,flowtime_gap_pct,2.3914557696772754,14,69,0.2028985507246377
ALL,XTE,flowtime_gap_pct,2.436178973373604,15,69,0.21739130434782608
ALL,XTE,flowtime_gap_pct,2.7027027027026973,16,69,0.2318840579710145
ALL,XTE,flowtime_gap_pct,2.9051819184123584,17,69,0.2463768115942029
ALL,XTE,flowtime_gap_pct,2.9541446208112943,18,69,0.2608695652173913
ALL,XTE,flowtime_gap_pct,2.999857285571572,19,69,0.2753623188405797
ALL,XTE,flowtime_gap_pct,3.0193687528514035,20,69,0.2898550724637681
ALL,XTE,flowtime_gap_pct,3.03608896349139,21,69,0.30434782608695654
ALL,XTE,flowtime_gap_pct,3.053435114503822,22,69,0.3188405797101449
ALL,XTE,flowtime_gap_pct,3.0838973311199114,23,69,0.3333333333333333
ALL,XTE,flowtime_gap_pct,3.4138450382105168,24,69,0.34782608695652173
ALL,XTE,flowtime_gap_pct,3.555872902534807,25,69,0.36231884057971014
ALL,XTE,flowtime_gap_pct,3.986537732271511,26,69,0.37681159420289856
ALL,XTE,flowtime_gap_pct,4.035308953341743,27,69,0.391304347826087
ALL,XTE,flowtime_gap_pct,4.139860139860141,28,69,0.4057971014492754
ALL,XTE,flowtime_gap_pct,4.3090007087172255,29,69,0.42028985507246375
ALL,XTE,flowtime_gap_pct,4.385102898241122,30,69,0.43478260869565216
ALL,XTE,flowtime_gap_pct,4.406779661016946,31,69,0.4492753623188406
ALL,XTE,flowtime_gap_pct,4.435702658708629,32,69,0.463768115942029
ALL,XTE,flowtime_gap_pct,4.487453401505892,33,69,0.4782608695652174
ALL,XTE,flowtime_gap_pct,4.51547614893395,34,69,0.4927536231884058
ALL,XTE,flowtime_gap_pct,4.639737991266379,35,69,0.5072463768115942
ALL,XTE,flowtime_gap_pct,4.666632137387072,36,69,0.5217391304347826
ALL,XTE,flowtime_gap_pct,4.711636437741995,37,69,0.5362318840579711
ALL,XTE,flowtime_gap_pct,4.854368932038833,38,69,0.5507246376811594
ALL,XTE,flowtime_gap_pct,5.011261261261257,39,69,0.5652173913043478
ALL,XTE,flowtime_gap_pct,5.030142579184083,40,69,0.5797101449275363
ALL,XTE,flowtime_gap_pct,5.079012818060069,41,69,0.5942028985507246
ALL,XTE,flowtime_gap_pct,5.099150141643061,42,69,0.6086956521739131
ALL,XTE,flowtime_gap_pct,5.502703941815756,43,69,0.6231884057971014
ALL,XTE,flowtime_gap_pct,5.52878765756557,44,69,0.6376811594202898
ALL,XTE,flowtime_gap_pct,5.665722379603388,45,69,0.6521739130434783
ALL,XTE,flowtime_gap_pct,5.723905723905731,46,69,0.6666666666666666
ALL,XTE,flowtime_gap_pct,5.726694273305721,47,69,0.6811594202898551
ALL,XTE,flowtime_gap_pct,6.214367160775369,48,69,0.6956521739130435
ALL,XTE,flowtime_gap_pct,6.25789669267931,49,69,0.7101449275362319
ALL,XTE,flowtime_gap_pct,6.33923472301543,50,69,0.7246376811594203
ALL,XTE,flowtime_gap_pct,6.460914139256735,51,69,0.7391304347826086
ALL,XTE,flowtime_gap_pct,6.7127061938669685,52,69,0.7536231884057971
ALL,XTE,flowtime_gap_pct,6.7194381138533155,53,69,0.7681159420289855
ALL,XTE,flowtime_gap_pct,6.911142454160779,54,69,0.782608695652174
ALL,XTE,flowtime_gap_pct,6.981371895315891,55,69,0.7971014492753623
ALL,XTE,flowtime_gap_pct,7.103274559193951,56,69,0.8115942028985508
ALL,XTE,flowtime_gap_pct,7.123655913978499,57,69,0.8260869565217391
ALL,XTE,flowtime_gap_pct,7.471980074719808,58,69,0.8405797101449275
ALL,XTE,flowtime_gap_pct,7.716918351676472,59,69,0.855072463768116
ALL,XTE,flowtime_gap_pct,8.799674966270077,60,69,0.8695652173913043
ALL,XTE,flowtime_gap_pct,9.26740874967642,61,69,0.8840579710144928
ALL,XTE,flowtime_gap_pct,9.369876015058098,62,69,0.8985507246376812
ALL,XTE,flowtime_gap_pct,9.958289885297189,63,69,0.9130434782608695
ALL,XTE,flowtime_gap_pct,11.04088466916906,64,69,0.927536231884058
ALL,XTE,flowtime_gap_pct,13.283149971048068,65,69,0.9420289855072463
ALL,XTE,flowtime_gap_pct,14.968643980672347,66,69,0.9565217391304348
ALL,XTE,flowtime_gap_pct,15.976331360946737,67,69,0.9710144927536232
ALL,XTE,flowtime_gap_pct,17.25797184717035,68,69,0.9855072463768116
ALL,XTE,flowtime_gap_pct,17.731221257026064,69,69,1.0
ALL,XHTE,flowtime_gap_pct,0.0,1,69,0.014492753623188406
ALL,XHTE,flowtime_gap_pct,0.01160900859067393,2,69,0.028985507246376812
ALL,XHTE,flowtime_gap_pct,0.19447809730281929,3,69,0.043478260869565216
ALL,XHTE,flowtime_gap_pct,0.2577319587628857,4,69,0.057971014492753624
ALL,XHTE,flowtime_gap_pct,0.26520570890185,5,69,0.07246376811594203
ALL,XHTE,flowtime_gap_pct,0.4160887656033285,6,69,0.08695652173913043
ALL,XHTE,flowtime_gap_pct,0.5282669138090723,7,69,0.10144927536231885
ALL,XHTE,flowtime_gap_pct,0.56657223796035,8,69,0.11594202898550725
ALL,XHTE,flowtime_gap_pct,0.7319819819819884,9,69,0.13043478260869565
ALL,XHTE,flowtime_gap_pct,0.7633587786259444,10,69,0.14492753623188406
ALL,XHTE,flowtime_gap_pct,1.0752688172043001,11,69,0.15942028985507245
ALL,XHTE,flowtime_gap_pct,1.0958904109588996,12,69,0.17391304347826086
ALL,XHTE,flowtime_gap_pct,1.1331444759206777,13,69,0.18840579710144928
ALL,XHTE,flowtime_gap_pct,1.146853146853144,14,69,0.2028985507246377
ALL,XHTE,flowtime_gap_pct,1.2542759407069504,15,69,0.21739130434782608
ALL,XHTE,flowtime_gap_pct,1.320217447579597,16,69,0.2318840579710145
ALL,XHTE,flowtime_gap_pct,1.3229282794500197,17,69,0.2463768115942029
ALL,XHTE,flowtime_gap_pct,1.3484452194129526,18,69,0.2608695652173913
ALL,XHTE,flowtime_gap_pct,1.366442394395495,19,69,0.2753623188405797
ALL,XHTE,flowtime_gap_pct,1.3706453455168521,20,69,0.2898550724637681
ALL,XHTE,flowtime_gap_pct,1.4278429372768908,21,69,0.30434782608695654
ALL,XHTE,flowtime_gap_pct,1.637554585152845,22,69,0.3188405797101449
ALL,XHTE,flowtime_gap_pct,1.6405004292898262,23,69,0.3333333333333333
ALL,XHTE,flowtime_gap_pct,1.719991848379876,24,69,0.34782608695652173
ALL,XHTE,flowtime_gap_pct,1.7843908557094723,25,69,0.36231884057971014
ALL,XHTE,flowtime_gap_pct,1.906051452973645,26,69,0.37681159420289856
ALL,XHTE,flowtime_gap_pct,2.0476068594829755,27,69,0.391304347826087
ALL,XHTE,flowtime_gap_pct,2.054133445237105,28,69,0.4057971014492754
ALL,XHTE,flowtime_gap_pct,2.0966823294888304,29,69,0.42028985507246375
ALL,XHTE,flowtime_gap_pct,2.1108978891021035,30,69,0.43478260869565216
ALL,XHTE,flowtime_gap_pct,2.136752136752129,31,69,0.4492753623188406
ALL,XHTE,flowtime_gap_pct,2.3009107940859197,32,69,0.463768115942029
ALL,XHTE,flowtime_gap_pct,2.55791505791505,33,69,0.4782608695652174
ALL,XHTE,flowtime_gap_pct,2.5977743586073743,34,69,0.4927536231884058
ALL,XHTE,flowtime_gap_pct,2.679444553099941,35,69,0.5072463768115942
ALL,XHTE,flowtime_gap_pct,2.6798307475317307,36,69,0.5217391304347826
ALL,XHTE,flowtime_gap_pct,2.762224710712946,37,69,0.5362318840579711
ALL,XHTE,flowtime_gap_pct,2.7700831024930705,38,69,0.5507246376811594
ALL,XHTE,flowtime_gap_pct,2.778171509567673,39,69,0.5652173913043478
ALL,XHTE,flowtime_gap_pct,3.0303030303030276,40,69,0.5797101449275363
ALL,XHTE,flowtime_gap_pct,3.1541310177499726,41,69,0.5942028985507246
ALL,XHTE,flowtime_gap_pct,3.156516044531754,42,69,0.6086956521739131
ALL,XHTE,flowtime_gap_pct,3.1739192876633737,43,69,0.6231884057971014
ALL,XHTE,flowtime_gap_pct,3.2056393735446997,44,69,0.6376811594202898
ALL,XHTE,flowtime_gap_pct,3.490376328641198,45,69,0.6521739130434783
ALL,XHTE,flowtime_gap_pct,3.8775123246113097,46,69,0.6666666666666666
ALL,XHTE,flowtime_gap_pct,3.90920554854981,47,69,0.6811594202898551
ALL,XHTE,flowtime_gap_pct,4.066491883750767,48,69,0.6956521739130435
ALL,XHTE,flowtime_gap_pct,4.094230284706479,49,69,0.7101449275362319
ALL,XHTE,flowtime_gap_pct,4.184219921456633,50,69,0.7246376811594203
ALL,XHTE,flowtime_gap_pct,4.5762711864406835,51,69,0.7391304347826086
ALL,XHTE,flowtime_gap_pct,4.762558331045841,52,69,0.7536231884057971
ALL,XHTE,flowtime_gap_pct,4.769845644983461,53,69,0.7681159420289855
ALL,XHTE,flowtime_gap_pct,4.911812810349647,54,69,0.782608695652174
ALL,XHTE,flowtime_gap_pct,5.275301320068881,55,69,0.7971014492753623
ALL,XHTE,flowtime_gap_pct,5.45169116597688,56,69,0.8115942028985508
ALL,XHTE,flowtime_gap_pct,5.815139767394406,57,69,0.8260869565217391
ALL,XHTE,flowtime_gap_pct,6.485234510712212,58,69,0.8405797101449275
ALL,XHTE,flowtime_gap_pct,6.642820643842606,59,69,0.855072463768116
ALL,XHTE,flowtime_gap_pct,6.717818502980788,60,69,0.8695652173913043
ALL,XHTE,flowtime_gap_pct,7.649191531921984,61,69,0.8840579710144928
ALL,XHTE,flowtime_gap_pct,7.652181633876176,62,69,0.8985507246376812
ALL,XHTE,flowtime_gap_pct,7.944171473331907,63,69,0.9130434782608695
ALL,XHTE,flowtime_gap_pct,8.01007556675064,64,69,0.927536231884058
ALL,XHTE,flowtime_gap_pct,8.654848800834202,65,69,0.9420289855072463
ALL,XHTE,flowtime_gap_pct,8.80907188397333,66,69,0.9565217391304348
ALL,XHTE,flowtime_gap_pct,8.964737329083983,67,69,0.9710144927536232
ALL,XHTE,flowtime_gap_pct,9.290548317296633,68,69,0.9855072463768116
ALL,XHTE,flowtime_gap_pct,10.11868168509238,69,69,1.0
ALL,NSGA-II,flowtime_gap_pct,0.7050092764378402,1,69,0.014492753623188406
ALL,NSGA-II,flowtime_gap_pct,1.5730462430969983,2,69,0.028985507246376812
ALL,NSGA-II,flowtime_gap_pct,1.9793129868471482,3,69,0.043478260869565216
ALL,NSGA-II,flowtime_gap_pct,2.1428571428571352,4,69,0.057971014492753624
ALL,NSGA-II,flowtime_gap_pct,2.3980727010181724,5,69,0.07246376811594203
ALL,NSGA-II,flowtime_gap_pct,2.877543734380583,6,69,0.08695652173913043
ALL,NSGA-II,flowtime_gap_pct,3.2660219946909264,7,69,0.10144927536231885
ALL,NSGA-II,flowtime_gap_pct,3.7146638046910097,8,69,0.11594202898550725
ALL,NSGA-II,flowtime_gap_pct,3.817951772461914,9,69,0.13043478260869565
ALL,NSGA-II,flowtime_gap_pct,4.393648080894397,10,69,0.14492753623188406
ALL,NSGA-II,flowtime_gap_pct,4.839697846465496,11,69,0.15942028985507245
ALL,NSGA-II,flowtime_gap_pct,4.897314375987372,12,69,0.17391304347826086
ALL,NSGA-II,flowtime_gap_pct,4.913532802635201,13,69,0.18840579710144928
ALL,NSGA-II,flowtime_gap_pct,4.929787641094308,14,69,0.2028985507246377
ALL,NSGA-II,flowtime_gap_pct,5.098148019698967,15,69,0.21739130434782608
ALL,NSGA-II,flowtime_gap_pct,5.158730158730163,16,69,0.2318840579710145
ALL,NSGA-II,flowtime_gap_pct,5.2027059911422535,17,69,0.2463768115942029
ALL,NSGA-II,flowtime_gap_pct,5.262335389231532,18,69,0.2608695652173913
ALL,NSGA-II,flowtime_gap_pct,5.344542447629541,19,69,0.2753623188405797
ALL,NSGA-II,flowtime_gap_pct,5.55143651529193,20,69,0.2898550724637681
ALL,NSGA-II,flowtime_gap_pct,6.415020535888916,21,69,0.30434782608695654
ALL,NSGA-II,flowtime_gap_pct,8.439407149084577,22,69,0.3188405797101449
ALL,NSGA-II,flowtime_gap_pct,8.683693516699421,23,69,0.3333333333333333
ALL,NSGA-II,flowtime_gap_pct,8.76232825950629,24,69,0.34782608695652173
ALL,NSGA-II,flowtime_gap_pct,9.37402353921466,25,69,0.36231884057971014
ALL,NSGA-II,flowtime_gap_pct,10.29777466046038,26,69,0.37681159420289856
ALL,NSGA-II,flowtime_gap_pct,10.937095521615326,27,69,0.391304347826087
ALL,NSGA-II,flowtime_gap_pct,13.342477113967654,28,69,0.4057971014492754
ALL,NSGA-II,flowtime_gap_pct,14.070118411887634,29,69,0.42028985507246375
ALL,NSGA-II,flowtime_gap_pct,15.100991248807594,30,69,0.43478260869565216
ALL,NSGA-II,flowtime_gap_pct,15.15151515151516,31,69,0.4492753623188406
ALL,NSGA-II,flowtime_gap_pct,15.645686477976174,32,69,0.463768115942029
ALL,NSGA-II,flowtime_gap_pct,16.31347041544271,33,69,0.4782608695652174
ALL,NSGA-II,flowtime_gap_pct,17.057265131444876,34,69,0.4927536231884058
ALL,NSGA-II,flowtime_gap_pct,17.215689011410817,35,69,0.5072463768115942
ALL,NSGA-II,flowtime_gap_pct,17.770183682187103,36,69,0.5217391304347826
ALL,NSGA-II,flowtime_gap_pct,17.8470254957507,37,69,0.5362318840579711
ALL,NSGA-II,flowtime_gap_pct,19.12869495891083,38,69,0.5507246376811594
ALL,NSGA-II,flowtime_gap_pct,20.503815927136483,39,69,0.5652173913043478
ALL,NSGA-II,flowtime_gap_pct,21.062801932367158,40,69,0.5797101449275363
ALL,NSGA-II,flowtime_gap_pct,23.283539212869876,41,69,0.5942028985507246
ALL,NSGA-II,flowtime_gap_pct,23.461939520333686,42,69,0.6086956521739131
ALL,NSGA-II,flowtime_gap_pct,25.84271730330463,43,69,0.6231884057971014
ALL,NSGA-II,flowtime_gap_pct,26.606353449162135,44,69,0.6376811594202898
ALL,NSGA-II,flowtime_gap_pct,36.42056357943642,45,69,0.6521739130434783
ALL,NSGA-II,flowtime_gap_pct,38.034188034188034,46,69,0.6666666666666666
ALL,NSGA-II,flowtime_gap_pct,39.42052642317895,47,69,0.6811594202898551
ALL,NSGA-II,flowtime_gap_pct,40.20356234096691,48,69,0.6956521739130435
ALL,NSGA-II,flowtime_gap_pct,42.17207334273625,49,69,0.7101449275362319
ALL,NSGA-II,flowtime_gap_pct,42.4731182795699,50,69,0.7246376811594203
ALL,NSGA-II,flowtime_gap_pct,42.54777070063693,51,69,0.7391304347826086
ALL,NSGA-II,flowtime_gap_pct,43.038605230386054,52,69,0.7536231884057971
ALL,NSGA-II,flowtime_gap_pct,46.24685138539042,53,69,0.7681159420289855
ALL,NSGA-II,flowtime_gap_pct,46.3245492371706,54,69,0.782608695652174
ALL,NSGA-II,flowtime_gap_pct,48.0453972257251,55,69,0.7971014492753623
ALL,NSGA-II,flowtime_gap_pct,50.283286118980165,56,69,0.8115942028985508
ALL,NSGA-II,flowtime_gap_pct,52.12059274399592,57,69,0.8260869565217391
ALL,NSGA-II,flowtime_gap_pct,54.48315248429469,58,69,0.8405797101449275
ALL,NSGA-II,flowtime_gap_pct,57.57722007722008,59,69,0.855072463768116
ALL,NSGA-II,flowtime_gap_pct,58.7799315849487,60,69,0.8695652173913043
ALL,NSGA-II,flowtime_gap_pct,59.170305676855904,61,69,0.8840579710144928
ALL,NSGA-II,flowtime_gap_pct,61.82432432432432,62,69,0.8985507246376812
ALL,NSGA-II,flowtime_gap_pct,63.62237762237761,63,69,0.9130434782608695
ALL,NSGA-II,flowtime_gap_pct,64.40591534931157,64,69,0.927536231884058
ALL,NSGA-II,flowtime_gap_pct,66.20998372219206,65,69,0.9420289855072463
ALL,NSGA-II,flowtime_gap_pct,69.83050847457628,66,69,0.9565217391304348
ALL,NSGA-II,flowtime_gap_pct,70.53153791637136,67,69,0.9710144927536232
ALL,NSGA-II,flowtime_gap_pct,85.20523797532107,68,69,0.9855072463768116
ALL,NSGA-II,flowtime_gap_pct,87.27924238546198,69,69,1.0
ALL,SPEA2,flowtime_gap_pct,0.7142857142857117,1,69,0.014492753623188406
ALL,SPEA2,flowtime_gap_pct,0.9845484464773735,2,69,0.028985507246376812
ALL,SPEA2,flowtime_gap_pct,1.6222906567256556,3,69,0.043478260869565216
ALL,SPEA2,flowtime_gap_pct,1.9608962466105329,4,69,0.057971014492753624
ALL,SPEA2,flowtime_gap_pct,3.5286457369904767,5,69,0.07246376811594203
ALL,SPEA2,flowtime_gap_pct,3.6344167296548324,6,69,0.08695652173913043
ALL,SPEA2,flowtime_gap_pct,3.7415400332013737,7,69,0.10144927536231885
ALL,SPEA2,flowtime_gap_pct,3.784362727597279,8,69,0.11594202898550725
ALL,SPEA2,flowtime_gap_pct,3.8636671494513886,9,69,0.13043478260869565
ALL,SPEA2,flowtime_gap_pct,4.115171226324854,10,69,0.14492753623188406
ALL,SPEA2,flowtime_gap_pct,4.213560252539117,11,69,0.15942028985507245
ALL,SPEA2,flowtime_gap_pct,4.341873655388229,12,69,0.17391304347826086
ALL,SPEA2,flowtime_gap_pct,4.458071737966618,13,69,0.18840579710144928
ALL,SPEA2,flowtime_gap_pct,4.594459873246448,14,69,0.2028985507246377
ALL,SPEA2,flowtime_gap_pct,4.654227647915654,15,69,0.21739130434782608
ALL,SPEA2,flowtime_gap_pct,4.8445202882063,16,69,0.2318840579710145
ALL,SPEA2,flowtime_gap_pct,4.874884151992576,17,69,0.2463768115942029
ALL,SPEA2,flowtime_gap_pct,5.127100387763894,18,69,0.2608695652173913
ALL,SPEA2,flowtime_gap_pct,5.270688061535633,19,69,0.2753623188405797
ALL,SPEA2,flowtime_gap_pct,5.413402233705611,20,69,0.2898550724637681
ALL,SPEA2,flowtime_gap_pct,5.704244762954791,21,69,0.30434782608695654
ALL,SPEA2,flowtime_gap_pct,7.342796875890767,22,69,0.3188405797101449
ALL,SPEA2,flowtime_gap_pct,8.068107400130975,23,69,0.3333333333333333
ALL,SPEA2,flowtime_gap_pct,8.64283638477188,24,69,0.34782608695652173
ALL,SPEA2,flowtime_gap_pct,9.019893761066555,25,69,0.36231884057971014
ALL,SPEA2,flowtime_gap_pct,10.665286047113632,26,69,0.37681159420289856
ALL,SPEA2,flowtime_gap_pct,11.203213670853795,27,69,0.391304347826087
ALL,SPEA2,flowtime_gap_pct,11.473087818696893,28,69,0.4057971014492754
ALL,SPEA2,flowtime_gap_pct,13.157475040668555,29,69,0.42028985507246375
ALL,SPEA2,flowtime_gap_pct,13.214921445708526,30,69,0.43478260869565216
ALL,SPEA2,flowtime_gap_pct,14.085590582173403,31,69,0.4492753623188406
ALL,SPEA2,flowtime_gap_pct,14.478114478114467,32,69,0.463768115942029
ALL,SPEA2,flowtime_gap_pct,14.725136382710868,33,69,0.4782608695652174
ALL,SPEA2,flowtime_gap_pct,15.660901663141313,34,69,0.4927536231884058
ALL,SPEA2,flowtime_gap_pct,15.701224831629279,35,69,0.5072463768115942
ALL,SPEA2,flowtime_gap_pct,16.37456694518036,36,69,0.5217391304347826
ALL,SPEA2,flowtime_gap_pct,18.262316673786128,37,69,0.5362318840579711
ALL,SPEA2,flowtime_gap_pct,20.096618357487927,38,69,0.5507246376811594
ALL,SPEA2,flowtime_gap_pct,20.166656445480193,39,69,0.5652173913043478
ALL,SPEA2,flowtime_gap_pct,20.391081841701887,40,69,0.5797101449275363
ALL,SPEA2,flowtime_gap_pct,22.262773722627728,41,69,0.5942028985507246
ALL,SPEA2,flowtime_gap_pct,22.673082447572533,42,69,0.6086956521739131
ALL,SPEA2,flowtime_gap_pct,24.324046468592584,43,69,0.6231884057971014
ALL,SPEA2,flowtime_gap_pct,26.213476116876432,44,69,0.6376811594202898
ALL,SPEA2,flowtime_gap_pct,36.12766387233612,45,69,0.6521739130434783
ALL,SPEA2,flowtime_gap_pct,37.584166496633344,46,69,0.6666666666666666
ALL,SPEA2,flowtime_gap_pct,37.76881720430107,47,69,0.6811594202898551
ALL,SPEA2,flowtime_gap_pct,41.025641025641036,48,69,0.6956521739130435
ALL,SPEA2,flowtime_gap_pct,42.239185750636125,49,69,0.7101449275362319
ALL,SPEA2,flowtime_gap_pct,43.5118306351183,50,69,0.7246376811594203
ALL,SPEA2,flowtime_gap_pct,43.61320208453967,51,69,0.7391304347826086
ALL,SPEA2,flowtime_gap_pct,44.287729196050776,52,69,0.7536231884057971
ALL,SPEA2,flowtime_gap_pct,44.91568727644353,53,69,0.7681159420289855
ALL,SPEA2,flowtime_gap_pct,45.145018915510725,54,69,0.782608695652174
ALL,SPEA2,flowtime_gap_pct,45.76976421636616,55,69,0.7971014492753623
ALL,SPEA2,flowtime_gap_pct,46.033994334277615,56,69,0.8115942028985508
ALL,SPEA2,flowtime_gap_pct,50.377833753148614,57,69,0.8260869565217391
ALL,SPEA2,flowtime_gap_pct,55.021834061135365,58,69,0.8405797101449275
ALL,SPEA2,flowtime_gap_pct,55.11136493432325,59,69,0.855072463768116
ALL,SPEA2,flowtime_gap_pct,57.12656784492589,60,69,0.8695652173913043
ALL,SPEA2,flowtime_gap_pct,59.12162162162162,61,69,0.8840579710144928
ALL,SPEA2,flowtime_gap_pct,60.326364099949004,62,69,0.8985507246376812
ALL,SPEA2,flowtime_gap_pct,63.07915057915059,63,69,0.9130434782608695
ALL,SPEA2,flowtime_gap_pct,63.79544221378188,64,69,0.927536231884058
ALL,SPEA2,flowtime_gap_pct,63.90209790209791,65,69,0.9420289855072463
ALL,SPEA2,flowtime_gap_pct,65.9322033898305,66,69,0.9565217391304348
ALL,SPEA2,flowtime_gap_pct,66.91708008504607,67,69,0.9710144927536232
ALL,SPEA2,flowtime_gap_pct,82.22110299672627,68,69,0.9855072463768116
ALL,SPEA2,flowtime_gap_pct,87.15126695674431,69,69,1.0
ALL,MOEA/D,flowtime_gap_pct,0.07809391898860873,1,69,0.014492753623188406
ALL,MOEA/D,flowtime_gap_pct,0.2641913602284829,2,69,0.028985507246376812
ALL,MOEA/D,flowtime_gap_pct,0.38449114836773823,3,69,0.043478260869565216
ALL,MOEA/D,flowtime_gap_pct,0.4825124114464119,4,69,0.057971014492753624
ALL,MOEA/D,flowtime_gap_pct,0.5826454879656051,5,69,0.07246376811594203
ALL,MOEA/D,flowtime_gap_pct,0.6536320822035036,6,69,0.08695652173913043
ALL,MOEA/D,flowtime_gap_pct,0.7062950322336059,7,69,0.10144927536231885
ALL,MOEA/D,flowtime_gap_pct,0.8629377676996786,8,69,0.11594202898550725
ALL,MOEA/D,flowtime_gap_pct,1.0691744789161683,9,69,0.13043478260869565
ALL,MOEA/D,flowtime_gap_pct,1.1906287830235618,10,69,0.14492753623188406
ALL,MOEA/D,flowtime_gap_pct,1.3280551653684025,11,69,0.15942028985507245
ALL,MOEA/D,flowtime_gap_pct,2.2662889518413554,12,69,0.17391304347826086
ALL,MOEA/D,flowtime_gap_pct,2.3847763663795263,13,69,0.18840579710144928
ALL,MOEA/D,flowtime_gap_pct,2.428544097952945,14,69,0.2028985507246377
ALL,MOEA/D,flowtime_gap_pct,2.5940159209442815,15,69,0.21739130434782608
ALL,MOEA/D,flowtime_gap_pct,2.69940823470578,16,69,0.2318840579710145
ALL,MOEA/D,flowtime_gap_pct,2.9719555339922765,17,69,0.2463768115942029
ALL,MOEA/D,flowtime_gap_pct,3.231365790607499,18,69,0.2608695652173913
ALL,MOEA/D,flowtime_gap_pct,3.6121830209481898,19,69,0.2753623188405797
ALL,MOEA/D,flowtime_gap_pct,4.377104377104368,20,69,0.2898550724637681
ALL,MOEA/D,flowtime_gap_pct,5.35714285714286,21,69,0.30434782608695654
ALL,MOEA/D,flowtime_gap_pct,5.45667905339331,22,69,0.3188405797101449
ALL,MOEA/D,flowtime_gap_pct,6.413345690454131,23,69,0.3333333333333333
ALL,MOEA/D,flowtime_gap_pct,7.41248485621373,24,69,0.34782608695652173
ALL,MOEA/D,flowtime_gap_pct,8.049712103072793,25,69,0.36231884057971014
ALL,MOEA/D,flowtime_gap_pct,8.462656204591678,26,69,0.37681159420289856
ALL,MOEA/D,flowtime_gap_pct,9.051140506197264,27,69,0.391304347826087
ALL,MOEA/D,flowtime_gap_pct,9.561231172233132,28,69,0.4057971014492754
ALL,MOEA/D,flowtime_gap_pct,10.419363189231156,29,69,0.42028985507246375
ALL,MOEA/D,flowtime_gap_pct,11.049089343242645,30,69,0.43478260869565216
ALL,MOEA/D,flowtime_gap_pct,11.768705048842442,31,69,0.4492753623188406
ALL,MOEA/D,flowtime_gap_pct,13.354229548796525,32,69,0.463768115942029
ALL,MOEA/D,flowtime_gap_pct,14.520343411720793,33,69,0.4782608695652174
ALL,MOEA/D,flowtime_gap_pct,14.983277591973243,34,69,0.4927536231884058
ALL,MOEA/D,flowtime_gap_pct,15.098615190935805,35,69,0.5072463768115942
ALL,MOEA/D,flowtime_gap_pct,15.275499877865784,36,69,0.5217391304347826
ALL,MOEA/D,flowtime_gap_pct,15.735420856075844,37,69,0.5362318840579711
ALL,MOEA/D,flowtime_gap_pct,17.065416751579377,38,69,0.5507246376811594
ALL,MOEA/D,flowtime_gap_pct,17.29406948597465,39,69,0.5652173913043478
ALL,MOEA/D,flowtime_gap_pct,19.968717413972882,40,69,0.5797101449275363
ALL,MOEA/D,flowtime_gap_pct,20.674138353980133,41,69,0.5942028985507246
ALL,MOEA/D,flowtime_gap_pct,21.13155824459241,42,69,0.6086956521739131
ALL,MOEA/D,flowtime_gap_pct,22.041739488023037,43,69,0.6231884057971014
ALL,MOEA/D,flowtime_gap_pct,25.64102564102564,44,69,0.6376811594202898
ALL,MOEA/D,flowtime_gap_pct,26.575034959888132,45,69,0.6521739130434783
ALL,MOEA/D,flowtime_gap_pct,29.25598991172762,46,69,0.6666666666666666
ALL,MOEA/D,flowtime_gap_pct,31.29770992366412,47,69,0.6811594202898551
ALL,MOEA/D,flowtime_gap_pct,32.19751071209957,48,69,0.6956521739130435
ALL,MOEA/D,flowtime_gap_pct,33.15826684173315,49,69,0.7101449275362319
ALL,MOEA/D,flowtime_gap_pct,34.13258110014104,50,69,0.7246376811594203
ALL,MOEA/D,flowtime_gap_pct,35.22884882108184,51,69,0.7391304347826086
ALL,MOEA/D,flowtime_gap_pct,36.8279569892473,52,69,0.7536231884057971
ALL,MOEA/D,flowtime_gap_pct,38.605230386052305,53,69,0.7681159420289855
ALL,MOEA/D,flowtime_gap_pct,39.94334277620397,54,69,0.782608695652174
ALL,MOEA/D,flowtime_gap_pct,42.628836132020844,55,69,0.7971014492753623
ALL,MOEA/D,flowtime_gap_pct,45.390428211586894,56,69,0.8115942028985508
ALL,MOEA/D,flowtime_gap_pct,50.02554931016863,57,69,0.8260869565217391
ALL,MOEA/D,flowtime_gap_pct,51.88223938223939,58,69,0.8405797101449275
ALL,MOEA/D,flowtime_gap_pct,52.02741290691033,59,69,0.855072463768116
ALL,MOEA/D,flowtime_gap_pct,53.53477765108323,60,69,0.8695652173913043
ALL,MOEA/D,flowtime_gap_pct,54.39189189189189,61,69,0.8840579710144928
ALL,MOEA/D,flowtime_gap_pct,54.91266375545851,62,69,0.8985507246376812
ALL,MOEA/D,flowtime_gap_pct,59.96940336562977,63,69,0.9130434782608695
ALL,MOEA/D,flowtime_gap_pct,60.29571351058058,64,69,0.927536231884058
ALL,MOEA/D,flowtime_gap_pct,62.67895109851169,65,69,0.9420289855072463
ALL,MOEA/D,flowtime_gap_pct,63.55932203389831,66,69,0.9565217391304348
ALL,MOEA/D,flowtime_gap_pct,68.44755244755245,67,69,0.9710144927536232
ALL,MOEA/D,flowtime_gap_pct,71.61923948627549,68,69,0.9855072463768116
ALL,MOEA/D,flowtime_gap_pct,75.37752751471717,69,69,1.0
ALL,SMS-EMOA,flowtime_gap_pct,1.6093044011825652,1,69,0.014492753623188406
ALL,SMS-EMOA,flowtime_gap_pct,1.8838304552590168,2,69,0.028985507246376812
ALL,SMS-EMOA,flowtime_gap_pct,2.499999999999991,3,69,0.043478260869565216
ALL,SMS-EMOA,flowtime_gap_pct,3.045662840555785,4,69,0.057971014492753624
ALL,SMS-EMOA,flowtime_gap_pct,3.360826697004171,5,69,0.07246376811594203
ALL,SMS-EMOA,flowtime_gap_pct,3.520171367368796,6,69,0.08695652173913043
ALL,SMS-EMOA,flowtime_gap_pct,3.575533137530318,7,69,0.10144927536231885
ALL,SMS-EMOA,flowtime_gap_pct,3.613789276548518,8,69,0.11594202898550725
ALL,SMS-EMOA,flowtime_gap_pct,3.8542893165643743,9,69,0.13043478260869565
ALL,SMS-EMOA,flowtime_gap_pct,4.021255206089336,10,69,0.14492753623188406
ALL,SMS-EMOA,flowtime_gap_pct,4.135374507032874,11,69,0.15942028985507245
ALL,SMS-EMOA,flowtime_gap_pct,4.772149423039318,12,69,0.17391304347826086
ALL,SMS-EMOA,flowtime_gap_pct,4.925293230155248,13,69,0.18840579710144928
ALL,SMS-EMOA,flowtime_gap_pct,5.020156210632409,14,69,0.2028985507246377
ALL,SMS-EMOA,flowtime_gap_pct,5.339314961190622,15,69,0.21739130434782608
ALL,SMS-EMOA,flowtime_gap_pct,5.476846747519293,16,69,0.2318840579710145
ALL,SMS-EMOA,flowtime_gap_pct,5.523545098150318,17,69,0.2463768115942029
ALL,SMS-EMOA,flowtime_gap_pct,5.718257645968494,18,69,0.2608695652173913
ALL,SMS-EMOA,flowtime_gap_pct,5.723304968432608,19,69,0.2753623188405797
ALL,SMS-EMOA,flowtime_gap_pct,5.8580447675530944,20,69,0.2898550724637681
ALL,SMS-EMOA,flowtime_gap_pct,6.082891511316335,21,69,0.30434782608695654
ALL,SMS-EMOA,flowtime_gap_pct,6.311468578096346,22,69,0.3188405797101449
ALL,SMS-EMOA,flowtime_gap_pct,7.999166753463172,23,69,0.3333333333333333
ALL,SMS-EMOA,flowtime_gap_pct,9.572798605056665,24,69,0.34782608695652173
ALL,SMS-EMOA,flowtime_gap_pct,9.652914210871,25,69,0.36231884057971014
ALL,SMS-EMOA,flowtime_gap_pct,10.265893005164827,26,69,0.37681159420289856
ALL,SMS-EMOA,flowtime_gap_pct,11.260678229355413,27,69,0.391304347826087
ALL,SMS-EMOA,flowtime_gap_pct,12.201068028790353,28,69,0.4057971014492754
ALL,SMS-EMOA,flowtime_gap_pct,12.42065643839112,29,69,0.42028985507246375
ALL,SMS-EMOA,flowtime_gap_pct,14.164305949008504,30,69,0.43478260869565216
ALL,SMS-EMOA,flowtime_gap_pct,15.128938828209515,31,69,0.4492753623188406
ALL,SMS-EMOA,flowtime_gap_pct,15.15151515151516,32,69,0.463768115942029
ALL,SMS-EMOA,flowtime_gap_pct,15.565518646831066,33,69,0.4782608695652174
ALL,SMS-EMOA,flowtime_gap_pct,15.675618967687788,34,69,0.4927536231884058
ALL,SMS-EMOA,flowtime_gap_pct,16.610011808065273,35,69,0.5072463768115942
ALL,SMS-EMOA,flowtime_gap_pct,17.270125668781876,36,69,0.5217391304347826
ALL,SMS-EMOA,flowtime_gap_pct,18.13238644453936,37,69,0.5362318840579711
ALL,SMS-EMOA,flowtime_gap_pct,20.36903593769164,38,69,0.5507246376811594
ALL,SMS-EMOA,flowtime_gap_pct,21.06991946406702,39,69,0.5652173913043478
ALL,SMS-EMOA,flowtime_gap_pct,21.471571906354512,40,69,0.5797101449275363
ALL,SMS-EMOA,flowtime_gap_pct,23.67135880494111,41,69,0.5942028985507246
ALL,SMS-EMOA,flowtime_gap_pct,24.556830031282594,42,69,0.6086956521739131
ALL,SMS-EMOA,flowtime_gap_pct,26.53823507764774,43,69,0.6231884057971014
ALL,SMS-EMOA,flowtime_gap_pct,27.048421918371535,44,69,0.6376811594202898
ALL,SMS-EMOA,flowtime_gap_pct,38.48096151903848,45,69,0.6521739130434783
ALL,SMS-EMOA,flowtime_gap_pct,38.930830442766776,46,69,0.6666666666666666
ALL,SMS-EMOA,flowtime_gap_pct,40.697384806973844,47,69,0.6811594202898551
ALL,SMS-EMOA,flowtime_gap_pct,40.7258064516129,48,69,0.6956521739130435
ALL,SMS-EMOA,flowtime_gap_pct,43.88398486759142,49,69,0.7101449275362319
ALL,SMS-EMOA,flowtime_gap_pct,44.00564174894217,50,69,0.7246376811594203
ALL,SMS-EMOA,flowtime_gap_pct,44.10540915395285,51,69,0.7391304347826086
ALL,SMS-EMOA,flowtime_gap_pct,44.22698320787492,52,69,0.7536231884057971
ALL,SMS-EMOA,flowtime_gap_pct,44.529262086513995,53,69,0.7681159420289855
ALL,SMS-EMOA,flowtime_gap_pct,45.299145299145295,54,69,0.782608695652174
ALL,SMS-EMOA,flowtime_gap_pct,46.45892351274787,55,69,0.7971014492753623
ALL,SMS-EMOA,flowtime_gap_pct,47.35516372795969,56,69,0.8115942028985508
ALL,SMS-EMOA,flowtime_gap_pct,48.69698518140011,57,69,0.8260869565217391
ALL,SMS-EMOA,flowtime_gap_pct,56.27729257641923,58,69,0.8405797101449275
ALL,SMS-EMOA,flowtime_gap_pct,56.95553021664765,59,69,0.855072463768116
ALL,SMS-EMOA,flowtime_gap_pct,58.48086807538549,60,69,0.8695652173913043
ALL,SMS-EMOA,flowtime_gap_pct,59.454545454545446,61,69,0.8840579710144928
ALL,SMS-EMOA,flowtime_gap_pct,60.020397756246815,62,69,0.8985507246376812
ALL,SMS-EMOA,flowtime_gap_pct,60.7545045045045,63,69,0.9130434782608695
ALL,SMS-EMOA,flowtime_gap_pct,64.1891891891892,64,69,0.927536231884058
ALL,SMS-EMOA,flowtime_gap_pct,65.16549104720563,65,69,0.9420289855072463
ALL,SMS-EMOA,flowtime_gap_pct,68.830616583983,66,69,0.9565217391304348
ALL,SMS-EMOA,flowtime_gap_pct,75.59322033898306,67,69,0.9710144927536232
ALL,SMS-EMOA,flowtime_gap_pct,84.03424830017627,68,69,0.9855072463768116
ALL,SMS-EMOA,flowtime_gap_pct,85.44919375479907,69,69,1.0
ALL,XG,seconds,0.0008549,1,69,0.014492753623188406
ALL,XG,seconds,0.0012354,2,69,0.028985507246376812
ALL,XG,seconds,0.0019368,3,69,0.043478260869565216
ALL,XG,seconds,0.0022201,4,69,0.057971014492753624
ALL,XG,seconds,0.0023923,5,69,0.07246376811594203
ALL,XG,seconds,0.0027877,6,69,0.08695652173913043
ALL,XG,seconds,0.0031003,7,69,0.10144927536231885
ALL,XG,seconds,0.0035155,8,69,0.11594202898550725
ALL,XG,seconds,0.0041208,9,69,0.13043478260869565
ALL,XG,seconds,0.0059524,10,69,0.14492753623188406
ALL,XG,seconds,0.0060693,11,69,0.15942028985507245
ALL,XG,seconds,0.0065069,12,69,0.17391304347826086
ALL,XG,seconds,0.0066497,13,69,0.18840579710144928
ALL,XG,seconds,0.0068401,14,69,0.2028985507246377
ALL,XG,seconds,0.0074075,15,69,0.21739130434782608
ALL,XG,seconds,0.0076678,16,69,0.2318840579710145
ALL,XG,seconds,0.0091727,17,69,0.2463768115942029
ALL,XG,seconds,0.0100713,18,69,0.2608695652173913
ALL,XG,seconds,0.0101616,19,69,0.2753623188405797
ALL,XG,seconds,0.0102577,20,69,0.2898550724637681
ALL,XG,seconds,0.0103823,21,69,0.30434782608695654
ALL,XG,seconds,0.0103899,22,69,0.3188405797101449
ALL,XG,seconds,0.0106516,23,69,0.3333333333333333
ALL,XG,seconds,0.0108067,24,69,0.34782608695652173
ALL,XG,seconds,0.0112553,25,69,0.36231884057971014
ALL,XG,seconds,0.0112639,26,69,0.37681159420289856
ALL,XG,seconds,0.0115188,27,69,0.391304347826087
ALL,XG,seconds,0.0115423,28,69,0.4057971014492754
ALL,XG,seconds,0.011615,29,69,0.42028985507246375
ALL,XG,seconds,0.012062,30,69,0.43478260869565216
ALL,XG,seconds,0.0134687,31,69,0.4492753623188406
ALL,XG,seconds,0.0144737,32,69,0.463768115942029
ALL,XG,seconds,0.014773,33,69,0.4782608695652174
ALL,XG,seconds,0.0148297,34,69,0.4927536231884058
ALL,XG,seconds,0.0163906,35,69,0.5072463768115942
ALL,XG,seconds,0.0165581,36,69,0.5217391304347826
ALL,XG,seconds,0.0166032,37,69,0.5362318840579711
ALL,XG,seconds,0.0181934,38,69,0.5507246376811594
ALL,XG,seconds,0.0208031,39,69,0.5652173913043478
ALL,XG,seconds,0.0208585,40,69,0.5797101449275363
ALL,XG,seconds,0.0219174,41,69,0.5942028985507246
ALL,XG,seconds,0.0220094,42,69,0.6086956521739131
ALL,XG,seconds,0.0224913,43,69,0.6231884057971014
ALL,XG,seconds,0.0231514,44,69,0.6376811594202898
ALL,XG,seconds,0.0281084,45,69,0.6521739130434783
ALL,XG,seconds,0.0293803,46,69,0.6666666666666666
ALL,XG,seconds,0.0305127,47,69,0.6811594202898551
ALL,XG,seconds,0.0335697,48,69,0.6956521739130435
ALL,XG,seconds,0.0361009,49,69,0.7101449275362319
ALL,XG,seconds,0.0415722,50,69,0.7246376811594203
ALL,XG,seconds,0.0425121,51,69,0.7391304347826086
ALL,XG,seconds,0.045322,52,69,0.7536231884057971
ALL,XG,seconds,0.0458582,53,69,0.7681159420289855
ALL,XG,seconds,0.0470794,54,69,0.782608695652174
ALL,XG,seconds,0.0494675,55,69,0.7971014492753623
ALL,XG,seconds,0.0505621,56,69,0.8115942028985508
ALL,XG,seconds,0.0654522,57,69,0.8260869565217391
ALL,XG,seconds,0.0676218,58,69,0.8405797101449275
ALL,XG,seconds,0.0681903,59,69,0.855072463768116
ALL,XG,seconds,0.0717369,60,69,0.8695652173913043
ALL,XG,seconds,0.0832927,61,69,0.8840579710144928
ALL,XG,seconds,0.0852805,62,69,0.8985507246376812
ALL,XG,seconds,0.0971652,63,69,0.9130434782608695
ALL,XG,seconds,0.1014382,64,69,0.927536231884058
ALL,XG,seconds,0.1350907,65,69,0.9420289855072463
ALL,XG,seconds,0.1442377,66,69,0.9565217391304348
ALL,XG,seconds,0.169282,67,69,0.9710144927536232
ALL,XG,seconds,0.1823724,68,69,0.9855072463768116
ALL,XG,seconds,0.1893087,69,69,1.0
ALL,XH,seconds,0.7005763,1,69,0.014492753623188406
ALL,XH,seconds,1.2452323,2,69,0.028985507246376812
ALL,XH,seconds,2.1537056,3,69,0.043478260869565216
ALL,XH,seconds,2.3122834,4,69,0.057971014492753624
ALL,XH,seconds,2.3917669,5,69,0.07246376811594203
ALL,XH,seconds,2.6443193000000003,6,69,0.08695652173913043
ALL,XH,seconds,3.9661207000000003,7,69,0.10144927536231885
ALL,XH,seconds,4.1141273,8,69,0.11594202898550725
ALL,XH,seconds,4.9507371,9,69,0.13043478260869565
ALL,XH,seconds,5.3297596,10,69,0.14492753623188406
ALL,XH,seconds,5.8619661,11,69,0.15942028985507245
ALL,XH,seconds,7.756433,12,69,0.17391304347826086
ALL,XH,seconds,7.8831424,13,69,0.18840579710144928
ALL,XH,seconds,8.1625547,14,69,0.2028985507246377
ALL,XH,seconds,8.6763215,15,69,0.21739130434782608
ALL,XH,seconds,9.6117562,16,69,0.2318840579710145
ALL,XH,seconds,9.8156155,17,69,0.2463768115942029
ALL,XH,seconds,9.8332048,18,69,0.2608695652173913
ALL,XH,seconds,9.8558409,19,69,0.2753623188405797
ALL,XH,seconds,9.983256,20,69,0.2898550724637681
ALL,XH,seconds,9.9969309,21,69,0.30434782608695654
ALL,XH,seconds,10.0047927,22,69,0.3188405797101449
ALL,XH,seconds,10.3009006,23,69,0.3333333333333333
ALL,XH,seconds,10.8838417,24,69,0.34782608695652173
ALL,XH,seconds,11.1336987,25,69,0.36231884057971014
ALL,XH,seconds,12.0210597,26,69,0.37681159420289856
ALL,XH,seconds,12.1125168,27,69,0.391304347826087
ALL,XH,seconds,12.9395746,28,69,0.4057971014492754
ALL,XH,seconds,13.1832881,29,69,0.42028985507246375
ALL,XH,seconds,13.9634952,30,69,0.43478260869565216
ALL,XH,seconds,14.543948499999999,31,69,0.4492753623188406
ALL,XH,seconds,17.200485,32,69,0.463768115942029
ALL,XH,seconds,17.4997045,33,69,0.4782608695652174
ALL,XH,seconds,17.8419616,34,69,0.4927536231884058
ALL,XH,seconds,17.9291937,35,69,0.5072463768115942
ALL,XH,seconds,19.8853452,36,69,0.5217391304347826
ALL,XH,seconds,20.8387795,37,69,0.5362318840579711
ALL,XH,seconds,21.3741617,38,69,0.5507246376811594
ALL,XH,seconds,22.7657131,39,69,0.5652173913043478
ALL,XH,seconds,24.8584243,40,69,0.5797101449275363
ALL,XH,seconds,26.0204346,41,69,0.5942028985507246
ALL,XH,seconds,26.986803,42,69,0.6086956521739131
ALL,XH,seconds,32.750219799999996,43,69,0.6231884057971014
ALL,XH,seconds,33.9874834,44,69,0.6376811594202898
ALL,XH,seconds,34.5609698,45,69,0.6521739130434783
ALL,XH,seconds,36.9448453,46,69,0.6666666666666666
ALL,XH,seconds,37.0528537,47,69,0.6811594202898551
ALL,XH,seconds,37.6711849,48,69,0.6956521739130435
ALL,XH,seconds,41.5151349,49,69,0.7101449275362319
ALL,XH,seconds,42.2682268,50,69,0.7246376811594203
ALL,XH,seconds,46.7468005,51,69,0.7391304347826086
ALL,XH,seconds,46.8827464,52,69,0.7536231884057971
ALL,XH,seconds,48.3171869,53,69,0.7681159420289855
ALL,XH,seconds,50.5473767,54,69,0.782608695652174
ALL,XH,seconds,62.4915425,55,69,0.7971014492753623
ALL,XH,seconds,62.9939975,56,69,0.8115942028985508
ALL,XH,seconds,78.1747591,57,69,0.8260869565217391
ALL,XH,seconds,83.6876631,58,69,0.8405797101449275
ALL,XH,seconds,85.8323383,59,69,0.855072463768116
ALL,XH,seconds,87.390567,60,69,0.8695652173913043
ALL,XH,seconds,96.0110075,61,69,0.8840579710144928
ALL,XH,seconds,101.0313781,62,69,0.8985507246376812
ALL,XH,seconds,121.3070837,63,69,0.9130434782608695
ALL,XH,seconds,131.179767,64,69,0.927536231884058
ALL,XH,seconds,131.618793,65,69,0.9420289855072463
ALL,XH,seconds,156.1682051,66,69,0.9565217391304348
ALL,XH,seconds,157.0441805,67,69,0.9710144927536232
ALL,XH,seconds,204.231258,68,69,0.9855072463768116
ALL,XH,seconds,217.6222366,69,69,1.0
ALL,XT,seconds,0.585453,1,69,0.014492753623188406
ALL,XT,seconds,0.9667039,2,69,0.028985507246376812
ALL,XT,seconds,1.7217316999999999,3,69,0.043478260869565216
ALL,XT,seconds,1.8886844,4,69,0.057971014492753624
ALL,XT,seconds,1.9259444000000001,5,69,0.07246376811594203
ALL,XT,seconds,2.117061,6,69,0.08695652173913043
ALL,XT,seconds,2.4265504,7,69,0.10144927536231885
ALL,XT,seconds,3.2786435,8,69,0.11594202898550725
ALL,XT,seconds,3.6935189,9,69,0.13043478260869565
ALL,XT,seconds,4.3185547,10,69,0.14492753623188406
ALL,XT,seconds,4.6658073,11,69,0.15942028985507245
ALL,XT,seconds,5.6083646,12,69,0.17391304347826086
ALL,XT,seconds,6.4852225,13,69,0.18840579710144928
ALL,XT,seconds,6.7748796,14,69,0.2028985507246377
ALL,XT,seconds,7.4051591,15,69,0.21739130434782608
ALL,XT,seconds,7.9176453,16,69,0.2318840579710145
ALL,XT,seconds,8.6969091,17,69,0.2463768115942029
ALL,XT,seconds,8.7435831,18,69,0.2608695652173913
ALL,XT,seconds,9.1132597,19,69,0.2753623188405797
ALL,XT,seconds,9.3753874,20,69,0.2898550724637681
ALL,XT,seconds,9.7062708,21,69,0.30434782608695654
ALL,XT,seconds,9.7449963,22,69,0.3188405797101449
ALL,XT,seconds,9.7848094,23,69,0.3333333333333333
ALL,XT,seconds,9.7891141,24,69,0.34782608695652173
ALL,XT,seconds,9.9229559,25,69,0.36231884057971014
ALL,XT,seconds,9.9845017,26,69,0.37681159420289856
ALL,XT,seconds,10.4033204,27,69,0.391304347826087
ALL,XT,seconds,10.5409966,28,69,0.4057971014492754
ALL,XT,seconds,10.5994687,29,69,0.42028985507246375
ALL,XT,seconds,12.6150635,30,69,0.43478260869565216
ALL,XT,seconds,12.9676429,31,69,0.4492753623188406
ALL,XT,seconds,14.0110701,32,69,0.463768115942029
ALL,XT,seconds,14.1658694,33,69,0.4782608695652174
ALL,XT,seconds,14.5620647,34,69,0.4927536231884058
ALL,XT,seconds,14.8107767,35,69,0.5072463768115942
ALL,XT,seconds,15.1618731,36,69,0.5217391304347826
ALL,XT,seconds,16.1930334,37,69,0.5362318840579711
ALL,XT,seconds,18.2326499,38,69,0.5507246376811594
ALL,XT,seconds,20.1201652,39,69,0.5652173913043478
ALL,XT,seconds,20.587279,40,69,0.5797101449275363
ALL,XT,seconds,21.9152801,41,69,0.5942028985507246
ALL,XT,seconds,22.3457292,42,69,0.6086956521739131
ALL,XT,seconds,23.6733884,43,69,0.6231884057971014
ALL,XT,seconds,24.1142321,44,69,0.6376811594202898
ALL,XT,seconds,26.5452908,45,69,0.6521739130434783
ALL,XT,seconds,27.5085793,46,69,0.6666666666666666
ALL,XT,seconds,28.221314,47,69,0.6811594202898551
ALL,XT,seconds,28.8510842,48,69,0.6956521739130435
ALL,XT,seconds,38.0283679,49,69,0.7101449275362319
ALL,XT,seconds,38.6070077,50,69,0.7246376811594203
ALL,XT,seconds,44.3385847,51,69,0.7391304347826086
ALL,XT,seconds,44.6211723,52,69,0.7536231884057971
ALL,XT,seconds,47.4935042,53,69,0.7681159420289855
ALL,XT,seconds,48.2086854,54,69,0.782608695652174
ALL,XT,seconds,52.146895,55,69,0.7971014492753623
ALL,XT,seconds,57.3129647,56,69,0.8115942028985508
ALL,XT,seconds,68.0200205,57,69,0.8260869565217391
ALL,XT,seconds,71.6113811,58,69,0.8405797101449275
ALL,XT,seconds,72.1515265,59,69,0.855072463768116
ALL,XT,seconds,72.4027538,60,69,0.8695652173913043
ALL,XT,seconds,93.1931691,61,69,0.8840579710144928
ALL,XT,seconds,93.844299,62,69,0.8985507246376812
ALL,XT,seconds,101.1741466,63,69,0.9130434782608695
ALL,XT,seconds,115.4261937,64,69,0.927536231884058
ALL,XT,seconds,145.2194513,65,69,0.9420289855072463
ALL,XT,seconds,146.1402104,66,69,0.9565217391304348
ALL,XT,seconds,148.2382852,67,69,0.9710144927536232
ALL,XT,seconds,185.2839465,68,69,0.9855072463768116
ALL,XT,seconds,208.578921,69,69,1.0
ALL,XE,seconds,0.4295705,1,69,0.014492753623188406
ALL,XE,seconds,0.5750467,2,69,0.028985507246376812
ALL,XE,seconds,0.7505392,3,69,0.043478260869565216
ALL,XE,seconds,0.9074924,4,69,0.057971014492753624
ALL,XE,seconds,0.9135487,5,69,0.07246376811594203
ALL,XE,seconds,1.0663412,6,69,0.08695652173913043
ALL,XE,seconds,1.0901753,7,69,0.10144927536231885
ALL,XE,seconds,1.103499,8,69,0.11594202898550725
ALL,XE,seconds,1.1854286,9,69,0.13043478260869565
ALL,XE,seconds,1.1862669000000001,10,69,0.14492753623188406
ALL,XE,seconds,1.3921896999999999,11,69,0.15942028985507245
ALL,XE,seconds,1.5157351000000001,12,69,0.17391304347826086
ALL,XE,seconds,1.8256942999999999,13,69,0.18840579710144928
ALL,XE,seconds,1.8431616,14,69,0.2028985507246377
ALL,XE,seconds,1.9773682,15,69,0.21739130434782608
ALL,XE,seconds,2.0745085,16,69,0.2318840579710145
ALL,XE,seconds,2.1685035,17,69,0.2463768115942029
ALL,XE,seconds,2.2689143,18,69,0.2608695652173913
ALL,XE,seconds,2.3673522,19,69,0.2753623188405797
ALL,XE,seconds,2.3973529,20,69,0.2898550724637681
ALL,XE,seconds,2.4499786,21,69,0.30434782608695654
ALL,XE,seconds,2.4861139,22,69,0.3188405797101449
ALL,XE,seconds,2.6957116,23,69,0.3333333333333333
ALL,XE,seconds,2.7282928,24,69,0.34782608695652173
ALL,XE,seconds,2.9585882999999997,25,69,0.36231884057971014
ALL,XE,seconds,3.289465,26,69,0.37681159420289856
ALL,XE,seconds,3.3575942,27,69,0.391304347826087
ALL,XE,seconds,3.5963407,28,69,0.4057971014492754
ALL,XE,seconds,3.5975724,29,69,0.42028985507246375
ALL,XE,seconds,3.7603267000000002,30,69,0.43478260869565216
ALL,XE,seconds,3.7608872,31,69,0.4492753623188406
ALL,XE,seconds,3.8596964,32,69,0.463768115942029
ALL,XE,seconds,3.97842,33,69,0.4782608695652174
ALL,XE,seconds,4.1897526,34,69,0.4927536231884058
ALL,XE,seconds,4.5124103,35,69,0.5072463768115942
ALL,XE,seconds,4.6181765,36,69,0.5217391304347826
ALL,XE,seconds,5.2296405,37,69,0.5362318840579711
ALL,XE,seconds,5.2852765,38,69,0.5507246376811594
ALL,XE,seconds,5.6865629,39,69,0.5652173913043478
ALL,XE,seconds,5.7662731,40,69,0.5797101449275363
ALL,XE,seconds,5.7859114,41,69,0.5942028985507246
ALL,XE,seconds,6.2929453,42,69,0.6086956521739131
ALL,XE,seconds,8.1383079,43,69,0.6231884057971014
ALL,XE,seconds,8.3130543,44,69,0.6376811594202898
ALL,XE,seconds,8.7290751,45,69,0.6521739130434783
ALL,XE,seconds,8.8164263,46,69,0.6666666666666666
ALL,XE,seconds,9.2190676,47,69,0.6811594202898551
ALL,XE,seconds,9.4299612,48,69,0.6956521739130435
ALL,XE,seconds,9.4672705,49,69,0.7101449275362319
ALL,XE,seconds,9.5883676,50,69,0.7246376811594203
ALL,XE,seconds,9.6244904,51,69,0.7391304347826086
ALL,XE,seconds,9.7832875,52,69,0.7536231884057971
ALL,XE,seconds,10.025867,53,69,0.7681159420289855
ALL,XE,seconds,11.2876075,54,69,0.782608695652174
ALL,XE,seconds,13.0794173,55,69,0.7971014492753623
ALL,XE,seconds,13.5849014,56,69,0.8115942028985508
ALL,XE,seconds,15.1916478,57,69,0.8260869565217391
ALL,XE,seconds,18.5319298,58,69,0.8405797101449275
ALL,XE,seconds,19.6884327,59,69,0.855072463768116
ALL,XE,seconds,40.6810362,60,69,0.8695652173913043
ALL,XE,seconds,42.1066547,61,69,0.8840579710144928
ALL,XE,seconds,43.5905128,62,69,0.8985507246376812
ALL,XE,seconds,45.8139392,63,69,0.9130434782608695
ALL,XE,seconds,85.3340375,64,69,0.927536231884058
ALL,XE,seconds,88.6389126,65,69,0.9420289855072463
ALL,XE,seconds,149.6298785,66,69,0.9565217391304348
ALL,XE,seconds,158.4286234,67,69,0.9710144927536232
ALL,XE,seconds,184.0276043,68,69,0.9855072463768116
ALL,XE,seconds,215.3897201,69,69,1.0
ALL,XHT,seconds,0.7272916,1,69,0.014492753623188406
ALL,XHT,seconds,1.1132057,2,69,0.028985507246376812
ALL,XHT,seconds,1.9679349,3,69,0.043478260869565216
ALL,XHT,seconds,2.1758097,4,69,0.057971014492753624
ALL,XHT,seconds,2.3789749000000002,5,69,0.07246376811594203
ALL,XHT,seconds,2.4588282,6,69,0.08695652173913043
ALL,XHT,seconds,3.8364238,7,69,0.10144927536231885
ALL,XHT,seconds,4.0504917,8,69,0.11594202898550725
ALL,XHT,seconds,4.8418713,9,69,0.13043478260869565
ALL,XHT,seconds,5.0523859,10,69,0.14492753623188406
ALL,XHT,seconds,5.5755604,11,69,0.15942028985507245
ALL,XHT,seconds,7.6140637,12,69,0.17391304347826086
ALL,XHT,seconds,7.7477779,13,69,0.18840579710144928
ALL,XHT,seconds,8.107605,14,69,0.2028985507246377
ALL,XHT,seconds,8.2565601,15,69,0.21739130434782608
ALL,XHT,seconds,8.6977113,16,69,0.2318840579710145
ALL,XHT,seconds,8.9763155,17,69,0.2463768115942029
ALL,XHT,seconds,9.4402448,18,69,0.2608695652173913
ALL,XHT,seconds,9.6902321,19,69,0.2753623188405797
ALL,XHT,seconds,9.9358235,20,69,0.2898550724637681
ALL,XHT,seconds,10.0444515,21,69,0.30434782608695654
ALL,XHT,seconds,10.1005173,22,69,0.3188405797101449
ALL,XHT,seconds,10.1137159,23,69,0.3333333333333333
ALL,XHT,seconds,10.1194518,24,69,0.34782608695652173
ALL,XHT,seconds,10.7594648,25,69,0.36231884057971014
ALL,XHT,seconds,11.0298366,26,69,0.37681159420289856
ALL,XHT,seconds,11.4337396,27,69,0.391304347826087
ALL,XHT,seconds,11.5100649,28,69,0.4057971014492754
ALL,XHT,seconds,12.1073503,29,69,0.42028985507246375
ALL,XHT,seconds,12.2595216,30,69,0.43478260869565216
ALL,XHT,seconds,13.7754262,31,69,0.4492753623188406
ALL,XHT,seconds,16.0956026,32,69,0.463768115942029
ALL,XHT,seconds,16.7957612,33,69,0.4782608695652174
ALL,XHT,seconds,17.6546032,34,69,0.4927536231884058
ALL,XHT,seconds,18.0726149,35,69,0.5072463768115942
ALL,XHT,seconds,18.2289105,36,69,0.5217391304347826
ALL,XHT,seconds,20.4118795,37,69,0.5362318840579711
ALL,XHT,seconds,21.302314,38,69,0.5507246376811594
ALL,XHT,seconds,21.9229922,39,69,0.5652173913043478
ALL,XHT,seconds,23.238647,40,69,0.5797101449275363
ALL,XHT,seconds,23.7017974,41,69,0.5942028985507246
ALL,XHT,seconds,27.760112200000002,42,69,0.6086956521739131
ALL,XHT,seconds,29.8412967,43,69,0.6231884057971014
ALL,XHT,seconds,32.8023165,44,69,0.6376811594202898
ALL,XHT,seconds,35.1773471,45,69,0.6521739130434783
ALL,XHT,seconds,35.4493958,46,69,0.6666666666666666
ALL,XHT,seconds,36.6773856,47,69,0.6811594202898551
ALL,XHT,seconds,36.7307032,48,69,0.6956521739130435
ALL,XHT,seconds,37.2068266,49,69,0.7101449275362319
ALL,XHT,seconds,43.7087283,50,69,0.7246376811594203
ALL,XHT,seconds,43.7423716,51,69,0.7391304347826086
ALL,XHT,seconds,44.3348124,52,69,0.7536231884057971
ALL,XHT,seconds,45.6249648,53,69,0.7681159420289855
ALL,XHT,seconds,48.5332887,54,69,0.782608695652174
ALL,XHT,seconds,65.4409176,55,69,0.7971014492753623
ALL,XHT,seconds,65.7970276,56,69,0.8115942028985508
ALL,XHT,seconds,73.972285,57,69,0.8260869565217391
ALL,XHT,seconds,90.7028126,58,69,0.8405797101449275
ALL,XHT,seconds,91.4203839,59,69,0.855072463768116
ALL,XHT,seconds,92.4801859,60,69,0.8695652173913043
ALL,XHT,seconds,94.7065819,61,69,0.8840579710144928
ALL,XHT,seconds,99.2598614,62,69,0.8985507246376812
ALL,XHT,seconds,119.6867299,63,69,0.9130434782608695
ALL,XHT,seconds,121.7203823,64,69,0.927536231884058
ALL,XHT,seconds,129.4595856,65,69,0.9420289855072463
ALL,XHT,seconds,160.0786853,66,69,0.9565217391304348
ALL,XHT,seconds,164.0021828,67,69,0.9710144927536232
ALL,XHT,seconds,223.7169229,68,69,0.9855072463768116
ALL,XHT,seconds,224.1580624,69,69,1.0
ALL,XHE,seconds,0.5339266,1,69,0.014492753623188406
ALL,XHE,seconds,0.8643422,2,69,0.028985507246376812
ALL,XHE,seconds,1.4642186,3,69,0.043478260869565216
ALL,XHE,seconds,1.5417199,4,69,0.057971014492753624
ALL,XHE,seconds,1.8376563,5,69,0.07246376811594203
ALL,XHE,seconds,1.8907203,6,69,0.08695652173913043
ALL,XHE,seconds,2.2804664,7,69,0.10144927536231885
ALL,XHE,seconds,2.7268543,8,69,0.11594202898550725
ALL,XHE,seconds,2.9765126,9,69,0.13043478260869565
ALL,XHE,seconds,3.0971329,10,69,0.14492753623188406
ALL,XHE,seconds,3.3564332,11,69,0.15942028985507245
ALL,XHE,seconds,4.5642319,12,69,0.17391304347826086
ALL,XHE,seconds,5.1008083,13,69,0.18840579710144928
ALL,XHE,seconds,5.1586656,14,69,0.2028985507246377
ALL,XHE,seconds,5.3092223,15,69,0.21739130434782608
ALL,XHE,seconds,5.3979038,16,69,0.2318840579710145
ALL,XHE,seconds,5.5862891999999995,17,69,0.2463768115942029
ALL,XHE,seconds,6.1604302,18,69,0.2608695652173913
ALL,XHE,seconds,6.1632052,19,69,0.2753623188405797
ALL,XHE,seconds,6.9859491,20,69,0.2898550724637681
ALL,XHE,seconds,7.6452214,21,69,0.30434782608695654
ALL,XHE,seconds,7.6756778,22,69,0.3188405797101449
ALL,XHE,seconds,7.8115133,23,69,0.3333333333333333
ALL,XHE,seconds,7.8611492,24,69,0.34782608695652173
ALL,XHE,seconds,8.2251161,25,69,0.36231884057971014
ALL,XHE,seconds,8.9699965,26,69,0.37681159420289856
ALL,XHE,seconds,9.247434,27,69,0.391304347826087
ALL,XHE,seconds,9.265646,28,69,0.4057971014492754
ALL,XHE,seconds,9.5193162,29,69,0.42028985507246375
ALL,XHE,seconds,9.6392905,30,69,0.43478260869565216
ALL,XHE,seconds,9.7729934,31,69,0.4492753623188406
ALL,XHE,seconds,9.8058854,32,69,0.463768115942029
ALL,XHE,seconds,10.2453631,33,69,0.4782608695652174
ALL,XHE,seconds,10.4697362,34,69,0.4927536231884058
ALL,XHE,seconds,11.409389000000001,35,69,0.5072463768115942
ALL,XHE,seconds,11.6251392,36,69,0.5217391304347826
ALL,XHE,seconds,13.1226379,37,69,0.5362318840579711
ALL,XHE,seconds,14.7998457,38,69,0.5507246376811594
ALL,XHE,seconds,15.1150345,39,69,0.5652173913043478
ALL,XHE,seconds,16.7588926,40,69,0.5797101449275363
ALL,XHE,seconds,17.8793386,41,69,0.5942028985507246
ALL,XHE,seconds,18.8520406,42,69,0.6086956521739131
ALL,XHE,seconds,19.6108258,43,69,0.6231884057971014
ALL,XHE,seconds,19.7529493,44,69,0.6376811594202898
ALL,XHE,seconds,20.4199224,45,69,0.6521739130434783
ALL,XHE,seconds,21.3481801,46,69,0.6666666666666666
ALL,XHE,seconds,21.4053922,47,69,0.6811594202898551
ALL,XHE,seconds,21.9792166,48,69,0.6956521739130435
ALL,XHE,seconds,23.0147322,49,69,0.7101449275362319
ALL,XHE,seconds,23.2830517,50,69,0.7246376811594203
ALL,XHE,seconds,36.668783,51,69,0.7391304347826086
ALL,XHE,seconds,39.2926603,52,69,0.7536231884057971
ALL,XHE,seconds,40.0361874,53,69,0.7681159420289855
ALL,XHE,seconds,41.9103573,54,69,0.782608695652174
ALL,XHE,seconds,43.1790342,55,69,0.7971014492753623
ALL,XHE,seconds,45.343822,56,69,0.8115942028985508
ALL,XHE,seconds,47.7068399,57,69,0.8260869565217391
ALL,XHE,seconds,48.921739,58,69,0.8405797101449275
ALL,XHE,seconds,54.3710758,59,69,0.855072463768116
ALL,XHE,seconds,54.5562937,60,69,0.8695652173913043
ALL,XHE,seconds,65.9297085,61,69,0.8840579710144928
ALL,XHE,seconds,70.4693927,62,69,0.8985507246376812
ALL,XHE,seconds,73.1229804,63,69,0.9130434782608695
ALL,XHE,seconds,93.9939994,64,69,0.927536231884058
ALL,XHE,seconds,94.1741356,65,69,0.9420289855072463
ALL,XHE,seconds,153.7375241,66,69,0.9565217391304348
ALL,XHE,seconds,173.885586,67,69,0.9710144927536232
ALL,XHE,seconds,201.7937226,68,69,0.9855072463768116
ALL,XHE,seconds,206.0527459,69,69,1.0
ALL,XTE,seconds,0.5433815,1,69,0.014492753623188406
ALL,XTE,seconds,0.8201795,2,69,0.028985507246376812
ALL,XTE,seconds,1.1876496,3,69,0.043478260869565216
ALL,XTE,seconds,1.360933,4,69,0.057971014492753624
ALL,XTE,seconds,1.6153171,5,69,0.07246376811594203
ALL,XTE,seconds,1.6481219999999999,6,69,0.08695652173913043
ALL,XTE,seconds,1.8479898000000001,7,69,0.10144927536231885
ALL,XTE,seconds,2.4058691,8,69,0.11594202898550725
ALL,XTE,seconds,2.4454678,9,69,0.13043478260869565
ALL,XTE,seconds,2.5782669,10,69,0.14492753623188406
ALL,XTE,seconds,2.9565288,11,69,0.15942028985507245
ALL,XTE,seconds,3.6547971,12,69,0.17391304347826086
ALL,XTE,seconds,4.6193325,13,69,0.18840579710144928
ALL,XTE,seconds,4.6321185,14,69,0.2028985507246377
ALL,XTE,seconds,4.8777924,15,69,0.21739130434782608
ALL,XTE,seconds,5.3073178,16,69,0.2318840579710145
ALL,XTE,seconds,5.3529118,17,69,0.2463768115942029
ALL,XTE,seconds,5.5417974,18,69,0.2608695652173913
ALL,XTE,seconds,5.8817212,19,69,0.2753623188405797
ALL,XTE,seconds,6.4580695,20,69,0.2898550724637681
ALL,XTE,seconds,6.8530199,21,69,0.30434782608695654
ALL,XTE,seconds,6.9947753,22,69,0.3188405797101449
ALL,XTE,seconds,7.3512117,23,69,0.3333333333333333
ALL,XTE,seconds,7.6877205,24,69,0.34782608695652173
ALL,XTE,seconds,8.0023835,25,69,0.36231884057971014
ALL,XTE,seconds,8.3565292,26,69,0.37681159420289856
ALL,XTE,seconds,8.7495365,27,69,0.391304347826087
ALL,XTE,seconds,8.9350388,28,69,0.4057971014492754
ALL,XTE,seconds,9.0958247,29,69,0.42028985507246375
ALL,XTE,seconds,9.1829351,30,69,0.43478260869565216
ALL,XTE,seconds,9.2799951,31,69,0.4492753623188406
ALL,XTE,seconds,9.4015595,32,69,0.463768115942029
ALL,XTE,seconds,9.4202986,33,69,0.4782608695652174
ALL,XTE,seconds,9.463367,34,69,0.4927536231884058
ALL,XTE,seconds,9.7424991,35,69,0.5072463768115942
ALL,XTE,seconds,9.890671,36,69,0.5217391304347826
ALL,XTE,seconds,10.5398663,37,69,0.5362318840579711
ALL,XTE,seconds,10.7020541,38,69,0.5507246376811594
ALL,XTE,seconds,13.1284195,39,69,0.5652173913043478
ALL,XTE,seconds,14.1381414,40,69,0.5797101449275363
ALL,XTE,seconds,14.2666002,41,69,0.5942028985507246
ALL,XTE,seconds,14.9623796,42,69,0.6086956521739131
ALL,XTE,seconds,16.1881898,43,69,0.6231884057971014
ALL,XTE,seconds,17.9205287,44,69,0.6376811594202898
ALL,XTE,seconds,18.5322274,45,69,0.6521739130434783
ALL,XTE,seconds,18.5627744,46,69,0.6666666666666666
ALL,XTE,seconds,20.2538648,47,69,0.6811594202898551
ALL,XTE,seconds,20.8687233,48,69,0.6956521739130435
ALL,XTE,seconds,20.8890005,49,69,0.7101449275362319
ALL,XTE,seconds,21.3569941,50,69,0.7246376811594203
ALL,XTE,seconds,30.2809856,51,69,0.7391304347826086
ALL,XTE,seconds,32.2989363,52,69,0.7536231884057971
ALL,XTE,seconds,38.7921091,53,69,0.7681159420289855
ALL,XTE,seconds,42.4653771,54,69,0.782608695652174
ALL,XTE,seconds,43.4006372,55,69,0.7971014492753623
ALL,XTE,seconds,48.1105575,56,69,0.8115942028985508
ALL,XTE,seconds,48.3246866,57,69,0.8260869565217391
ALL,XTE,seconds,49.2036333,58,69,0.8405797101449275
ALL,XTE,seconds,49.648043799999996,59,69,0.855072463768116
ALL,XTE,seconds,51.6295776,60,69,0.8695652173913043
ALL,XTE,seconds,54.7669328,61,69,0.8840579710144928
ALL,XTE,seconds,61.0184296,62,69,0.8985507246376812
ALL,XTE,seconds,78.7349454,63,69,0.9130434782608695
ALL,XTE,seconds,83.2476422,64,69,0.927536231884058
ALL,XTE,seconds,97.3746246,65,69,0.9420289855072463
ALL,XTE,seconds,152.9621935,66,69,0.9565217391304348
ALL,XTE,seconds,158.0150906,67,69,0.9710144927536232
ALL,XTE,seconds,186.3491532,68,69,0.9855072463768116
ALL,XTE,seconds,205.5534303,69,69,1.0
ALL,XHTE,seconds,0.6367196,1,69,0.014492753623188406
ALL,XHTE,seconds,1.00982,2,69,0.028985507246376812
ALL,XHTE,seconds,1.6879619,3,69,0.043478260869565216
ALL,XHTE,seconds,1.6986485999999998,4,69,0.057971014492753624
ALL,XHTE,seconds,1.9379048,5,69,0.07246376811594203
ALL,XHTE,seconds,2.029556,6,69,0.08695652173913043
ALL,XHTE,seconds,2.9305535000000003,7,69,0.10144927536231885
ALL,XHTE,seconds,3.0670746,8,69,0.11594202898550725
ALL,XHTE,seconds,3.4509464,9,69,0.13043478260869565
ALL,XHTE,seconds,3.6377021000000003,10,69,0.14492753623188406
ALL,XHTE,seconds,3.763671,11,69,0.15942028985507245
ALL,XHTE,seconds,5.9199912999999995,12,69,0.17391304347826086
ALL,XHTE,seconds,5.9497245,13,69,0.18840579710144928
ALL,XHTE,seconds,5.9744339,14,69,0.2028985507246377
ALL,XHTE,seconds,5.9847121,15,69,0.21739130434782608
ALL,XHTE,seconds,6.1240373,16,69,0.2318840579710145
ALL,XHTE,seconds,6.4500636,17,69,0.2463768115942029
ALL,XHTE,seconds,7.0659434,18,69,0.2608695652173913
ALL,XHTE,seconds,7.2955293,19,69,0.2753623188405797
ALL,XHTE,seconds,8.3125689,20,69,0.2898550724637681
ALL,XHTE,seconds,8.8729264,21,69,0.30434782608695654
ALL,XHTE,seconds,9.0927179,22,69,0.3188405797101449
ALL,XHTE,seconds,9.3509586,23,69,0.3333333333333333
ALL,XHTE,seconds,9.4129925,24,69,0.34782608695652173
ALL,XHTE,seconds,9.4149197,25,69,0.36231884057971014
ALL,XHTE,seconds,9.5112593,26,69,0.37681159420289856
ALL,XHTE,seconds,9.6374424,27,69,0.391304347826087
ALL,XHTE,seconds,9.7636411,28,69,0.4057971014492754
ALL,XHTE,seconds,9.8394252,29,69,0.42028985507246375
ALL,XHTE,seconds,9.9482333,30,69,0.43478260869565216
ALL,XHTE,seconds,10.0752534,31,69,0.4492753623188406
ALL,XHTE,seconds,11.1917294,32,69,0.463768115942029
ALL,XHTE,seconds,11.9764606,33,69,0.4782608695652174
ALL,XHTE,seconds,12.0763183,34,69,0.4927536231884058
ALL,XHTE,seconds,12.9917872,35,69,0.5072463768115942
ALL,XHTE,seconds,13.4401219,36,69,0.5217391304347826
ALL,XHTE,seconds,14.3878856,37,69,0.5362318840579711
ALL,XHTE,seconds,16.4770573,38,69,0.5507246376811594
ALL,XHTE,seconds,17.5083093,39,69,0.5652173913043478
ALL,XHTE,seconds,18.7297549,40,69,0.5797101449275363
ALL,XHTE,seconds,18.7666318,41,69,0.5942028985507246
ALL,XHTE,seconds,21.8369334,42,69,0.6086956521739131
ALL,XHTE,seconds,23.367289,43,69,0.6231884057971014
ALL,XHTE,seconds,23.792508,44,69,0.6376811594202898
ALL,XHTE,seconds,25.1707705,45,69,0.6521739130434783
ALL,XHTE,seconds,25.5601055,46,69,0.6666666666666666
ALL,XHTE,seconds,26.0073991,47,69,0.6811594202898551
ALL,XHTE,seconds,26.2030189,48,69,0.6956521739130435
ALL,XHTE,seconds,28.3011227,49,69,0.7101449275362319
ALL,XHTE,seconds,30.4877022,50,69,0.7246376811594203
ALL,XHTE,seconds,43.7377289,51,69,0.7391304347826086
ALL,XHTE,seconds,44.5472329,52,69,0.7536231884057971
ALL,XHTE,seconds,44.6083927,53,69,0.7681159420289855
ALL,XHTE,seconds,46.4944515,54,69,0.782608695652174
ALL,XHTE,seconds,48.0769477,55,69,0.7971014492753623
ALL,XHTE,seconds,49.0763697,56,69,0.8115942028985508
ALL,XHTE,seconds,54.1540609,57,69,0.8260869565217391
ALL,XHTE,seconds,58.1602863,58,69,0.8405797101449275
ALL,XHTE,seconds,59.0533229,59,69,0.855072463768116
ALL,XHTE,seconds,66.257548,60,69,0.8695652173913043
ALL,XHTE,seconds,82.7892197,61,69,0.8840579710144928
ALL,XHTE,seconds,84.2090715,62,69,0.8985507246376812
ALL,XHTE,seconds,90.5363963,63,69,0.9130434782608695
ALL,XHTE,seconds,100.3962429,64,69,0.927536231884058
ALL,XHTE,seconds,103.7757219,65,69,0.9420289855072463
ALL,XHTE,seconds,153.1015025,66,69,0.9565217391304348
ALL,XHTE,seconds,160.6732999,67,69,0.9710144927536232
ALL,XHTE,seconds,204.0841158,68,69,0.9855072463768116
ALL,XHTE,seconds,224.066186,69,69,1.0
ALL,NSGA-II,seconds,0.09010699996724725,1,69,0.014492753623188406
ALL,NSGA-II,seconds,0.11606579995714128,2,69,0.028985507246376812
ALL,NSGA-II,seconds,0.12487709999550134,3,69,0.043478260869565216
ALL,NSGA-II,seconds,0.12763010000344366,4,69,0.057971014492753624
ALL,NSGA-II,seconds,0.12997409992385656,5,69,0.07246376811594203
ALL,NSGA-II,seconds,0.13456829998176545,6,69,0.08695652173913043
ALL,NSGA-II,seconds,0.13489330001175404,7,69,0.10144927536231885
ALL,NSGA-II,seconds,0.13545309996698052,8,69,0.11594202898550725
ALL,NSGA-II,seconds,0.13588360010180622,9,69,0.13043478260869565
ALL,NSGA-II,seconds,0.13679719995707273,10,69,0.14492753623188406
ALL,NSGA-II,seconds,0.14164539997000247,11,69,0.15942028985507245
ALL,NSGA-II,seconds,0.1440627999836579,12,69,0.17391304347826086
ALL,NSGA-II,seconds,0.14557669998612255,13,69,0.18840579710144928
ALL,NSGA-II,seconds,0.14908360003028065,14,69,0.2028985507246377
ALL,NSGA-II,seconds,0.15558260004036129,15,69,0.21739130434782608
ALL,NSGA-II,seconds,0.16055999998934567,16,69,0.2318840579710145
ALL,NSGA-II,seconds,0.16819110000506043,17,69,0.2463768115942029
ALL,NSGA-II,seconds,0.19022449990734458,18,69,0.2608695652173913
ALL,NSGA-II,seconds,0.193185199983418,19,69,0.2753623188405797
ALL,NSGA-II,seconds,0.20794919994659722,20,69,0.2898550724637681
ALL,NSGA-II,seconds,0.21481649996712804,21,69,0.30434782608695654
ALL,NSGA-II,seconds,0.21482829994056374,22,69,0.3188405797101449
ALL,NSGA-II,seconds,0.218228799989447,23,69,0.3333333333333333
ALL,NSGA-II,seconds,0.2199312000302598,24,69,0.34782608695652173
ALL,NSGA-II,seconds,0.22627880005165935,25,69,0.36231884057971014
ALL,NSGA-II,seconds,0.22706710000056773,26,69,0.37681159420289856
ALL,NSGA-II,seconds,0.2404712000861764,27,69,0.391304347826087
ALL,NSGA-II,seconds,0.24772629991639405,28,69,0.4057971014492754
ALL,NSGA-II,seconds,0.26235460001043975,29,69,0.42028985507246375
ALL,NSGA-II,seconds,0.26279209996573627,30,69,0.43478260869565216
ALL,NSGA-II,seconds,0.26681280008051544,31,69,0.4492753623188406
ALL,NSGA-II,seconds,0.2702764000277966,32,69,0.463768115942029
ALL,NSGA-II,seconds,0.3284944000188261,33,69,0.4782608695652174
ALL,NSGA-II,seconds,0.3624434999655932,34,69,0.4927536231884058
ALL,NSGA-II,seconds,0.36935659998562187,35,69,0.5072463768115942
ALL,NSGA-II,seconds,0.3775448000524193,36,69,0.5217391304347826
ALL,NSGA-II,seconds,0.3779388000257313,37,69,0.5362318840579711
ALL,NSGA-II,seconds,0.4086398999206722,38,69,0.5507246376811594
ALL,NSGA-II,seconds,0.4759714000392705,39,69,0.5652173913043478
ALL,NSGA-II,seconds,0.4778196000261232,40,69,0.5797101449275363
ALL,NSGA-II,seconds,0.4911363000283018,41,69,0.5942028985507246
ALL,NSGA-II,seconds,0.515158100053668,42,69,0.6086956521739131
ALL,NSGA-II,seconds,0.5245589999249205,43,69,0.6231884057971014
ALL,NSGA-II,seconds,0.5251954999985173,44,69,0.6376811594202898
ALL,NSGA-II,seconds,0.5296375999459997,45,69,0.6521739130434783
ALL,NSGA-II,seconds,0.5539143000496551,46,69,0.6666666666666666
ALL,NSGA-II,seconds,0.5545868000481278,47,69,0.6811594202898551
ALL,NSGA-II,seconds,0.5550471999449655,48,69,0.6956521739130435
ALL,NSGA-II,seconds,0.5553188000340015,49,69,0.7101449275362319
ALL,NSGA-II,seconds,0.5567792999790981,50,69,0.7246376811594203
ALL,NSGA-II,seconds,0.5782709000632167,51,69,0.7391304347826086
ALL,NSGA-II,seconds,0.578787500038743,52,69,0.7536231884057971
ALL,NSGA-II,seconds,0.589269999996759,53,69,0.7681159420289855
ALL,NSGA-II,seconds,0.5964578000130132,54,69,0.782608695652174
ALL,NSGA-II,seconds,0.623815199942328,55,69,0.7971014492753623
ALL,NSGA-II,seconds,0.6559297000057995,56,69,0.8115942028985508
ALL,NSGA-II,seconds,0.6859262000070885,57,69,0.8260869565217391
ALL,NSGA-II,seconds,0.7701209000078961,58,69,0.8405797101449275
ALL,NSGA-II,seconds,0.7797551000257954,59,69,0.855072463768116
ALL,NSGA-II,seconds,0.9325470000039786,60,69,0.8695652173913043
ALL,NSGA-II,seconds,0.9453422999940813,61,69,0.8840579710144928
ALL,NSGA-II,seconds,1.032727099955082,62,69,0.8985507246376812
ALL,NSGA-II,seconds,1.0369740999303758,63,69,0.9130434782608695
ALL,NSGA-II,seconds,1.2687643999233842,64,69,0.927536231884058
ALL,NSGA-II,seconds,1.3145734999561682,65,69,0.9420289855072463
ALL,NSGA-II,seconds,2.1428655000636354,66,69,0.9565217391304348
ALL,NSGA-II,seconds,2.2711207000538707,67,69,0.9710144927536232
ALL,NSGA-II,seconds,3.118978500016965,68,69,0.9855072463768116
ALL,NSGA-II,seconds,3.127786500030197,69,69,1.0
ALL,SPEA2,seconds,0.1234859999967739,1,69,0.014492753623188406
ALL,SPEA2,seconds,0.14156939997337759,2,69,0.028985507246376812
ALL,SPEA2,seconds,0.14882909995503724,3,69,0.043478260869565216
ALL,SPEA2,seconds,0.14993249997496605,4,69,0.057971014492753624
ALL,SPEA2,seconds,0.14993600000161678,5,69,0.07246376811594203
ALL,SPEA2,seconds,0.15084319992456585,6,69,0.08695652173913043
ALL,SPEA2,seconds,0.15315429994370788,7,69,0.10144927536231885
ALL,SPEA2,seconds,0.15456329996231943,8,69,0.11594202898550725
ALL,SPEA2,seconds,0.15610399993602186,9,69,0.13043478260869565
ALL,SPEA2,seconds,0.15645380003843457,10,69,0.14492753623188406
ALL,SPEA2,seconds,0.15804170002229512,11,69,0.15942028985507245
ALL,SPEA2,seconds,0.16044200002215803,12,69,0.17391304347826086
ALL,SPEA2,seconds,0.16417270002420992,13,69,0.18840579710144928
ALL,SPEA2,seconds,0.1732944999821484,14,69,0.2028985507246377
ALL,SPEA2,seconds,0.17384299996774644,15,69,0.21739130434782608
ALL,SPEA2,seconds,0.176348099950701,16,69,0.2318840579710145
ALL,SPEA2,seconds,0.1880002999678254,17,69,0.2463768115942029
ALL,SPEA2,seconds,0.21947939996607602,18,69,0.2608695652173913
ALL,SPEA2,seconds,0.2217997000552714,19,69,0.2753623188405797
ALL,SPEA2,seconds,0.22958809998817742,20,69,0.2898550724637681
ALL,SPEA2,seconds,0.2316376999951899,21,69,0.30434782608695654
ALL,SPEA2,seconds,0.24010180006735027,22,69,0.3188405797101449
ALL,SPEA2,seconds,0.2409694999223575,23,69,0.3333333333333333
ALL,SPEA2,seconds,0.24175569997169077,24,69,0.34782608695652173
ALL,SPEA2,seconds,0.24558210000395775,25,69,0.36231884057971014
ALL,SPEA2,seconds,0.2476477000163868,26,69,0.37681159420289856
ALL,SPEA2,seconds,0.25311429996509105,27,69,0.391304347826087
ALL,SPEA2,seconds,0.2678681000834331,28,69,0.4057971014492754
ALL,SPEA2,seconds,0.29232989996671677,29,69,0.42028985507246375
ALL,SPEA2,seconds,0.29388509993441403,30,69,0.43478260869565216
ALL,SPEA2,seconds,0.2994433999992907,31,69,0.4492753623188406
ALL,SPEA2,seconds,0.3395235000643879,32,69,0.463768115942029
ALL,SPEA2,seconds,0.3687854999443516,33,69,0.4782608695652174
ALL,SPEA2,seconds,0.3868089000461623,34,69,0.4927536231884058
ALL,SPEA2,seconds,0.39975039998535067,35,69,0.5072463768115942
ALL,SPEA2,seconds,0.40217120002489537,36,69,0.5217391304347826
ALL,SPEA2,seconds,0.43061150005087256,37,69,0.5362318840579711
ALL,SPEA2,seconds,0.43530350003857166,38,69,0.5507246376811594
ALL,SPEA2,seconds,0.4882610000204295,39,69,0.5652173913043478
ALL,SPEA2,seconds,0.49910749995615333,40,69,0.5797101449275363
ALL,SPEA2,seconds,0.503266999963671,41,69,0.5942028985507246
ALL,SPEA2,seconds,0.5067947000497952,42,69,0.6086956521739131
ALL,SPEA2,seconds,0.5231277999700978,43,69,0.6231884057971014
ALL,SPEA2,seconds,0.5371674000052735,44,69,0.6376811594202898
ALL,SPEA2,seconds,0.5637971999822184,45,69,0.6521739130434783
ALL,SPEA2,seconds,0.5677857999689877,46,69,0.6666666666666666
ALL,SPEA2,seconds,0.5697481000097468,47,69,0.6811594202898551
ALL,SPEA2,seconds,0.580990899936296,48,69,0.6956521739130435
ALL,SPEA2,seconds,0.5869066999293864,49,69,0.7101449275362319
ALL,SPEA2,seconds,0.6033404000336304,50,69,0.7246376811594203
ALL,SPEA2,seconds,0.610310300020501,51,69,0.7391304347826086
ALL,SPEA2,seconds,0.6184911999152973,52,69,0.7536231884057971
ALL,SPEA2,seconds,0.6251930000726134,53,69,0.7681159420289855
ALL,SPEA2,seconds,0.6289839999517426,54,69,0.782608695652174
ALL,SPEA2,seconds,0.6486240000231192,55,69,0.7971014492753623
ALL,SPEA2,seconds,0.738031700020656,56,69,0.8115942028985508
ALL,SPEA2,seconds,0.756190299987793,57,69,0.8260869565217391
ALL,SPEA2,seconds,0.757101200055331,58,69,0.8405797101449275
ALL,SPEA2,seconds,0.8130206000059843,59,69,0.855072463768116
ALL,SPEA2,seconds,1.0155484999995679,60,69,0.8695652173913043
ALL,SPEA2,seconds,1.0319582999218255,61,69,0.8840579710144928
ALL,SPEA2,seconds,1.0540141999954358,62,69,0.8985507246376812
ALL,SPEA2,seconds,1.065220299991779,63,69,0.9130434782608695
ALL,SPEA2,seconds,1.3229595999000594,64,69,0.927536231884058
ALL,SPEA2,seconds,1.3254536000313237,65,69,0.9420289855072463
ALL,SPEA2,seconds,2.1391761999111623,66,69,0.9565217391304348
ALL,SPEA2,seconds,2.253061299910769,67,69,0.9710144927536232
ALL,SPEA2,seconds,3.122360899928026,68,69,0.9855072463768116
ALL,SPEA2,seconds,3.1565886000171304,69,69,1.0
ALL,MOEA/D,seconds,0.23522909998428077,1,69,0.014492753623188406
ALL,MOEA/D,seconds,0.26057759998366237,2,69,0.028985507246376812
ALL,MOEA/D,seconds,0.2626648999284953,3,69,0.043478260869565216
ALL,MOEA/D,seconds,0.2711783000268042,4,69,0.057971014492753624
ALL,MOEA/D,seconds,0.2781744999811053,5,69,0.07246376811594203
ALL,MOEA/D,seconds,0.28551089996472,6,69,0.08695652173913043
ALL,MOEA/D,seconds,0.2867770999437198,7,69,0.10144927536231885
ALL,MOEA/D,seconds,0.28998240001965314,8,69,0.11594202898550725
ALL,MOEA/D,seconds,0.2911487999372184,9,69,0.13043478260869565
ALL,MOEA/D,seconds,0.29853600007481873,10,69,0.14492753623188406
ALL,MOEA/D,seconds,0.3018815000541508,11,69,0.15942028985507245
ALL,MOEA/D,seconds,0.3069490999914706,12,69,0.17391304347826086
ALL,MOEA/D,seconds,0.31492719997186214,13,69,0.18840579710144928
ALL,MOEA/D,seconds,0.31507620005868375,14,69,0.2028985507246377
ALL,MOEA/D,seconds,0.31789200007915497,15,69,0.21739130434782608
ALL,MOEA/D,seconds,0.31968790001701564,16,69,0.2318840579710145
ALL,MOEA/D,seconds,0.32663609995506704,17,69,0.2463768115942029
ALL,MOEA/D,seconds,0.32944230001885444,18,69,0.2608695652173913
ALL,MOEA/D,seconds,0.35269079997669905,19,69,0.2753623188405797
ALL,MOEA/D,seconds,0.35634890000801533,20,69,0.2898550724637681
ALL,MOEA/D,seconds,0.36736100004054606,21,69,0.30434782608695654
ALL,MOEA/D,seconds,0.37105069996323436,22,69,0.3188405797101449
ALL,MOEA/D,seconds,0.38007529999595135,23,69,0.3333333333333333
ALL,MOEA/D,seconds,0.3809716999530792,24,69,0.34782608695652173
ALL,MOEA/D,seconds,0.3814517999999225,25,69,0.36231884057971014
ALL,MOEA/D,seconds,0.4127335000084713,26,69,0.37681159420289856
ALL,MOEA/D,seconds,0.413539000088349,27,69,0.391304347826087
ALL,MOEA/D,seconds,0.41886969993356615,28,69,0.4057971014492754
ALL,MOEA/D,seconds,0.42907249997369945,29,69,0.42028985507246375
ALL,MOEA/D,seconds,0.45345729996915907,30,69,0.43478260869565216
ALL,MOEA/D,seconds,0.46093470009509474,31,69,0.4492753623188406
ALL,MOEA/D,seconds,0.47031409991905093,32,69,0.463768115942029
ALL,MOEA/D,seconds,0.4923291999148205,33,69,0.4782608695652174
ALL,MOEA/D,seconds,0.4937315999995917,34,69,0.4927536231884058
ALL,MOEA/D,seconds,0.511223700013943,35,69,0.5072463768115942
ALL,MOEA/D,seconds,0.5212058000033721,36,69,0.5217391304347826
ALL,MOEA/D,seconds,0.5644278000108898,37,69,0.5362318840579711
ALL,MOEA/D,seconds,0.6006000000052154,38,69,0.5507246376811594
ALL,MOEA/D,seconds,0.643624100019224,39,69,0.5652173913043478
ALL,MOEA/D,seconds,0.6566663000266999,40,69,0.5797101449275363
ALL,MOEA/D,seconds,0.6721383000258356,41,69,0.5942028985507246
ALL,MOEA/D,seconds,0.6763361999765038,42,69,0.6086956521739131
ALL,MOEA/D,seconds,0.6836656999075785,43,69,0.6231884057971014
ALL,MOEA/D,seconds,0.6907639999408275,44,69,0.6376811594202898
ALL,MOEA/D,seconds,0.6959590000333264,45,69,0.6521739130434783
ALL,MOEA/D,seconds,0.7056877999566495,46,69,0.6666666666666666
ALL,MOEA/D,seconds,0.716776099987328,47,69,0.6811594202898551
ALL,MOEA/D,seconds,0.7301815999671817,48,69,0.6956521739130435
ALL,MOEA/D,seconds,0.7456387999700382,49,69,0.7101449275362319
ALL,MOEA/D,seconds,0.7594388000434265,50,69,0.7246376811594203
ALL,MOEA/D,seconds,0.7608361000893638,51,69,0.7391304347826086
ALL,MOEA/D,seconds,0.7955720999743789,52,69,0.7536231884057971
ALL,MOEA/D,seconds,0.8011999001028016,53,69,0.7681159420289855
ALL,MOEA/D,seconds,0.8197659000288695,54,69,0.782608695652174
ALL,MOEA/D,seconds,0.820009300019592,55,69,0.7971014492753623
ALL,MOEA/D,seconds,0.8533793999813497,56,69,0.8115942028985508
ALL,MOEA/D,seconds,0.8819401999935508,57,69,0.8260869565217391
ALL,MOEA/D,seconds,0.889552199980244,58,69,0.8405797101449275
ALL,MOEA/D,seconds,0.9160087000345811,59,69,0.855072463768116
ALL,MOEA/D,seconds,1.1640743999741971,60,69,0.8695652173913043
ALL,MOEA/D,seconds,1.239185000071302,61,69,0.8840579710144928
ALL,MOEA/D,seconds,1.27341919997707,62,69,0.8985507246376812
ALL,MOEA/D,seconds,1.2751252999296412,63,69,0.9130434782608695
ALL,MOEA/D,seconds,1.4183721999870613,64,69,0.927536231884058
ALL,MOEA/D,seconds,1.4563608999596909,65,69,0.9420289855072463
ALL,MOEA/D,seconds,2.277699699974619,66,69,0.9565217391304348
ALL,MOEA/D,seconds,2.480868099955842,67,69,0.9710144927536232
ALL,MOEA/D,seconds,3.2750173000385985,68,69,0.9855072463768116
ALL,MOEA/D,seconds,3.4549122999887913,69,69,1.0
ALL,SMS-EMOA,seconds,0.09682650002650917,1,69,0.014492753623188406
ALL,SMS-EMOA,seconds,0.1179453000659123,2,69,0.028985507246376812
ALL,SMS-EMOA,seconds,0.1214449000544846,3,69,0.043478260869565216
ALL,SMS-EMOA,seconds,0.12324200000148267,4,69,0.057971014492753624
ALL,SMS-EMOA,seconds,0.12664629996288568,5,69,0.07246376811594203
ALL,SMS-EMOA,seconds,0.1284072999842465,6,69,0.08695652173913043
ALL,SMS-EMOA,seconds,0.13278590003028512,7,69,0.10144927536231885
ALL,SMS-EMOA,seconds,0.13396859995555133,8,69,0.11594202898550725
ALL,SMS-EMOA,seconds,0.13450410007499158,9,69,0.13043478260869565
ALL,SMS-EMOA,seconds,0.13527850003447384,10,69,0.14492753623188406
ALL,SMS-EMOA,seconds,0.13673370005562901,11,69,0.15942028985507245
ALL,SMS-EMOA,seconds,0.13686239998787642,12,69,0.17391304347826086
ALL,SMS-EMOA,seconds,0.13902589993085712,13,69,0.18840579710144928
ALL,SMS-EMOA,seconds,0.14025309996213764,14,69,0.2028985507246377
ALL,SMS-EMOA,seconds,0.14068269997369498,15,69,0.21739130434782608
ALL,SMS-EMOA,seconds,0.1448328000260517,16,69,0.2318840579710145
ALL,SMS-EMOA,seconds,0.16016960004344583,17,69,0.2463768115942029
ALL,SMS-EMOA,seconds,0.1878116000443697,18,69,0.2608695652173913
ALL,SMS-EMOA,seconds,0.20031230000313371,19,69,0.2753623188405797
ALL,SMS-EMOA,seconds,0.2040609000250697,20,69,0.2898550724637681
ALL,SMS-EMOA,seconds,0.20809009997174144,21,69,0.30434782608695654
ALL,SMS-EMOA,seconds,0.22007479995954782,22,69,0.3188405797101449
ALL,SMS-EMOA,seconds,0.22175040002912283,23,69,0.3333333333333333
ALL,SMS-EMOA,seconds,0.22366340004373342,24,69,0.34782608695652173
ALL,SMS-EMOA,seconds,0.22664319991599768,25,69,0.36231884057971014
ALL,SMS-EMOA,seconds,0.23420269996859133,26,69,0.37681159420289856
ALL,SMS-EMOA,seconds,0.2347728000022471,27,69,0.391304347826087
ALL,SMS-EMOA,seconds,0.23772750003263354,28,69,0.4057971014492754
ALL,SMS-EMOA,seconds,0.2623902999330312,29,69,0.42028985507246375
ALL,SMS-EMOA,seconds,0.267613900010474,30,69,0.43478260869565216
ALL,SMS-EMOA,seconds,0.2691429000115022,31,69,0.4492753623188406
ALL,SMS-EMOA,seconds,0.2737018000334501,32,69,0.463768115942029
ALL,SMS-EMOA,seconds,0.3432883999776095,33,69,0.4782608695652174
ALL,SMS-EMOA,seconds,0.36608930001966655,34,69,0.4927536231884058
ALL,SMS-EMOA,seconds,0.3797505999682471,35,69,0.5072463768115942
ALL,SMS-EMOA,seconds,0.3839985999511555,36,69,0.5217391304347826
ALL,SMS-EMOA,seconds,0.3851466999622062,37,69,0.5362318840579711
ALL,SMS-EMOA,seconds,0.4116443000966683,38,69,0.5507246376811594
ALL,SMS-EMOA,seconds,0.4399250999558717,39,69,0.5652173913043478
ALL,SMS-EMOA,seconds,0.44356849999167025,40,69,0.5797101449275363
ALL,SMS-EMOA,seconds,0.46979979996103793,41,69,0.5942028985507246
ALL,SMS-EMOA,seconds,0.48330590000841767,42,69,0.6086956521739131
ALL,SMS-EMOA,seconds,0.5116192999994382,43,69,0.6231884057971014
ALL,SMS-EMOA,seconds,0.5165669000707567,44,69,0.6376811594202898
ALL,SMS-EMOA,seconds,0.5306964999763295,45,69,0.6521739130434783
ALL,SMS-EMOA,seconds,0.5332650999771431,46,69,0.6666666666666666
ALL,SMS-EMOA,seconds,0.5536100000608712,47,69,0.6811594202898551
ALL,SMS-EMOA,seconds,0.5617032001027837,48,69,0.6956521739130435
ALL,SMS-EMOA,seconds,0.5685367999831215,49,69,0.7101449275362319
ALL,SMS-EMOA,seconds,0.5734651000238955,50,69,0.7246376811594203
ALL,SMS-EMOA,seconds,0.5798006999539211,51,69,0.7391304347826086
ALL,SMS-EMOA,seconds,0.5843899000901729,52,69,0.7536231884057971
ALL,SMS-EMOA,seconds,0.5865907999686897,53,69,0.7681159420289855
ALL,SMS-EMOA,seconds,0.5901175000471994,54,69,0.782608695652174
ALL,SMS-EMOA,seconds,0.610713699948974,55,69,0.7971014492753623
ALL,SMS-EMOA,seconds,0.6559514999389648,56,69,0.8115942028985508
ALL,SMS-EMOA,seconds,0.6839598000515252,57,69,0.8260869565217391
ALL,SMS-EMOA,seconds,0.7916604999918491,58,69,0.8405797101449275
ALL,SMS-EMOA,seconds,0.7923318999819458,59,69,0.855072463768116
ALL,SMS-EMOA,seconds,0.9780582000967115,60,69,0.8695652173913043
ALL,SMS-EMOA,seconds,1.0051351999863982,61,69,0.8840579710144928
ALL,SMS-EMOA,seconds,1.1145422999979928,62,69,0.8985507246376812
ALL,SMS-EMOA,seconds,1.1674818999599665,63,69,0.9130434782608695
ALL,SMS-EMOA,seconds,1.2722561000846326,64,69,0.927536231884058
ALL,SMS-EMOA,seconds,1.3833284000866115,65,69,0.9420289855072463
ALL,SMS-EMOA,seconds,2.0534003999782726,66,69,0.9565217391304348
ALL,SMS-EMOA,seconds,2.2046053999802098,67,69,0.9710144927536232
ALL,SMS-EMOA,seconds,3.0758932000026107,68,69,0.9855072463768116
ALL,SMS-EMOA,seconds,3.1272622999968007,69,69,1.0
JSP,XG,hv_deficit_pct,1.2114864255469704,1,19,0.05263157894736842
JSP,XG,hv_deficit_pct,1.3255946654641915,2,19,0.10526315789473684
JSP,XG,hv_deficit_pct,1.3996454697145277,3,19,0.15789473684210525
JSP,XG,hv_deficit_pct,1.412620638010631,4,19,0.21052631578947367
JSP,XG,hv_deficit_pct,1.464194138753816,5,19,0.2631578947368421
JSP,XG,hv_deficit_pct,1.5111312819896194,6,19,0.3157894736842105
JSP,XG,hv_deficit_pct,1.52240285938664,7,19,0.3684210526315789
JSP,XG,hv_deficit_pct,1.6161425254909378,8,19,0.42105263157894735
JSP,XG,hv_deficit_pct,2.043041497768172,9,19,0.47368421052631576
JSP,XG,hv_deficit_pct,2.187041157682179,10,19,0.5263157894736842
JSP,XG,hv_deficit_pct,2.3476371211545,11,19,0.5789473684210527
JSP,XG,hv_deficit_pct,2.42576196097527,12,19,0.631578947368421
JSP,XG,hv_deficit_pct,2.462904664000176,13,19,0.6842105263157895
JSP,XG,hv_deficit_pct,3.0721804332054625,14,19,0.7368421052631579
JSP,XG,hv_deficit_pct,3.180820573732346,15,19,0.7894736842105263
JSP,XG,hv_deficit_pct,4.660793568996602,16,19,0.8421052631578947
JSP,XG,hv_deficit_pct,4.816864504633078,17,19,0.8947368421052632
JSP,XG,hv_deficit_pct,10.320229698683637,18,19,0.9473684210526315
JSP,XG,hv_deficit_pct,18.652064192597685,19,19,1.0
JSP,XH,hv_deficit_pct,0.0121362452932261,1,19,0.05263157894736842
JSP,XH,hv_deficit_pct,0.028662234425658184,2,19,0.10526315789473684
JSP,XH,hv_deficit_pct,0.058328732927148685,3,19,0.15789473684210525
JSP,XH,hv_deficit_pct,0.058867498186743195,4,19,0.21052631578947367
JSP,XH,hv_deficit_pct,0.07980989245072179,5,19,0.2631578947368421
JSP,XH,hv_deficit_pct,0.08732491992344826,6,19,0.3157894736842105
JSP,XH,hv_deficit_pct,0.11071179904138528,7,19,0.3684210526315789
JSP,XH,hv_deficit_pct,0.1402126906591028,8,19,0.42105263157894735
JSP,XH,hv_deficit_pct,0.1440481704202634,9,19,0.47368421052631576
JSP,XH,hv_deficit_pct,0.20498975095515348,10,19,0.5263157894736842
JSP,XH,hv_deficit_pct,0.20571594184465303,11,19,0.5789473684210527
JSP,XH,hv_deficit_pct,0.22106830230971264,12,19,0.631578947368421
JSP,XH,hv_deficit_pct,0.26255641787599204,13,19,0.6842105263157895
JSP,XH,hv_deficit_pct,0.3686698454870352,14,19,0.7368421052631579
JSP,XH,hv_deficit_pct,0.430575181657733,15,19,0.7894736842105263
JSP,XH,hv_deficit_pct,0.5450339391682935,16,19,0.8421052631578947
JSP,XH,hv_deficit_pct,0.6866468304595807,17,19,0.8947368421052632
JSP,XH,hv_deficit_pct,0.719444831731253,18,19,0.9473684210526315
JSP,XH,hv_deficit_pct,0.7802207575096864,19,19,1.0
JSP,XT,hv_deficit_pct,0.00017893969852522673,1,19,0.05263157894736842
JSP,XT,hv_deficit_pct,0.007888811929135375,2,19,0.10526315789473684
JSP,XT,hv_deficit_pct,0.14002448679749646,3,19,0.15789473684210525
JSP,XT,hv_deficit_pct,0.2426496422758384,4,19,0.21052631578947367
JSP,XT,hv_deficit_pct,0.2493393007119371,5,19,0.2631578947368421
JSP,XT,hv_deficit_pct,0.3271884402340164,6,19,0.3157894736842105
JSP,XT,hv_deficit_pct,0.3519718403455441,7,19,0.3684210526315789
JSP,XT,hv_deficit_pct,0.4095535129672978,8,19,0.42105263157894735
JSP,XT,hv_deficit_pct,0.40993488901398534,9,19,0.47368421052631576
JSP,XT,hv_deficit_pct,0.4168929388063458,10,19,0.5263157894736842
JSP,XT,hv_deficit_pct,0.48044397367148495,11,19,0.5789473684210527
JSP,XT,hv_deficit_pct,0.5443006147572094,12,19,0.631578947368421
JSP,XT,hv_deficit_pct,0.5555373602225466,13,19,0.6842105263157895
JSP,XT,hv_deficit_pct,0.5879018088532639,14,19,0.7368421052631579
JSP,XT,hv_deficit_pct,0.5930098699929665,15,19,0.7894736842105263
JSP,XT,hv_deficit_pct,0.6686725692180095,16,19,0.8421052631578947
JSP,XT,hv_deficit_pct,0.6731107916723267,17,19,0.8947368421052632
JSP,XT,hv_deficit_pct,0.7437292000411766,18,19,0.9473684210526315
JSP,XT,hv_deficit_pct,0.8369815355994903,19,19,1.0
JSP,XE,hv_deficit_pct,1.0744359380449708,1,19,0.05263157894736842
JSP,XE,hv_deficit_pct,1.3125986766700515,2,19,0.10526315789473684
JSP,XE,hv_deficit_pct,1.3805396220058386,3,19,0.15789473684210525
JSP,XE,hv_deficit_pct,1.407208672772231,4,19,0.21052631578947367
JSP,XE,hv_deficit_pct,1.427843564760889,5,19,0.2631578947368421
JSP,XE,hv_deficit_pct,1.471228905954347,6,19,0.3157894736842105
JSP,XE,hv_deficit_pct,1.5137242938144002,7,19,0.3684210526315789
JSP,XE,hv_deficit_pct,1.6115276211635998,8,19,0.42105263157894735
JSP,XE,hv_deficit_pct,1.8781534971028524,9,19,0.47368421052631576
JSP,XE,hv_deficit_pct,1.9296928460389218,10,19,0.5263157894736842
JSP,XE,hv_deficit_pct,1.9734507942278712,11,19,0.5789473684210527
JSP,XE,hv_deficit_pct,2.1527911095488905,12,19,0.631578947368421
JSP,XE,hv_deficit_pct,2.242904737235263,13,19,0.6842105263157895
JSP,XE,hv_deficit_pct,2.306355671407667,14,19,0.7368421052631579
JSP,XE,hv_deficit_pct,2.509711531919445,15,19,0.7894736842105263
JSP,XE,hv_deficit_pct,2.7072777164065975,16,19,0.8421052631578947
JSP,XE,hv_deficit_pct,2.75983821010638,17,19,0.8947368421052632
JSP,XE,hv_deficit_pct,5.781831629208356,18,19,0.9473684210526315
JSP,XE,hv_deficit_pct,6.432066645999191,19,19,1.0
JSP,XHT,hv_deficit_pct,0.011556258923162144,1,19,0.05263157894736842
JSP,XHT,hv_deficit_pct,0.024699083218882034,2,19,0.10526315789473684
JSP,XHT,hv_deficit_pct,0.05264604262851247,3,19,0.15789473684210525
JSP,XHT,hv_deficit_pct,0.06540539104613607,4,19,0.21052631578947367
JSP,XHT,hv_deficit_pct,0.07788830100253774,5,19,0.2631578947368421
JSP,XHT,hv_deficit_pct,0.0800741336752453,6,19,0.3157894736842105
JSP,XHT,hv_deficit_pct,0.09624013133867626,7,19,0.3684210526315789
JSP,XHT,hv_deficit_pct,0.11192093668701553,8,19,0.42105263157894735
JSP,XHT,hv_deficit_pct,0.1190378654735258,9,19,0.47368421052631576
JSP,XHT,hv_deficit_pct,0.12015181689680743,10,19,0.5263157894736842
JSP,XHT,hv_deficit_pct,0.15529556296487446,11,19,0.5789473684210527
JSP,XHT,hv_deficit_pct,0.15680820256150918,12,19,0.631578947368421
JSP,XHT,hv_deficit_pct,0.1996476249760848,13,19,0.6842105263157895
JSP,XHT,hv_deficit_pct,0.2243526472615498,14,19,0.7368421052631579
JSP,XHT,hv_deficit_pct,0.26355341144304045,15,19,0.7894736842105263
JSP,XHT,hv_deficit_pct,0.36711704471247275,16,19,0.8421052631578947
JSP,XHT,hv_deficit_pct,0.37976374460080287,17,19,0.8947368421052632
JSP,XHT,hv_deficit_pct,0.4982453429225653,18,19,0.9473684210526315
JSP,XHT,hv_deficit_pct,0.6342403924892159,19,19,1.0
JSP,XHE,hv_deficit_pct,0.07833201383511401,1,19,0.05263157894736842
JSP,XHE,hv_deficit_pct,0.08024321364901166,2,19,0.10526315789473684
JSP,XHE,hv_deficit_pct,0.09143500841729546,3,19,0.15789473684210525
JSP,XHE,hv_deficit_pct,0.10298198846868667,4,19,0.21052631578947367
JSP,XHE,hv_deficit_pct,0.112079755733141,5,19,0.2631578947368421
JSP,XHE,hv_deficit_pct,0.14447467968906613,6,19,0.3157894736842105
JSP,XHE,hv_deficit_pct,0.16040227525455641,7,19,0.3684210526315789
JSP,XHE,hv_deficit_pct,0.17298749920494627,8,19,0.42105263157894735
JSP,XHE,hv_deficit_pct,0.19447015016432756,9,19,0.47368421052631576
JSP,XHE,hv_deficit_pct,0.19479297148121688,10,19,0.5263157894736842
JSP,XHE,hv_deficit_pct,0.2035670718663618,11,19,0.5789473684210527
JSP,XHE,hv_deficit_pct,0.255851427268039,12,19,0.631578947368421
JSP,XHE,hv_deficit_pct,0.36763410617072223,13,19,0.6842105263157895
JSP,XHE,hv_deficit_pct,0.491629778564906,14,19,0.7368421052631579
JSP,XHE,hv_deficit_pct,0.4981628529554749,15,19,0.7894736842105263
JSP,XHE,hv_deficit_pct,0.54529648961964,16,19,0.8421052631578947
JSP,XHE,hv_deficit_pct,0.7854669049245255,17,19,0.8947368421052632
JSP,XHE,hv_deficit_pct,0.868749073791919,18,19,0.9473684210526315
JSP,XHE,hv_deficit_pct,0.9423320312777927,19,19,1.0
JSP,XTE,hv_deficit_pct,0.04369188145373348,1,19,0.05263157894736842
JSP,XTE,hv_deficit_pct,0.2194349131878326,2,19,0.10526315789473684
JSP,XTE,hv_deficit_pct,0.2517805718379229,3,19,0.15789473684210525
JSP,XTE,hv_deficit_pct,0.3261645798276258,4,19,0.21052631578947367
JSP,XTE,hv_deficit_pct,0.3274417075207148,5,19,0.2631578947368421
JSP,XTE,hv_deficit_pct,0.351966894656508,6,19,0.3157894736842105
JSP,XTE,hv_deficit_pct,0.36640205991126384,7,19,0.3684210526315789
JSP,XTE,hv_deficit_pct,0.40954019709112943,8,19,0.42105263157894735
JSP,XTE,hv_deficit_pct,0.46015398931436025,9,19,0.47368421052631576
JSP,XTE,hv_deficit_pct,0.4809194344497558,10,19,0.5263157894736842
JSP,XTE,hv_deficit_pct,0.5103593368492199,11,19,0.5789473684210527
JSP,XTE,hv_deficit_pct,0.560455942476279,12,19,0.631578947368421
JSP,XTE,hv_deficit_pct,0.5906669944720777,13,19,0.6842105263157895
JSP,XTE,hv_deficit_pct,0.6426356919555842,14,19,0.7368421052631579
JSP,XTE,hv_deficit_pct,0.6731086540328945,15,19,0.7894736842105263
JSP,XTE,hv_deficit_pct,0.6944144728536883,16,19,0.8421052631578947
JSP,XTE,hv_deficit_pct,0.7031932143653719,17,19,0.8947368421052632
JSP,XTE,hv_deficit_pct,0.7437254296080997,18,19,0.9473684210526315
JSP,XTE,hv_deficit_pct,0.9533513188413445,19,19,1.0
JSP,XHTE,hv_deficit_pct,0.024699083218882034,1,19,0.05263157894736842
JSP,XHTE,hv_deficit_pct,0.05264604262851247,2,19,0.10526315789473684
JSP,XHTE,hv_deficit_pct,0.055805398105523984,3,19,0.15789473684210525
JSP,XHTE,hv_deficit_pct,0.0747109584096517,4,19,0.21052631578947367
JSP,XHTE,hv_deficit_pct,0.1633093101965688,5,19,0.2631578947368421
JSP,XHTE,hv_deficit_pct,0.1733141674335914,6,19,0.3157894736842105
JSP,XHTE,hv_deficit_pct,0.18536603038356025,7,19,0.3684210526315789
JSP,XHTE,hv_deficit_pct,0.20814326859209809,8,19,0.42105263157894735
JSP,XHTE,hv_deficit_pct,0.2135931673706737,9,19,0.47368421052631576
JSP,XHTE,hv_deficit_pct,0.21645622226381667,10,19,0.5263157894736842
JSP,XHTE,hv_deficit_pct,0.21690481793842364,11,19,0.5789473684210527
JSP,XHTE,hv_deficit_pct,0.23448253289867216,12,19,0.631578947368421
JSP,XHTE,hv_deficit_pct,0.2460735524038582,13,19,0.6842105263157895
JSP,XHTE,hv_deficit_pct,0.2537901839208434,14,19,0.7368421052631579
JSP,XHTE,hv_deficit_pct,0.30588728817245725,15,19,0.7894736842105263
JSP,XHTE,hv_deficit_pct,0.31532305375803205,16,19,0.8421052631578947
JSP,XHTE,hv_deficit_pct,0.38272255477671546,17,19,0.8947368421052632
JSP,XHTE,hv_deficit_pct,0.4458810250150824,18,19,0.9473684210526315
JSP,XHTE,hv_deficit_pct,0.48872444577208185,19,19,1.0
JSP,NSGA-II,hv_deficit_pct,0.556586023185579,1,19,0.05263157894736842
JSP,NSGA-II,hv_deficit_pct,0.8867092953656286,2,19,0.10526315789473684
JSP,NSGA-II,hv_deficit_pct,1.3343617172711597,3,19,0.15789473684210525
JSP,NSGA-II,hv_deficit_pct,1.484318295333087,4,19,0.21052631578947367
JSP,NSGA-II,hv_deficit_pct,1.5130350584064756,5,19,0.2631578947368421
JSP,NSGA-II,hv_deficit_pct,1.5391508095772166,6,19,0.3157894736842105
JSP,NSGA-II,hv_deficit_pct,1.6074974806516762,7,19,0.3684210526315789
JSP,NSGA-II,hv_deficit_pct,1.6263457626269018,8,19,0.42105263157894735
JSP,NSGA-II,hv_deficit_pct,1.6489080599848327,9,19,0.47368421052631576
JSP,NSGA-II,hv_deficit_pct,1.6943283965194067,10,19,0.5263157894736842
JSP,NSGA-II,hv_deficit_pct,1.7261489155220966,11,19,0.5789473684210527
JSP,NSGA-II,hv_deficit_pct,1.7275435569424458,12,19,0.631578947368421
JSP,NSGA-II,hv_deficit_pct,1.737424861254333,13,19,0.6842105263157895
JSP,NSGA-II,hv_deficit_pct,1.7432132830584646,14,19,0.7368421052631579
JSP,NSGA-II,hv_deficit_pct,1.8068471986814272,15,19,0.7894736842105263
JSP,NSGA-II,hv_deficit_pct,1.8253527937605263,16,19,0.8421052631578947
JSP,NSGA-II,hv_deficit_pct,2.0415730090721174,17,19,0.8947368421052632
JSP,NSGA-II,hv_deficit_pct,2.0775959002563016,18,19,0.9473684210526315
JSP,NSGA-II,hv_deficit_pct,2.2068334643280174,19,19,1.0
JSP,SPEA2,hv_deficit_pct,0.19442887246912122,1,19,0.05263157894736842
JSP,SPEA2,hv_deficit_pct,0.9867762978345684,2,19,0.10526315789473684
JSP,SPEA2,hv_deficit_pct,1.3130391048150059,3,19,0.15789473684210525
JSP,SPEA2,hv_deficit_pct,1.3867067338044659,4,19,0.21052631578947367
JSP,SPEA2,hv_deficit_pct,1.5029473767951829,5,19,0.2631578947368421
JSP,SPEA2,hv_deficit_pct,1.5530714357896769,6,19,0.3157894736842105
JSP,SPEA2,hv_deficit_pct,1.5658785413381393,7,19,0.3684210526315789
JSP,SPEA2,hv_deficit_pct,1.590168709549833,8,19,0.42105263157894735
JSP,SPEA2,hv_deficit_pct,1.6158625763463053,9,19,0.47368421052631576
JSP,SPEA2,hv_deficit_pct,1.6337652677835268,10,19,0.5263157894736842
JSP,SPEA2,hv_deficit_pct,1.6474554214916948,11,19,0.5789473684210527
JSP,SPEA2,hv_deficit_pct,1.690424021280068,12,19,0.631578947368421
JSP,SPEA2,hv_deficit_pct,1.7357041743677026,13,19,0.6842105263157895
JSP,SPEA2,hv_deficit_pct,1.7571333037967651,14,19,0.7368421052631579
JSP,SPEA2,hv_deficit_pct,1.768093837343665,15,19,0.7894736842105263
JSP,SPEA2,hv_deficit_pct,1.8711603317571046,16,19,0.8421052631578947
JSP,SPEA2,hv_deficit_pct,1.8744245304822882,17,19,0.8947368421052632
JSP,SPEA2,hv_deficit_pct,1.9992496261691972,18,19,0.9473684210526315
JSP,SPEA2,hv_deficit_pct,2.089568925860641,19,19,1.0
JSP,MOEA/D,hv_deficit_pct,1.11695682091989,1,19,0.05263157894736842
JSP,MOEA/D,hv_deficit_pct,1.172648899022255,2,19,0.10526315789473684
JSP,MOEA/D,hv_deficit_pct,1.2892519715372641,3,19,0.15789473684210525
JSP,MOEA/D,hv_deficit_pct,1.3716688286556367,4,19,0.21052631578947367
JSP,MOEA/D,hv_deficit_pct,1.3881274836862523,5,19,0.2631578947368421
JSP,MOEA/D,hv_deficit_pct,1.3964586174770144,6,19,0.3157894736842105
JSP,MOEA/D,hv_deficit_pct,1.4130661806010858,7,19,0.3684210526315789
JSP,MOEA/D,hv_deficit_pct,1.4209386316776484,8,19,0.42105263157894735
JSP,MOEA/D,hv_deficit_pct,1.5327481140250288,9,19,0.47368421052631576
JSP,MOEA/D,hv_deficit_pct,1.5507244909101936,10,19,0.5263157894736842
JSP,MOEA/D,hv_deficit_pct,1.593848030941969,11,19,0.5789473684210527
JSP,MOEA/D,hv_deficit_pct,1.601183014035168,12,19,0.631578947368421
JSP,MOEA/D,hv_deficit_pct,1.6174585585494672,13,19,0.6842105263157895
JSP,MOEA/D,hv_deficit_pct,1.694767230028238,14,19,0.7368421052631579
JSP,MOEA/D,hv_deficit_pct,1.7749748997298753,15,19,0.7894736842105263
JSP,MOEA/D,hv_deficit_pct,1.8476346864280124,16,19,0.8421052631578947
JSP,MOEA/D,hv_deficit_pct,1.8663991762481458,17,19,0.8947368421052632
JSP,MOEA/D,hv_deficit_pct,2.115163678530896,18,19,0.9473684210526315
JSP,MOEA/D,hv_deficit_pct,2.1591542305858136,19,19,1.0
JSP,SMS-EMOA,hv_deficit_pct,1.0961807591391648,1,19,0.05263157894736842
JSP,SMS-EMOA,hv_deficit_pct,1.150236871766186,2,19,0.10526315789473684
JSP,SMS-EMOA,hv_deficit_pct,1.1676580171891326,3,19,0.15789473684210525
JSP,SMS-EMOA,hv_deficit_pct,1.355599888378578,4,19,0.21052631578947367
JSP,SMS-EMOA,hv_deficit_pct,1.3984180274064895,5,19,0.2631578947368421
JSP,SMS-EMOA,hv_deficit_pct,1.4395113875733,6,19,0.3157894736842105
JSP,SMS-EMOA,hv_deficit_pct,1.5277516745576536,7,19,0.3684210526315789
JSP,SMS-EMOA,hv_deficit_pct,1.5584473747575434,8,19,0.42105263157894735
JSP,SMS-EMOA,hv_deficit_pct,1.605692394036784,9,19,0.47368421052631576
JSP,SMS-EMOA,hv_deficit_pct,1.629188582900687,10,19,0.5263157894736842
JSP,SMS-EMOA,hv_deficit_pct,1.6522403076438152,11,19,0.5789473684210527
JSP,SMS-EMOA,hv_deficit_pct,1.6540456066377551,12,19,0.631578947368421
JSP,SMS-EMOA,hv_deficit_pct,1.7457527318705646,13,19,0.6842105263157895
JSP,SMS-EMOA,hv_deficit_pct,1.8199965215439207,14,19,0.7368421052631579
JSP,SMS-EMOA,hv_deficit_pct,1.840343699176017,15,19,0.7894736842105263
JSP,SMS-EMOA,hv_deficit_pct,1.8484429759201393,16,19,0.8421052631578947
JSP,SMS-EMOA,hv_deficit_pct,1.9304534661118478,17,19,0.8947368421052632
JSP,SMS-EMOA,hv_deficit_pct,2.018504846970115,18,19,0.9473684210526315
JSP,SMS-EMOA,hv_deficit_pct,2.0837402132556804,19,19,1.0
JSP,XG,makespan_gap_pct,3.995680345572361,1,19,0.05263157894736842
JSP,XG,makespan_gap_pct,8.862478777589144,2,19,0.10526315789473684
JSP,XG,makespan_gap_pct,8.93602225312935,3,19,0.15789473684210525
JSP,XG,makespan_gap_pct,9.074889867841417,4,19,0.21052631578947367
JSP,XG,makespan_gap_pct,9.511111111111115,5,19,0.2631578947368421
JSP,XG,makespan_gap_pct,9.92010652463382,6,19,0.3157894736842105
JSP,XG,makespan_gap_pct,11.381709741550704,7,19,0.3684210526315789
JSP,XG,makespan_gap_pct,12.369109947643974,8,19,0.42105263157894735
JSP,XG,makespan_gap_pct,12.762762762762758,9,19,0.47368421052631576
JSP,XG,makespan_gap_pct,13.010989010989004,10,19,0.5263157894736842
JSP,XG,makespan_gap_pct,14.882772680937828,11,19,0.5789473684210527
JSP,XG,makespan_gap_pct,15.219611848825343,12,19,0.631578947368421
JSP,XG,makespan_gap_pct,16.896024464831804,13,19,0.6842105263157895
JSP,XG,makespan_gap_pct,17.388825541619156,14,19,0.7368421052631579
JSP,XG,makespan_gap_pct,19.924528301886802,15,19,0.7894736842105263
JSP,XG,makespan_gap_pct,20.15765765765767,16,19,0.8421052631578947
JSP,XG,makespan_gap_pct,20.954773869346745,17,19,0.8947368421052632
JSP,XG,makespan_gap_pct,41.93037974683544,18,19,0.9473684210526315
JSP,XG,makespan_gap_pct,52.727272727272734,19,19,1.0
JSP,XH,makespan_gap_pct,0.0,5,19,0.2631578947368421
JSP,XH,makespan_gap_pct,0.5037037037036951,6,19,0.3157894736842105
JSP,XH,makespan_gap_pct,0.5326231691078487,7,19,0.3684210526315789
JSP,XH,makespan_gap_pct,0.7488986784141005,8,19,0.42105263157894735
JSP,XH,makespan_gap_pct,1.0552763819095423,9,19,0.47368421052631576
JSP,XH,makespan_gap_pct,1.0778859527120987,10,19,0.5263157894736842
JSP,XH,makespan_gap_pct,1.120543293718157,11,19,0.5789473684210527
JSP,XH,makespan_gap_pct,1.1428571428571344,12,19,0.631578947368421
JSP,XH,makespan_gap_pct,1.35849056603774,13,19,0.6842105263157895
JSP,XH,makespan_gap_pct,1.6401590457256532,14,19,0.7368421052631579
JSP,XH,makespan_gap_pct,2.159685863874339,15,19,0.7894736842105263
JSP,XH,makespan_gap_pct,2.6225769669327326,16,19,0.8421052631578947
JSP,XH,makespan_gap_pct,3.0581039755351647,17,19,0.8947368421052632
JSP,XH,makespan_gap_pct,4.335585585585577,18,19,0.9473684210526315
JSP,XH,makespan_gap_pct,4.596527068437184,19,19,1.0
JSP,XT,makespan_gap_pct,0.0,2,19,0.10526315789473684
JSP,XT,makespan_gap_pct,0.30030030030030463,3,19,0.15789473684210525
JSP,XT,makespan_gap_pct,1.5312916111850816,4,19,0.21052631578947367
JSP,XT,makespan_gap_pct,1.8196202531645556,5,19,0.2631578947368421
JSP,XT,makespan_gap_pct,2.051460361613344,6,19,0.3157894736842105
JSP,XT,makespan_gap_pct,2.290575916230364,7,19,0.3684210526315789
JSP,XT,makespan_gap_pct,2.3700305810397504,8,19,0.42105263157894735
JSP,XT,makespan_gap_pct,2.4353876739562574,9,19,0.47368421052631576
JSP,XT,makespan_gap_pct,2.5127334465195217,10,19,0.5263157894736842
JSP,XT,makespan_gap_pct,2.6415094339622636,11,19,0.5789473684210527
JSP,XT,makespan_gap_pct,2.9629629629629672,12,19,0.631578947368421
JSP,XT,makespan_gap_pct,3.06435137895813,13,19,0.6842105263157895
JSP,XT,makespan_gap_pct,3.2599118942731264,14,19,0.7368421052631579
JSP,XT,makespan_gap_pct,4.275940706955539,15,19,0.7894736842105263
JSP,XT,makespan_gap_pct,5.142857142857138,16,19,0.8421052631578947
JSP,XT,makespan_gap_pct,6.137387387387383,17,19,0.8947368421052632
JSP,XT,makespan_gap_pct,6.354060482500845,18,19,0.9473684210526315
JSP,XT,makespan_gap_pct,8.090452261306535,19,19,1.0
JSP,XE,makespan_gap_pct,3.6717062634989306,1,19,0.05263157894736842
JSP,XE,makespan_gap_pct,5.255255255255253,2,19,0.10526315789473684
JSP,XE,makespan_gap_pct,7.267037552155764,3,19,0.15789473684210525
JSP,XE,makespan_gap_pct,8.82852292020373,4,19,0.21052631578947367
JSP,XE,makespan_gap_pct,9.074889867841417,5,19,0.2631578947368421
JSP,XE,makespan_gap_pct,9.451851851851846,6,19,0.3157894736842105
JSP,XE,makespan_gap_pct,9.786950732356846,7,19,0.3684210526315789
JSP,XE,makespan_gap_pct,11.060209424083766,8,19,0.42105263157894735
JSP,XE,makespan_gap_pct,11.083499005964214,9,19,0.47368421052631576
JSP,XE,makespan_gap_pct,11.950970377936665,10,19,0.5263157894736842
JSP,XE,makespan_gap_pct,12.791208791208785,11,19,0.5789473684210527
JSP,XE,makespan_gap_pct,13.455657492354733,12,19,0.631578947368421
JSP,XE,makespan_gap_pct,14.746856948691821,13,19,0.6842105263157895
JSP,XE,makespan_gap_pct,14.752252252252251,14,19,0.7368421052631579
JSP,XE,makespan_gap_pct,16.248574686431017,15,19,0.7894736842105263
JSP,XE,makespan_gap_pct,16.301886792452834,16,19,0.8421052631578947
JSP,XE,makespan_gap_pct,16.36363636363636,17,19,0.8947368421052632
JSP,XE,makespan_gap_pct,19.89949748743718,18,19,0.9473684210526315
JSP,XE,makespan_gap_pct,24.76265822784811,19,19,1.0
JSP,XHT,makespan_gap_pct,0.0,4,19,0.21052631578947367
JSP,XHT,makespan_gap_pct,0.3259259259259295,5,19,0.2631578947368421
JSP,XHT,makespan_gap_pct,0.4746835443038,6,19,0.3157894736842105
JSP,XHT,makespan_gap_pct,0.5326231691078487,7,19,0.3684210526315789
JSP,XHT,makespan_gap_pct,0.7547169811320753,8,19,0.42105263157894735
JSP,XHT,makespan_gap_pct,0.9230769230769154,9,19,0.47368421052631576
JSP,XHT,makespan_gap_pct,0.994035785288272,10,19,0.5263157894736842
JSP,XHT,makespan_gap_pct,1.0778859527120987,11,19,0.5789473684210527
JSP,XHT,makespan_gap_pct,1.1013215859030812,12,19,0.631578947368421
JSP,XHT,makespan_gap_pct,1.120543293718157,13,19,0.6842105263157895
JSP,XHT,makespan_gap_pct,1.4070351758793898,14,19,0.7368421052631579
JSP,XHT,makespan_gap_pct,1.5290519877675823,15,19,0.7894736842105263
JSP,XHT,makespan_gap_pct,2.159685863874339,16,19,0.8421052631578947
JSP,XHT,makespan_gap_pct,2.6225769669327326,17,19,0.8947368421052632
JSP,XHT,makespan_gap_pct,3.153153153153143,18,19,0.9473684210526315
JSP,XHT,makespan_gap_pct,4.494382022471921,19,19,1.0
JSP,XHE,makespan_gap_pct,0.0,4,19,0.21052631578947367
JSP,XHE,makespan_gap_pct,0.26631158455392434,5,19,0.2631578947368421
JSP,XHE,makespan_gap_pct,0.6222222222222129,6,19,0.3157894736842105
JSP,XHE,makespan_gap_pct,0.9056603773584859,7,19,0.3684210526315789
JSP,XHE,makespan_gap_pct,1.0778859527120987,8,19,0.42105263157894735
JSP,XHE,makespan_gap_pct,1.120543293718157,9,19,0.47368421052631576
JSP,XHE,makespan_gap_pct,1.155778894472359,10,19,0.5263157894736842
JSP,XHE,makespan_gap_pct,1.3449367088607556,11,19,0.5789473684210527
JSP,XHE,makespan_gap_pct,1.5824175824175724,12,19,0.631578947368421
JSP,XHE,makespan_gap_pct,1.6401590457256532,13,19,0.6842105263157895
JSP,XHE,makespan_gap_pct,1.6740088105726914,14,19,0.7368421052631579
JSP,XHE,makespan_gap_pct,2.159685863874339,15,19,0.7894736842105263
JSP,XHE,makespan_gap_pct,2.850627137970352,16,19,0.8421052631578947
JSP,XHE,makespan_gap_pct,3.0581039755351647,17,19,0.8947368421052632
JSP,XHE,makespan_gap_pct,4.335585585585577,18,19,0.9473684210526315
JSP,XHE,makespan_gap_pct,5.005107252298258,19,19,1.0
JSP,XTE,makespan_gap_pct,0.0,3,19,0.15789473684210525
JSP,XTE,makespan_gap_pct,1.5312916111850816,4,19,0.21052631578947367
JSP,XTE,makespan_gap_pct,1.7405063291139333,5,19,0.2631578947368421
JSP,XTE,makespan_gap_pct,2.051460361613344,6,19,0.3157894736842105
JSP,XTE,makespan_gap_pct,2.290575916230364,7,19,0.3684210526315789
JSP,XTE,makespan_gap_pct,2.4353876739562574,8,19,0.42105263157894735
JSP,XTE,makespan_gap_pct,2.5127334465195217,9,19,0.47368421052631576
JSP,XTE,makespan_gap_pct,2.6415094339622636,10,19,0.5263157894736842
JSP,XTE,makespan_gap_pct,2.9333333333333433,11,19,0.5789473684210527
JSP,XTE,makespan_gap_pct,3.5168195718654482,12,19,0.631578947368421
JSP,XTE,makespan_gap_pct,4.187946884576088,13,19,0.6842105263157895
JSP,XTE,makespan_gap_pct,4.669603524229071,14,19,0.7368421052631579
JSP,XTE,makespan_gap_pct,4.846066134549609,15,19,0.7894736842105263
JSP,XTE,makespan_gap_pct,5.0989010989010985,16,19,0.8421052631578947
JSP,XTE,makespan_gap_pct,6.354060482500845,17,19,0.8947368421052632
JSP,XTE,makespan_gap_pct,6.644144144144137,18,19,0.9473684210526315
JSP,XTE,makespan_gap_pct,8.844221105527627,19,19,1.0
JSP,XHTE,makespan_gap_pct,0.0,3,19,0.15789473684210525
JSP,XHTE,makespan_gap_pct,0.3259259259259295,4,19,0.21052631578947367
JSP,XHTE,makespan_gap_pct,0.4417261297995134,5,19,0.2631578947368421
JSP,XHTE,makespan_gap_pct,0.5326231691078487,6,19,0.3157894736842105
JSP,XHTE,makespan_gap_pct,0.5701254275940704,7,19,0.3684210526315789
JSP,XHTE,makespan_gap_pct,0.6030150753768782,8,19,0.42105263157894735
JSP,XHTE,makespan_gap_pct,0.7547169811320753,9,19,0.47368421052631576
JSP,XHTE,makespan_gap_pct,0.7997218358831715,10,19,0.5263157894736842
JSP,XHTE,makespan_gap_pct,0.8449304174950267,11,19,0.5789473684210527
JSP,XHTE,makespan_gap_pct,0.9847198641765642,12,19,0.631578947368421
JSP,XHTE,makespan_gap_pct,1.3449367088607556,13,19,0.6842105263157895
JSP,XHTE,makespan_gap_pct,1.5824175824175724,14,19,0.7368421052631579
JSP,XHTE,makespan_gap_pct,1.6740088105726914,15,19,0.7894736842105263
JSP,XHTE,makespan_gap_pct,1.6819571865443361,16,19,0.8421052631578947
JSP,XHTE,makespan_gap_pct,2.486910994764391,17,19,0.8947368421052632
JSP,XHTE,makespan_gap_pct,2.98423423423424,18,19,0.9473684210526315
JSP,XHTE,makespan_gap_pct,3.7793667007150145,19,19,1.0
JSP,NSGA-II,makespan_gap_pct,0.0,2,19,0.10526315789473684
JSP,NSGA-II,makespan_gap_pct,1.2257405515832431,3,19,0.15789473684210525
JSP,NSGA-II,makespan_gap_pct,2.1021021021021102,4,19,0.21052631578947367
JSP,NSGA-II,makespan_gap_pct,4.973821989528804,5,19,0.2631578947368421
JSP,NSGA-II,makespan_gap_pct,4.984177215189867,6,19,0.3157894736842105
JSP,NSGA-II,makespan_gap_pct,6.696296296296289,7,19,0.3684210526315789
JSP,NSGA-II,makespan_gap_pct,6.815020862308763,8,19,0.42105263157894735
JSP,NSGA-II,makespan_gap_pct,7.3061630218687945,9,19,0.47368421052631576
JSP,NSGA-II,makespan_gap_pct,7.973568281938337,10,19,0.5263157894736842
JSP,NSGA-II,makespan_gap_pct,8.551881413911055,11,19,0.5789473684210527
JSP,NSGA-II,makespan_gap_pct,8.754716981132082,12,19,0.631578947368421
JSP,NSGA-II,makespan_gap_pct,8.93039049235993,13,19,0.6842105263157895
JSP,NSGA-II,makespan_gap_pct,9.27472527472528,14,19,0.7368421052631579
JSP,NSGA-II,makespan_gap_pct,9.480122324159023,15,19,0.7894736842105263
JSP,NSGA-II,makespan_gap_pct,10.585885486018643,16,19,0.8421052631578947
JSP,NSGA-II,makespan_gap_pct,11.09234234234233,17,19,0.8947368421052632
JSP,NSGA-II,makespan_gap_pct,12.311557788944727,18,19,0.9473684210526315
JSP,NSGA-II,makespan_gap_pct,12.504247366632693,19,19,1.0
JSP,SPEA2,makespan_gap_pct,0.0,2,19,0.10526315789473684
JSP,SPEA2,makespan_gap_pct,2.2471910112359605,3,19,0.15789473684210525
JSP,SPEA2,makespan_gap_pct,3.453453453453448,4,19,0.21052631578947367
JSP,SPEA2,makespan_gap_pct,4.905063291139244,5,19,0.2631578947368421
JSP,SPEA2,makespan_gap_pct,5.824607329842935,6,19,0.3157894736842105
JSP,SPEA2,makespan_gap_pct,6.548148148148147,7,19,0.3684210526315789
JSP,SPEA2,makespan_gap_pct,6.8091451292246585,8,19,0.42105263157894735
JSP,SPEA2,makespan_gap_pct,7.224669603524236,9,19,0.47368421052631576
JSP,SPEA2,makespan_gap_pct,7.406119610570228,10,19,0.5263157894736842
JSP,SPEA2,makespan_gap_pct,8.150943396226417,11,19,0.5789473684210527
JSP,SPEA2,makespan_gap_pct,8.998302207130738,12,19,0.631578947368421
JSP,SPEA2,makespan_gap_pct,9.05459387483356,13,19,0.6842105263157895
JSP,SPEA2,makespan_gap_pct,9.78593272171253,14,19,0.7368421052631579
JSP,SPEA2,makespan_gap_pct,9.863169897377432,15,19,0.7894736842105263
JSP,SPEA2,makespan_gap_pct,10.637362637362635,16,19,0.8421052631578947
JSP,SPEA2,makespan_gap_pct,11.10552763819095,17,19,0.8947368421052632
JSP,SPEA2,makespan_gap_pct,11.993243243243246,18,19,0.9473684210526315
JSP,SPEA2,makespan_gap_pct,12.300373768263672,19,19,1.0
JSP,MOEA/D,makespan_gap_pct,0.0,2,19,0.10526315789473684
JSP,MOEA/D,makespan_gap_pct,1.6516516516516422,3,19,0.15789473684210525
JSP,MOEA/D,makespan_gap_pct,2.927215189873422,4,19,0.21052631578947367
JSP,MOEA/D,makespan_gap_pct,2.962206332992845,5,19,0.2631578947368421
JSP,MOEA/D,makespan_gap_pct,5.759162303664911,6,19,0.3157894736842105
JSP,MOEA/D,makespan_gap_pct,6.044444444444452,7,19,0.3684210526315789
JSP,MOEA/D,makespan_gap_pct,6.41509433962264,8,19,0.42105263157894735
JSP,MOEA/D,makespan_gap_pct,6.519823788546253,9,19,0.47368421052631576
JSP,MOEA/D,makespan_gap_pct,6.5606361829025905,10,19,0.5263157894736842
JSP,MOEA/D,makespan_gap_pct,7.390146471371506,11,19,0.5789473684210527
JSP,MOEA/D,makespan_gap_pct,8.101529902642568,12,19,0.631578947368421
JSP,MOEA/D,makespan_gap_pct,8.266818700114031,13,19,0.6842105263157895
JSP,MOEA/D,makespan_gap_pct,8.72665534804753,14,19,0.7368421052631579
JSP,MOEA/D,makespan_gap_pct,8.727477477477485,15,19,0.7894736842105263
JSP,MOEA/D,makespan_gap_pct,9.86238532110091,16,19,0.8421052631578947
JSP,MOEA/D,makespan_gap_pct,10.549450549450556,17,19,0.8947368421052632
JSP,MOEA/D,makespan_gap_pct,12.311557788944727,18,19,0.9473684210526315
JSP,MOEA/D,makespan_gap_pct,12.979952429493725,19,19,1.0
JSP,SMS-EMOA,makespan_gap_pct,0.0,2,19,0.10526315789473684
JSP,SMS-EMOA,makespan_gap_pct,0.9009009009008917,3,19,0.15789473684210525
JSP,SMS-EMOA,makespan_gap_pct,2.1450459652706755,4,19,0.21052631578947367
JSP,SMS-EMOA,makespan_gap_pct,5.268389662027828,5,19,0.2631578947368421
JSP,SMS-EMOA,makespan_gap_pct,5.458860759493667,6,19,0.3157894736842105
JSP,SMS-EMOA,makespan_gap_pct,6.348167539267013,7,19,0.3684210526315789
JSP,SMS-EMOA,makespan_gap_pct,7.140740740740736,8,19,0.42105263157894735
JSP,SMS-EMOA,makespan_gap_pct,7.510431154381081,9,19,0.47368421052631576
JSP,SMS-EMOA,makespan_gap_pct,7.973568281938337,10,19,0.5263157894736842
JSP,SMS-EMOA,makespan_gap_pct,8.760611205432944,11,19,0.5789473684210527
JSP,SMS-EMOA,makespan_gap_pct,8.981132075471688,12,19,0.631578947368421
JSP,SMS-EMOA,makespan_gap_pct,9.097859327217117,13,19,0.6842105263157895
JSP,SMS-EMOA,makespan_gap_pct,9.45406125166446,14,19,0.7368421052631579
JSP,SMS-EMOA,makespan_gap_pct,10.547320410490313,15,19,0.7894736842105263
JSP,SMS-EMOA,makespan_gap_pct,10.603015075376888,16,19,0.8421052631578947
JSP,SMS-EMOA,makespan_gap_pct,11.032967032967033,17,19,0.8947368421052632
JSP,SMS-EMOA,makespan_gap_pct,12.096500169894675,18,19,0.9473684210526315
JSP,SMS-EMOA,makespan_gap_pct,12.725225225225234,19,19,1.0
JSP,XG,flowtime_gap_pct,3.571428571428581,1,19,0.05263157894736842
JSP,XG,flowtime_gap_pct,6.342388360034046,2,19,0.10526315789473684
JSP,XG,flowtime_gap_pct,6.70763462139361,3,19,0.15789473684210525
JSP,XG,flowtime_gap_pct,6.854804867813691,4,19,0.21052631578947367
JSP,XG,flowtime_gap_pct,7.490709955016617,5,19,0.2631578947368421
JSP,XG,flowtime_gap_pct,8.943713577834389,6,19,0.3157894736842105
JSP,XG,flowtime_gap_pct,9.282070424287681,7,19,0.3684210526315789
JSP,XG,flowtime_gap_pct,9.619296716070913,8,19,0.42105263157894735
JSP,XG,flowtime_gap_pct,9.692261141962133,9,19,0.47368421052631576
JSP,XG,flowtime_gap_pct,10.383701408770541,10,19,0.5263157894736842
JSP,XG,flowtime_gap_pct,10.756870496716186,11,19,0.5789473684210527
JSP,XG,flowtime_gap_pct,11.32667617689016,12,19,0.631578947368421
JSP,XG,flowtime_gap_pct,12.576249928738381,13,19,0.6842105263157895
JSP,XG,flowtime_gap_pct,13.67739466045741,14,19,0.7368421052631579
JSP,XG,flowtime_gap_pct,15.350360183366085,15,19,0.7894736842105263
JSP,XG,flowtime_gap_pct,16.202068153381898,16,19,0.8421052631578947
JSP,XG,flowtime_gap_pct,16.490142054603353,17,19,0.8947368421052632
JSP,XG,flowtime_gap_pct,17.059671286642963,18,19,0.9473684210526315
JSP,XG,flowtime_gap_pct,22.808155699721965,19,19,1.0
JSP,XH,flowtime_gap_pct,0.0,2,19,0.10526315789473684
JSP,XH,flowtime_gap_pct,0.11422175886177666,3,19,0.15789473684210525
JSP,XH,flowtime_gap_pct,0.24384166310693622,4,19,0.21052631578947367
JSP,XH,flowtime_gap_pct,0.5528321465631425,5,19,0.2631578947368421
JSP,XH,flowtime_gap_pct,0.5993751195562114,6,19,0.3157894736842105
JSP,XH,flowtime_gap_pct,0.8803749745261769,7,19,0.3684210526315789
JSP,XH,flowtime_gap_pct,1.2089508863702303,8,19,0.42105263157894735
JSP,XH,flowtime_gap_pct,1.2100665861036974,9,19,0.47368421052631576
JSP,XH,flowtime_gap_pct,1.2263560756605507,10,19,0.5263157894736842
JSP,XH,flowtime_gap_pct,1.8870075822359,11,19,0.5789473684210527
JSP,XH,flowtime_gap_pct,2.012228155715512,12,19,0.631578947368421
JSP,XH,flowtime_gap_pct,2.283909690477026,13,19,0.6842105263157895
JSP,XH,flowtime_gap_pct,2.615546553538972,14,19,0.7368421052631579
JSP,XH,flowtime_gap_pct,2.993512511584795,15,19,0.7894736842105263
JSP,XH,flowtime_gap_pct,3.261296660117874,16,19,0.8421052631578947
JSP,XH,flowtime_gap_pct,3.5295093525776533,17,19,0.8947368421052632
JSP,XH,flowtime_gap_pct,3.6182280461568572,18,19,0.9473684210526315
JSP,XH,flowtime_gap_pct,4.614102697635669,19,19,1.0
JSP,XT,flowtime_gap_pct,0.0,2,19,0.10526315789473684
JSP,XT,flowtime_gap_pct,0.09121486802348144,3,19,0.15789473684210525
JSP,XT,flowtime_gap_pct,0.6185041127335422,4,19,0.21052631578947367
JSP,XT,flowtime_gap_pct,0.8605515353021786,5,19,0.2631578947368421
JSP,XT,flowtime_gap_pct,1.482127288578905,6,19,0.3157894736842105
JSP,XT,flowtime_gap_pct,1.5102593479845883,7,19,0.3684210526315789
JSP,XT,flowtime_gap_pct,2.1964782205746047,8,19,0.42105263157894735
JSP,XT,flowtime_gap_pct,2.3914557696772754,9,19,0.47368421052631576
JSP,XT,flowtime_gap_pct,2.559608722233553,10,19,0.5263157894736842
JSP,XT,flowtime_gap_pct,2.882920688208146,11,19,0.5789473684210527
JSP,XT,flowtime_gap_pct,3.0193687528514035,12,19,0.631578947368421
JSP,XT,flowtime_gap_pct,3.8646752974840437,13,19,0.6842105263157895
JSP,XT,flowtime_gap_pct,4.669707505342724,14,19,0.7368421052631579
JSP,XT,flowtime_gap_pct,4.8332265413640885,15,19,0.7894736842105263
JSP,XT,flowtime_gap_pct,5.809210290907796,16,19,0.8421052631578947
JSP,XT,flowtime_gap_pct,6.7194381138533155,17,19,0.8947368421052632
JSP,XT,flowtime_gap_pct,8.808874034097869,18,19,0.9473684210526315
JSP,XT,flowtime_gap_pct,11.04088466916906,19,19,1.0
JSP,XE,flowtime_gap_pct,1.0714285714285676,1,19,0.05263157894736842
JSP,XE,flowtime_gap_pct,3.9311558771758293,2,19,0.10526315789473684
JSP,XE,flowtime_gap_pct,5.686907613790226,3,19,0.15789473684210525
JSP,XE,flowtime_gap_pct,6.021205789025608,4,19,0.21052631578947367
JSP,XE,flowtime_gap_pct,6.703734788082238,5,19,0.2631578947368421
JSP,XE,flowtime_gap_pct,7.98952193844138,6,19,0.3157894736842105
JSP,XE,flowtime_gap_pct,8.7971525281781,7,19,0.3684210526315789
JSP,XE,flowtime_gap_pct,9.07884368130729,8,19,0.42105263157894735
JSP,XE,flowtime_gap_pct,9.195001453065977,9,19,0.47368421052631576
JSP,XE,flowtime_gap_pct,9.337177844226119,10,19,0.5263157894736842
JSP,XE,flowtime_gap_pct,10.36180342095232,11,19,0.5789473684210527
JSP,XE,flowtime_gap_pct,10.581521392590698,12,19,0.631578947368421
JSP,XE,flowtime_gap_pct,10.962886950572948,13,19,0.6842105263157895
JSP,XE,flowtime_gap_pct,11.069900142653344,14,19,0.7368421052631579
JSP,XE,flowtime_gap_pct,13.511530732671995,15,19,0.7894736842105263
JSP,XE,flowtime_gap_pct,15.505097312326232,16,19,0.8421052631578947
JSP,XE,flowtime_gap_pct,16.093508500772803,17,19,0.8947368421052632
JSP,XE,flowtime_gap_pct,16.413210720291982,18,19,0.9473684210526315
JSP,XE,flowtime_gap_pct,17.025941371274378,19,19,1.0
JSP,XHT,flowtime_gap_pct,0.0,2,19,0.10526315789473684
JSP,XHT,flowtime_gap_pct,0.01160900859067393,3,19,0.15789473684210525
JSP,XHT,flowtime_gap_pct,0.19447809730281929,4,19,0.21052631578947367
JSP,XHT,flowtime_gap_pct,0.26520570890185,5,19,0.2631578947368421
JSP,XHT,flowtime_gap_pct,0.44674640467037285,6,19,0.3157894736842105
JSP,XHT,flowtime_gap_pct,0.5282669138090723,7,19,0.3684210526315789
JSP,XHT,flowtime_gap_pct,0.7711885195633483,8,19,0.42105263157894735
JSP,XHT,flowtime_gap_pct,0.953211275791932,9,19,0.47368421052631576
JSP,XHT,flowtime_gap_pct,1.2100665861036974,10,19,0.5263157894736842
JSP,XHT,flowtime_gap_pct,1.2263560756605507,11,19,0.5789473684210527
JSP,XHT,flowtime_gap_pct,1.4513093681222333,12,19,0.631578947368421
JSP,XHT,flowtime_gap_pct,1.715782580222669,13,19,0.6842105263157895
JSP,XHT,flowtime_gap_pct,1.719991848379876,14,19,0.7368421052631579
JSP,XHT,flowtime_gap_pct,1.7843908557094723,15,19,0.7894736842105263
JSP,XHT,flowtime_gap_pct,1.970055161544515,16,19,0.8421052631578947
JSP,XHT,flowtime_gap_pct,2.1976877408603324,17,19,0.8947368421052632
JSP,XHT,flowtime_gap_pct,2.5977743586073743,18,19,0.9473684210526315
JSP,XHT,flowtime_gap_pct,2.718560531977321,19,19,1.0
JSP,XHE,flowtime_gap_pct,0.0,2,19,0.10526315789473684
JSP,XHE,flowtime_gap_pct,0.44674640467037285,3,19,0.15789473684210525
JSP,XHE,flowtime_gap_pct,0.5993751195562114,4,19,0.21052631578947367
JSP,XHE,flowtime_gap_pct,0.7711885195633483,5,19,0.2631578947368421
JSP,XHE,flowtime_gap_pct,1.2100665861036974,6,19,0.3157894736842105
JSP,XHE,flowtime_gap_pct,1.2263560756605507,7,19,0.3684210526315789
JSP,XHE,flowtime_gap_pct,1.3484452194129526,8,19,0.42105263157894735
JSP,XHE,flowtime_gap_pct,1.719991848379876,9,19,0.47368421052631576
JSP,XHE,flowtime_gap_pct,2.012228155715512,10,19,0.5263157894736842
JSP,XHE,flowtime_gap_pct,2.283909690477026,11,19,0.5789473684210527
JSP,XHE,flowtime_gap_pct,2.5964084080252636,12,19,0.631578947368421
JSP,XHE,flowtime_gap_pct,2.993512511584795,13,19,0.6842105263157895
JSP,XHE,flowtime_gap_pct,3.1298101590559346,14,19,0.7368421052631579
JSP,XHE,flowtime_gap_pct,3.145239202776695,15,19,0.7894736842105263
JSP,XHE,flowtime_gap_pct,3.2874918140143983,16,19,0.8421052631578947
JSP,XHE,flowtime_gap_pct,3.703703703703698,17,19,0.8947368421052632
JSP,XHE,flowtime_gap_pct,4.146293761001374,18,19,0.9473684210526315
JSP,XHE,flowtime_gap_pct,5.582751796687835,19,19,1.0
JSP,XTE,flowtime_gap_pct,0.0,2,19,0.10526315789473684
JSP,XTE,flowtime_gap_pct,0.6185041127335422,3,19,0.15789473684210525
JSP,XTE,flowtime_gap_pct,0.9192255036182262,4,19,0.21052631578947367
JSP,XTE,flowtime_gap_pct,1.339718374094967,5,19,0.2631578947368421
JSP,XTE,flowtime_gap_pct,1.482127288578905,6,19,0.3157894736842105
JSP,XTE,flowtime_gap_pct,1.9893761066555493,7,19,0.3684210526315789
JSP,XTE,flowtime_gap_pct,2.1964782205746047,8,19,0.42105263157894735
JSP,XTE,flowtime_gap_pct,2.3914557696772754,9,19,0.47368421052631576
JSP,XTE,flowtime_gap_pct,3.0193687528514035,10,19,0.5263157894736842
JSP,XTE,flowtime_gap_pct,3.03608896349139,11,19,0.5789473684210527
JSP,XTE,flowtime_gap_pct,4.51547614893395,12,19,0.631578947368421
JSP,XTE,flowtime_gap_pct,4.711636437741995,13,19,0.6842105263157895
JSP,XTE,flowtime_gap_pct,5.030142579184083,14,19,0.7368421052631579
JSP,XTE,flowtime_gap_pct,6.460914139256735,15,19,0.7894736842105263
JSP,XTE,flowtime_gap_pct,6.7127061938669685,16,19,0.8421052631578947
JSP,XTE,flowtime_gap_pct,6.7194381138533155,17,19,0.8947368421052632
JSP,XTE,flowtime_gap_pct,8.799674966270077,18,19,0.9473684210526315
JSP,XTE,flowtime_gap_pct,11.04088466916906,19,19,1.0
JSP,XHTE,flowtime_gap_pct,0.0,1,19,0.05263157894736842
JSP,XHTE,flowtime_gap_pct,0.01160900859067393,2,19,0.10526315789473684
JSP,XHTE,flowtime_gap_pct,0.19447809730281929,3,19,0.15789473684210525
JSP,XHTE,flowtime_gap_pct,0.26520570890185,4,19,0.21052631578947367
JSP,XHTE,flowtime_gap_pct,0.5282669138090723,5,19,0.2631578947368421
JSP,XHTE,flowtime_gap_pct,1.3484452194129526,6,19,0.3157894736842105
JSP,XHTE,flowtime_gap_pct,1.6405004292898262,7,19,0.3684210526315789
JSP,XHTE,flowtime_gap_pct,1.719991848379876,8,19,0.42105263157894735
JSP,XHTE,flowtime_gap_pct,1.7843908557094723,9,19,0.47368421052631576
JSP,XHTE,flowtime_gap_pct,1.906051452973645,10,19,0.5263157894736842
JSP,XHTE,flowtime_gap_pct,2.054133445237105,11,19,0.5789473684210527
JSP,XHTE,flowtime_gap_pct,2.0966823294888304,12,19,0.631578947368421
JSP,XHTE,flowtime_gap_pct,2.3009107940859197,13,19,0.6842105263157895
JSP,XHTE,flowtime_gap_pct,2.5977743586073743,14,19,0.7368421052631579
JSP,XHTE,flowtime_gap_pct,2.679444553099941,15,19,0.7894736842105263
JSP,XHTE,flowtime_gap_pct,2.762224710712946,16,19,0.8421052631578947
JSP,XHTE,flowtime_gap_pct,3.156516044531754,17,19,0.8947368421052632
JSP,XHTE,flowtime_gap_pct,3.2056393735446997,18,19,0.9473684210526315
JSP,XHTE,flowtime_gap_pct,6.717818502980788,19,19,1.0
JSP,NSGA-II,flowtime_gap_pct,2.1428571428571352,1,19,0.05263157894736842
JSP,NSGA-II,flowtime_gap_pct,5.55143651529193,2,19,0.10526315789473684
JSP,NSGA-II,flowtime_gap_pct,6.415020535888916,3,19,0.15789473684210525
JSP,NSGA-II,flowtime_gap_pct,8.439407149084577,4,19,0.21052631578947367
JSP,NSGA-II,flowtime_gap_pct,8.683693516699421,5,19,0.2631578947368421
JSP,NSGA-II,flowtime_gap_pct,8.76232825950629,6,19,0.3157894736842105
JSP,NSGA-II,flowtime_gap_pct,9.37402353921466,7,19,0.3684210526315789
JSP,NSGA-II,flowtime_gap_pct,10.29777466046038,8,19,0.42105263157894735
JSP,NSGA-II,flowtime_gap_pct,13.342477113967654,9,19,0.47368421052631576
JSP,NSGA-II,flowtime_gap_pct,14.070118411887634,10,19,0.5263157894736842
JSP,NSGA-II,flowtime_gap_pct,15.100991248807594,11,19,0.5789473684210527
JSP,NSGA-II,flowtime_gap_pct,15.645686477976174,12,19,0.631578947368421
JSP,NSGA-II,flowtime_gap_pct,16.31347041544271,13,19,0.6842105263157895
JSP,NSGA-II,flowtime_gap_pct,17.057265131444876,14,19,0.7368421052631579
JSP,NSGA-II,flowtime_gap_pct,17.215689011410817,15,19,0.7894736842105263
JSP,NSGA-II,flowtime_gap_pct,17.770183682187103,16,19,0.8421052631578947
JSP,NSGA-II,flowtime_gap_pct,19.12869495891083,17,19,0.8947368421052632
JSP,NSGA-II,flowtime_gap_pct,20.503815927136483,18,19,0.9473684210526315
JSP,NSGA-II,flowtime_gap_pct,25.84271730330463,19,19,1.0
JSP,SPEA2,flowtime_gap_pct,0.7142857142857117,1,19,0.05263157894736842
JSP,SPEA2,flowtime_gap_pct,4.341873655388229,2,19,0.10526315789473684
JSP,SPEA2,flowtime_gap_pct,4.874884151992576,3,19,0.15789473684210525
JSP,SPEA2,flowtime_gap_pct,7.342796875890767,4,19,0.21052631578947367
JSP,SPEA2,flowtime_gap_pct,8.068107400130975,5,19,0.2631578947368421
JSP,SPEA2,flowtime_gap_pct,8.64283638477188,6,19,0.3157894736842105
JSP,SPEA2,flowtime_gap_pct,9.019893761066555,7,19,0.3684210526315789
JSP,SPEA2,flowtime_gap_pct,11.203213670853795,8,19,0.42105263157894735
JSP,SPEA2,flowtime_gap_pct,13.157475040668555,9,19,0.47368421052631576
JSP,SPEA2,flowtime_gap_pct,13.214921445708526,10,19,0.5263157894736842
JSP,SPEA2,flowtime_gap_pct,14.085590582173403,11,19,0.5789473684210527
JSP,SPEA2,flowtime_gap_pct,14.725136382710868,12,19,0.631578947368421
JSP,SPEA2,flowtime_gap_pct,15.660901663141313,13,19,0.6842105263157895
JSP,SPEA2,flowtime_gap_pct,15.701224831629279,14,19,0.7368421052631579
JSP,SPEA2,flowtime_gap_pct,16.37456694518036,15,19,0.7894736842105263
JSP,SPEA2,flowtime_gap_pct,18.262316673786128,16,19,0.8421052631578947
JSP,SPEA2,flowtime_gap_pct,20.166656445480193,17,19,0.8947368421052632
JSP,SPEA2,flowtime_gap_pct,20.391081841701887,18,19,0.9473684210526315
JSP,SPEA2,flowtime_gap_pct,26.213476116876432,19,19,1.0
JSP,MOEA/D,flowtime_gap_pct,5.35714285714286,1,19,0.05263157894736842
JSP,MOEA/D,flowtime_gap_pct,5.45667905339331,2,19,0.10526315789473684
JSP,MOEA/D,flowtime_gap_pct,6.413345690454131,3,19,0.15789473684210525
JSP,MOEA/D,flowtime_gap_pct,7.41248485621373,4,19,0.21052631578947367
JSP,MOEA/D,flowtime_gap_pct,8.049712103072793,5,19,0.2631578947368421
JSP,MOEA/D,flowtime_gap_pct,8.462656204591678,6,19,0.3157894736842105
JSP,MOEA/D,flowtime_gap_pct,9.051140506197264,7,19,0.3684210526315789
JSP,MOEA/D,flowtime_gap_pct,9.561231172233132,8,19,0.42105263157894735
JSP,MOEA/D,flowtime_gap_pct,11.049089343242645,9,19,0.47368421052631576
JSP,MOEA/D,flowtime_gap_pct,11.768705048842442,10,19,0.5263157894736842
JSP,MOEA/D,flowtime_gap_pct,13.354229548796525,11,19,0.5789473684210527
JSP,MOEA/D,flowtime_gap_pct,14.520343411720793,12,19,0.631578947368421
JSP,MOEA/D,flowtime_gap_pct,15.098615190935805,13,19,0.6842105263157895
JSP,MOEA/D,flowtime_gap_pct,15.275499877865784,14,19,0.7368421052631579
JSP,MOEA/D,flowtime_gap_pct,17.065416751579377,15,19,0.7894736842105263
JSP,MOEA/D,flowtime_gap_pct,17.29406948597465,16,19,0.8421052631578947
JSP,MOEA/D,flowtime_gap_pct,20.674138353980133,17,19,0.8947368421052632
JSP,MOEA/D,flowtime_gap_pct,21.13155824459241,18,19,0.9473684210526315
JSP,MOEA/D,flowtime_gap_pct,26.575034959888132,19,19,1.0
JSP,SMS-EMOA,flowtime_gap_pct,2.499999999999991,1,19,0.05263157894736842
JSP,SMS-EMOA,flowtime_gap_pct,4.772149423039318,2,19,0.10526315789473684
JSP,SMS-EMOA,flowtime_gap_pct,5.718257645968494,3,19,0.15789473684210525
JSP,SMS-EMOA,flowtime_gap_pct,6.082891511316335,4,19,0.21052631578947367
JSP,SMS-EMOA,flowtime_gap_pct,7.999166753463172,5,19,0.2631578947368421
JSP,SMS-EMOA,flowtime_gap_pct,9.572798605056665,6,19,0.3157894736842105
JSP,SMS-EMOA,flowtime_gap_pct,9.652914210871,7,19,0.3684210526315789
JSP,SMS-EMOA,flowtime_gap_pct,10.265893005164827,8,19,0.42105263157894735
JSP,SMS-EMOA,flowtime_gap_pct,12.201068028790353,9,19,0.47368421052631576
JSP,SMS-EMOA,flowtime_gap_pct,12.42065643839112,10,19,0.5263157894736842
JSP,SMS-EMOA,flowtime_gap_pct,15.128938828209515,11,19,0.5789473684210527
JSP,SMS-EMOA,flowtime_gap_pct,15.565518646831066,12,19,0.631578947368421
JSP,SMS-EMOA,flowtime_gap_pct,15.675618967687788,13,19,0.6842105263157895
JSP,SMS-EMOA,flowtime_gap_pct,16.610011808065273,14,19,0.7368421052631579
JSP,SMS-EMOA,flowtime_gap_pct,17.270125668781876,15,19,0.7894736842105263
JSP,SMS-EMOA,flowtime_gap_pct,18.13238644453936,16,19,0.8421052631578947
JSP,SMS-EMOA,flowtime_gap_pct,20.36903593769164,17,19,0.8947368421052632
JSP,SMS-EMOA,flowtime_gap_pct,21.06991946406702,18,19,0.9473684210526315
JSP,SMS-EMOA,flowtime_gap_pct,26.53823507764774,19,19,1.0
JSP,XG,seconds,0.0008549,1,19,0.05263157894736842
JSP,XG,seconds,0.0012354,2,19,0.10526315789473684
JSP,XG,seconds,0.0022201,3,19,0.15789473684210525
JSP,XG,seconds,0.0023923,4,19,0.21052631578947367
JSP,XG,seconds,0.0027877,5,19,0.2631578947368421
JSP,XG,seconds,0.0065069,6,19,0.3157894736842105
JSP,XG,seconds,0.0068401,7,19,0.3684210526315789
JSP,XG,seconds,0.0100713,8,19,0.42105263157894735
JSP,XG,seconds,0.0103899,9,19,0.47368421052631576
JSP,XG,seconds,0.0134687,10,19,0.5263157894736842
JSP,XG,seconds,0.0148297,11,19,0.5789473684210527
JSP,XG,seconds,0.0208031,12,19,0.631578947368421
JSP,XG,seconds,0.0219174,13,19,0.6842105263157895
JSP,XG,seconds,0.0281084,14,19,0.7368421052631579
JSP,XG,seconds,0.0293803,15,19,0.7894736842105263
JSP,XG,seconds,0.0494675,16,19,0.8421052631578947
JSP,XG,seconds,0.0505621,17,19,0.8947368421052632
JSP,XG,seconds,0.0676218,18,19,0.9473684210526315
JSP,XG,seconds,0.0717369,19,19,1.0
JSP,XH,seconds,0.7005763,1,19,0.05263157894736842
JSP,XH,seconds,1.2452323,2,19,0.10526315789473684
JSP,XH,seconds,2.1537056,3,19,0.15789473684210525
JSP,XH,seconds,2.3122834,4,19,0.21052631578947367
JSP,XH,seconds,2.6443193000000003,5,19,0.2631578947368421
JSP,XH,seconds,7.756433,6,19,0.3157894736842105
JSP,XH,seconds,7.8831424,7,19,0.3684210526315789
JSP,XH,seconds,12.0210597,8,19,0.42105263157894735
JSP,XH,seconds,12.1125168,9,19,0.47368421052631576
JSP,XH,seconds,17.4997045,10,19,0.5263157894736842
JSP,XH,seconds,17.9291937,11,19,0.5789473684210527
JSP,XH,seconds,24.8584243,12,19,0.631578947368421
JSP,XH,seconds,26.0204346,13,19,0.6842105263157895
JSP,XH,seconds,33.9874834,14,19,0.7368421052631579
JSP,XH,seconds,36.9448453,15,19,0.7894736842105263
JSP,XH,seconds,62.4915425,16,19,0.8421052631578947
JSP,XH,seconds,62.9939975,17,19,0.8947368421052632
JSP,XH,seconds,83.6876631,18,19,0.9473684210526315
JSP,XH,seconds,87.390567,19,19,1.0
JSP,XT,seconds,0.585453,1,19,0.05263157894736842
JSP,XT,seconds,0.9667039,2,19,0.10526315789473684
JSP,XT,seconds,1.8886844,3,19,0.15789473684210525
JSP,XT,seconds,1.9259444000000001,4,19,0.21052631578947367
JSP,XT,seconds,2.117061,5,19,0.2631578947368421
JSP,XT,seconds,6.4852225,6,19,0.3157894736842105
JSP,XT,seconds,6.7748796,7,19,0.3684210526315789
JSP,XT,seconds,9.9229559,8,19,0.42105263157894735
JSP,XT,seconds,9.9845017,9,19,0.47368421052631576
JSP,XT,seconds,14.0110701,10,19,0.5263157894736842
JSP,XT,seconds,14.1658694,11,19,0.5789473684210527
JSP,XT,seconds,20.587279,12,19,0.631578947368421
JSP,XT,seconds,22.3457292,13,19,0.6842105263157895
JSP,XT,seconds,27.5085793,14,19,0.7368421052631579
JSP,XT,seconds,28.221314,15,19,0.7894736842105263
JSP,XT,seconds,52.146895,16,19,0.8421052631578947
JSP,XT,seconds,57.3129647,17,19,0.8947368421052632
JSP,XT,seconds,71.6113811,18,19,0.9473684210526315
JSP,XT,seconds,72.1515265,19,19,1.0
JSP,XE,seconds,0.4295705,1,19,0.05263157894736842
JSP,XE,seconds,0.5750467,2,19,0.10526315789473684
JSP,XE,seconds,0.9135487,3,19,0.15789473684210525
JSP,XE,seconds,1.103499,4,19,0.21052631578947367
JSP,XE,seconds,1.1862669000000001,5,19,0.2631578947368421
JSP,XE,seconds,2.6957116,6,19,0.3157894736842105
JSP,XE,seconds,2.7282928,7,19,0.3684210526315789
JSP,XE,seconds,3.5975724,8,19,0.42105263157894735
JSP,XE,seconds,3.7603267000000002,9,19,0.47368421052631576
JSP,XE,seconds,5.2296405,10,19,0.5263157894736842
JSP,XE,seconds,5.2852765,11,19,0.5789473684210527
JSP,XE,seconds,5.6865629,12,19,0.631578947368421
JSP,XE,seconds,6.2929453,13,19,0.6842105263157895
JSP,XE,seconds,8.1383079,14,19,0.7368421052631579
JSP,XE,seconds,8.3130543,15,19,0.7894736842105263
JSP,XE,seconds,10.025867,16,19,0.8421052631578947
JSP,XE,seconds,11.2876075,17,19,0.8947368421052632
JSP,XE,seconds,13.5849014,18,19,0.9473684210526315
JSP,XE,seconds,15.1916478,19,19,1.0
JSP,XHT,seconds,0.7272916,1,19,0.05263157894736842
JSP,XHT,seconds,1.1132057,2,19,0.10526315789473684
JSP,XHT,seconds,1.9679349,3,19,0.15789473684210525
JSP,XHT,seconds,2.3789749000000002,4,19,0.21052631578947367
JSP,XHT,seconds,2.4588282,5,19,0.2631578947368421
JSP,XHT,seconds,7.6140637,6,19,0.3157894736842105
JSP,XHT,seconds,7.7477779,7,19,0.3684210526315789
JSP,XHT,seconds,11.4337396,8,19,0.42105263157894735
JSP,XHT,seconds,12.2595216,9,19,0.47368421052631576
JSP,XHT,seconds,16.0956026,10,19,0.5263157894736842
JSP,XHT,seconds,17.6546032,11,19,0.5789473684210527
JSP,XHT,seconds,23.238647,12,19,0.631578947368421
JSP,XHT,seconds,27.760112200000002,13,19,0.6842105263157895
JSP,XHT,seconds,35.1773471,14,19,0.7368421052631579
JSP,XHT,seconds,35.4493958,15,19,0.7894736842105263
JSP,XHT,seconds,65.4409176,16,19,0.8421052631578947
JSP,XHT,seconds,65.7970276,17,19,0.8947368421052632
JSP,XHT,seconds,91.4203839,18,19,0.9473684210526315
JSP,XHT,seconds,92.4801859,19,19,1.0
JSP,XHE,seconds,0.5339266,1,19,0.05263157894736842
JSP,XHE,seconds,0.8643422,2,19,0.10526315789473684
JSP,XHE,seconds,1.5417199,3,19,0.15789473684210525
JSP,XHE,seconds,1.8376563,4,19,0.21052631578947367
JSP,XHE,seconds,1.8907203,5,19,0.2631578947368421
JSP,XHE,seconds,5.1586656,6,19,0.3157894736842105
JSP,XHE,seconds,5.3092223,7,19,0.3684210526315789
JSP,XHE,seconds,7.6452214,8,19,0.42105263157894735
JSP,XHE,seconds,7.6756778,9,19,0.47368421052631576
JSP,XHE,seconds,11.409389000000001,10,19,0.5263157894736842
JSP,XHE,seconds,11.6251392,11,19,0.5789473684210527
JSP,XHE,seconds,15.1150345,12,19,0.631578947368421
JSP,XHE,seconds,16.7588926,13,19,0.6842105263157895
JSP,XHE,seconds,20.4199224,14,19,0.7368421052631579
JSP,XHE,seconds,21.9792166,15,19,0.7894736842105263
JSP,XHE,seconds,36.668783,16,19,0.8421052631578947
JSP,XHE,seconds,39.2926603,17,19,0.8947368421052632
JSP,XHE,seconds,54.3710758,18,19,0.9473684210526315
JSP,XHE,seconds,54.5562937,19,19,1.0
JSP,XTE,seconds,0.5433815,1,19,0.05263157894736842
JSP,XTE,seconds,0.8201795,2,19,0.10526315789473684
JSP,XTE,seconds,1.360933,3,19,0.15789473684210525
JSP,XTE,seconds,1.6153171,4,19,0.21052631578947367
JSP,XTE,seconds,1.6481219999999999,5,19,0.2631578947368421
JSP,XTE,seconds,4.6193325,6,19,0.3157894736842105
JSP,XTE,seconds,4.8777924,7,19,0.3684210526315789
JSP,XTE,seconds,6.9947753,8,19,0.42105263157894735
JSP,XTE,seconds,7.3512117,9,19,0.47368421052631576
JSP,XTE,seconds,9.463367,10,19,0.5263157894736842
JSP,XTE,seconds,10.5398663,11,19,0.5789473684210527
JSP,XTE,seconds,14.1381414,12,19,0.631578947368421
JSP,XTE,seconds,14.2666002,13,19,0.6842105263157895
JSP,XTE,seconds,18.5322274,14,19,0.7368421052631579
JSP,XTE,seconds,18.5627744,15,19,0.7894736842105263
JSP,XTE,seconds,30.2809856,16,19,0.8421052631578947
JSP,XTE,seconds,32.2989363,17,19,0.8947368421052632
JSP,XTE,seconds,48.1105575,18,19,0.9473684210526315
JSP,XTE,seconds,51.6295776,19,19,1.0
JSP,XHTE,seconds,0.6367196,1,19,0.05263157894736842
JSP,XHTE,seconds,1.00982,2,19,0.10526315789473684
JSP,XHTE,seconds,1.6986485999999998,3,19,0.15789473684210525
JSP,XHTE,seconds,1.9379048,4,19,0.21052631578947367
JSP,XHTE,seconds,2.029556,5,19,0.2631578947368421
JSP,XHTE,seconds,5.9744339,6,19,0.3157894736842105
JSP,XHTE,seconds,5.9847121,7,19,0.3684210526315789
JSP,XHTE,seconds,9.0927179,8,19,0.42105263157894735
JSP,XHTE,seconds,9.3509586,9,19,0.47368421052631576
JSP,XHTE,seconds,12.0763183,10,19,0.5263157894736842
JSP,XHTE,seconds,12.9917872,11,19,0.5789473684210527
JSP,XHTE,seconds,17.5083093,12,19,0.631578947368421
JSP,XHTE,seconds,18.7297549,13,19,0.6842105263157895
JSP,XHTE,seconds,25.5601055,14,19,0.7368421052631579
JSP,XHTE,seconds,26.0073991,15,19,0.7894736842105263
JSP,XHTE,seconds,46.4944515,16,19,0.8421052631578947
JSP,XHTE,seconds,48.0769477,17,19,0.8947368421052632
JSP,XHTE,seconds,59.0533229,18,19,0.9473684210526315
JSP,XHTE,seconds,66.257548,19,19,1.0
JSP,NSGA-II,seconds,0.09010699996724725,1,19,0.05263157894736842
JSP,NSGA-II,seconds,0.11606579995714128,2,19,0.10526315789473684
JSP,NSGA-II,seconds,0.16819110000506043,3,19,0.15789473684210525
JSP,NSGA-II,seconds,0.19022449990734458,4,19,0.21052631578947367
JSP,NSGA-II,seconds,0.193185199983418,5,19,0.2631578947368421
JSP,NSGA-II,seconds,0.3779388000257313,6,19,0.3157894736842105
JSP,NSGA-II,seconds,0.4086398999206722,7,19,0.3684210526315789
JSP,NSGA-II,seconds,0.5545868000481278,8,19,0.42105263157894735
JSP,NSGA-II,seconds,0.589269999996759,9,19,0.47368421052631576
JSP,NSGA-II,seconds,0.7701209000078961,10,19,0.5263157894736842
JSP,NSGA-II,seconds,0.7797551000257954,11,19,0.5789473684210527
JSP,NSGA-II,seconds,0.9325470000039786,12,19,0.631578947368421
JSP,NSGA-II,seconds,0.9453422999940813,13,19,0.6842105263157895
JSP,NSGA-II,seconds,1.2687643999233842,14,19,0.7368421052631579
JSP,NSGA-II,seconds,1.3145734999561682,15,19,0.7894736842105263
JSP,NSGA-II,seconds,2.1428655000636354,16,19,0.8421052631578947
JSP,NSGA-II,seconds,2.2711207000538707,17,19,0.8947368421052632
JSP,NSGA-II,seconds,3.118978500016965,18,19,0.9473684210526315
JSP,NSGA-II,seconds,3.127786500030197,19,19,1.0
JSP,SPEA2,seconds,0.1234859999967739,1,19,0.05263157894736842
JSP,SPEA2,seconds,0.14156939997337759,2,19,0.10526315789473684
JSP,SPEA2,seconds,0.1880002999678254,3,19,0.15789473684210525
JSP,SPEA2,seconds,0.21947939996607602,4,19,0.21052631578947367
JSP,SPEA2,seconds,0.2217997000552714,5,19,0.2631578947368421
JSP,SPEA2,seconds,0.43061150005087256,6,19,0.3157894736842105
JSP,SPEA2,seconds,0.43530350003857166,7,19,0.3684210526315789
JSP,SPEA2,seconds,0.5677857999689877,8,19,0.42105263157894735
JSP,SPEA2,seconds,0.610310300020501,9,19,0.47368421052631576
JSP,SPEA2,seconds,0.756190299987793,10,19,0.5263157894736842
JSP,SPEA2,seconds,0.8130206000059843,11,19,0.5789473684210527
JSP,SPEA2,seconds,1.0155484999995679,12,19,0.631578947368421
JSP,SPEA2,seconds,1.0319582999218255,13,19,0.6842105263157895
JSP,SPEA2,seconds,1.3229595999000594,14,19,0.7368421052631579
JSP,SPEA2,seconds,1.3254536000313237,15,19,0.7894736842105263
JSP,SPEA2,seconds,2.1391761999111623,16,19,0.8421052631578947
JSP,SPEA2,seconds,2.253061299910769,17,19,0.8947368421052632
JSP,SPEA2,seconds,3.122360899928026,18,19,0.9473684210526315
JSP,SPEA2,seconds,3.1565886000171304,19,19,1.0
JSP,MOEA/D,seconds,0.23522909998428077,1,19,0.05263157894736842
JSP,MOEA/D,seconds,0.26057759998366237,2,19,0.10526315789473684
JSP,MOEA/D,seconds,0.32663609995506704,3,19,0.15789473684210525
JSP,MOEA/D,seconds,0.32944230001885444,4,19,0.21052631578947367
JSP,MOEA/D,seconds,0.38007529999595135,5,19,0.2631578947368421
JSP,MOEA/D,seconds,0.5644278000108898,6,19,0.3157894736842105
JSP,MOEA/D,seconds,0.6006000000052154,7,19,0.3684210526315789
JSP,MOEA/D,seconds,0.7608361000893638,8,19,0.42105263157894735
JSP,MOEA/D,seconds,0.7955720999743789,9,19,0.47368421052631576
JSP,MOEA/D,seconds,0.889552199980244,10,19,0.5263157894736842
JSP,MOEA/D,seconds,0.9160087000345811,11,19,0.5789473684210527
JSP,MOEA/D,seconds,1.1640743999741971,12,19,0.631578947368421
JSP,MOEA/D,seconds,1.239185000071302,13,19,0.6842105263157895
JSP,MOEA/D,seconds,1.4183721999870613,14,19,0.7368421052631579
JSP,MOEA/D,seconds,1.4563608999596909,15,19,0.7894736842105263
JSP,MOEA/D,seconds,2.277699699974619,16,19,0.8421052631578947
JSP,MOEA/D,seconds,2.480868099955842,17,19,0.8947368421052632
JSP,MOEA/D,seconds,3.2750173000385985,18,19,0.9473684210526315
JSP,MOEA/D,seconds,3.4549122999887913,19,19,1.0
JSP,SMS-EMOA,seconds,0.09682650002650917,1,19,0.05263157894736842
JSP,SMS-EMOA,seconds,0.1214449000544846,2,19,0.10526315789473684
JSP,SMS-EMOA,seconds,0.16016960004344583,3,19,0.15789473684210525
JSP,SMS-EMOA,seconds,0.1878116000443697,4,19,0.21052631578947367
JSP,SMS-EMOA,seconds,0.20809009997174144,5,19,0.2631578947368421
JSP,SMS-EMOA,seconds,0.3851466999622062,6,19,0.3157894736842105
JSP,SMS-EMOA,seconds,0.4116443000966683,7,19,0.3684210526315789
JSP,SMS-EMOA,seconds,0.5617032001027837,8,19,0.42105263157894735
JSP,SMS-EMOA,seconds,0.5865907999686897,9,19,0.47368421052631576
JSP,SMS-EMOA,seconds,0.7916604999918491,10,19,0.5263157894736842
JSP,SMS-EMOA,seconds,0.7923318999819458,11,19,0.5789473684210527
JSP,SMS-EMOA,seconds,0.9780582000967115,12,19,0.631578947368421
JSP,SMS-EMOA,seconds,1.0051351999863982,13,19,0.6842105263157895
JSP,SMS-EMOA,seconds,1.2722561000846326,14,19,0.7368421052631579
JSP,SMS-EMOA,seconds,1.3833284000866115,15,19,0.7894736842105263
JSP,SMS-EMOA,seconds,2.0534003999782726,16,19,0.8421052631578947
JSP,SMS-EMOA,seconds,2.2046053999802098,17,19,0.8947368421052632
JSP,SMS-EMOA,seconds,3.0758932000026107,18,19,0.9473684210526315
JSP,SMS-EMOA,seconds,3.1272622999968007,19,19,1.0
FJSP,XG,hv_deficit_pct,0.337034285850224,1,32,0.03125
FJSP,XG,hv_deficit_pct,0.35096244082010175,2,32,0.0625
FJSP,XG,hv_deficit_pct,0.4293629982331626,3,32,0.09375
FJSP,XG,hv_deficit_pct,0.44790197209637617,4,32,0.125
FJSP,XG,hv_deficit_pct,0.5045440620031316,5,32,0.15625
FJSP,XG,hv_deficit_pct,0.5672855385426279,6,32,0.1875
FJSP,XG,hv_deficit_pct,0.5752471600433684,7,32,0.21875
FJSP,XG,hv_deficit_pct,0.5978561287637851,8,32,0.25
FJSP,XG,hv_deficit_pct,0.713167717460006,9,32,0.28125
FJSP,XG,hv_deficit_pct,0.883325026252002,10,32,0.3125
FJSP,XG,hv_deficit_pct,0.8837638204713061,11,32,0.34375
FJSP,XG,hv_deficit_pct,0.9822941060167567,12,32,0.375
FJSP,XG,hv_deficit_pct,1.5967489554017056,13,32,0.40625
FJSP,XG,hv_deficit_pct,1.689535939847353,14,32,0.4375
FJSP,XG,hv_deficit_pct,1.9194966794008006,15,32,0.46875
FJSP,XG,hv_deficit_pct,2.0058307329087754,16,32,0.5
FJSP,XG,hv_deficit_pct,2.1340441093195217,17,32,0.53125
FJSP,XG,hv_deficit_pct,2.277723972444523,18,32,0.5625
FJSP,XG,hv_deficit_pct,3.5114090820737576,19,32,0.59375
FJSP,XG,hv_deficit_pct,3.6232265035635924,20,32,0.625
FJSP,XG,hv_deficit_pct,3.749947570711587,21,32,0.65625
FJSP,XG,hv_deficit_pct,3.818400042218817,22,32,0.6875
FJSP,XG,hv_deficit_pct,4.182857895333047,23,32,0.71875
FJSP,XG,hv_deficit_pct,4.344594658161882,24,32,0.75
FJSP,XG,hv_deficit_pct,5.001228037824168,25,32,0.78125
FJSP,XG,hv_deficit_pct,5.066198843325875,26,32,0.8125
FJSP,XG,hv_deficit_pct,5.5370679932935545,27,32,0.84375
FJSP,XG,hv_deficit_pct,5.639940885365813,28,32,0.875
FJSP,XG,hv_deficit_pct,5.656125642616683,29,32,0.90625
FJSP,XG,hv_deficit_pct,6.239927443611881,30,32,0.9375
FJSP,XG,hv_deficit_pct,7.206963059326643,31,32,0.96875
FJSP,XG,hv_deficit_pct,8.679906065950915,32,32,1.0
FJSP,XH,hv_deficit_pct,0.0,3,32,0.09375
FJSP,XH,hv_deficit_pct,0.018346047946593558,4,32,0.125
FJSP,XH,hv_deficit_pct,0.030983741102608153,5,32,0.15625
FJSP,XH,hv_deficit_pct,0.031030075376503596,6,32,0.1875
FJSP,XH,hv_deficit_pct,0.031099696697667323,7,32,0.21875
FJSP,XH,hv_deficit_pct,0.033834910114660666,8,32,0.25
FJSP,XH,hv_deficit_pct,0.034128691176404935,9,32,0.28125
FJSP,XH,hv_deficit_pct,0.03545650904054343,10,32,0.3125
FJSP,XH,hv_deficit_pct,0.0410814936075643,11,32,0.34375
FJSP,XH,hv_deficit_pct,0.0419920621456793,12,32,0.375
FJSP,XH,hv_deficit_pct,0.06192172285238717,13,32,0.40625
FJSP,XH,hv_deficit_pct,0.06787237730464524,14,32,0.4375
FJSP,XH,hv_deficit_pct,0.07369395949359259,15,32,0.46875
FJSP,XH,hv_deficit_pct,0.07690843185562679,16,32,0.5
FJSP,XH,hv_deficit_pct,0.07991563152790482,17,32,0.53125
FJSP,XH,hv_deficit_pct,0.10894974490984755,18,32,0.5625
FJSP,XH,hv_deficit_pct,0.11747011819227549,19,32,0.59375
FJSP,XH,hv_deficit_pct,0.1666509934531768,20,32,0.625
FJSP,XH,hv_deficit_pct,0.17844151895806126,21,32,0.65625
FJSP,XH,hv_deficit_pct,0.18695213743870065,22,32,0.6875
FJSP,XH,hv_deficit_pct,0.19744200122625566,23,32,0.71875
FJSP,XH,hv_deficit_pct,0.20019948125413745,24,32,0.75
FJSP,XH,hv_deficit_pct,0.21888227617283817,25,32,0.78125
FJSP,XH,hv_deficit_pct,0.29032200681619047,26,32,0.8125
FJSP,XH,hv_deficit_pct,0.29672356923960974,27,32,0.84375
FJSP,XH,hv_deficit_pct,0.3775035649219327,28,32,0.875
FJSP,XH,hv_deficit_pct,0.4503858788769133,29,32,0.90625
FJSP,XH,hv_deficit_pct,0.5423095903773323,30,32,0.9375
FJSP,XH,hv_deficit_pct,0.5984889661361126,31,32,0.96875
FJSP,XH,hv_deficit_pct,0.8750744236618258,32,32,1.0
FJSP,XT,hv_deficit_pct,0.07062055121063171,1,32,0.03125
FJSP,XT,hv_deficit_pct,0.13234647758147977,2,32,0.0625
FJSP,XT,hv_deficit_pct,0.14621432154909852,3,32,0.09375
FJSP,XT,hv_deficit_pct,0.2170299414383292,4,32,0.125
FJSP,XT,hv_deficit_pct,0.23868432193074884,5,32,0.15625
FJSP,XT,hv_deficit_pct,0.2391359202119303,6,32,0.1875
FJSP,XT,hv_deficit_pct,0.28266639385297054,7,32,0.21875
FJSP,XT,hv_deficit_pct,0.2938148229419624,8,32,0.25
FJSP,XT,hv_deficit_pct,0.2951339035341616,9,32,0.28125
FJSP,XT,hv_deficit_pct,0.3188824508052468,10,32,0.3125
FJSP,XT,hv_deficit_pct,0.32490530453774813,11,32,0.34375
FJSP,XT,hv_deficit_pct,0.34556105013833216,12,32,0.375
FJSP,XT,hv_deficit_pct,0.3920902246464353,13,32,0.40625
FJSP,XT,hv_deficit_pct,0.41055469589569293,14,32,0.4375
FJSP,XT,hv_deficit_pct,0.48015264943356284,15,32,0.46875
FJSP,XT,hv_deficit_pct,0.5302463956658232,16,32,0.5
FJSP,XT,hv_deficit_pct,0.5986378813699567,17,32,0.53125
FJSP,XT,hv_deficit_pct,0.6308200543278075,18,32,0.5625
FJSP,XT,hv_deficit_pct,0.8970790601739775,19,32,0.59375
FJSP,XT,hv_deficit_pct,1.0736525323257085,20,32,0.625
FJSP,XT,hv_deficit_pct,1.6297605943678684,21,32,0.65625
FJSP,XT,hv_deficit_pct,1.7251325980092935,22,32,0.6875
FJSP,XT,hv_deficit_pct,1.7837516414722865,23,32,0.71875
FJSP,XT,hv_deficit_pct,1.8355102682761748,24,32,0.75
FJSP,XT,hv_deficit_pct,2.1046263537375265,25,32,0.78125
FJSP,XT,hv_deficit_pct,2.2978543309761568,26,32,0.8125
FJSP,XT,hv_deficit_pct,2.4157144603262792,27,32,0.84375
FJSP,XT,hv_deficit_pct,2.4816781639352636,28,32,0.875
FJSP,XT,hv_deficit_pct,2.555517553315867,29,32,0.90625
FJSP,XT,hv_deficit_pct,2.5954329384164865,30,32,0.9375
FJSP,XT,hv_deficit_pct,2.6562789938986975,31,32,0.96875
FJSP,XT,hv_deficit_pct,3.469122849420747,32,32,1.0
FJSP,XE,hv_deficit_pct,0.2680094860737281,1,32,0.03125
FJSP,XE,hv_deficit_pct,0.3046053683405825,2,32,0.0625
FJSP,XE,hv_deficit_pct,0.36875585292575064,3,32,0.09375
FJSP,XE,hv_deficit_pct,0.4185516532893119,4,32,0.125
FJSP,XE,hv_deficit_pct,0.4360648961159286,5,32,0.15625
FJSP,XE,hv_deficit_pct,0.46072410745232606,6,32,0.1875
FJSP,XE,hv_deficit_pct,0.4784756998772788,7,32,0.21875
FJSP,XE,hv_deficit_pct,0.49246455402377487,8,32,0.25
FJSP,XE,hv_deficit_pct,0.5262241713583138,9,32,0.28125
FJSP,XE,hv_deficit_pct,0.6579804466444239,10,32,0.3125
FJSP,XE,hv_deficit_pct,0.7551405874963835,11,32,0.34375
FJSP,XE,hv_deficit_pct,0.8232906985877086,12,32,0.375
FJSP,XE,hv_deficit_pct,0.9032193462802263,13,32,0.40625
FJSP,XE,hv_deficit_pct,1.1294832415651546,14,32,0.4375
FJSP,XE,hv_deficit_pct,1.409792549750566,15,32,0.46875
FJSP,XE,hv_deficit_pct,1.5179653138998828,16,32,0.5
FJSP,XE,hv_deficit_pct,1.5790109774986738,17,32,0.53125
FJSP,XE,hv_deficit_pct,1.618480899052288,18,32,0.5625
FJSP,XE,hv_deficit_pct,2.522049190822573,19,32,0.59375
FJSP,XE,hv_deficit_pct,3.018585003290908,20,32,0.625
FJSP,XE,hv_deficit_pct,3.0488501460249506,21,32,0.65625
FJSP,XE,hv_deficit_pct,3.0960803397965475,22,32,0.6875
FJSP,XE,hv_deficit_pct,3.20609201458969,23,32,0.71875
FJSP,XE,hv_deficit_pct,3.2260609297102394,24,32,0.75
FJSP,XE,hv_deficit_pct,3.2972847195680943,25,32,0.78125
FJSP,XE,hv_deficit_pct,3.337273502568261,26,32,0.8125
FJSP,XE,hv_deficit_pct,3.4727127639024746,27,32,0.84375
FJSP,XE,hv_deficit_pct,3.5055552278373314,28,32,0.875
FJSP,XE,hv_deficit_pct,4.226325297761024,29,32,0.90625
FJSP,XE,hv_deficit_pct,4.809628972352586,30,32,0.9375
FJSP,XE,hv_deficit_pct,6.173113268476715,31,32,0.96875
FJSP,XE,hv_deficit_pct,6.187628274589896,32,32,1.0
FJSP,XHT,hv_deficit_pct,0.020241735154924445,1,32,0.03125
FJSP,XHT,hv_deficit_pct,0.027387662405031765,2,32,0.0625
FJSP,XHT,hv_deficit_pct,0.030642306856198953,3,32,0.09375
FJSP,XHT,hv_deficit_pct,0.031030075376503596,4,32,0.125
FJSP,XHT,hv_deficit_pct,0.031519724520301384,5,32,0.15625
FJSP,XHT,hv_deficit_pct,0.033834910114660666,6,32,0.1875
FJSP,XHT,hv_deficit_pct,0.0340271044010132,7,32,0.21875
FJSP,XHT,hv_deficit_pct,0.04396570327832583,8,32,0.25
FJSP,XHT,hv_deficit_pct,0.05754962145334552,9,32,0.28125
FJSP,XHT,hv_deficit_pct,0.06770168982161984,10,32,0.3125
FJSP,XHT,hv_deficit_pct,0.07122138162390934,11,32,0.34375
FJSP,XHT,hv_deficit_pct,0.071684416506268,12,32,0.375
FJSP,XHT,hv_deficit_pct,0.07336172768863669,13,32,0.40625
FJSP,XHT,hv_deficit_pct,0.07369395949359259,14,32,0.4375
FJSP,XHT,hv_deficit_pct,0.07583508905617542,15,32,0.46875
FJSP,XHT,hv_deficit_pct,0.07728570234332155,16,32,0.5
FJSP,XHT,hv_deficit_pct,0.11910324597378397,17,32,0.53125
FJSP,XHT,hv_deficit_pct,0.12803809152980294,18,32,0.5625
FJSP,XHT,hv_deficit_pct,0.15430320368750028,19,32,0.59375
FJSP,XHT,hv_deficit_pct,0.1618811919743668,20,32,0.625
FJSP,XHT,hv_deficit_pct,0.17717716612477563,21,32,0.65625
FJSP,XHT,hv_deficit_pct,0.18706380843509507,22,32,0.6875
FJSP,XHT,hv_deficit_pct,0.19103698001177172,23,32,0.71875
FJSP,XHT,hv_deficit_pct,0.24737558818346272,24,32,0.75
FJSP,XHT,hv_deficit_pct,0.2658384853775231,25,32,0.78125
FJSP,XHT,hv_deficit_pct,0.288045118451985,26,32,0.8125
FJSP,XHT,hv_deficit_pct,0.32868801720433716,27,32,0.84375
FJSP,XHT,hv_deficit_pct,0.36986517826824716,28,32,0.875
FJSP,XHT,hv_deficit_pct,0.3979901915325712,29,32,0.90625
FJSP,XHT,hv_deficit_pct,0.44922340460837873,30,32,0.9375
FJSP,XHT,hv_deficit_pct,0.4814020259656715,31,32,0.96875
FJSP,XHT,hv_deficit_pct,1.3956907706793364,32,32,1.0
FJSP,XHE,hv_deficit_pct,0.020241735154924445,1,32,0.03125
FJSP,XHE,hv_deficit_pct,0.031030075376503596,2,32,0.0625
FJSP,XHE,hv_deficit_pct,0.0410814936075643,3,32,0.09375
FJSP,XHE,hv_deficit_pct,0.04137583852211746,4,32,0.125
FJSP,XHE,hv_deficit_pct,0.05206059031905852,5,32,0.15625
FJSP,XHE,hv_deficit_pct,0.06716895261655864,6,32,0.1875
FJSP,XHE,hv_deficit_pct,0.07122138162390934,7,32,0.21875
FJSP,XHE,hv_deficit_pct,0.071684416506268,8,32,0.25
FJSP,XHE,hv_deficit_pct,0.07504558035369424,9,32,0.28125
FJSP,XHE,hv_deficit_pct,0.10063045722201736,10,32,0.3125
FJSP,XHE,hv_deficit_pct,0.11910324597378397,11,32,0.34375
FJSP,XHE,hv_deficit_pct,0.15338614529635253,12,32,0.375
FJSP,XHE,hv_deficit_pct,0.1618811919743668,13,32,0.40625
FJSP,XHE,hv_deficit_pct,0.17332990553821093,14,32,0.4375
FJSP,XHE,hv_deficit_pct,0.19237583390888657,15,32,0.46875
FJSP,XHE,hv_deficit_pct,0.23203984108868259,16,32,0.5
FJSP,XHE,hv_deficit_pct,0.238575848054845,17,32,0.53125
FJSP,XHE,hv_deficit_pct,0.261235473662369,18,32,0.5625
FJSP,XHE,hv_deficit_pct,0.2658384853775231,19,32,0.59375
FJSP,XHE,hv_deficit_pct,0.2726025778616803,20,32,0.625
FJSP,XHE,hv_deficit_pct,0.2942128707512204,21,32,0.65625
FJSP,XHE,hv_deficit_pct,0.3227079001698052,22,32,0.6875
FJSP,XHE,hv_deficit_pct,0.32868801720433716,23,32,0.71875
FJSP,XHE,hv_deficit_pct,0.37017592958676904,24,32,0.75
FJSP,XHE,hv_deficit_pct,0.3771023729726708,25,32,0.78125
FJSP,XHE,hv_deficit_pct,0.42961692792999884,26,32,0.8125
FJSP,XHE,hv_deficit_pct,0.4353532217549527,27,32,0.84375
FJSP,XHE,hv_deficit_pct,0.4497289947605565,28,32,0.875
FJSP,XHE,hv_deficit_pct,0.4504598539482485,29,32,0.90625
FJSP,XHE,hv_deficit_pct,0.5363280562281081,30,32,0.9375
FJSP,XHE,hv_deficit_pct,0.5988574075542319,31,32,0.96875
FJSP,XHE,hv_deficit_pct,1.3950250497939964,32,32,1.0
FJSP,XTE,hv_deficit_pct,0.13501511965807733,1,32,0.03125
FJSP,XTE,hv_deficit_pct,0.13747744541050544,2,32,0.0625
FJSP,XTE,hv_deficit_pct,0.14665923082595178,3,32,0.09375
FJSP,XTE,hv_deficit_pct,0.2187355070728425,4,32,0.125
FJSP,XTE,hv_deficit_pct,0.2445846210661462,5,32,0.15625
FJSP,XTE,hv_deficit_pct,0.25436394340351276,6,32,0.1875
FJSP,XTE,hv_deficit_pct,0.28533481365728974,7,32,0.21875
FJSP,XTE,hv_deficit_pct,0.29501765829518245,8,32,0.25
FJSP,XTE,hv_deficit_pct,0.3138517442520139,9,32,0.28125
FJSP,XTE,hv_deficit_pct,0.3738511862001581,10,32,0.3125
FJSP,XTE,hv_deficit_pct,0.3810164186044629,11,32,0.34375
FJSP,XTE,hv_deficit_pct,0.3936774859731873,12,32,0.375
FJSP,XTE,hv_deficit_pct,0.43279068681990607,13,32,0.40625
FJSP,XTE,hv_deficit_pct,0.49811508805861493,14,32,0.4375
FJSP,XTE,hv_deficit_pct,0.5063993216424478,15,32,0.46875
FJSP,XTE,hv_deficit_pct,0.6531591157133754,16,32,0.5
FJSP,XTE,hv_deficit_pct,0.6614915265680255,17,32,0.53125
FJSP,XTE,hv_deficit_pct,0.6737504338196088,18,32,0.5625
FJSP,XTE,hv_deficit_pct,0.7056718641889614,19,32,0.59375
FJSP,XTE,hv_deficit_pct,0.762042678381647,20,32,0.625
FJSP,XTE,hv_deficit_pct,1.507927547977228,21,32,0.65625
FJSP,XTE,hv_deficit_pct,1.715685426787028,22,32,0.6875
FJSP,XTE,hv_deficit_pct,1.8582593815964166,23,32,0.71875
FJSP,XTE,hv_deficit_pct,1.9083550908234326,24,32,0.75
FJSP,XTE,hv_deficit_pct,1.9526890190394885,25,32,0.78125
FJSP,XTE,hv_deficit_pct,2.082252404135332,26,32,0.8125
FJSP,XTE,hv_deficit_pct,2.263249843090742,27,32,0.84375
FJSP,XTE,hv_deficit_pct,2.4874324402598513,28,32,0.875
FJSP,XTE,hv_deficit_pct,2.526140918709052,29,32,0.90625
FJSP,XTE,hv_deficit_pct,2.5715215204495823,30,32,0.9375
FJSP,XTE,hv_deficit_pct,2.7868464732576537,31,32,0.96875
FJSP,XTE,hv_deficit_pct,3.4699300359942065,32,32,1.0
FJSP,XHTE,hv_deficit_pct,0.015379388100145164,1,32,0.03125
FJSP,XHTE,hv_deficit_pct,0.02027824210563134,2,32,0.0625
FJSP,XHTE,hv_deficit_pct,0.027387662405031765,3,32,0.09375
FJSP,XHTE,hv_deficit_pct,0.034022080879159144,4,32,0.125
FJSP,XHTE,hv_deficit_pct,0.048285096672084915,5,32,0.15625
FJSP,XHTE,hv_deficit_pct,0.055767989505906,6,32,0.1875
FJSP,XHTE,hv_deficit_pct,0.061148069975291985,7,32,0.21875
FJSP,XHTE,hv_deficit_pct,0.07123566284860106,8,32,0.25
FJSP,XHTE,hv_deficit_pct,0.07183747518472172,9,32,0.28125
FJSP,XHTE,hv_deficit_pct,0.07287789106745768,10,32,0.3125
FJSP,XHTE,hv_deficit_pct,0.07369395949359259,11,32,0.34375
FJSP,XHTE,hv_deficit_pct,0.08424083854865483,12,32,0.375
FJSP,XHTE,hv_deficit_pct,0.08833132168516444,13,32,0.40625
FJSP,XHTE,hv_deficit_pct,0.11927887454216135,14,32,0.4375
FJSP,XHTE,hv_deficit_pct,0.15428998883683098,15,32,0.46875
FJSP,XHTE,hv_deficit_pct,0.15713687847759283,16,32,0.5
FJSP,XHTE,hv_deficit_pct,0.16838323290601087,17,32,0.53125
FJSP,XHTE,hv_deficit_pct,0.1694151293482382,18,32,0.5625
FJSP,XHTE,hv_deficit_pct,0.17940467192588683,19,32,0.59375
FJSP,XHTE,hv_deficit_pct,0.22837548382638184,20,32,0.625
FJSP,XHTE,hv_deficit_pct,0.26896236624277536,21,32,0.65625
FJSP,XHTE,hv_deficit_pct,0.2726025778616803,22,32,0.6875
FJSP,XHTE,hv_deficit_pct,0.288045118451985,23,32,0.71875
FJSP,XHTE,hv_deficit_pct,0.2927027585711617,24,32,0.75
FJSP,XHTE,hv_deficit_pct,0.3200271150517242,25,32,0.78125
FJSP,XHTE,hv_deficit_pct,0.3576031750511688,26,32,0.8125
FJSP,XHTE,hv_deficit_pct,0.37474809302358025,27,32,0.84375
FJSP,XHTE,hv_deficit_pct,0.3765099314600784,28,32,0.875
FJSP,XHTE,hv_deficit_pct,0.40414745415804365,29,32,0.90625
FJSP,XHTE,hv_deficit_pct,0.558646637406568,30,32,0.9375
FJSP,XHTE,hv_deficit_pct,0.7566385422126287,31,32,0.96875
FJSP,XHTE,hv_deficit_pct,1.441493754508305,32,32,1.0
FJSP,NSGA-II,hv_deficit_pct,1.8335419055220958,1,32,0.03125
FJSP,NSGA-II,hv_deficit_pct,2.9536220187482143,2,32,0.0625
FJSP,NSGA-II,hv_deficit_pct,3.056182950364972,3,32,0.09375
FJSP,NSGA-II,hv_deficit_pct,3.165208373010475,4,32,0.125
FJSP,NSGA-II,hv_deficit_pct,3.28225754470427,5,32,0.15625
FJSP,NSGA-II,hv_deficit_pct,3.330621718401039,6,32,0.1875
FJSP,NSGA-II,hv_deficit_pct,3.4765762024377422,7,32,0.21875
FJSP,NSGA-II,hv_deficit_pct,3.6492580055902613,8,32,0.25
FJSP,NSGA-II,hv_deficit_pct,3.8342813147011934,9,32,0.28125
FJSP,NSGA-II,hv_deficit_pct,3.999037407236772,10,32,0.3125
FJSP,NSGA-II,hv_deficit_pct,4.18658309082941,11,32,0.34375
FJSP,NSGA-II,hv_deficit_pct,4.293274289105065,12,32,0.375
FJSP,NSGA-II,hv_deficit_pct,4.433930229910398,13,32,0.40625
FJSP,NSGA-II,hv_deficit_pct,4.537875503301936,14,32,0.4375
FJSP,NSGA-II,hv_deficit_pct,4.543564215040785,15,32,0.46875
FJSP,NSGA-II,hv_deficit_pct,4.580949658939392,16,32,0.5
FJSP,NSGA-II,hv_deficit_pct,4.630452033577404,17,32,0.53125
FJSP,NSGA-II,hv_deficit_pct,4.640045818138095,18,32,0.5625
FJSP,NSGA-II,hv_deficit_pct,4.645503884499358,19,32,0.59375
FJSP,NSGA-II,hv_deficit_pct,5.0269689405333935,20,32,0.625
FJSP,NSGA-II,hv_deficit_pct,5.173794715721125,21,32,0.65625
FJSP,NSGA-II,hv_deficit_pct,5.256808831680737,22,32,0.6875
FJSP,NSGA-II,hv_deficit_pct,5.423491849693707,23,32,0.71875
FJSP,NSGA-II,hv_deficit_pct,5.437177434198304,24,32,0.75
FJSP,NSGA-II,hv_deficit_pct,5.550323392393675,25,32,0.78125
FJSP,NSGA-II,hv_deficit_pct,5.551679871807947,26,32,0.8125
FJSP,NSGA-II,hv_deficit_pct,5.623007273484459,27,32,0.84375
FJSP,NSGA-II,hv_deficit_pct,5.679479006000509,28,32,0.875
FJSP,NSGA-II,hv_deficit_pct,6.261904218635106,29,32,0.90625
FJSP,NSGA-II,hv_deficit_pct,6.703726100126106,30,32,0.9375
FJSP,NSGA-II,hv_deficit_pct,6.830455167215388,31,32,0.96875
FJSP,NSGA-II,hv_deficit_pct,7.631618228131176,32,32,1.0
FJSP,SPEA2,hv_deficit_pct,1.6996079165938593,1,32,0.03125
FJSP,SPEA2,hv_deficit_pct,2.7347448687082276,2,32,0.0625
FJSP,SPEA2,hv_deficit_pct,2.9627001374905815,3,32,0.09375
FJSP,SPEA2,hv_deficit_pct,2.9964549056402445,4,32,0.125
FJSP,SPEA2,hv_deficit_pct,3.0510785716199362,5,32,0.15625
FJSP,SPEA2,hv_deficit_pct,3.0828857027316636,6,32,0.1875
FJSP,SPEA2,hv_deficit_pct,3.194965363652469,7,32,0.21875
FJSP,SPEA2,hv_deficit_pct,3.5870342580392234,8,32,0.25
FJSP,SPEA2,hv_deficit_pct,3.6843270661474414,9,32,0.28125
FJSP,SPEA2,hv_deficit_pct,3.693268414526296,10,32,0.3125
FJSP,SPEA2,hv_deficit_pct,3.9284146909177586,11,32,0.34375
FJSP,SPEA2,hv_deficit_pct,4.060143902837887,12,32,0.375
FJSP,SPEA2,hv_deficit_pct,4.081975217218425,13,32,0.40625
FJSP,SPEA2,hv_deficit_pct,4.353264223867026,14,32,0.4375
FJSP,SPEA2,hv_deficit_pct,4.38472843382347,15,32,0.46875
FJSP,SPEA2,hv_deficit_pct,4.492584226678487,16,32,0.5
FJSP,SPEA2,hv_deficit_pct,4.510126391262093,17,32,0.53125
FJSP,SPEA2,hv_deficit_pct,4.595453716919684,18,32,0.5625
FJSP,SPEA2,hv_deficit_pct,4.735875427887226,19,32,0.59375
FJSP,SPEA2,hv_deficit_pct,5.073023757459838,20,32,0.625
FJSP,SPEA2,hv_deficit_pct,5.081458298526076,21,32,0.65625
FJSP,SPEA2,hv_deficit_pct,5.120454983500267,22,32,0.6875
FJSP,SPEA2,hv_deficit_pct,5.2214651908851,23,32,0.71875
FJSP,SPEA2,hv_deficit_pct,5.37377979167969,24,32,0.75
FJSP,SPEA2,hv_deficit_pct,5.554847314129963,25,32,0.78125
FJSP,SPEA2,hv_deficit_pct,5.610094265379795,26,32,0.8125
FJSP,SPEA2,hv_deficit_pct,5.698105435791301,27,32,0.84375
FJSP,SPEA2,hv_deficit_pct,5.8920792526397925,28,32,0.875
FJSP,SPEA2,hv_deficit_pct,6.3568522328267925,29,32,0.90625
FJSP,SPEA2,hv_deficit_pct,6.655536522811911,30,32,0.9375
FJSP,SPEA2,hv_deficit_pct,6.883973462504434,31,32,0.96875
FJSP,SPEA2,hv_deficit_pct,7.102379552568094,32,32,1.0
FJSP,MOEA/D,hv_deficit_pct,1.3932607727584423,1,32,0.03125
FJSP,MOEA/D,hv_deficit_pct,1.4645390950867587,2,32,0.0625
FJSP,MOEA/D,hv_deficit_pct,1.4776910119638664,3,32,0.09375
FJSP,MOEA/D,hv_deficit_pct,1.7053266509957088,4,32,0.125
FJSP,MOEA/D,hv_deficit_pct,2.3614843626687088,5,32,0.15625
FJSP,MOEA/D,hv_deficit_pct,2.888669803891153,6,32,0.1875
FJSP,MOEA/D,hv_deficit_pct,2.953905528803169,7,32,0.21875
FJSP,MOEA/D,hv_deficit_pct,3.0232097698276506,8,32,0.25
FJSP,MOEA/D,hv_deficit_pct,3.0280608632579087,9,32,0.28125
FJSP,MOEA/D,hv_deficit_pct,3.4979701101373273,10,32,0.3125
FJSP,MOEA/D,hv_deficit_pct,3.595225276842906,11,32,0.34375
FJSP,MOEA/D,hv_deficit_pct,3.7419124581878904,12,32,0.375
FJSP,MOEA/D,hv_deficit_pct,3.7494911909323747,13,32,0.40625
FJSP,MOEA/D,hv_deficit_pct,3.8032767835799675,14,32,0.4375
FJSP,MOEA/D,hv_deficit_pct,3.8206527246858246,15,32,0.46875
FJSP,MOEA/D,hv_deficit_pct,3.922896798474884,16,32,0.5
FJSP,MOEA/D,hv_deficit_pct,3.9400641938901138,17,32,0.53125
FJSP,MOEA/D,hv_deficit_pct,3.9409998977225635,18,32,0.5625
FJSP,MOEA/D,hv_deficit_pct,3.9449129583900233,19,32,0.59375
FJSP,MOEA/D,hv_deficit_pct,3.979775958798226,20,32,0.625
FJSP,MOEA/D,hv_deficit_pct,3.998882895571243,21,32,0.65625
FJSP,MOEA/D,hv_deficit_pct,4.06921649532459,22,32,0.6875
FJSP,MOEA/D,hv_deficit_pct,4.087752957227586,23,32,0.71875
FJSP,MOEA/D,hv_deficit_pct,4.150590438342416,24,32,0.75
FJSP,MOEA/D,hv_deficit_pct,4.193841446068925,25,32,0.78125
FJSP,MOEA/D,hv_deficit_pct,4.4261282600150835,26,32,0.8125
FJSP,MOEA/D,hv_deficit_pct,4.649361368134852,27,32,0.84375
FJSP,MOEA/D,hv_deficit_pct,4.96521210733537,28,32,0.875
FJSP,MOEA/D,hv_deficit_pct,5.086446234015685,29,32,0.90625
FJSP,MOEA/D,hv_deficit_pct,5.240314872386964,30,32,0.9375
FJSP,MOEA/D,hv_deficit_pct,6.138807174167516,31,32,0.96875
FJSP,MOEA/D,hv_deficit_pct,6.991862534492377,32,32,1.0
FJSP,SMS-EMOA,hv_deficit_pct,1.8806489840991092,1,32,0.03125
FJSP,SMS-EMOA,hv_deficit_pct,2.7416007069485215,2,32,0.0625
FJSP,SMS-EMOA,hv_deficit_pct,2.978604210711766,3,32,0.09375
FJSP,SMS-EMOA,hv_deficit_pct,3.2226869572710815,4,32,0.125
FJSP,SMS-EMOA,hv_deficit_pct,3.24863632160306,5,32,0.15625
FJSP,SMS-EMOA,hv_deficit_pct,3.2948118658288617,6,32,0.1875
FJSP,SMS-EMOA,hv_deficit_pct,3.4992405626569134,7,32,0.21875
FJSP,SMS-EMOA,hv_deficit_pct,4.027372891481884,8,32,0.25
FJSP,SMS-EMOA,hv_deficit_pct,4.051915575495357,9,32,0.28125
FJSP,SMS-EMOA,hv_deficit_pct,4.151039554714897,10,32,0.3125
FJSP,SMS-EMOA,hv_deficit_pct,4.167624262315361,11,32,0.34375
FJSP,SMS-EMOA,hv_deficit_pct,4.1699700617026,12,32,0.375
FJSP,SMS-EMOA,hv_deficit_pct,4.199683827763312,13,32,0.40625
FJSP,SMS-EMOA,hv_deficit_pct,4.329049823174847,14,32,0.4375
FJSP,SMS-EMOA,hv_deficit_pct,4.524575512520057,15,32,0.46875
FJSP,SMS-EMOA,hv_deficit_pct,4.571199400993131,16,32,0.5
FJSP,SMS-EMOA,hv_deficit_pct,4.640256979302427,17,32,0.53125
FJSP,SMS-EMOA,hv_deficit_pct,4.749594399114942,18,32,0.5625
FJSP,SMS-EMOA,hv_deficit_pct,4.802766310504514,19,32,0.59375
FJSP,SMS-EMOA,hv_deficit_pct,4.820414876251633,20,32,0.625
FJSP,SMS-EMOA,hv_deficit_pct,4.858268791478315,21,32,0.65625
FJSP,SMS-EMOA,hv_deficit_pct,4.93291964409186,22,32,0.6875
FJSP,SMS-EMOA,hv_deficit_pct,5.311672284714186,23,32,0.71875
FJSP,SMS-EMOA,hv_deficit_pct,5.499680384688288,24,32,0.75
FJSP,SMS-EMOA,hv_deficit_pct,5.584107598591348,25,32,0.78125
FJSP,SMS-EMOA,hv_deficit_pct,5.665088155703646,26,32,0.8125
FJSP,SMS-EMOA,hv_deficit_pct,5.813750078108326,27,32,0.84375
FJSP,SMS-EMOA,hv_deficit_pct,5.962480997838481,28,32,0.875
FJSP,SMS-EMOA,hv_deficit_pct,6.6904532899749185,29,32,0.90625
FJSP,SMS-EMOA,hv_deficit_pct,6.7774414202495965,30,32,0.9375
FJSP,SMS-EMOA,hv_deficit_pct,6.975191193239805,31,32,0.96875
FJSP,SMS-EMOA,hv_deficit_pct,7.86204760683471,32,32,1.0
FJSP,XG,makespan_gap_pct,6.153846153846154,1,32,0.03125
FJSP,XG,makespan_gap_pct,6.374501992031867,2,32,0.0625
FJSP,XG,makespan_gap_pct,6.41025641025641,3,32,0.09375
FJSP,XG,makespan_gap_pct,6.474820143884896,4,32,0.125
FJSP,XG,makespan_gap_pct,8.47457627118644,5,32,0.15625
FJSP,XG,makespan_gap_pct,8.764940239043817,6,32,0.1875
FJSP,XG,makespan_gap_pct,8.786610878661083,7,32,0.21875
FJSP,XG,makespan_gap_pct,9.701492537313428,8,32,0.25
FJSP,XG,makespan_gap_pct,10.236220472440948,9,32,0.28125
FJSP,XG,makespan_gap_pct,11.363636363636353,10,32,0.3125
FJSP,XG,makespan_gap_pct,11.570247933884303,11,32,0.34375
FJSP,XG,makespan_gap_pct,12.992125984251967,12,32,0.375
FJSP,XG,makespan_gap_pct,14.149139579349912,13,32,0.40625
FJSP,XG,makespan_gap_pct,14.634146341463406,14,32,0.4375
FJSP,XG,makespan_gap_pct,14.893617021276606,15,32,0.46875
FJSP,XG,makespan_gap_pct,14.935064935064934,16,32,0.5
FJSP,XG,makespan_gap_pct,15.999999999999993,17,32,0.53125
FJSP,XG,makespan_gap_pct,16.326530612244895,18,32,0.5625
FJSP,XG,makespan_gap_pct,19.696969696969703,19,32,0.59375
FJSP,XG,makespan_gap_pct,20.2247191011236,20,32,0.625
FJSP,XG,makespan_gap_pct,21.037463976945237,21,32,0.65625
FJSP,XG,makespan_gap_pct,22.72727272727273,22,32,0.6875
FJSP,XG,makespan_gap_pct,22.857142857142865,23,32,0.71875
FJSP,XG,makespan_gap_pct,26.37362637362637,24,32,0.75
FJSP,XG,makespan_gap_pct,28.735632183908045,25,32,0.78125
FJSP,XG,makespan_gap_pct,39.61352657004831,26,32,0.8125
FJSP,XG,makespan_gap_pct,43.627450980392155,27,32,0.84375
FJSP,XG,makespan_gap_pct,46.451612903225815,28,32,0.875
FJSP,XG,makespan_gap_pct,46.52777777777777,29,32,0.90625
FJSP,XG,makespan_gap_pct,47.297297297297305,30,32,0.9375
FJSP,XG,makespan_gap_pct,51.72413793103448,31,32,0.96875
FJSP,XG,makespan_gap_pct,51.977401129943516,32,32,1.0
FJSP,XH,makespan_gap_pct,0.0,13,32,0.40625
FJSP,XH,makespan_gap_pct,0.3984063745019917,14,32,0.4375
FJSP,XH,makespan_gap_pct,0.4184100418409997,15,32,0.46875
FJSP,XH,makespan_gap_pct,0.4237288135593209,16,32,0.5
FJSP,XH,makespan_gap_pct,0.48701298701299134,17,32,0.53125
FJSP,XH,makespan_gap_pct,0.5714285714285783,18,32,0.5625
FJSP,XH,makespan_gap_pct,0.694444444444442,19,32,0.59375
FJSP,XH,makespan_gap_pct,0.8264462809917328,20,32,0.625
FJSP,XH,makespan_gap_pct,0.8474576271186418,21,32,0.65625
FJSP,XH,makespan_gap_pct,1.1363636363636465,22,32,0.6875
FJSP,XH,makespan_gap_pct,1.195219123505975,23,32,0.71875
FJSP,XH,makespan_gap_pct,1.538461538461533,24,32,0.75
FJSP,XH,makespan_gap_pct,1.5748031496062964,25,32,0.78125
FJSP,XH,makespan_gap_pct,1.6000000000000014,26,32,0.8125
FJSP,XH,makespan_gap_pct,1.8018018018018056,27,32,0.84375
FJSP,XH,makespan_gap_pct,2.0408163265306145,28,32,0.875
FJSP,XH,makespan_gap_pct,2.136752136752129,29,32,0.90625
FJSP,XH,makespan_gap_pct,2.9850746268656803,30,32,0.9375
FJSP,XH,makespan_gap_pct,3.0303030303030276,31,32,0.96875
FJSP,XH,makespan_gap_pct,5.319148936170204,32,32,1.0
FJSP,XT,makespan_gap_pct,1.195219123505975,1,32,0.03125
FJSP,XT,makespan_gap_pct,2.0408163265306145,2,32,0.0625
FJSP,XT,makespan_gap_pct,2.136752136752129,3,32,0.09375
FJSP,XT,makespan_gap_pct,2.5104602510460206,4,32,0.125
FJSP,XT,makespan_gap_pct,2.877697841726623,5,32,0.15625
FJSP,XT,makespan_gap_pct,3.0303030303030276,7,32,0.21875
FJSP,XT,makespan_gap_pct,3.076923076923066,8,32,0.25
FJSP,XT,makespan_gap_pct,3.1914893617021267,9,32,0.28125
FJSP,XT,makespan_gap_pct,3.2504780114722687,10,32,0.3125
FJSP,XT,makespan_gap_pct,3.731343283582089,11,32,0.34375
FJSP,XT,makespan_gap_pct,4.0000000000000036,12,32,0.375
FJSP,XT,makespan_gap_pct,4.494382022471921,13,32,0.40625
FJSP,XT,makespan_gap_pct,4.597701149425282,14,32,0.4375
FJSP,XT,makespan_gap_pct,4.878048780487809,15,32,0.46875
FJSP,XT,makespan_gap_pct,4.958677685950419,16,32,0.5
FJSP,XT,makespan_gap_pct,5.084745762711873,17,32,0.53125
FJSP,XT,makespan_gap_pct,5.179282868525892,18,32,0.5625
FJSP,XT,makespan_gap_pct,5.494505494505497,19,32,0.59375
FJSP,XT,makespan_gap_pct,5.681818181818188,20,32,0.625
FJSP,XT,makespan_gap_pct,6.006493506493515,21,32,0.65625
FJSP,XT,makespan_gap_pct,6.299212598425208,22,32,0.6875
FJSP,XT,makespan_gap_pct,6.8571428571428505,23,32,0.71875
FJSP,XT,makespan_gap_pct,7.49279538904899,24,32,0.75
FJSP,XT,makespan_gap_pct,9.4488188976378,25,32,0.78125
FJSP,XT,makespan_gap_pct,10.344827586206895,26,32,0.8125
FJSP,XT,makespan_gap_pct,14.215686274509798,27,32,0.84375
FJSP,XT,makespan_gap_pct,15.161290322580644,28,32,0.875
FJSP,XT,makespan_gap_pct,22.916666666666675,29,32,0.90625
FJSP,XT,makespan_gap_pct,23.188405797101442,30,32,0.9375
FJSP,XT,makespan_gap_pct,24.011299435028242,31,32,0.96875
FJSP,XT,makespan_gap_pct,33.7837837837838,32,32,1.0
FJSP,XE,makespan_gap_pct,3.597122302158273,1,32,0.03125
FJSP,XE,makespan_gap_pct,4.2735042735042805,2,32,0.0625
FJSP,XE,makespan_gap_pct,5.179282868525892,3,32,0.09375
FJSP,XE,makespan_gap_pct,6.060606060606055,4,32,0.125
FJSP,XE,makespan_gap_pct,6.153846153846154,5,32,0.15625
FJSP,XE,makespan_gap_pct,6.7729083665338585,6,32,0.1875
FJSP,XE,makespan_gap_pct,6.779661016949157,7,32,0.21875
FJSP,XE,makespan_gap_pct,7.446808510638303,8,32,0.25
FJSP,XE,makespan_gap_pct,7.45697896749522,9,32,0.28125
FJSP,XE,makespan_gap_pct,8.368200836820083,10,32,0.3125
FJSP,XE,makespan_gap_pct,9.4488188976378,11,32,0.34375
FJSP,XE,makespan_gap_pct,9.600000000000009,12,32,0.375
FJSP,XE,makespan_gap_pct,9.701492537313428,13,32,0.40625
FJSP,XE,makespan_gap_pct,9.756097560975618,14,32,0.4375
FJSP,XE,makespan_gap_pct,9.917355371900815,15,32,0.46875
FJSP,XE,makespan_gap_pct,10.606060606060597,16,32,0.5
FJSP,XE,makespan_gap_pct,11.038961038961048,17,32,0.53125
FJSP,XE,makespan_gap_pct,11.363636363636353,18,32,0.5625
FJSP,XE,makespan_gap_pct,12.401574803149607,19,32,0.59375
FJSP,XE,makespan_gap_pct,13.265306122448983,20,32,0.625
FJSP,XE,makespan_gap_pct,14.4092219020173,21,32,0.65625
FJSP,XE,makespan_gap_pct,16.57142857142857,22,32,0.6875
FJSP,XE,makespan_gap_pct,16.85393258426966,23,32,0.71875
FJSP,XE,makespan_gap_pct,18.681318681318682,24,32,0.75
FJSP,XE,makespan_gap_pct,19.54022988505748,25,32,0.78125
FJSP,XE,makespan_gap_pct,27.083333333333325,26,32,0.8125
FJSP,XE,makespan_gap_pct,27.586206896551737,27,32,0.84375
FJSP,XE,makespan_gap_pct,32.35294117647059,28,32,0.875
FJSP,XE,makespan_gap_pct,34.05797101449275,29,32,0.90625
FJSP,XE,makespan_gap_pct,39.99999999999999,30,32,0.9375
FJSP,XE,makespan_gap_pct,43.69369369369369,31,32,0.96875
FJSP,XE,makespan_gap_pct,46.89265536723164,32,32,1.0
FJSP,XHT,makespan_gap_pct,0.0,11,32,0.34375
FJSP,XHT,makespan_gap_pct,0.3225806451612856,12,32,0.375
FJSP,XHT,makespan_gap_pct,0.4184100418409997,13,32,0.40625
FJSP,XHT,makespan_gap_pct,0.48701298701299134,14,32,0.4375
FJSP,XHT,makespan_gap_pct,0.8264462809917328,15,32,0.46875
FJSP,XHT,makespan_gap_pct,0.8474576271186418,16,32,0.5
FJSP,XHT,makespan_gap_pct,0.9661835748792313,17,32,0.53125
FJSP,XHT,makespan_gap_pct,1.0204081632652962,18,32,0.5625
FJSP,XHT,makespan_gap_pct,1.0638297872340496,19,32,0.59375
FJSP,XHT,makespan_gap_pct,1.1428571428571344,20,32,0.625
FJSP,XHT,makespan_gap_pct,1.195219123505975,22,32,0.6875
FJSP,XHT,makespan_gap_pct,1.3513513513513598,23,32,0.71875
FJSP,XHT,makespan_gap_pct,1.5151515151515138,24,32,0.75
FJSP,XHT,makespan_gap_pct,1.538461538461533,25,32,0.78125
FJSP,XHT,makespan_gap_pct,1.5748031496062964,26,32,0.8125
FJSP,XHT,makespan_gap_pct,1.6000000000000014,27,32,0.84375
FJSP,XHT,makespan_gap_pct,2.1186440677966045,28,32,0.875
FJSP,XHT,makespan_gap_pct,2.136752136752129,29,32,0.90625
FJSP,XHT,makespan_gap_pct,2.158273381294973,30,32,0.9375
FJSP,XHT,makespan_gap_pct,2.2727272727272707,31,32,0.96875
FJSP,XHT,makespan_gap_pct,3.731343283582089,32,32,1.0
FJSP,XHE,makespan_gap_pct,0.0,9,32,0.28125
FJSP,XHE,makespan_gap_pct,0.3225806451612856,10,32,0.3125
FJSP,XHE,makespan_gap_pct,0.4184100418409997,11,32,0.34375
FJSP,XHE,makespan_gap_pct,0.48701298701299134,12,32,0.375
FJSP,XHE,makespan_gap_pct,0.694444444444442,13,32,0.40625
FJSP,XHE,makespan_gap_pct,0.8264462809917328,14,32,0.4375
FJSP,XHE,makespan_gap_pct,0.8474576271186418,15,32,0.46875
FJSP,XHE,makespan_gap_pct,0.9661835748792313,16,32,0.5
FJSP,XHE,makespan_gap_pct,1.1428571428571344,17,32,0.53125
FJSP,XHE,makespan_gap_pct,1.195219123505975,18,32,0.5625
FJSP,XHE,makespan_gap_pct,1.5151515151515138,19,32,0.59375
FJSP,XHE,makespan_gap_pct,1.5748031496062964,20,32,0.625
FJSP,XHE,makespan_gap_pct,1.6000000000000014,21,32,0.65625
FJSP,XHE,makespan_gap_pct,1.8018018018018056,22,32,0.6875
FJSP,XHE,makespan_gap_pct,2.1186440677966045,23,32,0.71875
FJSP,XHE,makespan_gap_pct,2.136752136752129,24,32,0.75
FJSP,XHE,makespan_gap_pct,2.158273381294973,25,32,0.78125
FJSP,XHE,makespan_gap_pct,2.19780219780219,26,32,0.8125
FJSP,XHE,makespan_gap_pct,2.2727272727272707,27,32,0.84375
FJSP,XHE,makespan_gap_pct,3.0303030303030276,28,32,0.875
FJSP,XHE,makespan_gap_pct,3.0612244897959107,29,32,0.90625
FJSP,XHE,makespan_gap_pct,3.984063745019917,30,32,0.9375
FJSP,XHE,makespan_gap_pct,5.223880597014929,31,32,0.96875
FJSP,XHE,makespan_gap_pct,5.319148936170204,32,32,1.0
FJSP,XTE,makespan_gap_pct,2.0408163265306145,1,32,0.03125
FJSP,XTE,makespan_gap_pct,2.136752136752129,2,32,0.0625
FJSP,XTE,makespan_gap_pct,2.6768642447418722,3,32,0.09375
FJSP,XTE,makespan_gap_pct,2.7888446215139417,4,32,0.125
FJSP,XTE,makespan_gap_pct,2.9288702928870203,5,32,0.15625
FJSP,XTE,makespan_gap_pct,3.0303030303030276,7,32,0.21875
FJSP,XTE,makespan_gap_pct,3.076923076923066,8,32,0.25
FJSP,XTE,makespan_gap_pct,3.200000000000003,9,32,0.28125
FJSP,XTE,makespan_gap_pct,3.597122302158273,10,32,0.3125
FJSP,XTE,makespan_gap_pct,3.731343283582089,11,32,0.34375
FJSP,XTE,makespan_gap_pct,4.255319148936176,12,32,0.375
FJSP,XTE,makespan_gap_pct,4.494382022471921,13,32,0.40625
FJSP,XTE,makespan_gap_pct,4.7808764940239,14,32,0.4375
FJSP,XTE,makespan_gap_pct,4.878048780487809,15,32,0.46875
FJSP,XTE,makespan_gap_pct,5.494505494505497,16,32,0.5
FJSP,XTE,makespan_gap_pct,5.508474576271194,17,32,0.53125
FJSP,XTE,makespan_gap_pct,5.681818181818188,18,32,0.5625
FJSP,XTE,makespan_gap_pct,5.785123966942152,19,32,0.59375
FJSP,XTE,makespan_gap_pct,6.168831168831179,20,32,0.625
FJSP,XTE,makespan_gap_pct,6.2857142857142945,21,32,0.65625
FJSP,XTE,makespan_gap_pct,6.896551724137923,23,32,0.71875
FJSP,XTE,makespan_gap_pct,7.086614173228356,24,32,0.75
FJSP,XTE,makespan_gap_pct,7.636887608069154,25,32,0.78125
FJSP,XTE,makespan_gap_pct,9.055118110236226,26,32,0.8125
FJSP,XTE,makespan_gap_pct,12.254901960784315,27,32,0.84375
FJSP,XTE,makespan_gap_pct,16.774193548387096,28,32,0.875
FJSP,XTE,makespan_gap_pct,20.772946859903385,29,32,0.90625
FJSP,XTE,makespan_gap_pct,22.916666666666675,30,32,0.9375
FJSP,XTE,makespan_gap_pct,25.423728813559322,31,32,0.96875
FJSP,XTE,makespan_gap_pct,32.88288288288288,32,32,1.0
FJSP,XHTE,makespan_gap_pct,0.0,10,32,0.3125
FJSP,XHTE,makespan_gap_pct,0.3225806451612856,11,32,0.34375
FJSP,XHTE,makespan_gap_pct,0.4184100418409997,12,32,0.375
FJSP,XHTE,makespan_gap_pct,0.48309178743961567,13,32,0.40625
FJSP,XHTE,makespan_gap_pct,0.48701298701299134,14,32,0.4375
FJSP,XHTE,makespan_gap_pct,0.8264462809917328,15,32,0.46875
FJSP,XHTE,makespan_gap_pct,0.8474576271186418,16,32,0.5
FJSP,XHTE,makespan_gap_pct,1.0638297872340496,17,32,0.53125
FJSP,XHTE,makespan_gap_pct,1.1428571428571344,18,32,0.5625
FJSP,XHTE,makespan_gap_pct,1.3513513513513598,19,32,0.59375
FJSP,XHTE,makespan_gap_pct,1.5151515151515138,20,32,0.625
FJSP,XHTE,makespan_gap_pct,1.5748031496062964,21,32,0.65625
FJSP,XHTE,makespan_gap_pct,1.5936254980079667,22,32,0.6875
FJSP,XHTE,makespan_gap_pct,1.6000000000000014,23,32,0.71875
FJSP,XHTE,makespan_gap_pct,1.9920318725099584,24,32,0.75
FJSP,XHTE,makespan_gap_pct,2.0408163265306145,25,32,0.78125
FJSP,XHTE,makespan_gap_pct,2.083333333333326,26,32,0.8125
FJSP,XHTE,makespan_gap_pct,2.1186440677966045,27,32,0.84375
FJSP,XHTE,makespan_gap_pct,2.136752136752129,28,32,0.875
FJSP,XHTE,makespan_gap_pct,2.2727272727272707,29,32,0.90625
FJSP,XHTE,makespan_gap_pct,3.076923076923066,30,32,0.9375
FJSP,XHTE,makespan_gap_pct,3.597122302158273,31,32,0.96875
FJSP,XHTE,makespan_gap_pct,3.731343283582089,32,32,1.0
FJSP,NSGA-II,makespan_gap_pct,2.48565965583174,1,32,0.03125
FJSP,NSGA-II,makespan_gap_pct,9.5100864553314,2,32,0.0625
FJSP,NSGA-II,makespan_gap_pct,9.740259740259738,3,32,0.09375
FJSP,NSGA-II,makespan_gap_pct,9.756097560975618,4,32,0.125
FJSP,NSGA-II,makespan_gap_pct,10.039370078740163,5,32,0.15625
FJSP,NSGA-II,makespan_gap_pct,10.857142857142854,6,32,0.1875
FJSP,NSGA-II,makespan_gap_pct,15.15151515151516,7,32,0.21875
FJSP,NSGA-II,makespan_gap_pct,17.156862745098046,8,32,0.25
FJSP,NSGA-II,makespan_gap_pct,25.161290322580655,9,32,0.28125
FJSP,NSGA-II,makespan_gap_pct,31.034482758620683,10,32,0.3125
FJSP,NSGA-II,makespan_gap_pct,35.02415458937198,11,32,0.34375
FJSP,NSGA-II,makespan_gap_pct,36.80555555555556,12,32,0.375
FJSP,NSGA-II,makespan_gap_pct,40.39548022598871,13,32,0.40625
FJSP,NSGA-II,makespan_gap_pct,44.31818181818181,14,32,0.4375
FJSP,NSGA-II,makespan_gap_pct,47.74774774774775,15,32,0.46875
FJSP,NSGA-II,makespan_gap_pct,50.56179775280898,16,32,0.5
FJSP,NSGA-II,makespan_gap_pct,51.64835164835164,17,32,0.53125
FJSP,NSGA-II,makespan_gap_pct,53.06122448979591,18,32,0.5625
FJSP,NSGA-II,makespan_gap_pct,53.191489361702125,19,32,0.59375
FJSP,NSGA-II,makespan_gap_pct,53.78787878787878,20,32,0.625
FJSP,NSGA-II,makespan_gap_pct,54.022988505747115,21,32,0.65625
FJSP,NSGA-II,makespan_gap_pct,55.2,22,32,0.6875
FJSP,NSGA-II,makespan_gap_pct,59.41422594142261,23,32,0.71875
FJSP,NSGA-II,makespan_gap_pct,64.40677966101696,24,32,0.75
FJSP,NSGA-II,makespan_gap_pct,64.46280991735537,25,32,0.78125
FJSP,NSGA-II,makespan_gap_pct,64.56692913385827,26,32,0.8125
FJSP,NSGA-II,makespan_gap_pct,66.66666666666667,27,32,0.84375
FJSP,NSGA-II,makespan_gap_pct,70.50359712230217,28,32,0.875
FJSP,NSGA-II,makespan_gap_pct,70.89552238805969,29,32,0.90625
FJSP,NSGA-II,makespan_gap_pct,75.38461538461539,30,32,0.9375
FJSP,NSGA-II,makespan_gap_pct,82.47011952191234,31,32,0.96875
FJSP,NSGA-II,makespan_gap_pct,82.86852589641434,32,32,1.0
FJSP,SPEA2,makespan_gap_pct,1.7208413001912115,1,32,0.03125
FJSP,SPEA2,makespan_gap_pct,7.317073170731714,2,32,0.0625
FJSP,SPEA2,makespan_gap_pct,8.069164265129691,3,32,0.09375
FJSP,SPEA2,makespan_gap_pct,9.253246753246746,4,32,0.125
FJSP,SPEA2,makespan_gap_pct,9.714285714285719,5,32,0.15625
FJSP,SPEA2,makespan_gap_pct,10.826771653543311,6,32,0.1875
FJSP,SPEA2,makespan_gap_pct,12.745098039215685,7,32,0.21875
FJSP,SPEA2,makespan_gap_pct,18.181818181818187,8,32,0.25
FJSP,SPEA2,makespan_gap_pct,27.09677419354839,9,32,0.28125
FJSP,SPEA2,makespan_gap_pct,36.80555555555556,10,32,0.3125
FJSP,SPEA2,makespan_gap_pct,37.198067632850254,11,32,0.34375
FJSP,SPEA2,makespan_gap_pct,37.93103448275863,12,32,0.375
FJSP,SPEA2,makespan_gap_pct,41.758241758241766,13,32,0.40625
FJSP,SPEA2,makespan_gap_pct,42.09039548022599,14,32,0.4375
FJSP,SPEA2,makespan_gap_pct,46.93877551020409,15,32,0.46875
FJSP,SPEA2,makespan_gap_pct,49.42528735632183,16,32,0.5
FJSP,SPEA2,makespan_gap_pct,50.0,17,32,0.53125
FJSP,SPEA2,makespan_gap_pct,51.35135135135136,18,32,0.5625
FJSP,SPEA2,makespan_gap_pct,52.0,19,32,0.59375
FJSP,SPEA2,makespan_gap_pct,52.127659574468076,20,32,0.625
FJSP,SPEA2,makespan_gap_pct,52.27272727272727,21,32,0.65625
FJSP,SPEA2,makespan_gap_pct,52.80898876404494,22,32,0.6875
FJSP,SPEA2,makespan_gap_pct,57.74058577405859,23,32,0.71875
FJSP,SPEA2,makespan_gap_pct,60.33057851239669,24,32,0.75
FJSP,SPEA2,makespan_gap_pct,60.629921259842526,25,32,0.78125
FJSP,SPEA2,makespan_gap_pct,61.53846153846154,26,32,0.8125
FJSP,SPEA2,makespan_gap_pct,63.13559322033899,27,32,0.84375
FJSP,SPEA2,makespan_gap_pct,69.23076923076923,28,32,0.875
FJSP,SPEA2,makespan_gap_pct,69.40298507462686,29,32,0.90625
FJSP,SPEA2,makespan_gap_pct,70.50359712230217,30,32,0.9375
FJSP,SPEA2,makespan_gap_pct,80.0796812749004,31,32,0.96875
FJSP,SPEA2,makespan_gap_pct,81.27490039840637,32,32,1.0
FJSP,MOEA/D,makespan_gap_pct,0.19120458891013214,1,32,0.03125
FJSP,MOEA/D,makespan_gap_pct,0.4322766570605152,2,32,0.0625
FJSP,MOEA/D,makespan_gap_pct,4.878048780487809,3,32,0.09375
FJSP,MOEA/D,makespan_gap_pct,4.921259842519676,4,32,0.125
FJSP,MOEA/D,makespan_gap_pct,5.714285714285716,5,32,0.15625
FJSP,MOEA/D,makespan_gap_pct,6.331168831168821,6,32,0.1875
FJSP,MOEA/D,makespan_gap_pct,10.606060606060597,7,32,0.21875
FJSP,MOEA/D,makespan_gap_pct,10.784313725490202,8,32,0.25
FJSP,MOEA/D,makespan_gap_pct,19.67741935483871,9,32,0.28125
FJSP,MOEA/D,makespan_gap_pct,24.13793103448276,10,32,0.3125
FJSP,MOEA/D,makespan_gap_pct,30.555555555555557,11,32,0.34375
FJSP,MOEA/D,makespan_gap_pct,32.36714975845412,12,32,0.375
FJSP,MOEA/D,makespan_gap_pct,32.95454545454546,13,32,0.40625
FJSP,MOEA/D,makespan_gap_pct,34.8314606741573,14,32,0.4375
FJSP,MOEA/D,makespan_gap_pct,35.71428571428572,15,32,0.46875
FJSP,MOEA/D,makespan_gap_pct,36.170212765957444,16,32,0.5
FJSP,MOEA/D,makespan_gap_pct,36.7816091954023,17,32,0.53125
FJSP,MOEA/D,makespan_gap_pct,40.67796610169492,18,32,0.5625
FJSP,MOEA/D,makespan_gap_pct,43.24324324324324,19,32,0.59375
FJSP,MOEA/D,makespan_gap_pct,43.956043956043956,20,32,0.625
FJSP,MOEA/D,makespan_gap_pct,50.39370078740157,21,32,0.65625
FJSP,MOEA/D,makespan_gap_pct,52.517985611510795,22,32,0.6875
FJSP,MOEA/D,makespan_gap_pct,53.03030303030303,23,32,0.71875
FJSP,MOEA/D,makespan_gap_pct,53.846153846153854,24,32,0.75
FJSP,MOEA/D,makespan_gap_pct,54.400000000000006,25,32,0.78125
FJSP,MOEA/D,makespan_gap_pct,55.64853556485356,26,32,0.8125
FJSP,MOEA/D,makespan_gap_pct,57.024793388429764,27,32,0.84375
FJSP,MOEA/D,makespan_gap_pct,57.6271186440678,28,32,0.875
FJSP,MOEA/D,makespan_gap_pct,64.17910447761194,29,32,0.90625
FJSP,MOEA/D,makespan_gap_pct,69.23076923076923,30,32,0.9375
FJSP,MOEA/D,makespan_gap_pct,70.91633466135458,31,32,0.96875
FJSP,MOEA/D,makespan_gap_pct,74.10358565737052,32,32,1.0
FJSP,SMS-EMOA,makespan_gap_pct,2.48565965583174,1,32,0.03125
FJSP,SMS-EMOA,makespan_gap_pct,8.789625360230557,2,32,0.0625
FJSP,SMS-EMOA,makespan_gap_pct,9.645669291338589,3,32,0.09375
FJSP,SMS-EMOA,makespan_gap_pct,9.714285714285719,4,32,0.125
FJSP,SMS-EMOA,makespan_gap_pct,10.22727272727273,5,32,0.15625
FJSP,SMS-EMOA,makespan_gap_pct,14.634146341463406,6,32,0.1875
FJSP,SMS-EMOA,makespan_gap_pct,15.19607843137254,7,32,0.21875
FJSP,SMS-EMOA,makespan_gap_pct,16.666666666666675,8,32,0.25
FJSP,SMS-EMOA,makespan_gap_pct,23.225806451612897,9,32,0.28125
FJSP,SMS-EMOA,makespan_gap_pct,35.99033816425121,10,32,0.3125
FJSP,SMS-EMOA,makespan_gap_pct,37.93103448275863,11,32,0.34375
FJSP,SMS-EMOA,makespan_gap_pct,38.19444444444444,12,32,0.375
FJSP,SMS-EMOA,makespan_gap_pct,40.96045197740112,13,32,0.40625
FJSP,SMS-EMOA,makespan_gap_pct,41.758241758241766,14,32,0.4375
FJSP,SMS-EMOA,makespan_gap_pct,47.19101123595506,15,32,0.46875
FJSP,SMS-EMOA,makespan_gap_pct,47.72727272727273,16,32,0.5
FJSP,SMS-EMOA,makespan_gap_pct,49.09909909909911,17,32,0.53125
FJSP,SMS-EMOA,makespan_gap_pct,50.0,18,32,0.5625
FJSP,SMS-EMOA,makespan_gap_pct,53.191489361702125,19,32,0.59375
FJSP,SMS-EMOA,makespan_gap_pct,55.172413793103445,20,32,0.625
FJSP,SMS-EMOA,makespan_gap_pct,56.060606060606055,21,32,0.65625
FJSP,SMS-EMOA,makespan_gap_pct,57.60000000000001,22,32,0.6875
FJSP,SMS-EMOA,makespan_gap_pct,59.50413223140496,23,32,0.71875
FJSP,SMS-EMOA,makespan_gap_pct,59.84251968503938,24,32,0.75
FJSP,SMS-EMOA,makespan_gap_pct,60.25104602510461,25,32,0.78125
FJSP,SMS-EMOA,makespan_gap_pct,63.13559322033899,26,32,0.8125
FJSP,SMS-EMOA,makespan_gap_pct,64.52991452991452,27,32,0.84375
FJSP,SMS-EMOA,makespan_gap_pct,71.64179104477613,28,32,0.875
FJSP,SMS-EMOA,makespan_gap_pct,73.38129496402878,29,32,0.90625
FJSP,SMS-EMOA,makespan_gap_pct,75.38461538461539,30,32,0.9375
FJSP,SMS-EMOA,makespan_gap_pct,80.47808764940238,31,32,0.96875
FJSP,SMS-EMOA,makespan_gap_pct,82.86852589641434,32,32,1.0
FJSP,XG,flowtime_gap_pct,2.3457419683834857,1,32,0.03125
FJSP,XG,flowtime_gap_pct,5.236486486486491,2,32,0.0625
FJSP,XG,flowtime_gap_pct,6.383782422563589,3,32,0.09375
FJSP,XG,flowtime_gap_pct,6.659388646288211,4,32,0.125
FJSP,XG,flowtime_gap_pct,7.770270270270263,5,32,0.15625
FJSP,XG,flowtime_gap_pct,7.880935506732811,6,32,0.1875
FJSP,XG,flowtime_gap_pct,8.654367878459034,7,32,0.21875
FJSP,XG,flowtime_gap_pct,9.543010752688176,8,32,0.25
FJSP,XG,flowtime_gap_pct,9.636363636363644,9,32,0.28125
FJSP,XG,flowtime_gap_pct,10.088272383354347,10,32,0.3125
FJSP,XG,flowtime_gap_pct,10.677966101694913,11,32,0.34375
FJSP,XG,flowtime_gap_pct,10.843552582683014,12,32,0.375
FJSP,XG,flowtime_gap_pct,11.19592875318065,13,32,0.40625
FJSP,XG,flowtime_gap_pct,11.473087818696893,14,32,0.4375
FJSP,XG,flowtime_gap_pct,11.878926327812689,15,32,0.46875
FJSP,XG,flowtime_gap_pct,11.965811965811968,16,32,0.5
FJSP,XG,flowtime_gap_pct,12.029887920298886,17,32,0.53125
FJSP,XG,flowtime_gap_pct,13.181469157921688,18,32,0.5625
FJSP,XG,flowtime_gap_pct,13.399153737658676,19,32,0.59375
FJSP,XG,flowtime_gap_pct,13.50125944584384,20,32,0.625
FJSP,XG,flowtime_gap_pct,14.563106796116498,21,32,0.65625
FJSP,XG,flowtime_gap_pct,14.735885264114735,22,32,0.6875
FJSP,XG,flowtime_gap_pct,15.393386545039899,23,32,0.71875
FJSP,XG,flowtime_gap_pct,15.82491582491583,24,32,0.75
FJSP,XG,flowtime_gap_pct,17.413972888425434,25,32,0.78125
FJSP,XG,flowtime_gap_pct,20.15273103805333,26,32,0.8125
FJSP,XG,flowtime_gap_pct,20.191220314588264,27,32,0.84375
FJSP,XG,flowtime_gap_pct,20.72958888245513,28,32,0.875
FJSP,XG,flowtime_gap_pct,30.311614730878176,29,32,0.90625
FJSP,XG,flowtime_gap_pct,39.16977879919563,30,32,0.9375
FJSP,XG,flowtime_gap_pct,40.981093510475205,31,32,0.96875
FJSP,XG,flowtime_gap_pct,43.440114262395426,32,32,1.0
FJSP,XH,flowtime_gap_pct,0.0,3,32,0.09375
FJSP,XH,flowtime_gap_pct,0.2577319587628857,4,32,0.125
FJSP,XH,flowtime_gap_pct,0.4692387904066786,5,32,0.15625
FJSP,XH,flowtime_gap_pct,0.4910601863510555,6,32,0.1875
FJSP,XH,flowtime_gap_pct,0.6720430107526987,7,32,0.21875
FJSP,XH,flowtime_gap_pct,0.7319819819819884,8,32,0.25
FJSP,XH,flowtime_gap_pct,0.8324043106651802,9,32,0.28125
FJSP,XH,flowtime_gap_pct,0.8498583569405138,10,32,0.3125
FJSP,XH,flowtime_gap_pct,0.8827238335435084,11,32,0.34375
FJSP,XH,flowtime_gap_pct,1.026225769669331,12,32,0.375
FJSP,XH,flowtime_gap_pct,1.0406039583758409,13,32,0.40625
FJSP,XH,flowtime_gap_pct,1.1001737116386856,14,32,0.4375
FJSP,XH,flowtime_gap_pct,1.142204454597362,15,32,0.46875
FJSP,XH,flowtime_gap_pct,1.218993621545006,16,32,0.5
FJSP,XH,flowtime_gap_pct,1.3698630136986356,17,32,0.53125
FJSP,XH,flowtime_gap_pct,1.9430451321065023,18,32,0.5625
FJSP,XH,flowtime_gap_pct,2.0199979800020307,19,32,0.59375
FJSP,XH,flowtime_gap_pct,2.033898305084736,20,32,0.625
FJSP,XH,flowtime_gap_pct,2.039775624681295,21,32,0.65625
FJSP,XH,flowtime_gap_pct,2.0476068594829755,22,32,0.6875
FJSP,XH,flowtime_gap_pct,2.139860139860139,23,32,0.71875
FJSP,XH,flowtime_gap_pct,2.4017467248908186,24,32,0.75
FJSP,XH,flowtime_gap_pct,2.4173027989821794,25,32,0.78125
FJSP,XH,flowtime_gap_pct,2.6798307475317307,26,32,0.8125
FJSP,XH,flowtime_gap_pct,2.951074294589695,27,32,0.84375
FJSP,XH,flowtime_gap_pct,3.799195633438668,28,32,0.875
FJSP,XH,flowtime_gap_pct,3.82436260623229,29,32,0.90625
FJSP,XH,flowtime_gap_pct,3.8461538461538547,30,32,0.9375
FJSP,XH,flowtime_gap_pct,4.8866498740554265,31,32,0.96875
FJSP,XH,flowtime_gap_pct,7.407407407407418,32,32,1.0
FJSP,XT,flowtime_gap_pct,1.526717557251911,1,32,0.03125
FJSP,XT,flowtime_gap_pct,1.8131453034500034,2,32,0.0625
FJSP,XT,flowtime_gap_pct,2.192758796532379,3,32,0.09375
FJSP,XT,flowtime_gap_pct,2.55791505791505,4,32,0.125
FJSP,XT,flowtime_gap_pct,2.564102564102555,5,32,0.15625
FJSP,XT,flowtime_gap_pct,3.2786885245901676,6,32,0.1875
FJSP,XT,flowtime_gap_pct,3.968816442239542,7,32,0.21875
FJSP,XT,flowtime_gap_pct,4.039301310043664,8,32,0.25
FJSP,XT,flowtime_gap_pct,4.177970699945743,9,32,0.28125
FJSP,XT,flowtime_gap_pct,4.223776223776232,10,32,0.3125
FJSP,XT,flowtime_gap_pct,4.299583911234395,11,32,0.34375
FJSP,XT,flowtime_gap_pct,4.745762711864399,12,32,0.375
FJSP,XT,flowtime_gap_pct,5.011261261261257,13,32,0.40625
FJSP,XT,flowtime_gap_pct,5.099150141643061,14,32,0.4375
FJSP,XT,flowtime_gap_pct,5.633593459680419,15,32,0.46875
FJSP,XT,flowtime_gap_pct,5.726694273305721,16,32,0.5
FJSP,XT,flowtime_gap_pct,6.048387096774199,17,32,0.53125
FJSP,XT,flowtime_gap_pct,6.095717884130991,18,32,0.5625
FJSP,XT,flowtime_gap_pct,6.10034207525656,19,32,0.59375
FJSP,XT,flowtime_gap_pct,6.226650062266503,20,32,0.625
FJSP,XT,flowtime_gap_pct,6.33923472301543,21,32,0.65625
FJSP,XT,flowtime_gap_pct,6.734006734006726,22,32,0.6875
FJSP,XT,flowtime_gap_pct,6.7700987306064775,23,32,0.71875
FJSP,XT,flowtime_gap_pct,7.223796033994345,24,32,0.75
FJSP,XT,flowtime_gap_pct,7.588942922958797,25,32,0.78125
FJSP,XT,flowtime_gap_pct,9.42272844939167,26,32,0.8125
FJSP,XT,flowtime_gap_pct,10.688216892596447,27,32,0.84375
FJSP,XT,flowtime_gap_pct,13.283149971048068,28,32,0.875
FJSP,XT,flowtime_gap_pct,15.143415235941205,29,32,0.90625
FJSP,XT,flowtime_gap_pct,15.976331360946737,30,32,0.9375
FJSP,XT,flowtime_gap_pct,17.731221257026064,31,32,0.96875
FJSP,XT,flowtime_gap_pct,18.830795748348184,32,32,1.0
FJSP,XE,flowtime_gap_pct,2.243753187149422,1,32,0.03125
FJSP,XE,flowtime_gap_pct,4.729729729729737,2,32,0.0625
FJSP,XE,flowtime_gap_pct,6.0589519650654955,3,32,0.09375
FJSP,XE,flowtime_gap_pct,6.169730546461838,4,32,0.125
FJSP,XE,flowtime_gap_pct,6.8376068376068355,5,32,0.15625
FJSP,XE,flowtime_gap_pct,7.191119691119696,6,32,0.1875
FJSP,XE,flowtime_gap_pct,7.526881720430101,7,32,0.21875
FJSP,XE,flowtime_gap_pct,7.566204287515754,8,32,0.25
FJSP,XE,flowtime_gap_pct,7.795889440113402,9,32,0.28125
FJSP,XE,flowtime_gap_pct,7.826912642430828,10,32,0.3125
FJSP,XE,flowtime_gap_pct,8.524173027989823,11,32,0.34375
FJSP,XE,flowtime_gap_pct,8.78186968838528,12,32,0.375
FJSP,XE,flowtime_gap_pct,8.783216783216785,13,32,0.40625
FJSP,XE,flowtime_gap_pct,9.118387909319893,14,32,0.4375
FJSP,XE,flowtime_gap_pct,9.186176142697878,15,32,0.46875
FJSP,XE,flowtime_gap_pct,9.30888575458393,16,32,0.5
FJSP,XE,flowtime_gap_pct,9.49152542372882,17,32,0.53125
FJSP,XE,flowtime_gap_pct,9.937178754997134,18,32,0.5625
FJSP,XE,flowtime_gap_pct,10.211706102117057,19,32,0.59375
FJSP,XE,flowtime_gap_pct,11.44781144781144,20,32,0.625
FJSP,XE,flowtime_gap_pct,11.678832116788328,21,32,0.65625
FJSP,XE,flowtime_gap_pct,12.234450985410806,22,32,0.6875
FJSP,XE,flowtime_gap_pct,12.301787698212308,23,32,0.71875
FJSP,XE,flowtime_gap_pct,12.482662968099856,24,32,0.75
FJSP,XE,flowtime_gap_pct,12.60623229461757,25,32,0.78125
FJSP,XE,flowtime_gap_pct,13.169897377423023,26,32,0.8125
FJSP,XE,flowtime_gap_pct,14.496505306756413,27,32,0.84375
FJSP,XE,flowtime_gap_pct,18.98838285185567,28,32,0.875
FJSP,XE,flowtime_gap_pct,19.386218876664742,29,32,0.90625
FJSP,XE,flowtime_gap_pct,32.260844584889405,30,32,0.9375
FJSP,XE,flowtime_gap_pct,33.367399080224835,31,32,0.96875
FJSP,XE,flowtime_gap_pct,36.99245052030198,32,32,1.0
FJSP,XHT,flowtime_gap_pct,0.12722646310432406,1,32,0.03125
FJSP,XHT,flowtime_gap_pct,0.2577319587628857,2,32,0.0625
FJSP,XHT,flowtime_gap_pct,0.4160887656033285,3,32,0.09375
FJSP,XHT,flowtime_gap_pct,0.4910601863510555,4,32,0.125
FJSP,XHT,flowtime_gap_pct,0.56657223796035,5,32,0.15625
FJSP,XHT,flowtime_gap_pct,0.6720430107526987,6,32,0.1875
FJSP,XHT,flowtime_gap_pct,0.7134894091415767,7,32,0.21875
FJSP,XHT,flowtime_gap_pct,0.8445945945946054,8,32,0.25
FJSP,XHT,flowtime_gap_pct,0.8685991314008712,9,32,0.28125
FJSP,XHT,flowtime_gap_pct,1.026225769669331,10,32,0.3125
FJSP,XHT,flowtime_gap_pct,1.0958904109588996,11,32,0.34375
FJSP,XHT,flowtime_gap_pct,1.1331444759206777,12,32,0.375
FJSP,XHT,flowtime_gap_pct,1.142204454597362,13,32,0.40625
FJSP,XHT,flowtime_gap_pct,1.3465627214741316,14,32,0.4375
FJSP,XHT,flowtime_gap_pct,1.37684854665987,15,32,0.46875
FJSP,XHT,flowtime_gap_pct,1.3849339891276236,16,32,0.5
FJSP,XHT,flowtime_gap_pct,1.5444015444015413,17,32,0.53125
FJSP,XHT,flowtime_gap_pct,1.725535610885931,18,32,0.5625
FJSP,XHT,flowtime_gap_pct,2.033898305084736,19,32,0.59375
FJSP,XHT,flowtime_gap_pct,2.0476068594829755,20,32,0.625
FJSP,XHT,flowtime_gap_pct,2.136752136752129,21,32,0.65625
FJSP,XHT,flowtime_gap_pct,2.195804195804185,22,32,0.6875
FJSP,XHT,flowtime_gap_pct,2.4017467248908186,23,32,0.71875
FJSP,XHT,flowtime_gap_pct,2.6798307475317307,24,32,0.75
FJSP,XHT,flowtime_gap_pct,3.167193335248486,25,32,0.78125
FJSP,XHT,flowtime_gap_pct,3.367003367003374,26,32,0.8125
FJSP,XHT,flowtime_gap_pct,3.90920554854981,27,32,0.84375
FJSP,XHT,flowtime_gap_pct,5.315102292587648,28,32,0.875
FJSP,XHT,flowtime_gap_pct,5.3254437869822535,29,32,0.90625
FJSP,XHT,flowtime_gap_pct,5.825242718446599,30,32,0.9375
FJSP,XHT,flowtime_gap_pct,7.299270072992692,31,32,0.96875
FJSP,XHT,flowtime_gap_pct,8.01007556675064,32,32,1.0
FJSP,XHE,flowtime_gap_pct,0.2577319587628857,1,32,0.03125
FJSP,XHE,flowtime_gap_pct,0.4160887656033285,2,32,0.0625
FJSP,XHE,flowtime_gap_pct,0.4910601863510555,3,32,0.09375
FJSP,XHE,flowtime_gap_pct,0.6720430107526987,4,32,0.125
FJSP,XHE,flowtime_gap_pct,0.8445945945946054,5,32,0.15625
FJSP,XHE,flowtime_gap_pct,0.8498583569405138,6,32,0.1875
FJSP,XHE,flowtime_gap_pct,1.142204454597362,7,32,0.21875
FJSP,XHE,flowtime_gap_pct,1.5444015444015413,8,32,0.25
FJSP,XHE,flowtime_gap_pct,1.725535610885931,9,32,0.28125
FJSP,XHE,flowtime_gap_pct,1.77629134150874,10,32,0.3125
FJSP,XHE,flowtime_gap_pct,1.8814139110604255,11,32,0.34375
FJSP,XHE,flowtime_gap_pct,1.9746121297602226,12,32,0.375
FJSP,XHE,flowtime_gap_pct,2.017434620174341,13,32,0.40625
FJSP,XHE,flowtime_gap_pct,2.026931254429476,14,32,0.4375
FJSP,XHE,flowtime_gap_pct,2.033898305084736,15,32,0.46875
FJSP,XHE,flowtime_gap_pct,2.136752136752129,16,32,0.5
FJSP,XHE,flowtime_gap_pct,2.192758796532379,17,32,0.53125
FJSP,XHE,flowtime_gap_pct,2.195804195804185,18,32,0.5625
FJSP,XHE,flowtime_gap_pct,2.393140517020731,19,32,0.59375
FJSP,XHE,flowtime_gap_pct,2.4173027989821794,20,32,0.625
FJSP,XHE,flowtime_gap_pct,2.7838427947598277,21,32,0.65625
FJSP,XHE,flowtime_gap_pct,2.951074294589695,22,32,0.6875
FJSP,XHE,flowtime_gap_pct,3.116147308781869,23,32,0.71875
FJSP,XHE,flowtime_gap_pct,3.2925967074032947,24,32,0.75
FJSP,XHE,flowtime_gap_pct,3.490376328641198,25,32,0.78125
FJSP,XHE,flowtime_gap_pct,3.703703703703698,26,32,0.8125
FJSP,XHE,flowtime_gap_pct,3.90920554854981,27,32,0.84375
FJSP,XHE,flowtime_gap_pct,5.315102292587648,28,32,0.875
FJSP,XHE,flowtime_gap_pct,5.3254437869822535,29,32,0.90625
FJSP,XHE,flowtime_gap_pct,5.825242718446599,30,32,0.9375
FJSP,XHE,flowtime_gap_pct,7.299270072992692,31,32,0.96875
FJSP,XHE,flowtime_gap_pct,8.01007556675064,32,32,1.0
FJSP,XTE,flowtime_gap_pct,1.2820512820512775,1,32,0.03125
FJSP,XTE,flowtime_gap_pct,2.192758796532379,2,32,0.0625
FJSP,XTE,flowtime_gap_pct,2.3293880634600805,3,32,0.09375
FJSP,XTE,flowtime_gap_pct,2.7027027027026973,4,32,0.125
FJSP,XTE,flowtime_gap_pct,3.053435114503822,5,32,0.15625
FJSP,XTE,flowtime_gap_pct,4.035308953341743,6,32,0.1875
FJSP,XTE,flowtime_gap_pct,4.139860139860141,7,32,0.21875
FJSP,XTE,flowtime_gap_pct,4.3090007087172255,8,32,0.25
FJSP,XTE,flowtime_gap_pct,4.406779661016946,9,32,0.28125
FJSP,XTE,flowtime_gap_pct,4.435702658708629,10,32,0.3125
FJSP,XTE,flowtime_gap_pct,4.639737991266379,11,32,0.34375
FJSP,XTE,flowtime_gap_pct,4.854368932038833,12,32,0.375
FJSP,XTE,flowtime_gap_pct,5.011261261261257,13,32,0.40625
FJSP,XTE,flowtime_gap_pct,5.099150141643061,14,32,0.4375
FJSP,XTE,flowtime_gap_pct,5.665722379603388,15,32,0.46875
FJSP,XTE,flowtime_gap_pct,5.723905723905731,16,32,0.5
FJSP,XTE,flowtime_gap_pct,5.726694273305721,17,32,0.53125
FJSP,XTE,flowtime_gap_pct,6.214367160775369,18,32,0.5625
FJSP,XTE,flowtime_gap_pct,6.25789669267931,19,32,0.59375
FJSP,XTE,flowtime_gap_pct,6.33923472301543,20,32,0.625
FJSP,XTE,flowtime_gap_pct,6.911142454160779,21,32,0.65625
FJSP,XTE,flowtime_gap_pct,7.103274559193951,22,32,0.6875
FJSP,XTE,flowtime_gap_pct,7.123655913978499,23,32,0.71875
FJSP,XTE,flowtime_gap_pct,7.471980074719808,24,32,0.75
FJSP,XTE,flowtime_gap_pct,7.716918351676472,25,32,0.78125
FJSP,XTE,flowtime_gap_pct,9.26740874967642,26,32,0.8125
FJSP,XTE,flowtime_gap_pct,9.958289885297189,27,32,0.84375
FJSP,XTE,flowtime_gap_pct,13.283149971048068,28,32,0.875
FJSP,XTE,flowtime_gap_pct,14.968643980672347,29,32,0.90625
FJSP,XTE,flowtime_gap_pct,15.976331360946737,30,32,0.9375
FJSP,XTE,flowtime_gap_pct,17.25797184717035,31,32,0.96875
FJSP,XTE,flowtime_gap_pct,17.731221257026064,32,32,1.0
FJSP,XHTE,flowtime_gap_pct,0.2577319587628857,1,32,0.03125
FJSP,XHTE,flowtime_gap_pct,0.4160887656033285,2,32,0.0625
FJSP,XHTE,flowtime_gap_pct,0.56657223796035,3,32,0.09375
FJSP,XHTE,flowtime_gap_pct,0.7319819819819884,4,32,0.125
FJSP,XHTE,flowtime_gap_pct,0.7633587786259444,5,32,0.15625
FJSP,XHTE,flowtime_gap_pct,1.0752688172043001,6,32,0.1875
FJSP,XHTE,flowtime_gap_pct,1.0958904109588996,7,32,0.21875
FJSP,XHTE,flowtime_gap_pct,1.1331444759206777,8,32,0.25
FJSP,XHTE,flowtime_gap_pct,1.146853146853144,9,32,0.28125
FJSP,XHTE,flowtime_gap_pct,1.2542759407069504,10,32,0.3125
FJSP,XHTE,flowtime_gap_pct,1.320217447579597,11,32,0.34375
FJSP,XHTE,flowtime_gap_pct,1.3229282794500197,12,32,0.375
FJSP,XHTE,flowtime_gap_pct,1.3706453455168521,13,32,0.40625
FJSP,XHTE,flowtime_gap_pct,1.4278429372768908,14,32,0.4375
FJSP,XHTE,flowtime_gap_pct,1.637554585152845,15,32,0.46875
FJSP,XHTE,flowtime_gap_pct,2.0476068594829755,16,32,0.5
FJSP,XHTE,flowtime_gap_pct,2.1108978891021035,17,32,0.53125
FJSP,XHTE,flowtime_gap_pct,2.136752136752129,18,32,0.5625
FJSP,XHTE,flowtime_gap_pct,2.55791505791505,19,32,0.59375
FJSP,XHTE,flowtime_gap_pct,2.6798307475317307,20,32,0.625
FJSP,XHTE,flowtime_gap_pct,2.7700831024930705,21,32,0.65625
FJSP,XHTE,flowtime_gap_pct,2.778171509567673,22,32,0.6875
FJSP,XHTE,flowtime_gap_pct,3.0303030303030276,23,32,0.71875
FJSP,XHTE,flowtime_gap_pct,3.490376328641198,24,32,0.75
FJSP,XHTE,flowtime_gap_pct,3.90920554854981,25,32,0.78125
FJSP,XHTE,flowtime_gap_pct,4.5762711864406835,26,32,0.8125
FJSP,XHTE,flowtime_gap_pct,5.815139767394406,27,32,0.84375
FJSP,XHTE,flowtime_gap_pct,6.485234510712212,28,32,0.875
FJSP,XHTE,flowtime_gap_pct,6.642820643842606,29,32,0.90625
FJSP,XHTE,flowtime_gap_pct,8.01007556675064,30,32,0.9375
FJSP,XHTE,flowtime_gap_pct,8.654848800834202,31,32,0.96875
FJSP,XHTE,flowtime_gap_pct,8.964737329083983,32,32,1.0
FJSP,NSGA-II,flowtime_gap_pct,10.937095521615326,1,32,0.03125
FJSP,NSGA-II,flowtime_gap_pct,15.15151515151516,2,32,0.0625
FJSP,NSGA-II,flowtime_gap_pct,17.8470254957507,3,32,0.09375
FJSP,NSGA-II,flowtime_gap_pct,21.062801932367158,4,32,0.125
FJSP,NSGA-II,flowtime_gap_pct,23.283539212869876,5,32,0.15625
FJSP,NSGA-II,flowtime_gap_pct,23.461939520333686,6,32,0.1875
FJSP,NSGA-II,flowtime_gap_pct,26.606353449162135,7,32,0.21875
FJSP,NSGA-II,flowtime_gap_pct,36.42056357943642,8,32,0.25
FJSP,NSGA-II,flowtime_gap_pct,38.034188034188034,9,32,0.28125
FJSP,NSGA-II,flowtime_gap_pct,39.42052642317895,10,32,0.3125
FJSP,NSGA-II,flowtime_gap_pct,40.20356234096691,11,32,0.34375
FJSP,NSGA-II,flowtime_gap_pct,42.17207334273625,12,32,0.375
FJSP,NSGA-II,flowtime_gap_pct,42.4731182795699,13,32,0.40625
FJSP,NSGA-II,flowtime_gap_pct,42.54777070063693,14,32,0.4375
FJSP,NSGA-II,flowtime_gap_pct,43.038605230386054,15,32,0.46875
FJSP,NSGA-II,flowtime_gap_pct,46.24685138539042,16,32,0.5
FJSP,NSGA-II,flowtime_gap_pct,46.3245492371706,17,32,0.53125
FJSP,NSGA-II,flowtime_gap_pct,48.0453972257251,18,32,0.5625
FJSP,NSGA-II,flowtime_gap_pct,50.283286118980165,19,32,0.59375
FJSP,NSGA-II,flowtime_gap_pct,52.12059274399592,20,32,0.625
FJSP,NSGA-II,flowtime_gap_pct,54.48315248429469,21,32,0.65625
FJSP,NSGA-II,flowtime_gap_pct,57.57722007722008,22,32,0.6875
FJSP,NSGA-II,flowtime_gap_pct,58.7799315849487,23,32,0.71875
FJSP,NSGA-II,flowtime_gap_pct,59.170305676855904,24,32,0.75
FJSP,NSGA-II,flowtime_gap_pct,61.82432432432432,25,32,0.78125
FJSP,NSGA-II,flowtime_gap_pct,63.62237762237761,26,32,0.8125
FJSP,NSGA-II,flowtime_gap_pct,64.40591534931157,27,32,0.84375
FJSP,NSGA-II,flowtime_gap_pct,66.20998372219206,28,32,0.875
FJSP,NSGA-II,flowtime_gap_pct,69.83050847457628,29,32,0.90625
FJSP,NSGA-II,flowtime_gap_pct,70.53153791637136,30,32,0.9375
FJSP,NSGA-II,flowtime_gap_pct,85.20523797532107,31,32,0.96875
FJSP,NSGA-II,flowtime_gap_pct,87.27924238546198,32,32,1.0
FJSP,SPEA2,flowtime_gap_pct,10.665286047113632,1,32,0.03125
FJSP,SPEA2,flowtime_gap_pct,11.473087818696893,2,32,0.0625
FJSP,SPEA2,flowtime_gap_pct,14.478114478114467,3,32,0.09375
FJSP,SPEA2,flowtime_gap_pct,20.096618357487927,4,32,0.125
FJSP,SPEA2,flowtime_gap_pct,22.262773722627728,5,32,0.15625
FJSP,SPEA2,flowtime_gap_pct,22.673082447572533,6,32,0.1875
FJSP,SPEA2,flowtime_gap_pct,24.324046468592584,7,32,0.21875
FJSP,SPEA2,flowtime_gap_pct,36.12766387233612,8,32,0.25
FJSP,SPEA2,flowtime_gap_pct,37.584166496633344,9,32,0.28125
FJSP,SPEA2,flowtime_gap_pct,37.76881720430107,10,32,0.3125
FJSP,SPEA2,flowtime_gap_pct,41.025641025641036,11,32,0.34375
FJSP,SPEA2,flowtime_gap_pct,42.239185750636125,12,32,0.375
FJSP,SPEA2,flowtime_gap_pct,43.5118306351183,13,32,0.40625
FJSP,SPEA2,flowtime_gap_pct,43.61320208453967,14,32,0.4375
FJSP,SPEA2,flowtime_gap_pct,44.287729196050776,15,32,0.46875
FJSP,SPEA2,flowtime_gap_pct,44.91568727644353,16,32,0.5
FJSP,SPEA2,flowtime_gap_pct,45.145018915510725,17,32,0.53125
FJSP,SPEA2,flowtime_gap_pct,45.76976421636616,18,32,0.5625
FJSP,SPEA2,flowtime_gap_pct,46.033994334277615,19,32,0.59375
FJSP,SPEA2,flowtime_gap_pct,50.377833753148614,20,32,0.625
FJSP,SPEA2,flowtime_gap_pct,55.021834061135365,21,32,0.65625
FJSP,SPEA2,flowtime_gap_pct,55.11136493432325,22,32,0.6875
FJSP,SPEA2,flowtime_gap_pct,57.12656784492589,23,32,0.71875
FJSP,SPEA2,flowtime_gap_pct,59.12162162162162,24,32,0.75
FJSP,SPEA2,flowtime_gap_pct,60.326364099949004,25,32,0.78125
FJSP,SPEA2,flowtime_gap_pct,63.07915057915059,26,32,0.8125
FJSP,SPEA2,flowtime_gap_pct,63.79544221378188,27,32,0.84375
FJSP,SPEA2,flowtime_gap_pct,63.90209790209791,28,32,0.875
FJSP,SPEA2,flowtime_gap_pct,65.9322033898305,29,32,0.90625
FJSP,SPEA2,flowtime_gap_pct,66.91708008504607,30,32,0.9375
FJSP,SPEA2,flowtime_gap_pct,82.22110299672627,31,32,0.96875
FJSP,SPEA2,flowtime_gap_pct,87.15126695674431,32,32,1.0
FJSP,MOEA/D,flowtime_gap_pct,2.2662889518413554,1,32,0.03125
FJSP,MOEA/D,flowtime_gap_pct,4.377104377104368,2,32,0.0625
FJSP,MOEA/D,flowtime_gap_pct,10.419363189231156,3,32,0.09375
FJSP,MOEA/D,flowtime_gap_pct,14.983277591973243,4,32,0.125
FJSP,MOEA/D,flowtime_gap_pct,15.735420856075844,5,32,0.15625
FJSP,MOEA/D,flowtime_gap_pct,19.968717413972882,6,32,0.1875
FJSP,MOEA/D,flowtime_gap_pct,22.041739488023037,7,32,0.21875
FJSP,MOEA/D,flowtime_gap_pct,25.64102564102564,8,32,0.25
FJSP,MOEA/D,flowtime_gap_pct,29.25598991172762,9,32,0.28125
FJSP,MOEA/D,flowtime_gap_pct,31.29770992366412,10,32,0.3125
FJSP,MOEA/D,flowtime_gap_pct,32.19751071209957,11,32,0.34375
FJSP,MOEA/D,flowtime_gap_pct,33.15826684173315,12,32,0.375
FJSP,MOEA/D,flowtime_gap_pct,34.13258110014104,13,32,0.40625
FJSP,MOEA/D,flowtime_gap_pct,35.22884882108184,14,32,0.4375
FJSP,MOEA/D,flowtime_gap_pct,36.8279569892473,15,32,0.46875
FJSP,MOEA/D,flowtime_gap_pct,38.605230386052305,16,32,0.5
FJSP,MOEA/D,flowtime_gap_pct,39.94334277620397,17,32,0.53125
FJSP,MOEA/D,flowtime_gap_pct,42.628836132020844,18,32,0.5625
FJSP,MOEA/D,flowtime_gap_pct,45.390428211586894,19,32,0.59375
FJSP,MOEA/D,flowtime_gap_pct,50.02554931016863,20,32,0.625
FJSP,MOEA/D,flowtime_gap_pct,51.88223938223939,21,32,0.65625
FJSP,MOEA/D,flowtime_gap_pct,52.02741290691033,22,32,0.6875
FJSP,MOEA/D,flowtime_gap_pct,53.53477765108323,23,32,0.71875
FJSP,MOEA/D,flowtime_gap_pct,54.39189189189189,24,32,0.75
FJSP,MOEA/D,flowtime_gap_pct,54.91266375545851,25,32,0.78125
FJSP,MOEA/D,flowtime_gap_pct,59.96940336562977,26,32,0.8125
FJSP,MOEA/D,flowtime_gap_pct,60.29571351058058,27,32,0.84375
FJSP,MOEA/D,flowtime_gap_pct,62.67895109851169,28,32,0.875
FJSP,MOEA/D,flowtime_gap_pct,63.55932203389831,29,32,0.90625
FJSP,MOEA/D,flowtime_gap_pct,68.44755244755245,30,32,0.9375
FJSP,MOEA/D,flowtime_gap_pct,71.61923948627549,31,32,0.96875
FJSP,MOEA/D,flowtime_gap_pct,75.37752751471717,32,32,1.0
FJSP,SMS-EMOA,flowtime_gap_pct,11.260678229355413,1,32,0.03125
FJSP,SMS-EMOA,flowtime_gap_pct,14.164305949008504,2,32,0.0625
FJSP,SMS-EMOA,flowtime_gap_pct,15.15151515151516,3,32,0.09375
FJSP,SMS-EMOA,flowtime_gap_pct,21.471571906354512,4,32,0.125
FJSP,SMS-EMOA,flowtime_gap_pct,23.67135880494111,5,32,0.15625
FJSP,SMS-EMOA,flowtime_gap_pct,24.556830031282594,6,32,0.1875
FJSP,SMS-EMOA,flowtime_gap_pct,27.048421918371535,7,32,0.21875
FJSP,SMS-EMOA,flowtime_gap_pct,38.48096151903848,8,32,0.25
FJSP,SMS-EMOA,flowtime_gap_pct,38.930830442766776,9,32,0.28125
FJSP,SMS-EMOA,flowtime_gap_pct,40.697384806973844,10,32,0.3125
FJSP,SMS-EMOA,flowtime_gap_pct,40.7258064516129,11,32,0.34375
FJSP,SMS-EMOA,flowtime_gap_pct,43.88398486759142,12,32,0.375
FJSP,SMS-EMOA,flowtime_gap_pct,44.00564174894217,13,32,0.40625
FJSP,SMS-EMOA,flowtime_gap_pct,44.10540915395285,14,32,0.4375
FJSP,SMS-EMOA,flowtime_gap_pct,44.22698320787492,15,32,0.46875
FJSP,SMS-EMOA,flowtime_gap_pct,44.529262086513995,16,32,0.5
FJSP,SMS-EMOA,flowtime_gap_pct,45.299145299145295,17,32,0.53125
FJSP,SMS-EMOA,flowtime_gap_pct,46.45892351274787,18,32,0.5625
FJSP,SMS-EMOA,flowtime_gap_pct,47.35516372795969,19,32,0.59375
FJSP,SMS-EMOA,flowtime_gap_pct,48.69698518140011,20,32,0.625
FJSP,SMS-EMOA,flowtime_gap_pct,56.27729257641923,21,32,0.65625
FJSP,SMS-EMOA,flowtime_gap_pct,56.95553021664765,22,32,0.6875
FJSP,SMS-EMOA,flowtime_gap_pct,58.48086807538549,23,32,0.71875
FJSP,SMS-EMOA,flowtime_gap_pct,59.454545454545446,24,32,0.75
FJSP,SMS-EMOA,flowtime_gap_pct,60.020397756246815,25,32,0.78125
FJSP,SMS-EMOA,flowtime_gap_pct,60.7545045045045,26,32,0.8125
FJSP,SMS-EMOA,flowtime_gap_pct,64.1891891891892,27,32,0.84375
FJSP,SMS-EMOA,flowtime_gap_pct,65.16549104720563,28,32,0.875
FJSP,SMS-EMOA,flowtime_gap_pct,68.830616583983,29,32,0.90625
FJSP,SMS-EMOA,flowtime_gap_pct,75.59322033898306,30,32,0.9375
FJSP,SMS-EMOA,flowtime_gap_pct,84.03424830017627,31,32,0.96875
FJSP,SMS-EMOA,flowtime_gap_pct,85.44919375479907,32,32,1.0
FJSP,XG,seconds,0.0019368,1,32,0.03125
FJSP,XG,seconds,0.0031003,2,32,0.0625
FJSP,XG,seconds,0.0035155,3,32,0.09375
FJSP,XG,seconds,0.0041208,4,32,0.125
FJSP,XG,seconds,0.0059524,5,32,0.15625
FJSP,XG,seconds,0.0060693,6,32,0.1875
FJSP,XG,seconds,0.0066497,7,32,0.21875
FJSP,XG,seconds,0.0074075,8,32,0.25
FJSP,XG,seconds,0.0076678,9,32,0.28125
FJSP,XG,seconds,0.0091727,10,32,0.3125
FJSP,XG,seconds,0.0102577,11,32,0.34375
FJSP,XG,seconds,0.0103823,12,32,0.375
FJSP,XG,seconds,0.0106516,13,32,0.40625
FJSP,XG,seconds,0.0115423,14,32,0.4375
FJSP,XG,seconds,0.011615,15,32,0.46875
FJSP,XG,seconds,0.0144737,16,32,0.5
FJSP,XG,seconds,0.014773,17,32,0.53125
FJSP,XG,seconds,0.0163906,18,32,0.5625
FJSP,XG,seconds,0.0165581,19,32,0.59375
FJSP,XG,seconds,0.0166032,20,32,0.625
FJSP,XG,seconds,0.0181934,21,32,0.65625
FJSP,XG,seconds,0.0208585,22,32,0.6875
FJSP,XG,seconds,0.0231514,23,32,0.71875
FJSP,XG,seconds,0.0305127,24,32,0.75
FJSP,XG,seconds,0.0335697,25,32,0.78125
FJSP,XG,seconds,0.0361009,26,32,0.8125
FJSP,XG,seconds,0.0425121,27,32,0.84375
FJSP,XG,seconds,0.0654522,28,32,0.875
FJSP,XG,seconds,0.0681903,29,32,0.90625
FJSP,XG,seconds,0.0971652,30,32,0.9375
FJSP,XG,seconds,0.1014382,31,32,0.96875
FJSP,XG,seconds,0.1350907,32,32,1.0
FJSP,XH,seconds,2.3917669,1,32,0.03125
FJSP,XH,seconds,3.9661207000000003,2,32,0.0625
FJSP,XH,seconds,4.1141273,3,32,0.09375
FJSP,XH,seconds,4.9507371,4,32,0.125
FJSP,XH,seconds,5.3297596,5,32,0.15625
FJSP,XH,seconds,5.8619661,6,32,0.1875
FJSP,XH,seconds,8.1625547,7,32,0.21875
FJSP,XH,seconds,8.6763215,8,32,0.25
FJSP,XH,seconds,9.6117562,9,32,0.28125
FJSP,XH,seconds,9.8156155,10,32,0.3125
FJSP,XH,seconds,9.8558409,11,32,0.34375
FJSP,XH,seconds,10.8838417,12,32,0.375
FJSP,XH,seconds,12.9395746,13,32,0.40625
FJSP,XH,seconds,13.1832881,14,32,0.4375
FJSP,XH,seconds,13.9634952,15,32,0.46875
FJSP,XH,seconds,14.543948499999999,16,32,0.5
FJSP,XH,seconds,17.200485,17,32,0.53125
FJSP,XH,seconds,17.8419616,18,32,0.5625
FJSP,XH,seconds,19.8853452,19,32,0.59375
FJSP,XH,seconds,21.3741617,20,32,0.625
FJSP,XH,seconds,26.986803,21,32,0.65625
FJSP,XH,seconds,32.750219799999996,22,32,0.6875
FJSP,XH,seconds,34.5609698,23,32,0.71875
FJSP,XH,seconds,37.0528537,24,32,0.75
FJSP,XH,seconds,37.6711849,25,32,0.78125
FJSP,XH,seconds,41.5151349,26,32,0.8125
FJSP,XH,seconds,42.2682268,27,32,0.84375
FJSP,XH,seconds,78.1747591,28,32,0.875
FJSP,XH,seconds,85.8323383,29,32,0.90625
FJSP,XH,seconds,121.3070837,30,32,0.9375
FJSP,XH,seconds,131.179767,31,32,0.96875
FJSP,XH,seconds,131.618793,32,32,1.0
FJSP,XT,seconds,1.7217316999999999,1,32,0.03125
FJSP,XT,seconds,2.4265504,2,32,0.0625
FJSP,XT,seconds,3.2786435,3,32,0.09375
FJSP,XT,seconds,3.6935189,4,32,0.125
FJSP,XT,seconds,4.3185547,5,32,0.15625
FJSP,XT,seconds,4.6658073,6,32,0.1875
FJSP,XT,seconds,5.6083646,7,32,0.21875
FJSP,XT,seconds,7.4051591,8,32,0.25
FJSP,XT,seconds,7.9176453,9,32,0.28125
FJSP,XT,seconds,8.6969091,10,32,0.3125
FJSP,XT,seconds,8.7435831,11,32,0.34375
FJSP,XT,seconds,9.1132597,12,32,0.375
FJSP,XT,seconds,10.4033204,13,32,0.40625
FJSP,XT,seconds,10.5409966,14,32,0.4375
FJSP,XT,seconds,12.6150635,15,32,0.46875
FJSP,XT,seconds,12.9676429,16,32,0.5
FJSP,XT,seconds,14.5620647,17,32,0.53125
FJSP,XT,seconds,14.8107767,18,32,0.5625
FJSP,XT,seconds,15.1618731,19,32,0.59375
FJSP,XT,seconds,16.1930334,20,32,0.625
FJSP,XT,seconds,18.2326499,21,32,0.65625
FJSP,XT,seconds,23.6733884,22,32,0.6875
FJSP,XT,seconds,24.1142321,23,32,0.71875
FJSP,XT,seconds,26.5452908,24,32,0.75
FJSP,XT,seconds,28.8510842,25,32,0.78125
FJSP,XT,seconds,38.0283679,26,32,0.8125
FJSP,XT,seconds,38.6070077,27,32,0.84375
FJSP,XT,seconds,68.0200205,28,32,0.875
FJSP,XT,seconds,72.4027538,29,32,0.90625
FJSP,XT,seconds,101.1741466,30,32,0.9375
FJSP,XT,seconds,115.4261937,31,32,0.96875
FJSP,XT,seconds,148.2382852,32,32,1.0
FJSP,XE,seconds,0.7505392,1,32,0.03125
FJSP,XE,seconds,0.9074924,2,32,0.0625
FJSP,XE,seconds,1.0663412,3,32,0.09375
FJSP,XE,seconds,1.0901753,4,32,0.125
FJSP,XE,seconds,1.1854286,5,32,0.15625
FJSP,XE,seconds,1.3921896999999999,6,32,0.1875
FJSP,XE,seconds,1.5157351000000001,7,32,0.21875
FJSP,XE,seconds,1.8256942999999999,8,32,0.25
FJSP,XE,seconds,1.8431616,9,32,0.28125
FJSP,XE,seconds,1.9773682,10,32,0.3125
FJSP,XE,seconds,2.0745085,11,32,0.34375
FJSP,XE,seconds,2.1685035,12,32,0.375
FJSP,XE,seconds,2.2689143,13,32,0.40625
FJSP,XE,seconds,2.3673522,14,32,0.4375
FJSP,XE,seconds,2.3973529,15,32,0.46875
FJSP,XE,seconds,2.4499786,16,32,0.5
FJSP,XE,seconds,2.4861139,17,32,0.53125
FJSP,XE,seconds,2.9585882999999997,18,32,0.5625
FJSP,XE,seconds,3.289465,19,32,0.59375
FJSP,XE,seconds,3.3575942,20,32,0.625
FJSP,XE,seconds,3.5963407,21,32,0.65625
FJSP,XE,seconds,3.7608872,22,32,0.6875
FJSP,XE,seconds,3.8596964,23,32,0.71875
FJSP,XE,seconds,3.97842,24,32,0.75
FJSP,XE,seconds,4.1897526,25,32,0.78125
FJSP,XE,seconds,4.5124103,26,32,0.8125
FJSP,XE,seconds,4.6181765,27,32,0.84375
FJSP,XE,seconds,5.7662731,28,32,0.875
FJSP,XE,seconds,5.7859114,29,32,0.90625
FJSP,XE,seconds,8.7290751,30,32,0.9375
FJSP,XE,seconds,9.2190676,31,32,0.96875
FJSP,XE,seconds,13.0794173,32,32,1.0
FJSP,XHT,seconds,2.1758097,1,32,0.03125
FJSP,XHT,seconds,3.8364238,2,32,0.0625
FJSP,XHT,seconds,4.0504917,3,32,0.09375
FJSP,XHT,seconds,4.8418713,4,32,0.125
FJSP,XHT,seconds,5.0523859,5,32,0.15625
FJSP,XHT,seconds,5.5755604,6,32,0.1875
FJSP,XHT,seconds,8.107605,7,32,0.21875
FJSP,XHT,seconds,8.2565601,8,32,0.25
FJSP,XHT,seconds,8.6977113,9,32,0.28125
FJSP,XHT,seconds,8.9763155,10,32,0.3125
FJSP,XHT,seconds,9.6902321,11,32,0.34375
FJSP,XHT,seconds,9.9358235,12,32,0.375
FJSP,XHT,seconds,11.0298366,13,32,0.40625
FJSP,XHT,seconds,11.5100649,14,32,0.4375
FJSP,XHT,seconds,12.1073503,15,32,0.46875
FJSP,XHT,seconds,13.7754262,16,32,0.5
FJSP,XHT,seconds,16.7957612,17,32,0.53125
FJSP,XHT,seconds,18.0726149,18,32,0.5625
FJSP,XHT,seconds,18.2289105,19,32,0.59375
FJSP,XHT,seconds,20.4118795,20,32,0.625
FJSP,XHT,seconds,23.7017974,21,32,0.65625
FJSP,XHT,seconds,29.8412967,22,32,0.6875
FJSP,XHT,seconds,32.8023165,23,32,0.71875
FJSP,XHT,seconds,36.6773856,24,32,0.75
FJSP,XHT,seconds,36.7307032,25,32,0.78125
FJSP,XHT,seconds,37.2068266,26,32,0.8125
FJSP,XHT,seconds,44.3348124,27,32,0.84375
FJSP,XHT,seconds,73.972285,28,32,0.875
FJSP,XHT,seconds,90.7028126,29,32,0.90625
FJSP,XHT,seconds,119.6867299,30,32,0.9375
FJSP,XHT,seconds,121.7203823,31,32,0.96875
FJSP,XHT,seconds,129.4595856,32,32,1.0
FJSP,XHE,seconds,1.4642186,1,32,0.03125
FJSP,XHE,seconds,2.2804664,2,32,0.0625
FJSP,XHE,seconds,2.7268543,3,32,0.09375
FJSP,XHE,seconds,2.9765126,4,32,0.125
FJSP,XHE,seconds,3.0971329,5,32,0.15625
FJSP,XHE,seconds,3.3564332,6,32,0.1875
FJSP,XHE,seconds,4.5642319,7,32,0.21875
FJSP,XHE,seconds,5.1008083,8,32,0.25
FJSP,XHE,seconds,5.3979038,9,32,0.28125
FJSP,XHE,seconds,5.5862891999999995,10,32,0.3125
FJSP,XHE,seconds,6.1604302,11,32,0.34375
FJSP,XHE,seconds,6.1632052,12,32,0.375
FJSP,XHE,seconds,6.9859491,13,32,0.40625
FJSP,XHE,seconds,7.8115133,14,32,0.4375
FJSP,XHE,seconds,7.8611492,15,32,0.46875
FJSP,XHE,seconds,8.2251161,16,32,0.5
FJSP,XHE,seconds,9.247434,17,32,0.53125
FJSP,XHE,seconds,9.5193162,18,32,0.5625
FJSP,XHE,seconds,10.2453631,19,32,0.59375
FJSP,XHE,seconds,13.1226379,20,32,0.625
FJSP,XHE,seconds,14.7998457,21,32,0.65625
FJSP,XHE,seconds,17.8793386,22,32,0.6875
FJSP,XHE,seconds,18.8520406,23,32,0.71875
FJSP,XHE,seconds,19.6108258,24,32,0.75
FJSP,XHE,seconds,21.4053922,25,32,0.78125
FJSP,XHE,seconds,23.0147322,26,32,0.8125
FJSP,XHE,seconds,23.2830517,27,32,0.84375
FJSP,XHE,seconds,41.9103573,28,32,0.875
FJSP,XHE,seconds,47.7068399,29,32,0.90625
FJSP,XHE,seconds,65.9297085,30,32,0.9375
FJSP,XHE,seconds,70.4693927,31,32,0.96875
FJSP,XHE,seconds,73.1229804,32,32,1.0
FJSP,XTE,seconds,1.1876496,1,32,0.03125
FJSP,XTE,seconds,1.8479898000000001,2,32,0.0625
FJSP,XTE,seconds,2.4058691,3,32,0.09375
FJSP,XTE,seconds,2.4454678,4,32,0.125
FJSP,XTE,seconds,2.5782669,5,32,0.15625
FJSP,XTE,seconds,2.9565288,6,32,0.1875
FJSP,XTE,seconds,3.6547971,7,32,0.21875
FJSP,XTE,seconds,4.6321185,8,32,0.25
FJSP,XTE,seconds,5.3073178,9,32,0.28125
FJSP,XTE,seconds,5.3529118,10,32,0.3125
FJSP,XTE,seconds,5.5417974,11,32,0.34375
FJSP,XTE,seconds,5.8817212,12,32,0.375
FJSP,XTE,seconds,6.4580695,13,32,0.40625
FJSP,XTE,seconds,6.8530199,14,32,0.4375
FJSP,XTE,seconds,7.6877205,15,32,0.46875
FJSP,XTE,seconds,8.0023835,16,32,0.5
FJSP,XTE,seconds,8.3565292,17,32,0.53125
FJSP,XTE,seconds,8.7495365,18,32,0.5625
FJSP,XTE,seconds,8.9350388,19,32,0.59375
FJSP,XTE,seconds,9.7424991,20,32,0.625
FJSP,XTE,seconds,10.7020541,21,32,0.65625
FJSP,XTE,seconds,13.1284195,22,32,0.6875
FJSP,XTE,seconds,14.9623796,23,32,0.71875
FJSP,XTE,seconds,16.1881898,24,32,0.75
FJSP,XTE,seconds,17.9205287,25,32,0.78125
FJSP,XTE,seconds,20.2538648,26,32,0.8125
FJSP,XTE,seconds,20.8687233,27,32,0.84375
FJSP,XTE,seconds,38.7921091,28,32,0.875
FJSP,XTE,seconds,42.4653771,29,32,0.90625
FJSP,XTE,seconds,54.7669328,30,32,0.9375
FJSP,XTE,seconds,61.0184296,31,32,0.96875
FJSP,XTE,seconds,78.7349454,32,32,1.0
FJSP,XHTE,seconds,1.6879619,1,32,0.03125
FJSP,XHTE,seconds,2.9305535000000003,2,32,0.0625
FJSP,XHTE,seconds,3.0670746,3,32,0.09375
FJSP,XHTE,seconds,3.4509464,4,32,0.125
FJSP,XHTE,seconds,3.6377021000000003,5,32,0.15625
FJSP,XHTE,seconds,3.763671,6,32,0.1875
FJSP,XHTE,seconds,5.9199912999999995,7,32,0.21875
FJSP,XHTE,seconds,5.9497245,8,32,0.25
FJSP,XHTE,seconds,6.1240373,9,32,0.28125
FJSP,XHTE,seconds,6.4500636,10,32,0.3125
FJSP,XHTE,seconds,7.0659434,11,32,0.34375
FJSP,XHTE,seconds,7.2955293,12,32,0.375
FJSP,XHTE,seconds,8.3125689,13,32,0.40625
FJSP,XHTE,seconds,8.8729264,14,32,0.4375
FJSP,XHTE,seconds,9.6374424,15,32,0.46875
FJSP,XHTE,seconds,10.0752534,16,32,0.5
FJSP,XHTE,seconds,11.1917294,17,32,0.53125
FJSP,XHTE,seconds,11.9764606,18,32,0.5625
FJSP,XHTE,seconds,13.4401219,19,32,0.59375
FJSP,XHTE,seconds,14.3878856,20,32,0.625
FJSP,XHTE,seconds,16.4770573,21,32,0.65625
FJSP,XHTE,seconds,21.8369334,22,32,0.6875
FJSP,XHTE,seconds,23.367289,23,32,0.71875
FJSP,XHTE,seconds,25.1707705,24,32,0.75
FJSP,XHTE,seconds,26.2030189,25,32,0.78125
FJSP,XHTE,seconds,28.3011227,26,32,0.8125
FJSP,XHTE,seconds,30.4877022,27,32,0.84375
FJSP,XHTE,seconds,54.1540609,28,32,0.875
FJSP,XHTE,seconds,58.1602863,29,32,0.90625
FJSP,XHTE,seconds,82.7892197,30,32,0.9375
FJSP,XHTE,seconds,84.2090715,31,32,0.96875
FJSP,XHTE,seconds,100.3962429,32,32,1.0
FJSP,NSGA-II,seconds,0.13588360010180622,1,32,0.03125
FJSP,NSGA-II,seconds,0.13679719995707273,2,32,0.0625
FJSP,NSGA-II,seconds,0.14164539997000247,3,32,0.09375
FJSP,NSGA-II,seconds,0.1440627999836579,4,32,0.125
FJSP,NSGA-II,seconds,0.14557669998612255,5,32,0.15625
FJSP,NSGA-II,seconds,0.14908360003028065,6,32,0.1875
FJSP,NSGA-II,seconds,0.15558260004036129,7,32,0.21875
FJSP,NSGA-II,seconds,0.16055999998934567,8,32,0.25
FJSP,NSGA-II,seconds,0.21481649996712804,9,32,0.28125
FJSP,NSGA-II,seconds,0.218228799989447,10,32,0.3125
FJSP,NSGA-II,seconds,0.2199312000302598,11,32,0.34375
FJSP,NSGA-II,seconds,0.22627880005165935,12,32,0.375
FJSP,NSGA-II,seconds,0.22706710000056773,13,32,0.40625
FJSP,NSGA-II,seconds,0.2404712000861764,14,32,0.4375
FJSP,NSGA-II,seconds,0.24772629991639405,15,32,0.46875
FJSP,NSGA-II,seconds,0.26279209996573627,16,32,0.5
FJSP,NSGA-II,seconds,0.2702764000277966,17,32,0.53125
FJSP,NSGA-II,seconds,0.3284944000188261,18,32,0.5625
FJSP,NSGA-II,seconds,0.3624434999655932,19,32,0.59375
FJSP,NSGA-II,seconds,0.515158100053668,20,32,0.625
FJSP,NSGA-II,seconds,0.5245589999249205,21,32,0.65625
FJSP,NSGA-II,seconds,0.5296375999459997,22,32,0.6875
FJSP,NSGA-II,seconds,0.5539143000496551,23,32,0.71875
FJSP,NSGA-II,seconds,0.5550471999449655,24,32,0.75
FJSP,NSGA-II,seconds,0.5553188000340015,25,32,0.78125
FJSP,NSGA-II,seconds,0.5567792999790981,26,32,0.8125
FJSP,NSGA-II,seconds,0.5782709000632167,27,32,0.84375
FJSP,NSGA-II,seconds,0.578787500038743,28,32,0.875
FJSP,NSGA-II,seconds,0.5964578000130132,29,32,0.90625
FJSP,NSGA-II,seconds,0.623815199942328,30,32,0.9375
FJSP,NSGA-II,seconds,0.6559297000057995,31,32,0.96875
FJSP,NSGA-II,seconds,0.6859262000070885,32,32,1.0
FJSP,SPEA2,seconds,0.14993249997496605,1,32,0.03125
FJSP,SPEA2,seconds,0.15456329996231943,2,32,0.0625
FJSP,SPEA2,seconds,0.15645380003843457,3,32,0.09375
FJSP,SPEA2,seconds,0.16044200002215803,4,32,0.125
FJSP,SPEA2,seconds,0.16417270002420992,5,32,0.15625
FJSP,SPEA2,seconds,0.1732944999821484,6,32,0.1875
FJSP,SPEA2,seconds,0.17384299996774644,7,32,0.21875
FJSP,SPEA2,seconds,0.176348099950701,8,32,0.25
FJSP,SPEA2,seconds,0.24010180006735027,9,32,0.28125
FJSP,SPEA2,seconds,0.2409694999223575,10,32,0.3125
FJSP,SPEA2,seconds,0.24175569997169077,11,32,0.34375
FJSP,SPEA2,seconds,0.24558210000395775,12,32,0.375
FJSP,SPEA2,seconds,0.2476477000163868,13,32,0.40625
FJSP,SPEA2,seconds,0.25311429996509105,14,32,0.4375
FJSP,SPEA2,seconds,0.2678681000834331,15,32,0.46875
FJSP,SPEA2,seconds,0.29388509993441403,16,32,0.5
FJSP,SPEA2,seconds,0.3395235000643879,17,32,0.53125
FJSP,SPEA2,seconds,0.3687854999443516,18,32,0.5625
FJSP,SPEA2,seconds,0.39975039998535067,19,32,0.59375
FJSP,SPEA2,seconds,0.5067947000497952,20,32,0.625
FJSP,SPEA2,seconds,0.5231277999700978,21,32,0.65625
FJSP,SPEA2,seconds,0.5637971999822184,22,32,0.6875
FJSP,SPEA2,seconds,0.5697481000097468,23,32,0.71875
FJSP,SPEA2,seconds,0.580990899936296,24,32,0.75
FJSP,SPEA2,seconds,0.5869066999293864,25,32,0.78125
FJSP,SPEA2,seconds,0.6033404000336304,26,32,0.8125
FJSP,SPEA2,seconds,0.6184911999152973,27,32,0.84375
FJSP,SPEA2,seconds,0.6251930000726134,28,32,0.875
FJSP,SPEA2,seconds,0.6289839999517426,29,32,0.90625
FJSP,SPEA2,seconds,0.6486240000231192,30,32,0.9375
FJSP,SPEA2,seconds,0.738031700020656,31,32,0.96875
FJSP,SPEA2,seconds,0.757101200055331,32,32,1.0
FJSP,MOEA/D,seconds,0.2711783000268042,1,32,0.03125
FJSP,MOEA/D,seconds,0.29853600007481873,2,32,0.0625
FJSP,MOEA/D,seconds,0.3018815000541508,3,32,0.09375
FJSP,MOEA/D,seconds,0.3069490999914706,4,32,0.125
FJSP,MOEA/D,seconds,0.31492719997186214,5,32,0.15625
FJSP,MOEA/D,seconds,0.31507620005868375,6,32,0.1875
FJSP,MOEA/D,seconds,0.31789200007915497,7,32,0.21875
FJSP,MOEA/D,seconds,0.31968790001701564,8,32,0.25
FJSP,MOEA/D,seconds,0.35634890000801533,9,32,0.28125
FJSP,MOEA/D,seconds,0.36736100004054606,10,32,0.3125
FJSP,MOEA/D,seconds,0.37105069996323436,11,32,0.34375
FJSP,MOEA/D,seconds,0.3809716999530792,12,32,0.375
FJSP,MOEA/D,seconds,0.4127335000084713,13,32,0.40625
FJSP,MOEA/D,seconds,0.413539000088349,14,32,0.4375
FJSP,MOEA/D,seconds,0.41886969993356615,15,32,0.46875
FJSP,MOEA/D,seconds,0.45345729996915907,16,32,0.5
FJSP,MOEA/D,seconds,0.47031409991905093,17,32,0.53125
FJSP,MOEA/D,seconds,0.4937315999995917,18,32,0.5625
FJSP,MOEA/D,seconds,0.511223700013943,19,32,0.59375
FJSP,MOEA/D,seconds,0.643624100019224,20,32,0.625
FJSP,MOEA/D,seconds,0.6763361999765038,21,32,0.65625
FJSP,MOEA/D,seconds,0.6836656999075785,22,32,0.6875
FJSP,MOEA/D,seconds,0.6907639999408275,23,32,0.71875
FJSP,MOEA/D,seconds,0.6959590000333264,24,32,0.75
FJSP,MOEA/D,seconds,0.7301815999671817,25,32,0.78125
FJSP,MOEA/D,seconds,0.7456387999700382,26,32,0.8125
FJSP,MOEA/D,seconds,0.7594388000434265,27,32,0.84375
FJSP,MOEA/D,seconds,0.8011999001028016,28,32,0.875
FJSP,MOEA/D,seconds,0.8197659000288695,29,32,0.90625
FJSP,MOEA/D,seconds,0.820009300019592,30,32,0.9375
FJSP,MOEA/D,seconds,0.8533793999813497,31,32,0.96875
FJSP,MOEA/D,seconds,0.8819401999935508,32,32,1.0
FJSP,SMS-EMOA,seconds,0.1179453000659123,1,32,0.03125
FJSP,SMS-EMOA,seconds,0.13396859995555133,2,32,0.0625
FJSP,SMS-EMOA,seconds,0.13527850003447384,3,32,0.09375
FJSP,SMS-EMOA,seconds,0.13673370005562901,4,32,0.125
FJSP,SMS-EMOA,seconds,0.13686239998787642,5,32,0.15625
FJSP,SMS-EMOA,seconds,0.13902589993085712,6,32,0.1875
FJSP,SMS-EMOA,seconds,0.14025309996213764,7,32,0.21875
FJSP,SMS-EMOA,seconds,0.1448328000260517,8,32,0.25
FJSP,SMS-EMOA,seconds,0.22007479995954782,9,32,0.28125
FJSP,SMS-EMOA,seconds,0.22175040002912283,10,32,0.3125
FJSP,SMS-EMOA,seconds,0.22366340004373342,11,32,0.34375
FJSP,SMS-EMOA,seconds,0.22664319991599768,12,32,0.375
FJSP,SMS-EMOA,seconds,0.23420269996859133,13,32,0.40625
FJSP,SMS-EMOA,seconds,0.2347728000022471,14,32,0.4375
FJSP,SMS-EMOA,seconds,0.23772750003263354,15,32,0.46875
FJSP,SMS-EMOA,seconds,0.2623902999330312,16,32,0.5
FJSP,SMS-EMOA,seconds,0.267613900010474,17,32,0.53125
FJSP,SMS-EMOA,seconds,0.3432883999776095,18,32,0.5625
FJSP,SMS-EMOA,seconds,0.36608930001966655,19,32,0.59375
FJSP,SMS-EMOA,seconds,0.5116192999994382,20,32,0.625
FJSP,SMS-EMOA,seconds,0.5165669000707567,21,32,0.65625
FJSP,SMS-EMOA,seconds,0.5306964999763295,22,32,0.6875
FJSP,SMS-EMOA,seconds,0.5332650999771431,23,32,0.71875
FJSP,SMS-EMOA,seconds,0.5536100000608712,24,32,0.75
FJSP,SMS-EMOA,seconds,0.5685367999831215,25,32,0.78125
FJSP,SMS-EMOA,seconds,0.5734651000238955,26,32,0.8125
FJSP,SMS-EMOA,seconds,0.5798006999539211,27,32,0.84375
FJSP,SMS-EMOA,seconds,0.5843899000901729,28,32,0.875
FJSP,SMS-EMOA,seconds,0.5901175000471994,29,32,0.90625
FJSP,SMS-EMOA,seconds,0.610713699948974,30,32,0.9375
FJSP,SMS-EMOA,seconds,0.6559514999389648,31,32,0.96875
FJSP,SMS-EMOA,seconds,0.6839598000515252,32,32,1.0
PFSP,XG,hv_deficit_pct,1.890667438109106,1,18,0.05555555555555555
PFSP,XG,hv_deficit_pct,2.2064540364681973,2,18,0.1111111111111111
PFSP,XG,hv_deficit_pct,2.8041223274278715,3,18,0.16666666666666666
PFSP,XG,hv_deficit_pct,2.9180671182441387,4,18,0.2222222222222222
PFSP,XG,hv_deficit_pct,2.93809072088288,5,18,0.2777777777777778
PFSP,XG,hv_deficit_pct,3.10752053326655,6,18,0.3333333333333333
PFSP,XG,hv_deficit_pct,3.1484472144621023,7,18,0.3888888888888889
PFSP,XG,hv_deficit_pct,3.875999842534217,8,18,0.4444444444444444
PFSP,XG,hv_deficit_pct,4.113876123511673,9,18,0.5
PFSP,XG,hv_deficit_pct,4.172584423106662,10,18,0.5555555555555556
PFSP,XG,hv_deficit_pct,4.644234734123454,11,18,0.6111111111111112
PFSP,XG,hv_deficit_pct,5.530525108970286,12,18,0.6666666666666666
PFSP,XG,hv_deficit_pct,5.878986714062218,13,18,0.7222222222222222
PFSP,XG,hv_deficit_pct,6.530767954409211,14,18,0.7777777777777778
PFSP,XG,hv_deficit_pct,6.9639612401189215,15,18,0.8333333333333334
PFSP,XG,hv_deficit_pct,7.005278919731772,16,18,0.8888888888888888
PFSP,XG,hv_deficit_pct,7.118431766432975,17,18,0.9444444444444444
PFSP,XG,hv_deficit_pct,7.7469992488772395,18,18,1.0
PFSP,XH,hv_deficit_pct,1.136588741498823,1,18,0.05555555555555555
PFSP,XH,hv_deficit_pct,1.242035421648413,2,18,0.1111111111111111
PFSP,XH,hv_deficit_pct,1.670626689480048,3,18,0.16666666666666666
PFSP,XH,hv_deficit_pct,1.844984277313888,4,18,0.2222222222222222
PFSP,XH,hv_deficit_pct,1.9218026674552524,5,18,0.2777777777777778
PFSP,XH,hv_deficit_pct,2.0010467432604484,6,18,0.3333333333333333
PFSP,XH,hv_deficit_pct,2.0532692881689574,7,18,0.3888888888888889
PFSP,XH,hv_deficit_pct,2.3550799725317817,8,18,0.4444444444444444
PFSP,XH,hv_deficit_pct,2.4100609993644606,9,18,0.5
PFSP,XH,hv_deficit_pct,2.691377096422043,10,18,0.5555555555555556
PFSP,XH,hv_deficit_pct,2.7512443782014895,11,18,0.6111111111111112
PFSP,XH,hv_deficit_pct,2.8448246372076658,12,18,0.6666666666666666
PFSP,XH,hv_deficit_pct,2.944177870668374,13,18,0.7222222222222222
PFSP,XH,hv_deficit_pct,3.3662018283063477,14,18,0.7777777777777778
PFSP,XH,hv_deficit_pct,3.43200306025917,15,18,0.8333333333333334
PFSP,XH,hv_deficit_pct,4.764391420134784,16,18,0.8888888888888888
PFSP,XH,hv_deficit_pct,5.642255834199061,17,18,0.9444444444444444
PFSP,XH,hv_deficit_pct,6.279757966956057,18,18,1.0
PFSP,XT,hv_deficit_pct,1.0009860961454842,1,18,0.05555555555555555
PFSP,XT,hv_deficit_pct,1.198011583809,2,18,0.1111111111111111
PFSP,XT,hv_deficit_pct,1.4463879864456741,3,18,0.16666666666666666
PFSP,XT,hv_deficit_pct,1.8279587486118132,4,18,0.2222222222222222
PFSP,XT,hv_deficit_pct,1.8505937976232012,5,18,0.2777777777777778
PFSP,XT,hv_deficit_pct,2.2294634702913707,6,18,0.3333333333333333
PFSP,XT,hv_deficit_pct,2.2717887011328597,7,18,0.3888888888888889
PFSP,XT,hv_deficit_pct,2.475401272239608,8,18,0.4444444444444444
PFSP,XT,hv_deficit_pct,2.560460406178733,9,18,0.5
PFSP,XT,hv_deficit_pct,2.9809914963350503,10,18,0.5555555555555556
PFSP,XT,hv_deficit_pct,2.9846413551186113,11,18,0.6111111111111112
PFSP,XT,hv_deficit_pct,3.1817169551681235,12,18,0.6666666666666666
PFSP,XT,hv_deficit_pct,3.533717178010387,13,18,0.7222222222222222
PFSP,XT,hv_deficit_pct,3.5433954638281473,14,18,0.7777777777777778
PFSP,XT,hv_deficit_pct,3.662425671790981,15,18,0.8333333333333334
PFSP,XT,hv_deficit_pct,4.2323926842124715,16,18,0.8888888888888888
PFSP,XT,hv_deficit_pct,4.3381898178753815,17,18,0.9444444444444444
PFSP,XT,hv_deficit_pct,5.060703021289958,18,18,1.0
PFSP,XE,hv_deficit_pct,0.0567508409035522,1,18,0.05555555555555555
PFSP,XE,hv_deficit_pct,0.10321518650903139,2,18,0.1111111111111111
PFSP,XE,hv_deficit_pct,0.10670839971057555,3,18,0.16666666666666666
PFSP,XE,hv_deficit_pct,0.1675304827377655,4,18,0.2222222222222222
PFSP,XE,hv_deficit_pct,0.2039022622726816,5,18,0.2777777777777778
PFSP,XE,hv_deficit_pct,0.21021245037824432,6,18,0.3333333333333333
PFSP,XE,hv_deficit_pct,0.2746165728755745,7,18,0.3888888888888889
PFSP,XE,hv_deficit_pct,0.29138688484551256,8,18,0.4444444444444444
PFSP,XE,hv_deficit_pct,0.294283269107376,9,18,0.5
PFSP,XE,hv_deficit_pct,0.30917928797296046,10,18,0.5555555555555556
PFSP,XE,hv_deficit_pct,0.32452788626069484,11,18,0.6111111111111112
PFSP,XE,hv_deficit_pct,0.3325076753099676,12,18,0.6666666666666666
PFSP,XE,hv_deficit_pct,0.33766065401978906,13,18,0.7222222222222222
PFSP,XE,hv_deficit_pct,0.4290051756600577,14,18,0.7777777777777778
PFSP,XE,hv_deficit_pct,0.4773048751324893,15,18,0.8333333333333334
PFSP,XE,hv_deficit_pct,0.601330407880285,16,18,0.8888888888888888
PFSP,XE,hv_deficit_pct,0.7108659023998043,17,18,0.9444444444444444
PFSP,XE,hv_deficit_pct,0.9349634772784055,18,18,1.0
PFSP,XHT,hv_deficit_pct,0.6826981518036845,1,18,0.05555555555555555
PFSP,XHT,hv_deficit_pct,0.99047941005449,2,18,0.1111111111111111
PFSP,XHT,hv_deficit_pct,1.2725879763591852,3,18,0.16666666666666666
PFSP,XHT,hv_deficit_pct,1.3435447289118607,4,18,0.2222222222222222
PFSP,XHT,hv_deficit_pct,1.4387828265726155,5,18,0.2777777777777778
PFSP,XHT,hv_deficit_pct,1.556689424245239,6,18,0.3333333333333333
PFSP,XHT,hv_deficit_pct,1.9067778444890493,7,18,0.3888888888888889
PFSP,XHT,hv_deficit_pct,1.940143455178145,8,18,0.4444444444444444
PFSP,XHT,hv_deficit_pct,2.173303250955383,9,18,0.5
PFSP,XHT,hv_deficit_pct,2.242493796435552,10,18,0.5555555555555556
PFSP,XHT,hv_deficit_pct,2.3344102733536376,11,18,0.6111111111111112
PFSP,XHT,hv_deficit_pct,2.361926924212121,12,18,0.6666666666666666
PFSP,XHT,hv_deficit_pct,2.719141670640235,13,18,0.7222222222222222
PFSP,XHT,hv_deficit_pct,2.7899046518850334,14,18,0.7777777777777778
PFSP,XHT,hv_deficit_pct,2.9315419250645736,15,18,0.8333333333333334
PFSP,XHT,hv_deficit_pct,3.3386805388327945,16,18,0.8888888888888888
PFSP,XHT,hv_deficit_pct,3.8935578421526174,17,18,0.9444444444444444
PFSP,XHT,hv_deficit_pct,4.530677698651031,18,18,1.0
PFSP,XHE,hv_deficit_pct,0.49118634492079094,1,18,0.05555555555555555
PFSP,XHE,hv_deficit_pct,0.5502545326849684,2,18,0.1111111111111111
PFSP,XHE,hv_deficit_pct,0.6077285070194005,3,18,0.16666666666666666
PFSP,XHE,hv_deficit_pct,0.6165413686889054,4,18,0.2222222222222222
PFSP,XHE,hv_deficit_pct,0.6581484291652839,5,18,0.2777777777777778
PFSP,XHE,hv_deficit_pct,0.6662263867180385,6,18,0.3333333333333333
PFSP,XHE,hv_deficit_pct,0.6721931213504839,7,18,0.3888888888888889
PFSP,XHE,hv_deficit_pct,0.7162819471352999,8,18,0.4444444444444444
PFSP,XHE,hv_deficit_pct,0.7562329655380617,9,18,0.5
PFSP,XHE,hv_deficit_pct,0.8182782563163293,10,18,0.5555555555555556
PFSP,XHE,hv_deficit_pct,0.8365319708551366,11,18,0.6111111111111112
PFSP,XHE,hv_deficit_pct,1.1776798871836136,12,18,0.6666666666666666
PFSP,XHE,hv_deficit_pct,1.180646727142387,13,18,0.7222222222222222
PFSP,XHE,hv_deficit_pct,1.2735408863543518,14,18,0.7777777777777778
PFSP,XHE,hv_deficit_pct,1.3980813189689578,15,18,0.8333333333333334
PFSP,XHE,hv_deficit_pct,1.4636016316269096,16,18,0.8888888888888888
PFSP,XHE,hv_deficit_pct,1.6148952609041811,17,18,0.9444444444444444
PFSP,XHE,hv_deficit_pct,1.7436365129935294,18,18,1.0
PFSP,XTE,hv_deficit_pct,0.31697756920027187,1,18,0.05555555555555555
PFSP,XTE,hv_deficit_pct,0.4009807317386871,2,18,0.1111111111111111
PFSP,XTE,hv_deficit_pct,0.43769396775008573,3,18,0.16666666666666666
PFSP,XTE,hv_deficit_pct,0.5267991222298263,4,18,0.2222222222222222
PFSP,XTE,hv_deficit_pct,0.5488746419297086,5,18,0.2777777777777778
PFSP,XTE,hv_deficit_pct,0.7098459021147918,6,18,0.3333333333333333
PFSP,XTE,hv_deficit_pct,0.7473498821813696,7,18,0.3888888888888889
PFSP,XTE,hv_deficit_pct,0.7793400056858357,8,18,0.4444444444444444
PFSP,XTE,hv_deficit_pct,0.8414219961555336,9,18,0.5
PFSP,XTE,hv_deficit_pct,0.8650926525446634,10,18,0.5555555555555556
PFSP,XTE,hv_deficit_pct,1.0365304184379753,11,18,0.6111111111111112
PFSP,XTE,hv_deficit_pct,1.0668504046625005,12,18,0.6666666666666666
PFSP,XTE,hv_deficit_pct,1.0711902443765853,13,18,0.7222222222222222
PFSP,XTE,hv_deficit_pct,1.0897718149218028,14,18,0.7777777777777778
PFSP,XTE,hv_deficit_pct,1.2397023736017254,15,18,0.8333333333333334
PFSP,XTE,hv_deficit_pct,1.3780122857707133,16,18,0.8888888888888888
PFSP,XTE,hv_deficit_pct,1.433897798635575,17,18,0.9444444444444444
PFSP,XTE,hv_deficit_pct,1.6751845861136316,18,18,1.0
PFSP,XHTE,hv_deficit_pct,0.31972867117897597,1,18,0.05555555555555555
PFSP,XHTE,hv_deficit_pct,0.5151724565594429,2,18,0.1111111111111111
PFSP,XHTE,hv_deficit_pct,0.5519589060666519,3,18,0.16666666666666666
PFSP,XHTE,hv_deficit_pct,0.6093166450174103,4,18,0.2222222222222222
PFSP,XHTE,hv_deficit_pct,0.6720466392456048,5,18,0.2777777777777778
PFSP,XHTE,hv_deficit_pct,0.6937287114793689,6,18,0.3333333333333333
PFSP,XHTE,hv_deficit_pct,0.7807398004418098,7,18,0.3888888888888889
PFSP,XHTE,hv_deficit_pct,0.7919157575977054,8,18,0.4444444444444444
PFSP,XHTE,hv_deficit_pct,0.9136416513930268,9,18,0.5
PFSP,XHTE,hv_deficit_pct,0.9826283740488773,10,18,0.5555555555555556
PFSP,XHTE,hv_deficit_pct,1.2579529496493103,11,18,0.6111111111111112
PFSP,XHTE,hv_deficit_pct,1.331737808040645,12,18,0.6666666666666666
PFSP,XHTE,hv_deficit_pct,1.397525414740286,13,18,0.7222222222222222
PFSP,XHTE,hv_deficit_pct,1.443939880342493,14,18,0.7777777777777778
PFSP,XHTE,hv_deficit_pct,1.6123867598924702,15,18,0.8333333333333334
PFSP,XHTE,hv_deficit_pct,1.7393184865515554,16,18,0.8888888888888888
PFSP,XHTE,hv_deficit_pct,1.77148427401993,17,18,0.9444444444444444
PFSP,XHTE,hv_deficit_pct,2.2473240839845254,18,18,1.0
PFSP,NSGA-II,hv_deficit_pct,0.21419929486476974,1,18,0.05555555555555555
PFSP,NSGA-II,hv_deficit_pct,0.48177980190202696,2,18,0.1111111111111111
PFSP,NSGA-II,hv_deficit_pct,0.5020035983850146,3,18,0.16666666666666666
PFSP,NSGA-II,hv_deficit_pct,0.5494656825270283,4,18,0.2222222222222222
PFSP,NSGA-II,hv_deficit_pct,0.6691547651032859,5,18,0.2777777777777778
PFSP,NSGA-II,hv_deficit_pct,0.8709376291753723,6,18,0.3333333333333333
PFSP,NSGA-II,hv_deficit_pct,0.9229737092121826,7,18,0.3888888888888889
PFSP,NSGA-II,hv_deficit_pct,0.9336291247603157,8,18,0.4444444444444444
PFSP,NSGA-II,hv_deficit_pct,0.9973113764899733,9,18,0.5
PFSP,NSGA-II,hv_deficit_pct,1.0343339769253057,10,18,0.5555555555555556
PFSP,NSGA-II,hv_deficit_pct,1.1290963657531239,11,18,0.6111111111111112
PFSP,NSGA-II,hv_deficit_pct,1.133507795396227,12,18,0.6666666666666666
PFSP,NSGA-II,hv_deficit_pct,1.2413298851422616,13,18,0.7222222222222222
PFSP,NSGA-II,hv_deficit_pct,1.28928336306251,14,18,0.7777777777777778
PFSP,NSGA-II,hv_deficit_pct,1.3010800405503842,15,18,0.8333333333333334
PFSP,NSGA-II,hv_deficit_pct,1.702290218321334,16,18,0.8888888888888888
PFSP,NSGA-II,hv_deficit_pct,1.9297427267443656,17,18,0.9444444444444444
PFSP,NSGA-II,hv_deficit_pct,2.247680736039137,18,18,1.0
PFSP,SPEA2,hv_deficit_pct,0.232288286369986,1,18,0.05555555555555555
PFSP,SPEA2,hv_deficit_pct,0.45712425876487384,2,18,0.1111111111111111
PFSP,SPEA2,hv_deficit_pct,0.50120639413469,3,18,0.16666666666666666
PFSP,SPEA2,hv_deficit_pct,0.5347447643929915,4,18,0.2222222222222222
PFSP,SPEA2,hv_deficit_pct,0.5816037948239261,5,18,0.2777777777777778
PFSP,SPEA2,hv_deficit_pct,0.8657244645611573,6,18,0.3333333333333333
PFSP,SPEA2,hv_deficit_pct,0.8752792072940219,7,18,0.3888888888888889
PFSP,SPEA2,hv_deficit_pct,0.9136678248824581,8,18,0.4444444444444444
PFSP,SPEA2,hv_deficit_pct,0.9493580823642933,9,18,0.5
PFSP,SPEA2,hv_deficit_pct,0.9805847005601831,10,18,0.5555555555555556
PFSP,SPEA2,hv_deficit_pct,1.0689402022691863,11,18,0.6111111111111112
PFSP,SPEA2,hv_deficit_pct,1.079227676847938,12,18,0.6666666666666666
PFSP,SPEA2,hv_deficit_pct,1.2248456418348708,13,18,0.7222222222222222
PFSP,SPEA2,hv_deficit_pct,1.2509305239198132,14,18,0.7777777777777778
PFSP,SPEA2,hv_deficit_pct,1.3983053270460233,15,18,0.8333333333333334
PFSP,SPEA2,hv_deficit_pct,1.5475074112348053,16,18,0.8888888888888888
PFSP,SPEA2,hv_deficit_pct,1.7567630246940635,17,18,0.9444444444444444
PFSP,SPEA2,hv_deficit_pct,1.815102295336679,18,18,1.0
PFSP,MOEA/D,hv_deficit_pct,0.03488454812018427,1,18,0.05555555555555555
PFSP,MOEA/D,hv_deficit_pct,0.035779947295089265,2,18,0.1111111111111111
PFSP,MOEA/D,hv_deficit_pct,0.1038010462924066,3,18,0.16666666666666666
PFSP,MOEA/D,hv_deficit_pct,0.15864696961207514,4,18,0.2222222222222222
PFSP,MOEA/D,hv_deficit_pct,0.16206046446641809,5,18,0.2777777777777778
PFSP,MOEA/D,hv_deficit_pct,0.19369319212590996,6,18,0.3333333333333333
PFSP,MOEA/D,hv_deficit_pct,0.1980708348819249,7,18,0.3888888888888889
PFSP,MOEA/D,hv_deficit_pct,0.19857657308767207,8,18,0.4444444444444444
PFSP,MOEA/D,hv_deficit_pct,0.20565722110338358,9,18,0.5
PFSP,MOEA/D,hv_deficit_pct,0.2385641117210735,10,18,0.5555555555555556
PFSP,MOEA/D,hv_deficit_pct,0.25291162585339144,11,18,0.6111111111111112
PFSP,MOEA/D,hv_deficit_pct,0.27884672041179615,12,18,0.6666666666666666
PFSP,MOEA/D,hv_deficit_pct,0.3123547822491357,13,18,0.7222222222222222
PFSP,MOEA/D,hv_deficit_pct,0.33096469741833445,14,18,0.7777777777777778
PFSP,MOEA/D,hv_deficit_pct,0.35542391794796124,15,18,0.8333333333333334
PFSP,MOEA/D,hv_deficit_pct,0.3885027128891716,16,18,0.8888888888888888
PFSP,MOEA/D,hv_deficit_pct,0.5503150247241462,17,18,0.9444444444444444
PFSP,MOEA/D,hv_deficit_pct,0.9613516135385303,18,18,1.0
PFSP,SMS-EMOA,hv_deficit_pct,0.30692254154222054,1,18,0.05555555555555555
PFSP,SMS-EMOA,hv_deficit_pct,0.49026952880659724,2,18,0.1111111111111111
PFSP,SMS-EMOA,hv_deficit_pct,0.5408765591973785,3,18,0.16666666666666666
PFSP,SMS-EMOA,hv_deficit_pct,0.567462727865542,4,18,0.2222222222222222
PFSP,SMS-EMOA,hv_deficit_pct,0.6536334183157133,5,18,0.2777777777777778
PFSP,SMS-EMOA,hv_deficit_pct,0.6878532901788303,6,18,0.3333333333333333
PFSP,SMS-EMOA,hv_deficit_pct,0.7382741085325106,7,18,0.3888888888888889
PFSP,SMS-EMOA,hv_deficit_pct,0.9166622617907905,8,18,0.4444444444444444
PFSP,SMS-EMOA,hv_deficit_pct,1.064886065506776,9,18,0.5
PFSP,SMS-EMOA,hv_deficit_pct,1.1253085503825533,10,18,0.5555555555555556
PFSP,SMS-EMOA,hv_deficit_pct,1.2078519168982615,11,18,0.6111111111111112
PFSP,SMS-EMOA,hv_deficit_pct,1.2885546218963762,12,18,0.6666666666666666
PFSP,SMS-EMOA,hv_deficit_pct,1.3290048807757415,13,18,0.7222222222222222
PFSP,SMS-EMOA,hv_deficit_pct,1.5049798825212513,14,18,0.7777777777777778
PFSP,SMS-EMOA,hv_deficit_pct,1.6554251503036244,15,18,0.8333333333333334
PFSP,SMS-EMOA,hv_deficit_pct,1.6871629357337214,16,18,0.8888888888888888
PFSP,SMS-EMOA,hv_deficit_pct,1.8142301460477461,17,18,0.9444444444444444
PFSP,SMS-EMOA,hv_deficit_pct,2.109478085656258,18,18,1.0
PFSP,XG,makespan_gap_pct,7.579944729569688,1,18,0.05555555555555555
PFSP,XG,makespan_gap_pct,8.406432748538005,2,18,0.1111111111111111
PFSP,XG,makespan_gap_pct,8.450704225352123,3,18,0.16666666666666666
PFSP,XG,makespan_gap_pct,8.557902403495987,4,18,0.2222222222222222
PFSP,XG,makespan_gap_pct,9.118870996924189,5,18,0.2777777777777778
PFSP,XG,makespan_gap_pct,13.040000000000006,6,18,0.3333333333333333
PFSP,XG,makespan_gap_pct,13.612099644128106,7,18,0.3888888888888889
PFSP,XG,makespan_gap_pct,14.424007744433688,8,18,0.4444444444444444
PFSP,XG,makespan_gap_pct,15.259441203561552,9,18,0.5
PFSP,XG,makespan_gap_pct,15.484922575387117,10,18,0.5555555555555556
PFSP,XG,makespan_gap_pct,15.67877629063097,11,18,0.6111111111111112
PFSP,XG,makespan_gap_pct,16.22530474989492,12,18,0.6666666666666666
PFSP,XG,makespan_gap_pct,17.03089675960814,13,18,0.7222222222222222
PFSP,XG,makespan_gap_pct,17.178804742317922,14,18,0.7777777777777778
PFSP,XG,makespan_gap_pct,17.546777546777538,15,18,0.8333333333333334
PFSP,XG,makespan_gap_pct,18.935342732134174,16,18,0.8888888888888888
PFSP,XG,makespan_gap_pct,21.329113924050635,17,18,0.9444444444444444
PFSP,XG,makespan_gap_pct,25.094339622641513,18,18,1.0
PFSP,XH,makespan_gap_pct,3.2964863797868116,1,18,0.05555555555555555
PFSP,XH,makespan_gap_pct,3.9906103286384997,2,18,0.1111111111111111
PFSP,XH,makespan_gap_pct,4.079999999999995,3,18,0.16666666666666666
PFSP,XH,makespan_gap_pct,4.678362573099415,4,18,0.2222222222222222
PFSP,XH,makespan_gap_pct,5.061908230152956,5,18,0.2777777777777778
PFSP,XH,makespan_gap_pct,5.162523900573612,6,18,0.3333333333333333
PFSP,XH,makespan_gap_pct,7.020083227790841,7,18,0.3888888888888889
PFSP,XH,makespan_gap_pct,7.151767151767152,8,18,0.4444444444444444
PFSP,XH,makespan_gap_pct,8.312958435207829,9,18,0.5
PFSP,XH,makespan_gap_pct,8.797468354430382,10,18,0.5555555555555556
PFSP,XH,makespan_gap_pct,9.099709583736693,11,18,0.6111111111111112
PFSP,XH,makespan_gap_pct,9.121703363174461,12,18,0.6666666666666666
PFSP,XH,makespan_gap_pct,9.430604982206404,13,18,0.7222222222222222
PFSP,XH,makespan_gap_pct,10.6951871657754,14,18,0.7777777777777778
PFSP,XH,makespan_gap_pct,10.92896174863387,15,18,0.8333333333333334
PFSP,XH,makespan_gap_pct,13.03692539562924,16,18,0.8888888888888888
PFSP,XH,makespan_gap_pct,13.35584894074302,17,18,0.9444444444444444
PFSP,XH,makespan_gap_pct,20.503144654088047,18,18,1.0
PFSP,XT,makespan_gap_pct,1.4866979655712154,1,18,0.05555555555555555
PFSP,XT,makespan_gap_pct,3.7280701754385914,2,18,0.1111111111111111
PFSP,XT,makespan_gap_pct,5.790240349599407,3,18,0.16666666666666666
PFSP,XT,makespan_gap_pct,6.240000000000001,4,18,0.2222222222222222
PFSP,XT,makespan_gap_pct,6.632451638373471,5,18,0.2777777777777778
PFSP,XT,makespan_gap_pct,6.782215523737745,6,18,0.3333333333333333
PFSP,XT,makespan_gap_pct,7.580966166093717,7,18,0.3888888888888889
PFSP,XT,makespan_gap_pct,8.362989323843406,8,18,0.4444444444444444
PFSP,XT,makespan_gap_pct,8.557457212713926,9,18,0.5
PFSP,XT,makespan_gap_pct,10.382513661202175,10,18,0.5555555555555556
PFSP,XT,makespan_gap_pct,10.766997338495043,11,18,0.6111111111111112
PFSP,XT,makespan_gap_pct,10.769230769230775,12,18,0.6666666666666666
PFSP,XT,makespan_gap_pct,11.051625239005736,13,18,0.7222222222222222
PFSP,XT,makespan_gap_pct,11.358502742820264,14,18,0.7777777777777778
PFSP,XT,makespan_gap_pct,12.404052809333743,15,18,0.8333333333333334
PFSP,XT,makespan_gap_pct,12.51823043266893,16,18,0.8888888888888888
PFSP,XT,makespan_gap_pct,14.367088607594948,17,18,0.9444444444444444
PFSP,XT,makespan_gap_pct,16.603773584905657,18,18,1.0
PFSP,XE,makespan_gap_pct,0.44303797468354666,1,18,0.05555555555555555
PFSP,XE,makespan_gap_pct,0.5527043031977819,2,18,0.1111111111111111
PFSP,XE,makespan_gap_pct,0.5970689343224089,3,18,0.16666666666666666
PFSP,XE,makespan_gap_pct,0.7117437722419906,4,18,0.2222222222222222
PFSP,XE,makespan_gap_pct,0.7648183556405286,5,18,0.2777777777777778
PFSP,XE,makespan_gap_pct,0.9779951100244544,6,18,0.3333333333333333
PFSP,XE,makespan_gap_pct,0.9832483612527421,7,18,0.3888888888888889
PFSP,XE,makespan_gap_pct,1.0964912280701844,8,18,0.4444444444444444
PFSP,XE,makespan_gap_pct,1.2474012474012364,9,18,0.5
PFSP,XE,makespan_gap_pct,1.4866979655712154,10,18,0.5555555555555556
PFSP,XE,makespan_gap_pct,1.5825169555388152,11,18,0.6111111111111112
PFSP,XE,makespan_gap_pct,1.8114829597789317,12,18,0.6666666666666666
PFSP,XE,makespan_gap_pct,2.4679409629808857,13,18,0.7222222222222222
PFSP,XE,makespan_gap_pct,2.639999999999998,14,18,0.7777777777777778
PFSP,XE,makespan_gap_pct,2.690205968894488,15,18,0.8333333333333334
PFSP,XE,makespan_gap_pct,2.9168692270296503,16,18,0.8888888888888888
PFSP,XE,makespan_gap_pct,3.8722168441432725,17,18,0.9444444444444444
PFSP,XE,makespan_gap_pct,4.088050314465419,18,18,1.0
PFSP,XHT,makespan_gap_pct,1.4866979655712154,1,18,0.05555555555555555
PFSP,XHT,makespan_gap_pct,2.8000000000000025,2,18,0.1111111111111111
PFSP,XHT,makespan_gap_pct,3.2163742690058506,3,18,0.16666666666666666
PFSP,XHT,makespan_gap_pct,3.9281484405842892,4,18,0.2222222222222222
PFSP,XHT,makespan_gap_pct,4.115076474872548,5,18,0.2777777777777778
PFSP,XHT,makespan_gap_pct,4.550669216061176,6,18,0.3333333333333333
PFSP,XHT,makespan_gap_pct,4.563977180114098,7,18,0.3888888888888889
PFSP,XHT,makespan_gap_pct,5.072765072765062,8,18,0.4444444444444444
PFSP,XHT,makespan_gap_pct,6.782215523737745,9,18,0.5
PFSP,XHT,makespan_gap_pct,7.020083227790841,10,18,0.5555555555555556
PFSP,XHT,makespan_gap_pct,7.524169819251791,11,18,0.6111111111111112
PFSP,XHT,makespan_gap_pct,7.66997338495039,12,18,0.6666666666666666
PFSP,XHT,makespan_gap_pct,7.905776056792524,13,18,0.7222222222222222
PFSP,XHT,makespan_gap_pct,8.797468354430382,14,18,0.7777777777777778
PFSP,XHT,makespan_gap_pct,9.341637010676163,15,18,0.8333333333333334
PFSP,XHT,makespan_gap_pct,11.351482741857065,16,18,0.8888888888888888
PFSP,XHT,makespan_gap_pct,11.482959778937673,17,18,0.9444444444444444
PFSP,XHT,makespan_gap_pct,15.283018867924536,18,18,1.0
PFSP,XHE,makespan_gap_pct,0.32000000000000917,1,18,0.05555555555555555
PFSP,XHE,makespan_gap_pct,1.4202476329206126,2,18,0.1111111111111111
PFSP,XHE,makespan_gap_pct,1.4234875444839812,3,18,0.16666666666666666
PFSP,XHE,makespan_gap_pct,1.4866979655712154,4,18,0.2222222222222222
PFSP,XHE,makespan_gap_pct,1.9542045005921826,5,18,0.2777777777777778
PFSP,XHE,makespan_gap_pct,2.1437578814627933,6,18,0.3333333333333333
PFSP,XHE,makespan_gap_pct,2.1518987341772045,7,18,0.3888888888888889
PFSP,XHE,makespan_gap_pct,2.4114544084400835,8,18,0.4444444444444444
PFSP,XHE,makespan_gap_pct,2.7027027027026973,9,18,0.5
PFSP,XHE,makespan_gap_pct,3.2163742690058506,10,18,0.5555555555555556
PFSP,XHE,makespan_gap_pct,3.528134611905198,11,18,0.6111111111111112
PFSP,XHE,makespan_gap_pct,3.8240917782026873,12,18,0.6666666666666666
PFSP,XHE,makespan_gap_pct,3.929996929689894,13,18,0.7222222222222222
PFSP,XHE,makespan_gap_pct,4.08903943866441,14,18,0.7777777777777778
PFSP,XHE,makespan_gap_pct,4.563977180114098,15,18,0.8333333333333334
PFSP,XHE,makespan_gap_pct,4.646660212971931,16,18,0.8888888888888888
PFSP,XHE,makespan_gap_pct,4.716981132075482,17,18,0.9444444444444444
PFSP,XHE,makespan_gap_pct,5.031599416626165,18,18,1.0
PFSP,XTE,makespan_gap_pct,1.3620213185945529,1,18,0.05555555555555555
PFSP,XTE,makespan_gap_pct,1.4866979655712154,2,18,0.1111111111111111
PFSP,XTE,makespan_gap_pct,1.873804971319304,3,18,0.16666666666666666
PFSP,XTE,makespan_gap_pct,2.0000000000000018,4,18,0.2222222222222222
PFSP,XTE,makespan_gap_pct,2.039329934450107,5,18,0.2777777777777778
PFSP,XTE,makespan_gap_pct,2.3118957545187113,6,18,0.3333333333333333
PFSP,XTE,makespan_gap_pct,2.8508771929824483,7,18,0.3888888888888889
PFSP,XTE,makespan_gap_pct,2.8690228690228636,8,18,0.4444444444444444
PFSP,XTE,makespan_gap_pct,2.933985330073341,9,18,0.5
PFSP,XTE,makespan_gap_pct,3.169610452455851,10,18,0.5555555555555556
PFSP,XTE,makespan_gap_pct,3.238646643748866,11,18,0.6111111111111112
PFSP,XTE,makespan_gap_pct,3.380782918149472,12,18,0.6666666666666666
PFSP,XTE,makespan_gap_pct,3.924050632911391,13,18,0.7222222222222222
PFSP,XTE,makespan_gap_pct,4.069329314242642,14,18,0.7777777777777778
PFSP,XTE,makespan_gap_pct,4.715605250364607,15,18,0.8333333333333334
PFSP,XTE,makespan_gap_pct,4.881793061099171,16,18,0.8888888888888888
PFSP,XTE,makespan_gap_pct,4.904808002581484,17,18,0.9444444444444444
PFSP,XTE,makespan_gap_pct,5.283018867924527,18,18,1.0
PFSP,XHTE,makespan_gap_pct,0.32000000000000917,1,18,0.05555555555555555
PFSP,XHTE,makespan_gap_pct,1.067615658362997,2,18,0.1111111111111111
PFSP,XHTE,makespan_gap_pct,1.4866979655712154,3,18,0.16666666666666666
PFSP,XHTE,makespan_gap_pct,1.7047817047816993,4,18,0.2222222222222222
PFSP,XHTE,makespan_gap_pct,2.112163146394752,5,18,0.2777777777777778
PFSP,XHTE,makespan_gap_pct,2.2700355309909215,6,18,0.3333333333333333
PFSP,XHTE,makespan_gap_pct,2.4114544084400835,7,18,0.3888888888888889
PFSP,XHTE,makespan_gap_pct,2.6768642447418722,8,18,0.4444444444444444
PFSP,XHTE,makespan_gap_pct,3.184367649719566,9,18,0.5
PFSP,XHTE,makespan_gap_pct,3.2163742690058506,10,18,0.5555555555555556
PFSP,XHTE,makespan_gap_pct,3.7744979433825376,11,18,0.6111111111111112
PFSP,XHTE,makespan_gap_pct,4.077343421605706,12,18,0.6666666666666666
PFSP,XHTE,makespan_gap_pct,4.563977180114098,13,18,0.7222222222222222
PFSP,XHTE,makespan_gap_pct,4.820386859072756,14,18,0.7777777777777778
PFSP,XHTE,makespan_gap_pct,5.253164556962031,15,18,0.8333333333333334
PFSP,XHTE,makespan_gap_pct,5.485640529202973,16,18,0.8888888888888888
PFSP,XHTE,makespan_gap_pct,5.786163522012577,17,18,0.9444444444444444
PFSP,XHTE,makespan_gap_pct,6.562955760816713,18,18,1.0
PFSP,NSGA-II,makespan_gap_pct,1.0964912280701844,1,18,0.05555555555555555
PFSP,NSGA-II,makespan_gap_pct,1.5559978288402387,2,18,0.1111111111111111
PFSP,NSGA-II,makespan_gap_pct,1.9120458891013437,3,18,0.16666666666666666
PFSP,NSGA-II,makespan_gap_pct,2.0029133284777956,4,18,0.2222222222222222
PFSP,NSGA-II,makespan_gap_pct,2.1621621621621623,5,18,0.2777777777777778
PFSP,NSGA-II,makespan_gap_pct,2.2502960915909975,6,18,0.3333333333333333
PFSP,NSGA-II,makespan_gap_pct,3.1298904538341166,7,18,0.3888888888888889
PFSP,NSGA-II,makespan_gap_pct,3.6476868327402157,8,18,0.4444444444444444
PFSP,NSGA-II,makespan_gap_pct,4.239999999999999,9,18,0.5
PFSP,NSGA-II,makespan_gap_pct,4.455653635981505,10,18,0.5555555555555556
PFSP,NSGA-II,makespan_gap_pct,4.645535930316957,11,18,0.6111111111111112
PFSP,NSGA-II,makespan_gap_pct,4.666871354006763,12,18,0.6666666666666666
PFSP,NSGA-II,makespan_gap_pct,4.715605250364607,13,18,0.7222222222222222
PFSP,NSGA-II,makespan_gap_pct,4.973624717407676,14,18,0.7777777777777778
PFSP,NSGA-II,makespan_gap_pct,5.126582278481018,15,18,0.8333333333333334
PFSP,NSGA-II,makespan_gap_pct,5.849056603773595,16,18,0.8888888888888888
PFSP,NSGA-II,makespan_gap_pct,6.030969845150769,17,18,0.9444444444444444
PFSP,NSGA-II,makespan_gap_pct,6.518231687641185,18,18,1.0
PFSP,SPEA2,makespan_gap_pct,0.3654970760234022,1,18,0.05555555555555555
PFSP,SPEA2,makespan_gap_pct,1.5198118328207055,2,18,0.1111111111111111
PFSP,SPEA2,makespan_gap_pct,1.5649452269170583,3,18,0.16666666666666666
PFSP,SPEA2,makespan_gap_pct,1.8295218295218296,4,18,0.2222222222222222
PFSP,SPEA2,makespan_gap_pct,2.427951046190291,5,18,0.2777777777777778
PFSP,SPEA2,makespan_gap_pct,2.6584122359796014,6,18,0.3333333333333333
PFSP,SPEA2,makespan_gap_pct,2.6768642447418722,7,18,0.3888888888888889
PFSP,SPEA2,makespan_gap_pct,3.6476868327402157,8,18,0.4444444444444444
PFSP,SPEA2,makespan_gap_pct,3.69253956292388,9,18,0.5
PFSP,SPEA2,makespan_gap_pct,4.0506329113924044,10,18,0.5555555555555556
PFSP,SPEA2,makespan_gap_pct,4.144918636782324,11,18,0.6111111111111112
PFSP,SPEA2,makespan_gap_pct,4.7078604455653705,12,18,0.6666666666666666
PFSP,SPEA2,makespan_gap_pct,4.742317928865236,13,18,0.7222222222222222
PFSP,SPEA2,makespan_gap_pct,4.800000000000004,14,18,0.7777777777777778
PFSP,SPEA2,makespan_gap_pct,5.052974735126314,15,18,0.8333333333333334
PFSP,SPEA2,makespan_gap_pct,5.094339622641519,16,18,0.8888888888888888
PFSP,SPEA2,makespan_gap_pct,5.201750121536208,17,18,0.9444444444444444
PFSP,SPEA2,makespan_gap_pct,6.195546950629227,18,18,1.0
PFSP,MOEA/D,makespan_gap_pct,0.1936108422071703,1,18,0.05555555555555555
PFSP,MOEA/D,makespan_gap_pct,0.32567396417586547,2,18,0.1111111111111111
PFSP,MOEA/D,makespan_gap_pct,0.3558718861210064,3,18,0.16666666666666666
PFSP,MOEA/D,makespan_gap_pct,0.3654970760234022,4,18,0.2222222222222222
PFSP,MOEA/D,makespan_gap_pct,0.37974683544304,5,18,0.2777777777777778
PFSP,MOEA/D,makespan_gap_pct,0.42065009560230404,6,18,0.3333333333333333
PFSP,MOEA/D,makespan_gap_pct,0.6048874909266866,7,18,0.3888888888888889
PFSP,MOEA/D,makespan_gap_pct,0.614062020264039,8,18,0.4444444444444444
PFSP,MOEA/D,makespan_gap_pct,0.6399999999999961,9,18,0.5
PFSP,MOEA/D,makespan_gap_pct,0.6918238993710801,10,18,0.5555555555555556
PFSP,MOEA/D,makespan_gap_pct,0.7303592577970752,11,18,0.6111111111111112
PFSP,MOEA/D,makespan_gap_pct,0.8316008316008316,12,18,0.6666666666666666
PFSP,MOEA/D,makespan_gap_pct,1.3474144209759675,13,18,0.7222222222222222
PFSP,MOEA/D,makespan_gap_pct,1.4866979655712154,14,18,0.7777777777777778
PFSP,MOEA/D,makespan_gap_pct,1.555275325767136,15,18,0.8333333333333334
PFSP,MOEA/D,makespan_gap_pct,1.6578749058025588,16,18,0.8888888888888888
PFSP,MOEA/D,makespan_gap_pct,2.503646086533795,17,18,0.9444444444444444
PFSP,MOEA/D,makespan_gap_pct,2.526487367563157,18,18,1.0
PFSP,SMS-EMOA,makespan_gap_pct,0.9502923976608235,1,18,0.05555555555555555
PFSP,SMS-EMOA,makespan_gap_pct,1.4866979655712154,2,18,0.1111111111111111
PFSP,SMS-EMOA,makespan_gap_pct,1.7173312277931396,3,18,0.16666666666666666
PFSP,SMS-EMOA,makespan_gap_pct,1.791206802967249,4,18,0.2222222222222222
PFSP,SMS-EMOA,makespan_gap_pct,2.103250478011476,5,18,0.2777777777777778
PFSP,SMS-EMOA,makespan_gap_pct,2.494802494802495,6,18,0.3333333333333333
PFSP,SMS-EMOA,makespan_gap_pct,2.9474976972674316,7,18,0.3888888888888889
PFSP,SMS-EMOA,makespan_gap_pct,3.3139111434814295,8,18,0.4444444444444444
PFSP,SMS-EMOA,makespan_gap_pct,4.270462633451966,9,18,0.5
PFSP,SMS-EMOA,makespan_gap_pct,4.479999999999995,10,18,0.5555555555555556
PFSP,SMS-EMOA,makespan_gap_pct,4.810126582278484,11,18,0.6111111111111112
PFSP,SMS-EMOA,makespan_gap_pct,4.88997555012225,12,18,0.6666666666666666
PFSP,SMS-EMOA,makespan_gap_pct,4.958677685950419,13,18,0.7222222222222222
PFSP,SMS-EMOA,makespan_gap_pct,5.275056518462695,14,18,0.7777777777777778
PFSP,SMS-EMOA,makespan_gap_pct,5.298814420517783,15,18,0.8333333333333334
PFSP,SMS-EMOA,makespan_gap_pct,5.422446406052961,16,18,0.8888888888888888
PFSP,SMS-EMOA,makespan_gap_pct,6.163278476928036,17,18,0.9444444444444444
PFSP,SMS-EMOA,makespan_gap_pct,6.729559748427683,18,18,1.0
PFSP,XG,flowtime_gap_pct,7.4034180669251715,1,18,0.05555555555555555
PFSP,XG,flowtime_gap_pct,10.933229207340878,2,18,0.1111111111111111
PFSP,XG,flowtime_gap_pct,11.251859031749678,3,18,0.16666666666666666
PFSP,XG,flowtime_gap_pct,11.599387794145777,4,18,0.2222222222222222
PFSP,XG,flowtime_gap_pct,12.076021363667898,5,18,0.2777777777777778
PFSP,XG,flowtime_gap_pct,13.239866208908602,6,18,0.3333333333333333
PFSP,XG,flowtime_gap_pct,13.63779078064793,7,18,0.3888888888888889
PFSP,XG,flowtime_gap_pct,14.229298433901905,8,18,0.4444444444444444
PFSP,XG,flowtime_gap_pct,16.221453575595923,9,18,0.5
PFSP,XG,flowtime_gap_pct,17.4855888004392,10,18,0.5555555555555556
PFSP,XG,flowtime_gap_pct,18.070070438745912,11,18,0.6111111111111112
PFSP,XG,flowtime_gap_pct,19.098676957001093,12,18,0.6666666666666666
PFSP,XG,flowtime_gap_pct,19.30695478658686,13,18,0.7222222222222222
PFSP,XG,flowtime_gap_pct,20.621206711888608,14,18,0.7777777777777778
PFSP,XG,flowtime_gap_pct,22.008683437619723,15,18,0.8333333333333334
PFSP,XG,flowtime_gap_pct,24.19375157470396,16,18,0.8888888888888888
PFSP,XG,flowtime_gap_pct,25.134230577511918,17,18,0.9444444444444444
PFSP,XG,flowtime_gap_pct,27.59764884338263,18,18,1.0
PFSP,XH,flowtime_gap_pct,6.017521183397956,1,18,0.05555555555555555
PFSP,XH,flowtime_gap_pct,7.295150809671869,2,18,0.1111111111111111
PFSP,XH,flowtime_gap_pct,8.785630613041784,3,18,0.16666666666666666
PFSP,XH,flowtime_gap_pct,9.010430963491633,4,18,0.2222222222222222
PFSP,XH,flowtime_gap_pct,9.052097283778892,5,18,0.2777777777777778
PFSP,XH,flowtime_gap_pct,9.283616396373384,6,18,0.3333333333333333
PFSP,XH,flowtime_gap_pct,10.404383713671361,7,18,0.3888888888888889
PFSP,XH,flowtime_gap_pct,11.308590013391996,8,18,0.4444444444444444
PFSP,XH,flowtime_gap_pct,11.408591408591406,9,18,0.5
PFSP,XH,flowtime_gap_pct,11.459481808158767,10,18,0.5555555555555556
PFSP,XH,flowtime_gap_pct,11.75667649602483,11,18,0.6111111111111112
PFSP,XH,flowtime_gap_pct,13.049918108666247,12,18,0.6666666666666666
PFSP,XH,flowtime_gap_pct,13.915860976829464,13,18,0.7222222222222222
PFSP,XH,flowtime_gap_pct,13.930739021777928,14,18,0.7777777777777778
PFSP,XH,flowtime_gap_pct,14.12371635761911,15,18,0.8333333333333334
PFSP,XH,flowtime_gap_pct,15.729903354782504,16,18,0.8888888888888888
PFSP,XH,flowtime_gap_pct,20.691126279863493,17,18,0.9444444444444444
PFSP,XH,flowtime_gap_pct,21.2207105064248,18,18,1.0
PFSP,XT,flowtime_gap_pct,5.410279531109108,1,18,0.05555555555555555
PFSP,XT,flowtime_gap_pct,5.49332184403275,2,18,0.1111111111111111
PFSP,XT,flowtime_gap_pct,7.335304289619016,3,18,0.16666666666666666
PFSP,XT,flowtime_gap_pct,7.866016529659414,4,18,0.2222222222222222
PFSP,XT,flowtime_gap_pct,8.040726715487656,5,18,0.2777777777777778
PFSP,XT,flowtime_gap_pct,8.40587983445127,6,18,0.3333333333333333
PFSP,XT,flowtime_gap_pct,9.264342574800999,7,18,0.3888888888888889
PFSP,XT,flowtime_gap_pct,9.926933736457544,8,18,0.4444444444444444
PFSP,XT,flowtime_gap_pct,10.131185462275072,9,18,0.5
PFSP,XT,flowtime_gap_pct,10.346278936292318,10,18,0.5555555555555556
PFSP,XT,flowtime_gap_pct,11.945740956826146,11,18,0.6111111111111112
PFSP,XT,flowtime_gap_pct,12.532243149851553,12,18,0.6666666666666666
PFSP,XT,flowtime_gap_pct,12.652624062834693,13,18,0.7222222222222222
PFSP,XT,flowtime_gap_pct,13.75941769888902,14,18,0.7777777777777778
PFSP,XT,flowtime_gap_pct,14.429275692074327,15,18,0.8333333333333334
PFSP,XT,flowtime_gap_pct,14.776736493936049,16,18,0.8888888888888888
PFSP,XT,flowtime_gap_pct,16.16372670191555,17,18,0.9444444444444444
PFSP,XT,flowtime_gap_pct,18.43907996866767,18,18,1.0
PFSP,XE,flowtime_gap_pct,0.33466372493120566,1,18,0.05555555555555555
PFSP,XE,flowtime_gap_pct,0.418595752821882,2,18,0.1111111111111111
PFSP,XE,flowtime_gap_pct,0.6175499066494394,3,18,0.16666666666666666
PFSP,XE,flowtime_gap_pct,0.6895671050951346,4,18,0.2222222222222222
PFSP,XE,flowtime_gap_pct,1.0996072831131798,5,18,0.2777777777777778
PFSP,XE,flowtime_gap_pct,1.4586935906732768,6,18,0.3333333333333333
PFSP,XE,flowtime_gap_pct,1.562271864505771,7,18,0.3888888888888889
PFSP,XE,flowtime_gap_pct,1.5745300686689223,8,18,0.4444444444444444
PFSP,XE,flowtime_gap_pct,1.713309121982487,9,18,0.5
PFSP,XE,flowtime_gap_pct,1.8185561350535284,10,18,0.5555555555555556
PFSP,XE,flowtime_gap_pct,1.9840275833615806,11,18,0.6111111111111112
PFSP,XE,flowtime_gap_pct,2.050716648291062,12,18,0.6666666666666666
PFSP,XE,flowtime_gap_pct,2.053413958175865,13,18,0.7222222222222222
PFSP,XE,flowtime_gap_pct,2.226345083487935,14,18,0.7777777777777778
PFSP,XE,flowtime_gap_pct,2.2326507394766715,15,18,0.8333333333333334
PFSP,XE,flowtime_gap_pct,2.6070375425909953,16,18,0.8888888888888888
PFSP,XE,flowtime_gap_pct,3.552322957284826,17,18,0.9444444444444444
PFSP,XE,flowtime_gap_pct,3.9787881313552154,18,18,1.0
PFSP,XHT,flowtime_gap_pct,3.856558229867524,1,18,0.05555555555555555
PFSP,XHT,flowtime_gap_pct,5.270716645124218,2,18,0.1111111111111111
PFSP,XHT,flowtime_gap_pct,6.9444649093079125,3,18,0.16666666666666666
PFSP,XHT,flowtime_gap_pct,7.685973099094157,4,18,0.2222222222222222
PFSP,XHT,flowtime_gap_pct,8.06883471858091,5,18,0.2777777777777778
PFSP,XHT,flowtime_gap_pct,8.976737548166124,6,18,0.3333333333333333
PFSP,XHT,flowtime_gap_pct,9.214138260168259,7,18,0.3888888888888889
PFSP,XHT,flowtime_gap_pct,9.245307112756995,8,18,0.4444444444444444
PFSP,XHT,flowtime_gap_pct,9.561602418745284,9,18,0.5
PFSP,XHT,flowtime_gap_pct,10.390663860723159,10,18,0.5555555555555556
PFSP,XHT,flowtime_gap_pct,11.381063510585099,11,18,0.6111111111111112
PFSP,XHT,flowtime_gap_pct,11.459481808158767,12,18,0.6666666666666666
PFSP,XHT,flowtime_gap_pct,11.75667649602483,13,18,0.7222222222222222
PFSP,XHT,flowtime_gap_pct,12.431274544805436,14,18,0.7777777777777778
PFSP,XHT,flowtime_gap_pct,13.049918108666247,15,18,0.8333333333333334
PFSP,XHT,flowtime_gap_pct,13.410125142207052,16,18,0.8888888888888888
PFSP,XHT,flowtime_gap_pct,13.661361755974099,17,18,0.9444444444444444
PFSP,XHT,flowtime_gap_pct,15.502544506734006,18,18,1.0
PFSP,XHE,flowtime_gap_pct,2.2440296458962283,1,18,0.05555555555555555
PFSP,XHE,flowtime_gap_pct,2.6877133105801976,2,18,0.1111111111111111
PFSP,XHE,flowtime_gap_pct,2.8204212781149485,3,18,0.16666666666666666
PFSP,XHE,flowtime_gap_pct,2.9644432194046333,4,18,0.2222222222222222
PFSP,XHE,flowtime_gap_pct,3.575533137530318,5,18,0.2777777777777778
PFSP,XHE,flowtime_gap_pct,3.609221466364332,6,18,0.3333333333333333
PFSP,XHE,flowtime_gap_pct,3.7871956717763666,7,18,0.3888888888888889
PFSP,XHE,flowtime_gap_pct,3.845035393150953,8,18,0.4444444444444444
PFSP,XHE,flowtime_gap_pct,3.921459251408499,9,18,0.5
PFSP,XHE,flowtime_gap_pct,3.9489000545184005,10,18,0.5555555555555556
PFSP,XHE,flowtime_gap_pct,4.6818899899468525,11,18,0.6111111111111112
PFSP,XHE,flowtime_gap_pct,4.709819839065732,12,18,0.6666666666666666
PFSP,XHE,flowtime_gap_pct,5.071299946464203,13,18,0.7222222222222222
PFSP,XHE,flowtime_gap_pct,5.882688739831599,14,18,0.7777777777777778
PFSP,XHE,flowtime_gap_pct,5.957242873812296,15,18,0.8333333333333334
PFSP,XHE,flowtime_gap_pct,7.555253013296248,16,18,0.8888888888888888
PFSP,XHE,flowtime_gap_pct,7.875044710365375,17,18,0.9444444444444444
PFSP,XHE,flowtime_gap_pct,9.327817778287194,18,18,1.0
PFSP,XTE,flowtime_gap_pct,1.3456336269681568,1,18,0.05555555555555555
PFSP,XTE,flowtime_gap_pct,1.9819043515725943,2,18,0.1111111111111111
PFSP,XTE,flowtime_gap_pct,2.436178973373604,3,18,0.16666666666666666
PFSP,XTE,flowtime_gap_pct,2.9051819184123584,4,18,0.2222222222222222
PFSP,XTE,flowtime_gap_pct,2.9541446208112943,5,18,0.2777777777777778
PFSP,XTE,flowtime_gap_pct,2.999857285571572,6,18,0.3333333333333333
PFSP,XTE,flowtime_gap_pct,3.0838973311199114,7,18,0.3888888888888889
PFSP,XTE,flowtime_gap_pct,3.4138450382105168,8,18,0.4444444444444444
PFSP,XTE,flowtime_gap_pct,3.555872902534807,9,18,0.5
PFSP,XTE,flowtime_gap_pct,3.986537732271511,10,18,0.5555555555555556
PFSP,XTE,flowtime_gap_pct,4.385102898241122,11,18,0.6111111111111112
PFSP,XTE,flowtime_gap_pct,4.487453401505892,12,18,0.6666666666666666
PFSP,XTE,flowtime_gap_pct,4.666632137387072,13,18,0.7222222222222222
PFSP,XTE,flowtime_gap_pct,5.079012818060069,14,18,0.7777777777777778
PFSP,XTE,flowtime_gap_pct,5.502703941815756,15,18,0.8333333333333334
PFSP,XTE,flowtime_gap_pct,5.52878765756557,16,18,0.8888888888888888
PFSP,XTE,flowtime_gap_pct,6.981371895315891,17,18,0.9444444444444444
PFSP,XTE,flowtime_gap_pct,9.369876015058098,18,18,1.0
PFSP,XHTE,flowtime_gap_pct,1.366442394395495,1,18,0.05555555555555555
PFSP,XHTE,flowtime_gap_pct,3.1541310177499726,2,18,0.1111111111111111
PFSP,XHTE,flowtime_gap_pct,3.1739192876633737,3,18,0.16666666666666666
PFSP,XHTE,flowtime_gap_pct,3.8775123246113097,4,18,0.2222222222222222
PFSP,XHTE,flowtime_gap_pct,4.066491883750767,5,18,0.2777777777777778
PFSP,XHTE,flowtime_gap_pct,4.094230284706479,6,18,0.3333333333333333
PFSP,XHTE,flowtime_gap_pct,4.184219921456633,7,18,0.3888888888888889
PFSP,XHTE,flowtime_gap_pct,4.762558331045841,8,18,0.4444444444444444
PFSP,XHTE,flowtime_gap_pct,4.769845644983461,9,18,0.5
PFSP,XHTE,flowtime_gap_pct,4.911812810349647,10,18,0.5555555555555556
PFSP,XHTE,flowtime_gap_pct,5.275301320068881,11,18,0.6111111111111112
PFSP,XHTE,flowtime_gap_pct,5.45169116597688,12,18,0.6666666666666666
PFSP,XHTE,flowtime_gap_pct,7.649191531921984,13,18,0.7222222222222222
PFSP,XHTE,flowtime_gap_pct,7.652181633876176,14,18,0.7777777777777778
PFSP,XHTE,flowtime_gap_pct,7.944171473331907,15,18,0.8333333333333334
PFSP,XHTE,flowtime_gap_pct,8.80907188397333,16,18,0.8888888888888888
PFSP,XHTE,flowtime_gap_pct,9.290548317296633,17,18,0.9444444444444444
PFSP,XHTE,flowtime_gap_pct,10.11868168509238,18,18,1.0
PFSP,NSGA-II,flowtime_gap_pct,0.7050092764378402,1,18,0.05555555555555555
PFSP,NSGA-II,flowtime_gap_pct,1.5730462430969983,2,18,0.1111111111111111
PFSP,NSGA-II,flowtime_gap_pct,1.9793129868471482,3,18,0.16666666666666666
PFSP,NSGA-II,flowtime_gap_pct,2.3980727010181724,4,18,0.2222222222222222
PFSP,NSGA-II,flowtime_gap_pct,2.877543734380583,5,18,0.2777777777777778
PFSP,NSGA-II,flowtime_gap_pct,3.2660219946909264,6,18,0.3333333333333333
PFSP,NSGA-II,flowtime_gap_pct,3.7146638046910097,7,18,0.3888888888888889
PFSP,NSGA-II,flowtime_gap_pct,3.817951772461914,8,18,0.4444444444444444
PFSP,NSGA-II,flowtime_gap_pct,4.393648080894397,9,18,0.5
PFSP,NSGA-II,flowtime_gap_pct,4.839697846465496,10,18,0.5555555555555556
PFSP,NSGA-II,flowtime_gap_pct,4.897314375987372,11,18,0.6111111111111112
PFSP,NSGA-II,flowtime_gap_pct,4.913532802635201,12,18,0.6666666666666666
PFSP,NSGA-II,flowtime_gap_pct,4.929787641094308,13,18,0.7222222222222222
PFSP,NSGA-II,flowtime_gap_pct,5.098148019698967,14,18,0.7777777777777778
PFSP,NSGA-II,flowtime_gap_pct,5.158730158730163,15,18,0.8333333333333334
PFSP,NSGA-II,flowtime_gap_pct,5.2027059911422535,16,18,0.8888888888888888
PFSP,NSGA-II,flowtime_gap_pct,5.262335389231532,17,18,0.9444444444444444
PFSP,NSGA-II,flowtime_gap_pct,5.344542447629541,18,18,1.0
PFSP,SPEA2,flowtime_gap_pct,0.9845484464773735,1,18,0.05555555555555555
PFSP,SPEA2,flowtime_gap_pct,1.6222906567256556,2,18,0.1111111111111111
PFSP,SPEA2,flowtime_gap_pct,1.9608962466105329,3,18,0.16666666666666666
PFSP,SPEA2,flowtime_gap_pct,3.5286457369904767,4,18,0.2222222222222222
PFSP,SPEA2,flowtime_gap_pct,3.6344167296548324,5,18,0.2777777777777778
PFSP,SPEA2,flowtime_gap_pct,3.7415400332013737,6,18,0.3333333333333333
PFSP,SPEA2,flowtime_gap_pct,3.784362727597279,7,18,0.3888888888888889
PFSP,SPEA2,flowtime_gap_pct,3.8636671494513886,8,18,0.4444444444444444
PFSP,SPEA2,flowtime_gap_pct,4.115171226324854,9,18,0.5
PFSP,SPEA2,flowtime_gap_pct,4.213560252539117,10,18,0.5555555555555556
PFSP,SPEA2,flowtime_gap_pct,4.458071737966618,11,18,0.6111111111111112
PFSP,SPEA2,flowtime_gap_pct,4.594459873246448,12,18,0.6666666666666666
PFSP,SPEA2,flowtime_gap_pct,4.654227647915654,13,18,0.7222222222222222
PFSP,SPEA2,flowtime_gap_pct,4.8445202882063,14,18,0.7777777777777778
PFSP,SPEA2,flowtime_gap_pct,5.127100387763894,15,18,0.8333333333333334
PFSP,SPEA2,flowtime_gap_pct,5.270688061535633,16,18,0.8888888888888888
PFSP,SPEA2,flowtime_gap_pct,5.413402233705611,17,18,0.9444444444444444
PFSP,SPEA2,flowtime_gap_pct,5.704244762954791,18,18,1.0
PFSP,MOEA/D,flowtime_gap_pct,0.07809391898860873,1,18,0.05555555555555555
PFSP,MOEA/D,flowtime_gap_pct,0.2641913602284829,2,18,0.1111111111111111
PFSP,MOEA/D,flowtime_gap_pct,0.38449114836773823,3,18,0.16666666666666666
PFSP,MOEA/D,flowtime_gap_pct,0.4825124114464119,4,18,0.2222222222222222
PFSP,MOEA/D,flowtime_gap_pct,0.5826454879656051,5,18,0.2777777777777778
PFSP,MOEA/D,flowtime_gap_pct,0.6536320822035036,6,18,0.3333333333333333
PFSP,MOEA/D,flowtime_gap_pct,0.7062950322336059,7,18,0.3888888888888889
PFSP,MOEA/D,flowtime_gap_pct,0.8629377676996786,8,18,0.4444444444444444
PFSP,MOEA/D,flowtime_gap_pct,1.0691744789161683,9,18,0.5
PFSP,MOEA/D,flowtime_gap_pct,1.1906287830235618,10,18,0.5555555555555556
PFSP,MOEA/D,flowtime_gap_pct,1.3280551653684025,11,18,0.6111111111111112
PFSP,MOEA/D,flowtime_gap_pct,2.3847763663795263,12,18,0.6666666666666666
PFSP,MOEA/D,flowtime_gap_pct,2.428544097952945,13,18,0.7222222222222222
PFSP,MOEA/D,flowtime_gap_pct,2.5940159209442815,14,18,0.7777777777777778
PFSP,MOEA/D,flowtime_gap_pct,2.69940823470578,15,18,0.8333333333333334
PFSP,MOEA/D,flowtime_gap_pct,2.9719555339922765,16,18,0.8888888888888888
PFSP,MOEA/D,flowtime_gap_pct,3.231365790607499,17,18,0.9444444444444444
PFSP,MOEA/D,flowtime_gap_pct,3.6121830209481898,18,18,1.0
PFSP,SMS-EMOA,flowtime_gap_pct,1.6093044011825652,1,18,0.05555555555555555
PFSP,SMS-EMOA,flowtime_gap_pct,1.8838304552590168,2,18,0.1111111111111111
PFSP,SMS-EMOA,flowtime_gap_pct,3.045662840555785,3,18,0.16666666666666666
PFSP,SMS-EMOA,flowtime_gap_pct,3.360826697004171,4,18,0.2222222222222222
PFSP,SMS-EMOA,flowtime_gap_pct,3.520171367368796,5,18,0.2777777777777778
PFSP,SMS-EMOA,flowtime_gap_pct,3.575533137530318,6,18,0.3333333333333333
PFSP,SMS-EMOA,flowtime_gap_pct,3.613789276548518,7,18,0.3888888888888889
PFSP,SMS-EMOA,flowtime_gap_pct,3.8542893165643743,8,18,0.4444444444444444
PFSP,SMS-EMOA,flowtime_gap_pct,4.021255206089336,9,18,0.5
PFSP,SMS-EMOA,flowtime_gap_pct,4.135374507032874,10,18,0.5555555555555556
PFSP,SMS-EMOA,flowtime_gap_pct,4.925293230155248,11,18,0.6111111111111112
PFSP,SMS-EMOA,flowtime_gap_pct,5.020156210632409,12,18,0.6666666666666666
PFSP,SMS-EMOA,flowtime_gap_pct,5.339314961190622,13,18,0.7222222222222222
PFSP,SMS-EMOA,flowtime_gap_pct,5.476846747519293,14,18,0.7777777777777778
PFSP,SMS-EMOA,flowtime_gap_pct,5.523545098150318,15,18,0.8333333333333334
PFSP,SMS-EMOA,flowtime_gap_pct,5.723304968432608,16,18,0.8888888888888888
PFSP,SMS-EMOA,flowtime_gap_pct,5.8580447675530944,17,18,0.9444444444444444
PFSP,SMS-EMOA,flowtime_gap_pct,6.311468578096346,18,18,1.0
PFSP,XG,seconds,0.0101616,1,18,0.05555555555555555
PFSP,XG,seconds,0.0108067,2,18,0.1111111111111111
PFSP,XG,seconds,0.0112553,3,18,0.16666666666666666
PFSP,XG,seconds,0.0112639,4,18,0.2222222222222222
PFSP,XG,seconds,0.0115188,5,18,0.2777777777777778
PFSP,XG,seconds,0.012062,6,18,0.3333333333333333
PFSP,XG,seconds,0.0220094,7,18,0.3888888888888889
PFSP,XG,seconds,0.0224913,8,18,0.4444444444444444
PFSP,XG,seconds,0.0415722,9,18,0.5
PFSP,XG,seconds,0.045322,10,18,0.5555555555555556
PFSP,XG,seconds,0.0458582,11,18,0.6111111111111112
PFSP,XG,seconds,0.0470794,12,18,0.6666666666666666
PFSP,XG,seconds,0.0832927,13,18,0.7222222222222222
PFSP,XG,seconds,0.0852805,14,18,0.7777777777777778
PFSP,XG,seconds,0.1442377,15,18,0.8333333333333334
PFSP,XG,seconds,0.169282,16,18,0.8888888888888888
PFSP,XG,seconds,0.1823724,17,18,0.9444444444444444
PFSP,XG,seconds,0.1893087,18,18,1.0
PFSP,XH,seconds,9.8332048,1,18,0.05555555555555555
PFSP,XH,seconds,9.983256,2,18,0.1111111111111111
PFSP,XH,seconds,9.9969309,3,18,0.16666666666666666
PFSP,XH,seconds,10.0047927,4,18,0.2222222222222222
PFSP,XH,seconds,10.3009006,5,18,0.2777777777777778
PFSP,XH,seconds,11.1336987,6,18,0.3333333333333333
PFSP,XH,seconds,20.8387795,7,18,0.3888888888888889
PFSP,XH,seconds,22.7657131,8,18,0.4444444444444444
PFSP,XH,seconds,46.7468005,9,18,0.5
PFSP,XH,seconds,46.8827464,10,18,0.5555555555555556
PFSP,XH,seconds,48.3171869,11,18,0.6111111111111112
PFSP,XH,seconds,50.5473767,12,18,0.6666666666666666
PFSP,XH,seconds,96.0110075,13,18,0.7222222222222222
PFSP,XH,seconds,101.0313781,14,18,0.7777777777777778
PFSP,XH,seconds,156.1682051,15,18,0.8333333333333334
PFSP,XH,seconds,157.0441805,16,18,0.8888888888888888
PFSP,XH,seconds,204.231258,17,18,0.9444444444444444
PFSP,XH,seconds,217.6222366,18,18,1.0
PFSP,XT,seconds,9.3753874,1,18,0.05555555555555555
PFSP,XT,seconds,9.7062708,2,18,0.1111111111111111
PFSP,XT,seconds,9.7449963,3,18,0.16666666666666666
PFSP,XT,seconds,9.7848094,4,18,0.2222222222222222
PFSP,XT,seconds,9.7891141,5,18,0.2777777777777778
PFSP,XT,seconds,10.5994687,6,18,0.3333333333333333
PFSP,XT,seconds,20.1201652,7,18,0.3888888888888889
PFSP,XT,seconds,21.9152801,8,18,0.4444444444444444
PFSP,XT,seconds,44.3385847,9,18,0.5
PFSP,XT,seconds,44.6211723,10,18,0.5555555555555556
PFSP,XT,seconds,47.4935042,11,18,0.6111111111111112
PFSP,XT,seconds,48.2086854,12,18,0.6666666666666666
PFSP,XT,seconds,93.1931691,13,18,0.7222222222222222
PFSP,XT,seconds,93.844299,14,18,0.7777777777777778
PFSP,XT,seconds,145.2194513,15,18,0.8333333333333334
PFSP,XT,seconds,146.1402104,16,18,0.8888888888888888
PFSP,XT,seconds,185.2839465,17,18,0.9444444444444444
PFSP,XT,seconds,208.578921,18,18,1.0
PFSP,XE,seconds,8.8164263,1,18,0.05555555555555555
PFSP,XE,seconds,9.4299612,2,18,0.1111111111111111
PFSP,XE,seconds,9.4672705,3,18,0.16666666666666666
PFSP,XE,seconds,9.5883676,4,18,0.2222222222222222
PFSP,XE,seconds,9.6244904,5,18,0.2777777777777778
PFSP,XE,seconds,9.7832875,6,18,0.3333333333333333
PFSP,XE,seconds,18.5319298,7,18,0.3888888888888889
PFSP,XE,seconds,19.6884327,8,18,0.4444444444444444
PFSP,XE,seconds,40.6810362,9,18,0.5
PFSP,XE,seconds,42.1066547,10,18,0.5555555555555556
PFSP,XE,seconds,43.5905128,11,18,0.6111111111111112
PFSP,XE,seconds,45.8139392,12,18,0.6666666666666666
PFSP,XE,seconds,85.3340375,13,18,0.7222222222222222
PFSP,XE,seconds,88.6389126,14,18,0.7777777777777778
PFSP,XE,seconds,149.6298785,15,18,0.8333333333333334
PFSP,XE,seconds,158.4286234,16,18,0.8888888888888888
PFSP,XE,seconds,184.0276043,17,18,0.9444444444444444
PFSP,XE,seconds,215.3897201,18,18,1.0
PFSP,XHT,seconds,9.4402448,1,18,0.05555555555555555
PFSP,XHT,seconds,10.0444515,2,18,0.1111111111111111
PFSP,XHT,seconds,10.1005173,3,18,0.16666666666666666
PFSP,XHT,seconds,10.1137159,4,18,0.2222222222222222
PFSP,XHT,seconds,10.1194518,5,18,0.2777777777777778
PFSP,XHT,seconds,10.7594648,6,18,0.3333333333333333
PFSP,XHT,seconds,21.302314,7,18,0.3888888888888889
PFSP,XHT,seconds,21.9229922,8,18,0.4444444444444444
PFSP,XHT,seconds,43.7087283,9,18,0.5
PFSP,XHT,seconds,43.7423716,10,18,0.5555555555555556
PFSP,XHT,seconds,45.6249648,11,18,0.6111111111111112
PFSP,XHT,seconds,48.5332887,12,18,0.6666666666666666
PFSP,XHT,seconds,94.7065819,13,18,0.7222222222222222
PFSP,XHT,seconds,99.2598614,14,18,0.7777777777777778
PFSP,XHT,seconds,160.0786853,15,18,0.8333333333333334
PFSP,XHT,seconds,164.0021828,16,18,0.8888888888888888
PFSP,XHT,seconds,223.7169229,17,18,0.9444444444444444
PFSP,XHT,seconds,224.1580624,18,18,1.0
PFSP,XHE,seconds,8.9699965,1,18,0.05555555555555555
PFSP,XHE,seconds,9.265646,2,18,0.1111111111111111
PFSP,XHE,seconds,9.6392905,3,18,0.16666666666666666
PFSP,XHE,seconds,9.7729934,4,18,0.2222222222222222
PFSP,XHE,seconds,9.8058854,5,18,0.2777777777777778
PFSP,XHE,seconds,10.4697362,6,18,0.3333333333333333
PFSP,XHE,seconds,19.7529493,7,18,0.3888888888888889
PFSP,XHE,seconds,21.3481801,8,18,0.4444444444444444
PFSP,XHE,seconds,40.0361874,9,18,0.5
PFSP,XHE,seconds,43.1790342,10,18,0.5555555555555556
PFSP,XHE,seconds,45.343822,11,18,0.6111111111111112
PFSP,XHE,seconds,48.921739,12,18,0.6666666666666666
PFSP,XHE,seconds,93.9939994,13,18,0.7222222222222222
PFSP,XHE,seconds,94.1741356,14,18,0.7777777777777778
PFSP,XHE,seconds,153.7375241,15,18,0.8333333333333334
PFSP,XHE,seconds,173.885586,16,18,0.8888888888888888
PFSP,XHE,seconds,201.7937226,17,18,0.9444444444444444
PFSP,XHE,seconds,206.0527459,18,18,1.0
PFSP,XTE,seconds,9.0958247,1,18,0.05555555555555555
PFSP,XTE,seconds,9.1829351,2,18,0.1111111111111111
PFSP,XTE,seconds,9.2799951,3,18,0.16666666666666666
PFSP,XTE,seconds,9.4015595,4,18,0.2222222222222222
PFSP,XTE,seconds,9.4202986,5,18,0.2777777777777778
PFSP,XTE,seconds,9.890671,6,18,0.3333333333333333
PFSP,XTE,seconds,20.8890005,7,18,0.3888888888888889
PFSP,XTE,seconds,21.3569941,8,18,0.4444444444444444
PFSP,XTE,seconds,43.4006372,9,18,0.5
PFSP,XTE,seconds,48.3246866,10,18,0.5555555555555556
PFSP,XTE,seconds,49.2036333,11,18,0.6111111111111112
PFSP,XTE,seconds,49.648043799999996,12,18,0.6666666666666666
PFSP,XTE,seconds,83.2476422,13,18,0.7222222222222222
PFSP,XTE,seconds,97.3746246,14,18,0.7777777777777778
PFSP,XTE,seconds,152.9621935,15,18,0.8333333333333334
PFSP,XTE,seconds,158.0150906,16,18,0.8888888888888888
PFSP,XTE,seconds,186.3491532,17,18,0.9444444444444444
PFSP,XTE,seconds,205.5534303,18,18,1.0
PFSP,XHTE,seconds,9.4129925,1,18,0.05555555555555555
PFSP,XHTE,seconds,9.4149197,2,18,0.1111111111111111
PFSP,XHTE,seconds,9.5112593,3,18,0.16666666666666666
PFSP,XHTE,seconds,9.7636411,4,18,0.2222222222222222
PFSP,XHTE,seconds,9.8394252,5,18,0.2777777777777778
PFSP,XHTE,seconds,9.9482333,6,18,0.3333333333333333
PFSP,XHTE,seconds,18.7666318,7,18,0.3888888888888889
PFSP,XHTE,seconds,23.792508,8,18,0.4444444444444444
PFSP,XHTE,seconds,43.7377289,9,18,0.5
PFSP,XHTE,seconds,44.5472329,10,18,0.5555555555555556
PFSP,XHTE,seconds,44.6083927,11,18,0.6111111111111112
PFSP,XHTE,seconds,49.0763697,12,18,0.6666666666666666
PFSP,XHTE,seconds,90.5363963,13,18,0.7222222222222222
PFSP,XHTE,seconds,103.7757219,14,18,0.7777777777777778
PFSP,XHTE,seconds,153.1015025,15,18,0.8333333333333334
PFSP,XHTE,seconds,160.6732999,16,18,0.8888888888888888
PFSP,XHTE,seconds,204.0841158,17,18,0.9444444444444444
PFSP,XHTE,seconds,224.066186,18,18,1.0
PFSP,NSGA-II,seconds,0.12487709999550134,1,18,0.05555555555555555
PFSP,NSGA-II,seconds,0.12763010000344366,2,18,0.1111111111111111
PFSP,NSGA-II,seconds,0.12997409992385656,3,18,0.16666666666666666
PFSP,NSGA-II,seconds,0.13456829998176545,4,18,0.2222222222222222
PFSP,NSGA-II,seconds,0.13489330001175404,5,18,0.2777777777777778
PFSP,NSGA-II,seconds,0.13545309996698052,6,18,0.3333333333333333
PFSP,NSGA-II,seconds,0.20794919994659722,7,18,0.3888888888888889
PFSP,NSGA-II,seconds,0.21482829994056374,8,18,0.4444444444444444
PFSP,NSGA-II,seconds,0.26235460001043975,9,18,0.5
PFSP,NSGA-II,seconds,0.26681280008051544,10,18,0.5555555555555556
PFSP,NSGA-II,seconds,0.36935659998562187,11,18,0.6111111111111112
PFSP,NSGA-II,seconds,0.3775448000524193,12,18,0.6666666666666666
PFSP,NSGA-II,seconds,0.4759714000392705,13,18,0.7222222222222222
PFSP,NSGA-II,seconds,0.4778196000261232,14,18,0.7777777777777778
PFSP,NSGA-II,seconds,0.4911363000283018,15,18,0.8333333333333334
PFSP,NSGA-II,seconds,0.5251954999985173,16,18,0.8888888888888888
PFSP,NSGA-II,seconds,1.032727099955082,17,18,0.9444444444444444
PFSP,NSGA-II,seconds,1.0369740999303758,18,18,1.0
PFSP,SPEA2,seconds,0.14882909995503724,1,18,0.05555555555555555
PFSP,SPEA2,seconds,0.14993600000161678,2,18,0.1111111111111111
PFSP,SPEA2,seconds,0.15084319992456585,3,18,0.16666666666666666
PFSP,SPEA2,seconds,0.15315429994370788,4,18,0.2222222222222222
PFSP,SPEA2,seconds,0.15610399993602186,5,18,0.2777777777777778
PFSP,SPEA2,seconds,0.15804170002229512,6,18,0.3333333333333333
PFSP,SPEA2,seconds,0.22958809998817742,7,18,0.3888888888888889
PFSP,SPEA2,seconds,0.2316376999951899,8,18,0.4444444444444444
PFSP,SPEA2,seconds,0.29232989996671677,9,18,0.5
PFSP,SPEA2,seconds,0.2994433999992907,10,18,0.5555555555555556
PFSP,SPEA2,seconds,0.3868089000461623,11,18,0.6111111111111112
PFSP,SPEA2,seconds,0.40217120002489537,12,18,0.6666666666666666
PFSP,SPEA2,seconds,0.4882610000204295,13,18,0.7222222222222222
PFSP,SPEA2,seconds,0.49910749995615333,14,18,0.7777777777777778
PFSP,SPEA2,seconds,0.503266999963671,15,18,0.8333333333333334
PFSP,SPEA2,seconds,0.5371674000052735,16,18,0.8888888888888888
PFSP,SPEA2,seconds,1.0540141999954358,17,18,0.9444444444444444
PFSP,SPEA2,seconds,1.065220299991779,18,18,1.0
PFSP,MOEA/D,seconds,0.2626648999284953,1,18,0.05555555555555555
PFSP,MOEA/D,seconds,0.2781744999811053,2,18,0.1111111111111111
PFSP,MOEA/D,seconds,0.28551089996472,3,18,0.16666666666666666
PFSP,MOEA/D,seconds,0.2867770999437198,4,18,0.2222222222222222
PFSP,MOEA/D,seconds,0.28998240001965314,5,18,0.2777777777777778
PFSP,MOEA/D,seconds,0.2911487999372184,6,18,0.3333333333333333
PFSP,MOEA/D,seconds,0.35269079997669905,7,18,0.3888888888888889
PFSP,MOEA/D,seconds,0.3814517999999225,8,18,0.4444444444444444
PFSP,MOEA/D,seconds,0.42907249997369945,9,18,0.5
PFSP,MOEA/D,seconds,0.46093470009509474,10,18,0.5555555555555556
PFSP,MOEA/D,seconds,0.4923291999148205,11,18,0.6111111111111112
PFSP,MOEA/D,seconds,0.5212058000033721,12,18,0.6666666666666666
PFSP,MOEA/D,seconds,0.6566663000266999,13,18,0.7222222222222222
PFSP,MOEA/D,seconds,0.6721383000258356,14,18,0.7777777777777778
PFSP,MOEA/D,seconds,0.7056877999566495,15,18,0.8333333333333334
PFSP,MOEA/D,seconds,0.716776099987328,16,18,0.8888888888888888
PFSP,MOEA/D,seconds,1.27341919997707,17,18,0.9444444444444444
PFSP,MOEA/D,seconds,1.2751252999296412,18,18,1.0
PFSP,SMS-EMOA,seconds,0.12324200000148267,1,18,0.05555555555555555
PFSP,SMS-EMOA,seconds,0.12664629996288568,2,18,0.1111111111111111
PFSP,SMS-EMOA,seconds,0.1284072999842465,3,18,0.16666666666666666
PFSP,SMS-EMOA,seconds,0.13278590003028512,4,18,0.2222222222222222
PFSP,SMS-EMOA,seconds,0.13450410007499158,5,18,0.2777777777777778
PFSP,SMS-EMOA,seconds,0.14068269997369498,6,18,0.3333333333333333
PFSP,SMS-EMOA,seconds,0.20031230000313371,7,18,0.3888888888888889
PFSP,SMS-EMOA,seconds,0.2040609000250697,8,18,0.4444444444444444
PFSP,SMS-EMOA,seconds,0.2691429000115022,9,18,0.5
PFSP,SMS-EMOA,seconds,0.2737018000334501,10,18,0.5555555555555556
PFSP,SMS-EMOA,seconds,0.3797505999682471,11,18,0.6111111111111112
PFSP,SMS-EMOA,seconds,0.3839985999511555,12,18,0.6666666666666666
PFSP,SMS-EMOA,seconds,0.4399250999558717,13,18,0.7222222222222222
PFSP,SMS-EMOA,seconds,0.44356849999167025,14,18,0.7777777777777778
PFSP,SMS-EMOA,seconds,0.46979979996103793,15,18,0.8333333333333334
PFSP,SMS-EMOA,seconds,0.48330590000841767,16,18,0.8888888888888888
PFSP,SMS-EMOA,seconds,1.1145422999979928,17,18,0.9444444444444444
PFSP,SMS-EMOA,seconds,1.1674818999599665,18,18,1.0
