problem_class,metric,method_a,method_b,n,a_better,ties,b_better,mean_difference,median_difference,q1_difference,q3_difference
ALL,hv_deficit_pct,XG,XH,69,0,0,69,2.600299677021713,1.5572750273041946,0.9644186148197842,3.4695202345000564
ALL,hv_deficit_pct,XG,XT,69,0,0,69,2.1347006707121734,1.4393440299672378,0.7086272505915092,2.7802419485575935
ALL,hv_deficit_pct,XG,XE,69,0,0,69,1.798070714994399,0.6935296091214793,0.12862323297492262,2.637540639325775
ALL,hv_deficit_pct,XG,XHT,69,0,0,69,2.77002609578344,1.9992811721512793,1.0313128763938306,3.6640968385313166
ALL,hv_deficit_pct,XG,XHE,69,0,0,69,3.0321558143649576,2.253867794742903,1.2447091264043864,4.031397599708553
ALL,hv_deficit_pct,XG,XTE,69,0,0,69,2.618888007786827,1.8608765778545533,0.912949311125566,3.559022273333945
ALL,hv_deficit_pct,XG,XHTE,69,0,0,69,3.0417132518251635,2.228422131101504,1.3379096796009793,4.328140058860996
ALL,hv_deficit_pct,XG,NSGA-II,69,30,0,39,0.6119524209557512,0.3841889519031527,-2.6082809782685956,2.58344597454534
ALL,hv_deficit_pct,XG,SPEA2,69,31,0,38,0.6973731267261984,0.5546016292181655,-2.358540117358965,2.802323124585327
ALL,hv_deficit_pct,XG,MOEA/D,69,28,0,41,1.250234343050335,1.0583851496172358,-1.5893945439341306,3.4395911935639507
ALL,hv_deficit_pct,XG,SMS-EMOA,69,30,0,39,0.5966037052612266,0.17697039584652074,-2.4371552916736094,2.795467286345033
ALL,hv_deficit_pct,XH,XT,69,56,0,13,-0.46559900630953993,-0.28475375962884186,-0.6386577387234804,-0.06378411768013237
ALL,hv_deficit_pct,XH,XE,69,51,0,18,-0.8022289620273142,-1.1909102735777277,-2.14104168643241,0.8120608552381281
ALL,hv_deficit_pct,XH,XHT,69,23,3,43,0.16972641876172673,0.027521289473553256,-0.012595461053710455,0.22262031699457063
ALL,hv_deficit_pct,XH,XHE,69,39,2,28,0.43185613734324435,-0.010276141824450136,-0.07969218580275994,0.478440312333539
ALL,hv_deficit_pct,XH,XTE,69,45,0,24,0.018588330765113438,-0.20672534853448665,-0.6147799211057459,0.6931607797187045
ALL,hv_deficit_pct,XH,XHTE,69,29,1,39,0.4414135748034503,0.024120991377929446,-0.0625747131164256,0.517471248610657
ALL,hv_deficit_pct,XH,NSGA-II,69,52,0,17,-1.9883472560659619,-1.590579327057684,-4.475691837736139,-0.08475844943047761
ALL,hv_deficit_pct,XH,SPEA2,69,50,0,19,-1.9029265502955148,-1.589126688564546,-4.316856056518825,0.029881981977208927
ALL,hv_deficit_pct,XH,MOEA/D,69,51,0,18,-1.350065333971378,-1.4772458678903644,-3.780000619398405,1.0327876952064163
ALL,hv_deficit_pct,XH,SMS-EMOA,69,51,0,18,-2.0036959717604867,-1.7001310085169141,-4.4935454371435535,0.18955912701026367
ALL,hv_deficit_pct,XT,XE,69,51,0,18,-0.3366299557177742,-0.7418405641517745,-1.4190895516570823,0.6633254421256951
ALL,hv_deficit_pct,XT,XHT,69,6,0,63,0.6353254250712667,0.3327993959924336,0.17380001008648893,0.8330058745602442
ALL,hv_deficit_pct,XT,XHE,69,9,0,60,0.8974551436527843,0.4891649020582589,0.16699990542448084,1.7836356361991657
ALL,hv_deficit_pct,XT,XTE,69,33,0,36,0.4841873370746534,3.7704330768661976e-06,-0.05021910030037491,0.6840085269452123
ALL,hv_deficit_pct,XT,XHTE,69,8,0,61,0.9070125811129902,0.5182989115833148,0.22012086344836979,1.6624720561154493
ALL,hv_deficit_pct,XT,NSGA-II,69,52,0,17,-1.522748249756422,-1.333866700215125,-3.234603250705359,-0.04979026404980935
ALL,hv_deficit_pct,XT,SPEA2,69,50,0,19,-1.4373275439859747,-1.3329395431227131,-3.3365616993239255,0.08731827126302605
ALL,hv_deficit_pct,XT,MOEA/D,69,48,0,21,-0.8844663276618381,-1.2781821429314055,-2.756323326309673,0.9380234483624128
ALL,hv_deficit_pct,XT,SMS-EMOA,69,51,0,18,-1.5380969654509467,-1.24230541862983,-3.2213304405541714,0.34735267782977086
ALL,hv_deficit_pct,XE,XHT,69,18,0,51,0.9719553807890409,1.200677739983036,-0.3450374977838955,2.3895597150226378
ALL,hv_deficit_pct,XE,XHE,69,18,0,51,1.2340850993705585,0.987360814761129,-0.015210960808620388,2.018081753354539
ALL,hv_deficit_pct,XE,XTE,69,17,0,52,0.8208172927924275,0.7187087545796778,0.020683084819517195,1.3803949130095194
ALL,hv_deficit_pct,XE,XHTE,69,17,0,52,1.2436425368307644,1.1310017390376848,0.0179319828408131,2.449171299755115
ALL,hv_deficit_pct,XE,NSGA-II,69,52,0,17,-1.1861182940386479,-0.6431591821879024,-2.9135016917785195,-0.11098410835573835
ALL,hv_deficit_pct,XE,SPEA2,69,51,0,18,-1.1006975882682006,-0.5760071708626691,-2.826209510726718,0.0037289666205642114
ALL,hv_deficit_pct,XE,MOEA/D,69,36,0,33,-0.5478363719440639,-0.07494445813911454,-2.4657420352777515,0.5488054379333862
ALL,hv_deficit_pct,XE,SMS-EMOA,69,53,0,16,-1.2014670097331726,-0.7265871307804872,-3.0268023797551336,-0.1403513498672626
ALL,hv_deficit_pct,XHT,XHE,69,38,8,23,0.2621297185815176,-0.0005055901521777706,-0.10408069472768178,0.08643335121307771
ALL,hv_deficit_pct,XHT,XTE,69,47,0,22,-0.15113808799661332,-0.25130770925627655,-0.5854574258917555,0.41480547930138334
ALL,hv_deficit_pct,XHT,XHTE,69,33,5,31,0.2716871560417235,0.0,-0.046060075819243096,0.3629694806247086
ALL,hv_deficit_pct,XHT,NSGA-II,69,54,0,15,-2.1580736748276887,-1.7052009768637189,-4.472342833416876,-0.35693839820949425
ALL,hv_deficit_pct,XHT,SPEA2,69,52,0,17,-2.0726529690572413,-1.6479420204468576,-4.321744499346725,-0.23096967307877359
ALL,hv_deficit_pct,XHT,MOEA/D,69,51,0,18,-1.5197917527331049,-1.5284426398958328,-3.710837777119258,0.47704093070030096
ALL,hv_deficit_pct,XHT,SMS-EMOA,69,52,0,17,-2.173422390522213,-1.7034718179743336,-4.450549697983385,-0.2166423237310089
ALL,hv_deficit_pct,XHE,XTE,69,52,0,17,-0.41326780657813095,-0.2244597190520281,-0.5132960302800749,-0.03106793504606964
ALL,hv_deficit_pct,XHE,XHTE,69,32,1,36,0.009557437460205875,0.0032081051689725193,-0.06911848768160755,0.10459687714903243
ALL,hv_deficit_pct,XHE,NSGA-II,69,62,0,7,-2.4202033934092064,-1.62316692705341,-4.378810344475726,-0.5448470750123224
ALL,hv_deficit_pct,XHE,SPEA2,69,61,0,8,-2.334782687638759,-1.5353756657585538,-4.3002083927695995,-0.48939835563939216
ALL,hv_deficit_pct,XHE,MOEA/D,69,52,0,17,-1.7819214713146225,-1.4567083343461018,-3.5708239681357945,-0.05912867980335523
ALL,hv_deficit_pct,XHE,SMS-EMOA,69,60,0,9,-2.435552109103731,-1.675455476715193,-4.378823567084245,-0.6458764540293482
ALL,hv_deficit_pct,XTE,XHTE,69,17,0,52,0.4228252440383368,0.2894630900888817,0.002530095249408948,0.515956036062426
ALL,hv_deficit_pct,XTE,NSGA-II,69,62,0,7,-2.006935586831075,-1.3338704706482019,-3.2337960641318997,-0.667274382177796
ALL,hv_deficit_pct,XTE,SPEA2,69,62,0,7,-1.9215148810606282,-1.2969793144824049,-3.3989922524901517,-0.47159051823397746
ALL,hv_deficit_pct,XTE,MOEA/D,69,49,0,20,-1.3686536647364915,-1.1770237042891818,-2.881401632431957,0.19583442481149183
ALL,hv_deficit_pct,XTE,SMS-EMOA,69,64,0,5,-2.0222843025256,-1.192086318329455,-3.220523253980712,-0.5745277724460207
ALL,hv_deficit_pct,XHTE,NSGA-II,69,58,0,11,-2.4297608308694123,-1.6948733454795861,-4.461036904229166,-0.7886485669283072
ALL,hv_deficit_pct,XHTE,SPEA2,69,57,0,12,-2.344340125098965,-1.5779598696780028,-4.31349277097487,-0.7698714798961448
ALL,hv_deficit_pct,XHTE,MOEA/D,69,51,0,18,-1.7914789087748284,-1.4949190928046696,-3.6706767953392894,0.0016438813425057042
ALL,hv_deficit_pct,XHTE,SMS-EMOA,69,58,0,11,-2.4451095465639368,-1.701017658478965,-4.405296637977896,-0.9005884946547194
ALL,hv_deficit_pct,NSGA-II,SPEA2,69,24,0,45,0.08542070577044722,0.06222374755103788,-0.052964962490964496,0.19138101972422383
ALL,hv_deficit_pct,NSGA-II,MOEA/D,69,10,0,59,0.6382819220945839,0.47262156441923997,0.17931474674458547,1.0502786076564519
ALL,hv_deficit_pct,NSGA-II,SMS-EMOA,69,40,0,29,-0.015348715694524638,-0.03378420619767386,-0.14473602602441726,0.14223473439016754
ALL,hv_deficit_pct,SPEA2,MOEA/D,69,13,0,56,0.5528612163241367,0.4302696758360369,0.08304077687333322,0.9635723784005785
ALL,hv_deficit_pct,SPEA2,SMS-EMOA,69,45,0,24,-0.10076942146497185,-0.06906433749647167,-0.21192616309719803,0.032771011356003577
ALL,hv_deficit_pct,MOEA/D,SMS-EMOA,69,59,0,10,-0.6536306377891086,-0.44797619721232973,-1.0549920078983472,-0.13046733243872222
ALL,makespan_gap_pct,XG,XH,69,0,0,69,15.38073831798237,10.516252390057357,7.171964140179288,16.666666666666675
ALL,makespan_gap_pct,XG,XT,69,0,0,69,11.495404164171843,8.388814913448737,5.814977973568291,14.020270270270286
ALL,makespan_gap_pct,XG,XE,69,0,3,66,7.179411980497141,5.555555555555557,1.6528925619834887,10.551790900290415
ALL,makespan_gap_pct,XG,XHT,69,0,0,69,15.86851987372987,11.128107074569794,7.7419354838709875,18.181818181818187
ALL,makespan_gap_pct,XG,XHE,69,0,0,69,16.56114009248544,12.992125984251967,8.661417322834652,19.17721518987343
ALL,makespan_gap_pct,XG,XTE,69,0,0,69,12.988580769972748,11.040000000000004,6.51857246904588,14.677754677754674
ALL,makespan_gap_pct,XG,XHTE,69,0,0,69,16.688870468350192,12.992125984251967,8.661417322834652,19.169811320754725
ALL,makespan_gap_pct,XG,NSGA-II,69,21,0,48,-5.085008538460936,5.32964863797869,-21.590909090909083,11.527377521613836
ALL,makespan_gap_pct,XG,SPEA2,69,20,0,49,-4.524745716237863,6.544502617801039,-15.384615384615397,11.517444304329551
ALL,makespan_gap_pct,XG,MOEA/D,69,18,0,51,-0.5921394166743621,8.040935672514603,-8.045977011494251,14.230396902226516
ALL,makespan_gap_pct,XG,SMS-EMOA,69,19,1,49,-5.03845107515115,6.0209424083769605,-15.384615384615397,11.663479923518171
ALL,makespan_gap_pct,XH,XT,69,53,6,10,-3.885334153810527,-2.1600000000000064,-4.7808764940239,-0.24449877750609694
ALL,makespan_gap_pct,XH,XE,69,51,0,18,-8.201326337485229,-7.874015748031503,-13.625997719498283,1.4399999999999968
ALL,makespan_gap_pct,XH,XHT,69,13,30,26,0.4877815557474998,0.0,0.0,0.694444444444442
ALL,makespan_gap_pct,XH,XHE,69,18,30,21,1.180401774503071,0.0,-0.10050251256281673,1.342281879194629
ALL,makespan_gap_pct,XH,XTE,69,43,6,20,-2.3921575480096235,-1.538461538461533,-4.958677685950419,1.8274853801169666
ALL,makespan_gap_pct,XH,XHTE,69,16,22,31,1.308132150367824,0.0,0.0,2.052451539338662
ALL,makespan_gap_pct,XH,NSGA-II,69,49,2,18,-20.465746856443307,-8.131868131868146,-45.945945945945944,0.8607198748043832
ALL,makespan_gap_pct,XH,SPEA2,69,49,2,18,-19.905484034220233,-7.877758913412581,-44.89795918367347,0.8685353335965207
ALL,makespan_gap_pct,XH,MOEA/D,69,48,2,19,-15.972877734656732,-5.770925110132152,-33.673469387755105,2.5039123630672844
ALL,makespan_gap_pct,XH,SMS-EMOA,69,49,2,18,-20.41918939313352,-8.789625360230557,-46.59090909090908,1.579155151993672
ALL,makespan_gap_pct,XT,XE,69,51,1,17,-4.315992183674703,-5.032467532467533,-8.886618998978534,0.0
ALL,makespan_gap_pct,XT,XHT,69,2,7,60,4.373115709558027,2.704303197789182,0.9986684420772329,4.878048780487809
ALL,makespan_gap_pct,XT,XHE,69,5,6,58,5.065735928313598,3.5604395604395656,0.9735744089012455,6.934673366834176
ALL,makespan_gap_pct,XT,XTE,69,18,21,30,1.4931766058009035,0.0,-0.14409221902016434,2.415458937198057
ALL,makespan_gap_pct,XT,XHTE,69,4,7,58,5.193466304178351,3.7058152793614685,1.5151515151515138,6.305170239596469
ALL,makespan_gap_pct,XT,NSGA-II,69,48,2,19,-16.580412702632778,-4.7136563876652104,-38.636363636363626,1.8085908063300682
ALL,makespan_gap_pct,XT,SPEA2,69,47,2,20,-16.020149880409704,-4.373757455268401,-36.26373626373627,1.4705882352941124
ALL,makespan_gap_pct,XT,MOEA/D,69,42,4,23,-12.087543580846205,-3.7735849056603765,-27.272727272727273,4.4428259286234395
ALL,makespan_gap_pct,XT,SMS-EMOA,69,47,3,19,-16.533855239322993,-5.458970792767737,-36.26373626373627,0.9193054136874546
ALL,makespan_gap_pct,XE,XHT,69,17,1,51,8.689107893232729,7.949790794979084,0.0,13.625997719498283
ALL,makespan_gap_pct,XE,XHE,69,15,1,53,9.3817281119883,7.707979626485573,1.4388489208633004,13.397947548460664
ALL,makespan_gap_pct,XE,XTE,69,15,2,52,5.809168789475605,4.878048780487809,0.3783102143757766,8.769633507853403
ALL,makespan_gap_pct,XE,XHTE,69,16,2,51,9.509458487853053,7.949790794979084,0.0,14.305130818892309
ALL,makespan_gap_pct,XE,NSGA-II,69,42,2,25,-12.264420518958078,-1.6000000000000014,-32.95454545454546,3.516483516483504
ALL,makespan_gap_pct,XE,SPEA2,69,42,0,27,-11.704157696735004,-1.875246742992509,-23.076923076923084,2.759009009009006
ALL,makespan_gap_pct,XE,MOEA/D,69,24,2,43,-7.771551397171503,0.7309941520467822,-17.241379310344815,4.522862823061623
ALL,makespan_gap_pct,XE,SMS-EMOA,69,41,1,27,-12.21786305564829,-1.8399999999999972,-23.076923076923084,2.7559055118110187
ALL,makespan_gap_pct,XHT,XHE,69,19,32,18,0.6926202187555712,0.0,-0.22805017103761926,0.2512562814070307
ALL,makespan_gap_pct,XHT,XTE,69,45,6,18,-2.879939103757123,-1.5936254980079667,-4.878048780487809,0.306435137895833
ALL,makespan_gap_pct,XHT,XHTE,69,12,34,23,0.8203505946203241,0.0,0.0,0.7150153217569066
ALL,makespan_gap_pct,XHT,NSGA-II,69,51,2,16,-20.953528412190806,-8.351648351648365,-46.39639639639639,0.0
ALL,makespan_gap_pct,XHT,SPEA2,69,51,2,16,-20.393265589967733,-8.256880733944948,-45.918367346938794,0.0
ALL,makespan_gap_pct,XHT,MOEA/D,69,48,3,18,-16.46065929040423,-5.718518518518523,-34.8314606741573,1.5321756894790761
ALL,makespan_gap_pct,XHT,SMS-EMOA,69,50,3,16,-20.90697094888102,-8.789625360230557,-45.45454545454545,0.0
ALL,makespan_gap_pct,XHE,XTE,69,52,6,11,-3.5725593225126944,-1.6000000000000014,-4.494382022471921,-0.13089005235602524
ALL,makespan_gap_pct,XHE,XHTE,69,15,30,24,0.12773037586475283,0.0,0.0,0.3558718861209842
ALL,makespan_gap_pct,XHE,NSGA-II,69,61,2,6,-21.646148630946378,-7.8490566037735965,-45.945945945945944,-2.2241992882562345
ALL,makespan_gap_pct,XHE,SPEA2,69,62,2,5,-21.085885808723305,-7.877758913412581,-43.87755102040818,-1.7208413001912115
ALL,makespan_gap_pct,XHE,MOEA/D,69,49,3,17,-17.153279509159802,-5.509433962264154,-32.65306122448981,0.0
ALL,makespan_gap_pct,XHE,SMS-EMOA,69,58,3,8,-21.599591167636593,-8.571428571428584,-45.45454545454545,-2.48565965583174
ALL,makespan_gap_pct,XTE,XHTE,69,12,9,48,3.700289698377447,1.6799999999999926,0.0,4.878048780487809
ALL,makespan_gap_pct,XTE,NSGA-II,69,59,3,7,-18.073589308433682,-4.57142857142856,-38.636363636363626,-1.4759254778611064
ALL,makespan_gap_pct,XTE,SPEA2,69,59,2,8,-17.51332648621061,-4.373757455268401,-36.26373626373627,-0.8030592734225683
ALL,makespan_gap_pct,XTE,MOEA/D,69,42,4,23,-13.580720186647108,-3.420752565564422,-27.272727272727273,1.2257405515832431
ALL,makespan_gap_pct,XTE,SMS-EMOA,69,60,3,6,-18.027031845123897,-5.458970792767737,-36.26373626373627,-1.2057272042200529
ALL,makespan_gap_pct,XHTE,NSGA-II,69,58,2,9,-21.77387900681113,-8.108108108108091,-46.39639639639639,-1.6431924882629012
ALL,makespan_gap_pct,XHTE,SPEA2,69,59,3,7,-21.213616184588055,-8.521970705725712,-44.89795918367347,-0.9678199854826985
ALL,makespan_gap_pct,XHTE,MOEA/D,69,49,3,17,-17.281009885024556,-5.8441558441558294,-34.8314606741573,0.0
ALL,makespan_gap_pct,XHTE,SMS-EMOA,69,58,3,8,-21.727321543501343,-8.92143808255661,-45.45454545454545,-1.345102984447255
ALL,makespan_gap_pct,NSGA-II,SPEA2,69,25,5,39,0.5602628222230731,0.3226847370119579,-0.5910987482614649,1.2810851544837965
ALL,makespan_gap_pct,NSGA-II,MOEA/D,69,7,3,59,4.4928691217865735,3.3157498116051176,0.7575757575757507,6.324620845434015
ALL,makespan_gap_pct,NSGA-II,SMS-EMOA,69,36,6,27,0.04655746330978528,-0.22641509433960572,-0.9193054136874323,1.131824234354184
ALL,makespan_gap_pct,SPEA2,MOEA/D,69,8,4,57,3.932606299563501,2.4390243902439046,0.5037037037036951,5.905511811023635
ALL,makespan_gap_pct,SPEA2,SMS-EMOA,69,38,6,25,-0.5137053589132877,-0.3984063745019881,-0.8301886792452713,0.32000000000000917
ALL,makespan_gap_pct,MOEA/D,SMS-EMOA,69,58,3,8,-4.446311658476788,-3.548387096774185,-6.037735849056602,-1.0962962962962841
ALL,flowtime_gap_pct,XG,XH,69,0,0,69,10.096801258057472,8.614609571788414,5.183238428967751,12.08431246884567
ALL,flowtime_gap_pct,XG,XT,69,0,0,69,7.610984262913471,6.373937677053832,4.476397178513291,9.009190990809014
ALL,flowtime_gap_pct,XG,XE,69,0,0,69,5.7461486076185215,2.5000000000000133,0.5791505791505669,7.699536074464852
ALL,flowtime_gap_pct,XG,XHT,69,0,0,69,10.585802244126924,9.24551473729176,6.179066834804537,12.763376324862728
ALL,flowtime_gap_pct,XG,XHE,69,0,0,69,11.533584631671717,9.829059829059839,6.854804867813691,14.235654840122658
ALL,flowtime_gap_pct,XG,XTE,69,0,0,69,9.241467838310683,7.455683003128245,5.161183484212838,10.68376068376069
ALL,flowtime_gap_pct,XG,XHTE,69,0,0,69,11.257899939302582,9.606684328510283,6.330779351443372,12.794612794612803
ALL,flowtime_gap_pct,XG,NSGA-II,69,37,0,32,-11.88598552597252,-5.730588954554715,-31.008717310087167,9.215635516438002
ALL,flowtime_gap_pct,XG,SPEA2,69,38,0,31,-11.17766503004501,-3.934593765968323,-31.043256997455472,9.487444990939697
ALL,flowtime_gap_pct,XG,MOEA/D,69,38,0,31,-8.078551817922788,-2.5547445255474486,-20.733427362482363,11.447811447811462
ALL,flowtime_gap_pct,XG,SMS-EMOA,69,38,0,31,-11.851768877277415,-4.238842469940906,-31.18279569892472,8.892052808697915
ALL,flowtime_gap_pct,XH,XT,69,47,1,21,-2.4858169951440017,-2.054160951803752,-4.801189149015239,0.7970342910101902
ALL,flowtime_gap_pct,XH,XE,69,51,0,18,-4.35065265043895,-6.629055007052199,-9.982146273034488,5.311123226310288
ALL,flowtime_gap_pct,XH,XHT,69,17,16,36,0.48900098606945225,0.10261672652642773,0.0,1.324457864397476
ALL,flowtime_gap_pct,XH,XHE,69,29,16,24,1.4367833736142452,0.0,-0.6253618992472454,1.7094017094017255
ALL,flowtime_gap_pct,XH,XTE,69,42,1,26,-0.8553334197467887,-2.0000000000000018,-5.188141391106038,3.261296660117874
ALL,flowtime_gap_pct,XH,XHTE,69,26,5,38,1.161098681245111,0.28328611898016387,-0.8396168738536991,2.6912181303116123
ALL,flowtime_gap_pct,XH,NSGA-II,69,51,0,18,-21.98278678402999,-16.1768901569187,-41.66874221668742,1.1202068074105842
ALL,flowtime_gap_pct,XH,SPEA2,69,51,0,18,-21.27446628810248,-14.725136382710868,-42.51302837290099,0.8904207956340615
ALL,flowtime_gap_pct,XH,MOEA/D,69,49,0,20,-18.17535307598026,-12.991590187388757,-36.155913978494596,3.03030303030305
ALL,flowtime_gap_pct,XH,SMS-EMOA,69,51,0,18,-21.948570135334887,-15.675618967687788,-42.46851385390426,1.99626597730862
ALL,flowtime_gap_pct,XT,XE,69,50,0,19,-1.8648356552949488,-3.8270729978738594,-6.059474928455887,3.8357494624401856
ALL,flowtime_gap_pct,XT,XHT,69,12,1,56,2.974817981213454,2.3798467610866014,0.42735042735042583,4.85809514190485
ALL,flowtime_gap_pct,XT,XHE,69,9,2,58,3.9226003687582467,3.4138450382105168,0.8114318540858978,6.317712270093212
ALL,flowtime_gap_pct,XT,XTE,69,24,17,28,1.630483575397213,0.0,-0.2577319587628857,3.199384392272342
ALL,flowtime_gap_pct,XT,XHTE,69,7,2,60,3.6469156763891126,3.615796384203618,0.7649158592554883,5.070977616223437
ALL,flowtime_gap_pct,XT,NSGA-II,69,51,0,18,-19.49696978888599,-11.678662642210359,-36.81195516811955,0.31213151141014084
ALL,flowtime_gap_pct,XT,SPEA2,69,51,0,18,-18.788649292958482,-11.357782411382324,-38.46153846153848,0.36622145626885594
ALL,flowtime_gap_pct,XT,MOEA/D,69,48,0,21,-15.689536080836259,-9.561231172233132,-30.7795698924731,4.827634043143503
ALL,flowtime_gap_pct,XT,SMS-EMOA,69,51,0,18,-19.462753140190888,-11.56016190359377,-39.805825242718456,1.4720666379434144
ALL,flowtime_gap_pct,XE,XHT,69,18,0,51,4.839653636508403,6.629055007052199,-2.2820281611986015,9.349908294273469
ALL,flowtime_gap_pct,XE,XHE,69,19,0,50,5.7874360240531955,6.106870229007644,-0.4254735108426999,9.151736834848624
ALL,flowtime_gap_pct,XE,XTE,69,18,0,51,3.4953192306921617,3.6297500193483323,-0.28153153153152033,6.059474928455887
ALL,flowtime_gap_pct,XE,XHTE,69,17,0,52,5.511751331684061,6.009596780434934,0.20808767427342723,9.349908294273469
ALL,flowtime_gap_pct,XE,NSGA-II,69,60,0,9,-17.63213413359104,-5.987364988791532,-32.863187588152314,-1.2897458817520135
ALL,flowtime_gap_pct,XE,SPEA2,69,56,0,13,-16.92381363766353,-5.304666802527015,-33.7150127226463,-1.2566296068603933
ALL,flowtime_gap_pct,XE,MOEA/D,69,47,0,22,-13.82470042554131,-4.285714285714293,-23.2426172553561,0.9918845807033172
ALL,flowtime_gap_pct,XE,SMS-EMOA,69,62,0,7,-17.597917484895937,-5.4394490147312125,-34.69675599435824,-1.6633922724296202
ALL,flowtime_gap_pct,XHT,XHE,69,26,24,19,0.947782387544793,0.0,-0.6803685329553444,0.5888266551773658
ALL,flowtime_gap_pct,XHT,XTE,69,44,1,24,-1.344334405816241,-2.237991266375561,-4.532577903682711,2.4570115078020205
ALL,flowtime_gap_pct,XHT,XHTE,69,26,18,25,0.6720976951756589,0.0,-0.6361323155216203,1.5619566262920825
ALL,flowtime_gap_pct,XHT,NSGA-II,69,52,0,17,-22.471787770099443,-16.31347041544271,-41.8010752688172,-1.2415897898314432
ALL,flowtime_gap_pct,XHT,SPEA2,69,52,0,17,-21.763467274171933,-14.725136382710868,-41.88766647365374,-0.7142857142857117
ALL,flowtime_gap_pct,XHT,MOEA/D,69,51,0,18,-18.66435406204971,-13.34262054020585,-36.155913978494596,2.0393508545167194
ALL,flowtime_gap_pct,XHT,SMS-EMOA,69,51,0,18,-22.43757112140434,-15.300070507237361,-42.501447596988996,0.24276895331900583
ALL,flowtime_gap_pct,XHE,XTE,69,49,2,18,-2.292116793361034,-1.838327877109025,-4.332953249714944,0.05926130099227489
ALL,flowtime_gap_pct,XHE,XHTE,69,32,9,28,-0.27568469236913423,0.0,-1.0908442079822223,0.6734006734006703
ALL,flowtime_gap_pct,XHE,NSGA-II,69,60,0,9,-23.419570157644237,-15.337273283064999,-41.02117061021171,-2.2687267748875417
ALL,flowtime_gap_pct,XHE,SPEA2,69,60,0,9,-22.711249661716728,-14.654575096800482,-41.49439601494396,-1.8813716404077807
ALL,flowtime_gap_pct,XHE,MOEA/D,69,52,0,17,-19.612136449594505,-12.669447340980192,-36.155913978494596,-0.34998627504805313
ALL,flowtime_gap_pct,XHE,SMS-EMOA,69,59,1,9,-23.385353508949134,-13.84552679845119,-42.11195928753182,-2.416414956775337
ALL,flowtime_gap_pct,XTE,XHTE,69,23,1,45,2.0164321009918997,1.3034410844629871,-0.44069503903299,4.3642318097679045
ALL,flowtime_gap_pct,XTE,NSGA-II,69,57,0,12,-21.127453364283202,-11.678662642210359,-36.75213675213676,-2.477353829261597
ALL,flowtime_gap_pct,XTE,SPEA2,69,60,0,9,-20.419132868355693,-11.18574868269533,-39.185750636132305,-2.678405931417971
ALL,flowtime_gap_pct,XTE,MOEA/D,69,51,0,18,-17.320019656233473,-10.010427528675693,-29.7043010752688,0.7629881390025517
ALL,flowtime_gap_pct,XTE,SMS-EMOA,69,59,0,10,-21.093236715588098,-10.853882209089072,-39.25104022191402,-2.499999999999991
ALL,flowtime_gap_pct,XHTE,NSGA-II,69,56,0,13,-23.143885465275105,-15.337273283064999,-41.3978494623656,-2.1428571428571352
ALL,flowtime_gap_pct,XHTE,SPEA2,69,56,0,13,-22.435564969347592,-13.607924921793526,-41.47582697201018,-1.6624291022882876
ALL,flowtime_gap_pct,XHTE,MOEA/D,69,52,0,17,-19.336451757225372,-13.0444817456987,-35.752688172042994,-0.05744650294412512
ALL,flowtime_gap_pct,XHTE,SMS-EMOA,69,58,0,11,-23.109668816579997,-14.50790095806893,-41.325811001410436,-2.092704869939377
ALL,flowtime_gap_pct,NSGA-II,SPEA2,69,25,0,44,0.7083204959275099,0.5884977966196248,-0.3707588135718005,1.560095895802771
ALL,flowtime_gap_pct,NSGA-II,MOEA/D,69,10,0,59,3.807433708049732,2.6133523741521003,0.7158888630911093,5.694980694980693
ALL,flowtime_gap_pct,NSGA-II,SMS-EMOA,69,38,1,30,0.03421664869510447,-0.1396255118733647,-0.9643253300890997,1.4917464846138095
ALL,flowtime_gap_pct,SPEA2,MOEA/D,69,14,0,55,3.0991132121222216,2.2987325275433568,0.35696073431923026,4.238128986534377
ALL,flowtime_gap_pct,SPEA2,SMS-EMOA,69,44,0,25,-0.6741038472324055,-0.6247559547051917,-1.5848068107400248,0.28208744710860856
ALL,flowtime_gap_pct,MOEA/D,SMS-EMOA,69,56,0,13,-3.7732170593546273,-2.9675689215671763,-6.151665485471312,-0.838316958564711
ALL,seconds,XG,XH,69,69,0,0,-39.78472658695652,-17.915725,-46.841174200000005,-9.8230432
ALL,seconds,XG,XT,69,69,0,0,-35.57118732173913,-14.7960037,-44.5796001,-8.7320408
ALL,seconds,XG,XE,69,69,0,0,-19.74851031884058,-4.4698982,-9.7724808,-2.2523111
ALL,seconds,XG,XHT,69,69,0,0,-39.784036039130434,-18.060999900000002,-44.292300299999994,-9.4300832
ALL,seconds,XG,XHE,69,69,0,0,-30.03270665652174,-11.394559300000001,-39.2420982,-6.146602000000001
ALL,seconds,XG,XTE,69,69,0,0,-28.20597441014493,-9.7277261,-32.2483742,-5.5302551
ALL,seconds,XG,XHTE,69,69,0,0,-33.09421581594203,-12.978318499999999,-44.5019109,-7.0552918
ALL,seconds,XG,NSGA-II,69,69,0,0,-0.5067536913021063,-0.3304654000524193,-0.5441969000481278,-0.18124679996712803
ALL,seconds,XG,SPEA2,69,69,0,0,-0.5327870768002856,-0.3568492000248954,-0.6081254999517426,-0.2051356000163868
ALL,seconds,XG,MOEA/D,69,69,0,0,-0.6802520434750663,-0.4863240999995917,-0.7848093001028016,-0.32441599995506704
ALL,seconds,XG,SMS-EMOA,69,69,0,0,-0.5075012043534131,-0.3326711999682471,-0.5586921000238955,-0.17782100000313372
ALL,seconds,XH,XT,69,8,0,61,4.213539265217391,2.4104564,0.5946297999999999,6.204928999999996
ALL,seconds,XH,XE,69,1,0,68,20.036216268115943,8.3521901,3.0586283000000005,23.008383
ALL,seconds,XH,XHT,69,26,0,43,0.0006905478260873333,0.18549110000000013,-0.1470047999999995,1.0759378000000002
ALL,seconds,XH,XHE,69,3,0,66,9.752019930434782,4.436839,1.4175329999999988,13.567561000000001
ALL,seconds,XH,XTE,69,6,0,63,11.578752176811594,5.002120499999999,1.4087189999999978,16.640441100000004
ALL,seconds,XH,XHTE,69,4,0,65,6.690510771014494,3.0197988999999996,1.0470526999999996,8.512125300000001
ALL,seconds,XH,NSGA-II,69,0,0,69,39.277972895654415,17.614894499999433,9.698311499988247,46.61593359991949
ALL,seconds,XH,SPEA2,69,0,0,69,39.251939510156234,17.60020590002831,9.680050500056293,46.58330300000071
ALL,seconds,XH,MOEA/D,69,0,0,69,39.10447454348146,17.42922809999153,9.540913700028138,46.42181169990491
ALL,seconds,XH,SMS-EMOA,69,0,0,69,39.277225382603106,17.615318400084004,9.709962799998518,46.60904459996655
ALL,seconds,XT,XE,69,4,0,65,15.822677002898551,6.386929299999999,1.519058,19.3702714
ALL,seconds,XT,XHT,69,59,0,10,-4.212848717391304,-1.7040299,-6.257025700000003,-0.36871960000000037
ALL,seconds,XT,XHE,69,10,0,59,5.538480665217392,2.3158805000000005,0.18151059999999974,6.6737172000000005
ALL,seconds,XT,XTE,69,9,0,60,7.365212911594203,2.9281806,0.5340820999999998,8.976351900000001
ALL,seconds,XT,XHTE,69,19,0,50,2.4769715057971022,0.8302379999999996,-0.03760510000000039,4.069947300000003
ALL,seconds,XT,NSGA-II,69,0,0,69,35.06443363043702,14.334997599999433,8.598006400013878,44.35435949991948
ALL,seconds,XT,SPEA2,69,0,0,69,35.03840024493884,14.32030900002831,8.583141099977842,44.32172890000071
ALL,seconds,XT,MOEA/D,69,0,0,69,34.89093527826407,14.14933119999153,8.43663400000853,44.1602375999049
ALL,seconds,XT,SMS-EMOA,69,0,0,69,35.06368611738572,14.335421500084003,8.598750299973949,44.34747049996655
ALL,seconds,XE,XHT,69,67,0,2,-20.035525720289854,-8.32720279999998,-26.5518317,-2.8650631000000004
ALL,seconds,XE,XHE,69,63,0,6,-10.28419633768116,-4.047649,-13.840908700000002,-1.5414256999999998
ALL,seconds,XE,XTE,69,62,0,7,-8.457464091304349,-3.8341045999999963,-10.2497201,-1.2600391999999998
ALL,seconds,XE,XHTE,69,65,0,4,-13.345705497101449,-5.353980600000001,-17.2470512,-2.244676499999997
ALL,seconds,XE,NSGA-II,69,0,0,69,19.24175662753847,3.9715238000105533,1.85457729996974,9.460737499996556
ALL,seconds,XE,SPEA2,69,0,0,69,19.215723242040294,3.921884499916567,1.8605574999502048,9.439538500044963
ALL,seconds,XE,MOEA/D,69,0,0,69,19.068258275365512,3.7762135999116513,1.723728099980776,9.30285670003528
ALL,seconds,XE,SMS-EMOA,69,0,0,69,19.241009114487166,3.962225000061035,1.854433700040452,9.453863499925008
ALL,seconds,XHT,XHE,69,4,0,65,9.751329382608695,4.1039429,1.3236374000000004,13.198130499999998
ALL,seconds,XHT,XTE,69,4,0,65,11.578061628985507,5.148115399999999,0.8687938000000006,16.476838400000002
ALL,seconds,XHT,XHTE,69,6,0,63,6.6898202231884065,2.6402941999999996,0.9058702999999997,9.030357300000002
ALL,seconds,XHT,NSGA-II,69,0,0,69,39.277282347828326,17.448799700057673,9.305351499988246,44.0870861000836
ALL,seconds,XHT,SPEA2,69,0,0,69,39.25124896233015,17.447421899927388,9.287090500056292,44.08716469998361
ALL,seconds,XHT,MOEA/D,69,0,0,69,39.10378399565537,17.21923550001865,9.162070300018895,43.95384070004692
ALL,seconds,XHT,SMS-EMOA,69,0,0,69,39.276534834777024,17.49281420004608,9.317002799998518,44.113061999970874
ALL,seconds,XHE,XTE,69,15,0,54,1.8267322463768116,0.6912638000000002,0.09058600000000006,2.420583800000001
ALL,seconds,XHE,XHTE,69,60,0,9,-3.06150915942029,-1.3557593999999993,-4.5722053,-0.34022030000000036
ALL,seconds,XHE,NSGA-II,69,0,0,69,29.525952965219634,10.639268099992105,5.797986700034407,37.02153959994613
ALL,seconds,XHE,SPEA2,69,0,0,69,29.499919579721453,10.596368399994017,5.76067980001465,37.03959900008923
ALL,seconds,XHE,MOEA/D,69,0,0,69,29.352454613046675,10.49338029996542,5.666698600000409,36.81179220004416
ALL,seconds,XHE,SMS-EMOA,69,0,0,69,29.525205452168326,10.617057100018055,5.794340899980334,37.08805490001979
ALL,seconds,XTE,XHTE,69,61,0,8,-4.8882414057971015,-2.2651941999999994,-5.949154100000001,-0.4079271000000002
ALL,seconds,XTE,NSGA-II,69,0,0,69,27.69922071884282,9.2954215000045,5.327806899950345,30.02781559994613
ALL,seconds,XTE,SPEA2,69,0,0,69,27.673187333344643,9.262256899977706,5.263230000084703,30.045875000089232
ALL,seconds,XTE,MOEA/D,69,0,0,69,27.52572236666986,9.157633700071505,5.061711899980408,29.81806820004416
ALL,seconds,XTE,SMS-EMOA,69,0,0,69,27.698473205791515,9.291891300015754,5.271007500051026,30.09433090001979
ALL,seconds,XHTE,NSGA-II,69,0,0,69,32.58746212463992,12.212032099974204,6.910360799959639,44.177876300014375
ALL,seconds,XHTE,SPEA2,69,0,0,69,32.561428739141746,12.235596900012206,6.895778900014649,44.1450616999751
ALL,seconds,XHTE,MOEA/D,69,0,0,69,32.413963772466964,12.102235000019755,6.751016200028138,44.026027099996625
ALL,seconds,XHTE,SMS-EMOA,69,0,0,69,32.58671461158862,12.20012670000815,6.9256903000378625,44.16323430004884
ALL,seconds,NSGA-II,SPEA2,69,56,0,13,-0.026033385498179257,-0.024759399937465787,-0.03730690001975745,-0.010880100075155497
ALL,seconds,NSGA-II,MOEA/D,69,69,0,0,-0.17349835217295997,-0.16137240000534803,-0.195310200098902,-0.1432811999693513
ALL,seconds,NSGA-II,SMS-EMOA,69,34,0,35,-0.0007475130513067479,0.0004018000327050686,-0.00720789993647486,0.008021499961614609
ALL,seconds,SPEA2,MOEA/D,69,69,0,0,-0.1474649666747807,-0.1391392000950873,-0.16149130009580404,-0.12177890003658831
ALL,seconds,SPEA2,SMS-EMOA,69,9,0,60,0.02528587244687251,0.026823099935427308,0.014324999880045652,0.04237949999514967
ALL,seconds,MOEA/D,SMS-EMOA,69,0,0,69,0.17275083912165323,0.1645674001192674,0.14163069997448474,0.19691649999003857
JSP,hv_deficit_pct,XG,XH,19,0,0,19,3.2888175471294554,1.5572750273041946,1.3603151805254787,2.8720592353958354
JSP,hv_deficit_pct,XG,XT,19,0,0,19,3.125960360577781,1.5887804253757798,0.9493743676392496,2.8928940399531475
JSP,hv_deficit_pct,XG,XE,19,0,0,19,1.2504934575472988,0.13705048750199955,0.02772821085080812,0.5259613855291612
JSP,hv_deficit_pct,XG,XHT,19,0,0,19,3.368100707524412,1.8199241129697064,1.3964271286584284,3.0540750534110597
JSP,hv_deficit_pct,XG,XHE,19,0,0,19,3.2285088466026157,1.4977450081485322,1.3181902954450209,2.8291946199521076
JSP,hv_deficit_pct,XG,XTE,19,0,0,19,3.069639478583212,1.5621220633184163,0.8760694191819074,2.7795786197529146
JSP,hv_deficit_pct,XG,XHTE,19,0,0,19,3.3355118039224947,1.871718103924147,1.3408748756049915,2.9911141856575343
JSP,hv_deficit_pct,XG,NSGA-II,19,6,0,13,1.9394096576836182,0.3841889519031527,-0.2450248555505019,1.3507496488275927
JSP,hv_deficit_pct,XG,SPEA2,19,6,0,13,1.9924578046690258,0.5546016292181655,-0.19289411783074417,1.459514314128002
JSP,hv_deficit_pct,XG,MOEA/D,19,6,0,13,1.9847044123261361,0.44349362646868284,-0.1440339482385089,1.3845716360700977
JSP,hv_deficit_pct,XG,SMS-EMOA,19,6,0,13,1.953176422681635,0.5773189850551308,-0.14655032449499839,1.4865729600942457
JSP,hv_deficit_pct,XH,XT,19,13,0,6,-0.162857186551674,-0.23809738756027654,-0.47682277843478227,0.13120854770616308
JSP,hv_deficit_pct,XH,XE,19,19,0,0,-2.0383240895821566,-1.485062059388742,-2.090717532403769,-1.288505048211508
JSP,hv_deficit_pct,XH,XHT,19,5,0,14,0.07928316039495654,0.04780803908158715,-0.00020850359849222677,0.16684622712434538
JSP,hv_deficit_pct,XH,XHE,19,15,0,4,-0.060308700526839606,-0.06227570016356099,-0.10194888137983749,-0.00034452986007460495
JSP,hv_deficit_pct,XH,XTE,19,13,0,6,-0.21917806854624294,-0.21206051029785122,-0.5339777355386932,0.03319114514715449
JSP,hv_deficit_pct,XH,XHTE,19,9,0,10,0.04669425679303922,0.03151952181792428,-0.0660736826713082,0.12364209328422637
JSP,hv_deficit_pct,XH,NSGA-II,19,19,0,0,-1.349407889445837,-1.4332251659557538,-1.584715805692588,-1.2309662793759224
JSP,hv_deficit_pct,XH,SPEA2,19,18,0,1,-1.2963597424604296,-1.4256658506790365,-1.5385773856363139,-1.1632719008828563
JSP,hv_deficit_pct,XH,MOEA/D,19,19,0,0,-1.304113134803319,-1.3595325833624106,-1.5058837346261789,-1.070238477248392
JSP,hv_deficit_pct,XH,SMS-EMOA,19,19,0,0,-1.3356411244478201,-1.4734709078018216,-1.6053618221496868,-1.1930095461495482
JSP,hv_deficit_pct,XT,XE,19,19,0,0,-1.8754669030304825,-1.3977095234313675,-2.1399142561975006,-0.9216461567884415
JSP,hv_deficit_pct,XT,XHT,19,4,0,15,0.24214034694663053,0.31331338162862155,0.06027644948568556,0.49475671293825463
JSP,hv_deficit_pct,XT,XHE,19,6,0,13,0.10254848602483438,0.22420645176532972,-0.12587833775011825,0.38973491097744617
JSP,hv_deficit_pct,XT,XTE,19,13,0,6,-0.05632088199456895,-0.0091309295620845,-0.0999895310216492,2.9540362544988596e-06
JSP,hv_deficit_pct,XT,XHTE,19,5,0,14,0.2095514433447132,0.29051043083636596,-0.015710402194846207,0.3618959631550067
JSP,hv_deficit_pct,XT,NSGA-II,19,19,0,0,-1.186550702894163,-1.1495230524010691,-1.346012440077432,-1.0007265478069516
JSP,hv_deficit_pct,XT,SPEA2,19,19,0,0,-1.1335025559087555,-1.173275770743487,-1.346519070301122,-0.9804709939777057
JSP,hv_deficit_pct,XT,MOEA/D,19,19,0,0,-1.1412559482516451,-1.1916295010678701,-1.3373847989077536,-0.8768121305836651
JSP,hv_deficit_pct,XT,SMS-EMOA,19,19,0,0,-1.1727839378961462,-1.1181981615903558,-1.2708961597028168,-1.0438989913392371
JSP,hv_deficit_pct,XE,XHT,19,0,0,19,2.1176072499771132,1.562575801326449,1.3914136938755595,2.1383289630299784
JSP,hv_deficit_pct,XE,XHE,19,0,0,19,1.978015389055317,1.367324204624365,1.2800638204309212,1.9545854448345001
JSP,hv_deficit_pct,XE,XTE,19,0,0,19,1.8191460210359136,1.3530043525663227,0.8642090431638938,2.0221600048595745
JSP,hv_deficit_pct,XE,XHTE,19,0,0,19,2.085018346375196,1.6143697922808897,1.328615969131447,2.1983397417448316
JSP,hv_deficit_pct,XE,NSGA-II,19,6,0,13,0.6889162001363195,0.23602593297353813,-0.27275306640131003,0.6940563329084826
JSP,hv_deficit_pct,XE,SPEA2,19,6,0,13,0.741964347121727,0.29848851634859397,-0.2206223286815523,0.613694564007139
JSP,hv_deficit_pct,XE,MOEA/D,19,6,0,13,0.7342109547788374,0.396944732013893,-0.17176215908931702,0.9947435271634997
JSP,hv_deficit_pct,XE,SMS-EMOA,19,7,0,12,0.7026829651343363,0.1534542726839505,-0.19450015538105547,0.9260335547951692
JSP,hv_deficit_pct,XHT,XHE,19,18,0,1,-0.13959186092179615,-0.08251397425201867,-0.20002071316077008,-0.028764198688824294
JSP,hv_deficit_pct,XHT,XTE,19,15,0,4,-0.2984612289411995,-0.31330006575245317,-0.523507603369977,-0.14887813386013637
JSP,hv_deficit_pct,XHT,XHTE,19,12,2,5,-0.03258890360191733,-0.029437536659293606,-0.1163988517285719,0.004760448575241716
JSP,hv_deficit_pct,XHT,NSGA-II,19,19,0,0,-1.4286910498407936,-1.5369871232978172,-1.666376628953492,-1.292099626946519
JSP,hv_deficit_pct,XHT,SPEA2,19,18,0,1,-1.375642902855386,-1.519622445007629,-1.586271637837583,-1.2691589262955882
JSP,hv_deficit_pct,XHT,MOEA/D,19,19,0,0,-1.3833962951982757,-1.3952111551290725,-1.5878028843359038,-1.1770554640113617
JSP,hv_deficit_pct,XHT,SMS-EMOA,19,19,0,0,-1.4149242848427768,-1.540287002990648,-1.6659442576622885,-1.3267271490862431
JSP,hv_deficit_pct,XHE,XTE,19,13,0,6,-0.15886936801940332,-0.2244597190520281,-0.46909459404232967,0.09480238691176313
JSP,hv_deficit_pct,XHE,XHTE,19,7,0,12,0.10700295731987883,0.07828290524980464,-0.02213287907159578,0.1717267243449616
JSP,hv_deficit_pct,XHE,NSGA-II,19,19,0,0,-1.2890991889189973,-1.3337230151956203,-1.5599485907525357,-1.183841123485213
JSP,hv_deficit_pct,XHE,SPEA2,19,18,0,1,-1.23605104193359,-1.389499197626043,-1.5154354018169391,-1.0309861006933374
JSP,hv_deficit_pct,XHE,MOEA/D,19,19,0,0,-1.2438044342764796,-1.2933368148205227,-1.508444796302727,-0.9221968220443577
JSP,hv_deficit_pct,XHE,SMS-EMOA,19,19,0,0,-1.2753324239209805,-1.3832769948685875,-1.5791976502910865,-1.097735743961742
JSP,hv_deficit_pct,XTE,XHTE,19,2,0,17,0.2658723253392822,0.30274262430183274,0.07768345847103952,0.4546674851997723
JSP,hv_deficit_pct,XTE,NSGA-II,19,19,0,0,-1.130229820899594,-1.0789968202628564,-1.325936915249759,-0.9892375637545969
JSP,hv_deficit_pct,XTE,SPEA2,19,19,0,0,-1.0771816739141866,-1.079809372700613,-1.321411405367473,-0.8890603488776794
JSP,hv_deficit_pct,XTE,MOEA/D,19,19,0,0,-1.0849350662570763,-1.1618123596895513,-1.292036158154436,-0.8471371156524354
JSP,hv_deficit_pct,XTE,SMS-EMOA,19,19,0,0,-1.1164630559015771,-1.0731093276620363,-1.1588341835098437,-0.955869455591607
JSP,hv_deficit_pct,XHTE,NSGA-II,19,19,0,0,-1.3961021462388763,-1.3884411083469494,-1.574909802939023,-1.2947533424685131
JSP,hv_deficit_pct,XHTE,SPEA2,19,18,0,1,-1.3430539992534687,-1.4285435054672058,-1.5409282698261029,-1.2197239787698155
JSP,hv_deficit_pct,XHTE,MOEA/D,19,19,0,0,-1.3508073915963583,-1.329093874714793,-1.5621086975811271,-1.1790687236205022
JSP,hv_deficit_pct,XHTE,SMS-EMOA,19,19,0,0,-1.3823353812408594,-1.4357840853799986,-1.5794485867202057,-1.249047513003071
JSP,hv_deficit_pct,NSGA-II,SPEA2,19,7,0,12,0.053048146985407454,0.05442604486199931,-0.032159021068822735,0.16534152574948502
JSP,hv_deficit_pct,NSGA-II,MOEA/D,19,9,0,10,0.045294754642517886,0.07474936662664744,-0.05972491975109184,0.2616443014408554
JSP,hv_deficit_pct,NSGA-II,SMS-EMOA,19,13,0,6,0.013766764998016831,-0.05142433535115787,-0.10287341684845352,0.19646095776838512
JSP,hv_deficit_pct,SPEA2,MOEA/D,19,8,0,11,-0.007753392342889573,0.01503790514882919,-0.06058266096825027,0.11991991827258186
JSP,hv_deficit_pct,SPEA2,SMS-EMOA,19,10,0,9,-0.039281381987390625,-0.006590185146060357,-0.15377044520972216,0.07845353092300056
JSP,hv_deficit_pct,MOEA/D,SMS-EMOA,19,11,0,8,-0.03152798964450105,-0.0267491987508528,-0.2332075439333947,0.12628112148829196
JSP,makespan_gap_pct,XG,XH,19,0,0,19,15.47125209407822,11.868131868131869,9.197445381466697,15.352422376504961
JSP,makespan_gap_pct,XG,XT,19,0,0,19,13.824519651940214,10.07853403141361,7.376346879823936,13.566577552466953
JSP,makespan_gap_pct,XG,XE,19,0,1,18,4.376504467819771,1.140250855188139,0.17784797601311286,3.5315042409555195
JSP,makespan_gap_pct,XG,XHT,19,0,0,19,15.644000465831047,12.087912087912088,9.286334270355578,16.185738490784374
JSP,makespan_gap_pct,XG,XHE,19,0,0,19,15.321456468113661,11.42857142857143,9.271341914484399,15.352422376504961
JSP,makespan_gap_pct,XG,XTE,19,0,0,19,13.558323480517323,10.07853403141361,7.3983249018019555,13.070983827864557
JSP,makespan_gap_pct,XG,XHTE,19,0,0,19,15.711335270391425,11.440245148110328,9.286334270355578,16.996061768724257
JSP,makespan_gap_pct,XG,NSGA-II,19,2,0,17,9.80757617847343,7.39528795811517,2.59667006455998,9.862987987987992
JSP,makespan_gap_pct,XG,SPEA2,19,1,0,18,9.663097906345111,6.544502617801039,2.4780126431502625,9.579277770232553
JSP,makespan_gap_pct,XG,MOEA/D,19,0,0,19,10.218447313668177,6.609947643979063,2.542513066278739,11.27064564564565
JSP,makespan_gap_pct,XG,SMS-EMOA,19,0,0,19,9.676942652856663,6.113320079522876,2.1741961741961746,10.647577510192486
JSP,makespan_gap_pct,XH,XT,19,15,2,2,-1.6467324421380074,-1.2830188679245236,-2.139439756211914,-0.21559517632816494
JSP,makespan_gap_pct,XH,XE,19,19,0,0,-11.09474762625845,-9.44333996023856,-14.186427334095052,-8.016985407956444
JSP,makespan_gap_pct,XH,XHT,19,3,9,7,0.17274837175282537,0.0,0.0,0.1987789987789923
JSP,makespan_gap_pct,XH,XHE,19,7,10,2,-0.14979562596455964,0.0,-0.17328434477806853,0.0
JSP,makespan_gap_pct,XH,XTE,19,15,3,1,-1.9129286135608983,-1.2830188679245236,-2.369094094094104,-0.2948028243431544
JSP,makespan_gap_pct,XH,XHTE,19,5,4,10,0.24008317631320467,0.13582342954159277,-0.163612565445026,0.6995011065681456
JSP,makespan_gap_pct,XH,NSGA-II,19,16,2,1,-5.66367591560479,-6.192592592592594,-7.603036806868058,-3.899156670422166
JSP,makespan_gap_pct,XH,SPEA2,19,16,2,1,-5.808154187733109,-6.475770925110136,-7.767708285535125,-4.28499237855392
JSP,makespan_gap_pct,XH,MOEA/D,19,16,2,1,-5.2528047804100435,-5.540740740740757,-6.940583626097063,-3.263345814831997
JSP,makespan_gap_pct,XH,SMS-EMOA,19,16,2,1,-5.794309441221559,-6.637037037037041,-8.15719154159862,-3.9083561458474247
JSP,makespan_gap_pct,XT,XE,19,19,0,0,-9.448015184120443,-8.614864864864868,-11.447336068722814,-6.402339181286543
JSP,makespan_gap_pct,XT,XHT,19,1,2,16,1.8194808138908327,1.3921901528013647,0.5706394467862363,2.3978136727035415
JSP,makespan_gap_pct,XT,XHE,19,2,2,15,1.4969368161734478,1.2649800266311573,0.21559517632816494,1.7688254292027916
JSP,makespan_gap_pct,XT,XTE,19,6,9,4,-0.2661961714228909,0.0,-0.5384410921754124,0.0
JSP,makespan_gap_pct,XT,XHTE,19,2,2,15,1.886815618451212,1.5280135823429575,0.3874919223020523,2.8950950950950904
JSP,makespan_gap_pct,XT,NSGA-II,19,16,2,1,-4.016943473466783,-4.275940706955516,-5.534081251062384,-2.9239015176618754
JSP,makespan_gap_pct,XT,SPEA2,19,16,2,1,-4.161421745595102,-4.373757455268401,-5.7215425231388775,-3.119298095563916
JSP,makespan_gap_pct,XT,MOEA/D,19,16,2,1,-3.6060723382720363,-3.7735849056603765,-5.632724133389921,-1.97072072072072
JSP,makespan_gap_pct,XT,SMS-EMOA,19,16,2,1,-4.147576999083551,-4.7136563876652104,-6.259628731224098,-2.672782401070962
JSP,makespan_gap_pct,XE,XHT,19,0,0,19,11.267495998011276,10.089463220675942,7.840773954211954,14.186427334095052
JSP,makespan_gap_pct,XE,XHE,19,0,0,19,10.94495200029389,9.520639147802921,7.554430341877149,14.072402248576243
JSP,makespan_gap_pct,XE,XTE,19,0,0,19,9.181819012697552,8.255659121171764,6.417153996101355,10.497057151199419
JSP,makespan_gap_pct,XE,XHTE,19,0,0,19,11.334830802571656,10.238568588469187,8.007703366624408,14.926150315106533
JSP,makespan_gap_pct,XE,NSGA-II,19,2,0,17,5.431071710653661,3.6717062634989306,2.499082568807342,7.5675547549066025
JSP,makespan_gap_pct,XE,SPEA2,19,2,0,17,5.286593438525341,3.669724770642203,2.0020332090816653,7.268174092640001
JSP,makespan_gap_pct,XE,MOEA/D,19,1,0,18,5.841942845848407,3.6717062634989306,2.4759351701402523,7.784847842404719
JSP,makespan_gap_pct,XE,SMS-EMOA,19,1,0,18,5.300438185036891,4.354354354354362,1.8926343926343847,6.567932030458765
JSP,makespan_gap_pct,XHT,XHE,19,10,7,2,-0.322543997717385,-0.15094339622641062,-0.6094052425534957,0.0
JSP,makespan_gap_pct,XHT,XTE,19,15,3,1,-2.085676985313724,-1.4413518886679855,-3.049199199199204,-0.5522322306286354
JSP,makespan_gap_pct,XHT,XHTE,19,6,6,7,0.06733480456037932,0.0,-0.2400651648334029,0.15901214335607428
JSP,makespan_gap_pct,XHT,NSGA-II,19,16,2,1,-5.836424287357615,-6.37037037037036,-7.975535168195724,-3.661814898270266
JSP,makespan_gap_pct,XHT,SPEA2,19,16,2,1,-5.980902559485934,-6.328233657858129,-8.38942571983533,-4.04765060640202
JSP,makespan_gap_pct,XHT,MOEA/D,19,16,2,1,-5.425553152162869,-5.644241733181299,-7.314878002129921,-3.026004042680097
JSP,makespan_gap_pct,XHT,SMS-EMOA,19,16,2,1,-5.967057812974384,-6.872246696035256,-8.573926588448112,-4.231417776066115
JSP,makespan_gap_pct,XHE,XTE,19,15,3,1,-1.7631329875963386,-1.2649800266311573,-2.309834834834845,-0.2632298363046015
JSP,makespan_gap_pct,XHE,XHTE,19,3,6,10,0.38987880227776434,0.13582342954159277,0.0,0.6739962236630537
JSP,makespan_gap_pct,XHE,NSGA-II,19,16,2,1,-5.51388028964023,-6.074074074074076,-7.75107744547474,-3.226688315991788
JSP,makespan_gap_pct,XHE,SPEA2,19,16,2,1,-5.658358561768549,-6.328233657858129,-7.767708285535125,-3.6125240241235423
JSP,makespan_gap_pct,XHE,MOEA/D,19,16,2,1,-5.103009154445484,-5.41619156214368,-7.073739418374025,-2.625564045721107
JSP,makespan_gap_pct,XHE,SMS-EMOA,19,16,2,1,-5.644513815256999,-6.432545201668982,-8.23255566887643,-3.871077333467543
JSP,makespan_gap_pct,XTE,XHTE,19,1,3,15,2.153011789874103,1.5904572564612307,0.4020749020571257,3.256039115069953
JSP,makespan_gap_pct,XTE,NSGA-II,19,16,2,1,-3.7507473020438913,-3.7629629629629457,-5.417039050103056,-2.9634584796871866
JSP,makespan_gap_pct,XTE,SPEA2,19,16,2,1,-3.8952255741722106,-4.373757455268401,-5.523947750362845,-2.859811520660238
JSP,makespan_gap_pct,XTE,MOEA/D,19,16,2,1,-3.3398761668491455,-3.4673366834171,-5.654702155367941,-1.750935957984412
JSP,makespan_gap_pct,XTE,SMS-EMOA,19,16,2,1,-3.8813808276606605,-4.207407407407393,-5.838252810729882,-2.295897978960416
JSP,makespan_gap_pct,XHTE,NSGA-II,19,16,2,1,-5.903759091917994,-6.461232604373768,-7.990877993158495,-3.063075750546762
JSP,makespan_gap_pct,XHTE,SPEA2,19,16,2,1,-6.048237364046313,-6.606397774687056,-8.76548985736736,-3.5067900178659683
JSP,makespan_gap_pct,XHTE,MOEA/D,19,16,2,1,-5.492887956723248,-5.718518518518523,-7.719314378195463,-2.461951480276081
JSP,makespan_gap_pct,XHTE,SMS-EMOA,19,16,2,1,-6.034392617534763,-6.814814814814807,-9.185993766553036,-3.987590297567767
JSP,makespan_gap_pct,NSGA-II,SPEA2,19,9,2,8,-0.14447827212831924,0.0,-0.8758431206075228,0.3504457455065788
JSP,makespan_gap_pct,NSGA-II,MOEA/D,19,6,3,10,0.4108711351947462,0.20373514431240025,-0.4289840299014589,1.099635666179144
JSP,makespan_gap_pct,NSGA-II,SMS-EMOA,19,9,3,7,-0.1306335256167689,0.0,-0.8073578528798753,0.3950050968399621
JSP,makespan_gap_pct,SPEA2,MOEA/D,19,5,2,12,0.5553494073230655,0.248508946322068,-0.038226299694189336,1.6303993003627277
JSP,makespan_gap_pct,SPEA2,SMS-EMOA,19,10,2,7,0.013844746511550333,-0.10431154381085328,-0.5731950304735056,0.22078230003339527
JSP,makespan_gap_pct,MOEA/D,SMS-EMOA,19,10,2,7,-0.5415046608115152,-0.033955857385414845,-1.7588296368425187,0.7576383723172713
JSP,flowtime_gap_pct,XG,XH,19,0,0,19,9.593907253912716,9.448419478855197,6.2061824795336955,11.575455815083323
JSP,flowtime_gap_pct,XG,XT,19,0,0,19,7.98826802772337,6.630158419714438,4.969036440474195,9.573026769548663
JSP,flowtime_gap_pct,XG,XE,19,0,0,19,1.3577930345422404,0.2567760342368164,0.14881556469387114,1.3170449928844086
JSP,flowtime_gap_pct,XG,XHT,19,0,0,19,10.17752196049013,9.24551473729176,7.083410065278429,12.930331447739295
JSP,flowtime_gap_pct,XG,XHE,19,0,0,19,9.206951542565319,9.24551473729176,6.119085303970673,11.571927310891915
JSP,flowtime_gap_pct,XG,XTE,19,0,0,19,7.586967470767292,6.5714844513983905,4.189585009628605,9.212343971004856
JSP,flowtime_gap_pct,XG,XHTE,19,0,0,19,9.377132349393214,8.678507868932538,6.425312532509054,10.677125736221138
JSP,flowtime_gap_pct,XG,NSGA-II,19,10,0,9,-1.9222133008604847,-2.0690236722678677,-7.902826296039279,1.1277894930570187
JSP,flowtime_gap_pct,XG,SPEA2,19,11,0,8,-1.422402173595096,-2.3122591396729453,-6.815022169734686,2.63084716478641
JSP,flowtime_gap_pct,XG,MOEA/D,19,11,0,8,-1.4966049671361572,-2.343505884803654,-6.671813744396937,2.9863454788586097
JSP,flowtime_gap_pct,XG,SMS-EMOA,19,11,0,8,-1.705788851602734,-1.2915321320695616,-7.08664024743466,1.1640833967474395
JSP,flowtime_gap_pct,XH,XT,19,12,1,6,-1.605639226189347,-0.3792276139617634,-3.736152783232649,0.65358744536822
JSP,flowtime_gap_pct,XH,XE,19,19,0,0,-8.236114219370476,-9.075879368337048,-10.542754673630096,-5.138779803526571
JSP,flowtime_gap_pct,XH,XHT,19,4,4,11,0.5836147065774142,0.2557396105782983,0.0,1.5524841354641716
JSP,flowtime_gap_pct,XH,XHE,19,10,8,1,-0.38695571134739787,-0.02619515389652438,-0.5925162377730442,0.0
JSP,flowtime_gap_pct,XH,XTE,19,12,1,6,-2.0069397831454245,-0.3792276139617634,-4.670316495482718,0.5287149039335914
JSP,flowtime_gap_pct,XH,XHTE,19,9,1,9,-0.21677490451950343,0.0,-1.308561439205136,0.8530340674608117
JSP,flowtime_gap_pct,XH,NSGA-II,19,19,0,0,-11.516120554773202,-11.57148189622994,-16.245180286180705,-6.148858766925969
JSP,flowtime_gap_pct,XH,SPEA2,19,19,0,0,-11.016309427507814,-11.202693289993015,-15.109664176682525,-5.131300016833984
JSP,flowtime_gap_pct,XH,MOEA/D,19,19,0,0,-11.090512221048874,-10.99083405914314,-15.641828483994502,-6.231319516476075
JSP,flowtime_gap_pct,XH,SMS-EMOA,19,19,0,0,-11.299696105515451,-10.18883987307484,-15.866399314594961,-5.2937507399167805
JSP,flowtime_gap_pct,XT,XE,19,19,0,0,-6.63047499318113,-6.059474928455887,-8.67605732387453,-3.9987311828398653
JSP,flowtime_gap_pct,XT,XHT,19,4,1,14,2.189253932766761,1.6682113067655324,0.21201300771536147,3.408933862901342
JSP,flowtime_gap_pct,XT,XHE,19,6,1,12,1.218683514841949,0.3792276139617634,-0.7406846209312423,2.7734458881696233
JSP,flowtime_gap_pct,XT,XTE,19,9,9,1,-0.4013005569560775,0.0,-0.5649588050604337,0.0
JSP,flowtime_gap_pct,XT,XHTE,19,4,1,14,1.3888643216698435,0.8396168738536769,0.06684103458297619,2.97399007208784
JSP,flowtime_gap_pct,XT,NSGA-II,19,19,0,0,-9.910481328583854,-9.836476187068378,-13.143985427374894,-8.26743879135644
JSP,flowtime_gap_pct,XT,SPEA2,19,19,0,0,-9.410670201318466,-10.584709558120252,-12.241874302396317,-7.380608210474627
JSP,flowtime_gap_pct,XT,MOEA/D,19,19,0,0,-9.484872994859527,-9.561231172233132,-12.040479411304961,-6.586681290690055
JSP,flowtime_gap_pct,XT,SMS-EMOA,19,19,0,0,-9.694056879326105,-9.809612259113077,-12.899304102038577,-7.11992816926349
JSP,flowtime_gap_pct,XE,XHT,19,0,0,19,8.81972892594789,8.890431439555746,6.4887370731504745,11.22363232991882
JSP,flowtime_gap_pct,XE,XHE,19,1,0,18,7.849158508023079,7.846556233653025,5.038585051015287,10.44863429884061
JSP,flowtime_gap_pct,XE,XTE,19,0,0,19,6.229174436225052,6.059474928455887,3.6550055658449265,8.353827279246108
JSP,flowtime_gap_pct,XE,XHTE,19,0,0,19,8.019339314850972,8.060892626866401,5.421301337172279,9.840790678459655
JSP,flowtime_gap_pct,XE,NSGA-II,19,13,0,6,-3.2800063354027253,-2.4838646587130864,-8.233724553047372,0.22640017541732949
JSP,flowtime_gap_pct,XE,SPEA2,19,13,0,6,-2.7801952081373367,-3.140715074205815,-7.048893980067049,0.355599274573148
JSP,flowtime_gap_pct,XE,MOEA/D,19,13,0,6,-2.8543980016783976,-3.6481969827057554,-6.905685554729301,1.5973933189518243
JSP,flowtime_gap_pct,XE,SMS-EMOA,19,15,0,4,-3.063581886144975,-2.3122591396729453,-7.261534143753001,-0.28729911988198964
JSP,flowtime_gap_pct,XHT,XHE,19,12,7,0,-0.9705704179248121,-0.5474648441693208,-1.6526788879754561,0.0
JSP,flowtime_gap_pct,XHT,XTE,19,14,1,4,-2.5905544897228387,-2.3798467610866014,-4.182601137645847,-0.21201300771536147
JSP,flowtime_gap_pct,XHT,XHTE,19,9,8,2,-0.8003896110969176,0.0,-1.2657888361456537,0.0
JSP,flowtime_gap_pct,XHT,NSGA-II,19,19,0,0,-12.099735261350617,-13.0479121193688,-16.63197685897584,-7.077136601075573
JSP,flowtime_gap_pct,XHT,SPEA2,19,19,0,0,-11.599924134085228,-11.706165672546321,-15.08057775271915,-6.587265420057264
JSP,flowtime_gap_pct,XHT,MOEA/D,19,19,0,0,-11.674126927626288,-9.597779975120412,-15.222020047067652,-7.035729762123921
JSP,flowtime_gap_pct,XHT,SMS-EMOA,19,19,0,0,-11.883310812092866,-12.189459020199678,-15.487844737462574,-6.8693053216255855
JSP,flowtime_gap_pct,XHE,XTE,19,12,1,6,-1.6199840717980267,-0.3792276139617634,-3.301777977290832,0.7406846209312423
JSP,flowtime_gap_pct,XHE,XHTE,19,6,3,10,0.17018080682789444,0.1309757694826441,-0.739271437622957,1.4061342556239476
JSP,flowtime_gap_pct,XHE,NSGA-II,19,19,0,0,-11.129164843425803,-11.397287545103897,-15.825371849253854,-5.514359901567689
JSP,flowtime_gap_pct,XHE,SPEA2,19,19,0,0,-10.629353716160415,-10.940351379396708,-14.689855739755675,-4.4968011514757045
JSP,flowtime_gap_pct,XHE,MOEA/D,19,19,0,0,-10.703556509701476,-8.623465846065747,-15.222020047067652,-5.8154411076807975
JSP,flowtime_gap_pct,XHE,SMS-EMOA,19,19,0,0,-10.912740394168052,-10.18883987307484,-14.76057288306949,-4.659251874558501
JSP,flowtime_gap_pct,XTE,XHTE,19,3,1,15,1.790164878625921,1.6682113067655324,0.10850336142392836,4.182601137645847
JSP,flowtime_gap_pct,XTE,NSGA-II,19,19,0,0,-9.509180771627777,-9.679270547726837,-12.213625594829535,-7.403628658985217
JSP,flowtime_gap_pct,XTE,SPEA2,19,19,0,0,-9.009369644362389,-10.584709558120252,-11.675988963328921,-7.0956133753019905
JSP,flowtime_gap_pct,XTE,MOEA/D,19,19,0,0,-9.08357243790345,-9.561231172233132,-11.687719023289723,-6.364470246518194
JSP,flowtime_gap_pct,XTE,SMS-EMOA,19,19,0,0,-9.292756322370026,-9.809612259113077,-11.620416638352093,-6.70015225300733
JSP,flowtime_gap_pct,XHTE,NSGA-II,19,19,0,0,-11.299345650253699,-12.338766538094648,-15.505387317881635,-7.034449666734221
JSP,flowtime_gap_pct,XHTE,SPEA2,19,19,0,0,-10.79953452298831,-11.487816223566028,-15.045297109763956,-6.336124164137102
JSP,flowtime_gap_pct,XHTE,MOEA/D,19,19,0,0,-10.87373731652937,-9.170930690235068,-15.103840662724878,-6.759463056440051
JSP,flowtime_gap_pct,XHTE,SMS-EMOA,19,19,0,0,-11.082921200995948,-12.189459020199678,-14.685817038688297,-6.294756733414387
JSP,flowtime_gap_pct,NSGA-II,SPEA2,19,6,0,13,0.4998111272653885,0.615586116568446,-0.28709402462955147,1.4240514060934735
JSP,flowtime_gap_pct,NSGA-II,MOEA/D,19,8,0,11,0.42560833372432744,0.4761141962124533,-0.6800299870197133,1.0865983535012549
JSP,flowtime_gap_pct,NSGA-II,SMS-EMOA,19,10,0,9,0.21642444925775053,-0.16682113067656434,-0.8299215522161045,1.4333016351826489
JSP,flowtime_gap_pct,SPEA2,MOEA/D,19,12,0,7,-0.0742027935410611,-0.36155884301170005,-0.7236958150362738,0.6969860707874869
JSP,flowtime_gap_pct,SPEA2,SMS-EMOA,19,11,0,8,-0.283386678007638,-0.32475896077130884,-0.9402224026308525,0.7729334503133636
JSP,flowtime_gap_pct,MOEA/D,SMS-EMOA,19,8,0,11,-0.2091838844665769,0.061638780525388626,-0.9742296795148491,0.8735308986098644
JSP,seconds,XG,XH,19,19,0,0,-26.432733168421052,-17.4848748,-35.43742,-5.19556225
JSP,seconds,XG,XT,19,19,0,0,-22.121201063157894,-13.997601399999999,-27.8362023,-4.29632785
JSP,seconds,XG,XE,19,19,0,0,-5.558655363157895,-5.2148108,-8.196936749999999,-1.93617535
JSP,seconds,XG,XHT,19,19,0,0,-27.252861394736843,-16.0807729,-35.284627099999994,-5.031632050000001
JSP,seconds,XG,XHE,19,19,0,0,-16.539071842105262,-11.394559300000001,-21.17082515,-3.5200767500000003
JSP,seconds,XG,XTE,19,19,0,0,-14.591730747368421,-9.4485373,-18.51875655,-3.12891335
JSP,seconds,XG,XHTE,19,19,0,0,-19.476853757894737,-12.0614886,-25.75500795,-3.99734765
JSP,seconds,XG,NSGA-II,19,19,0,0,-0.9973088947309197,-0.7552912000078962,-1.2629245999397762,-0.2807481000045746
JSP,seconds,XG,SPEA2,19,19,0,0,-1.0243931210343105,-0.742721599987793,-1.2954622499656916,-0.32155830005307195
JSP,seconds,XG,MOEA/D,19,19,0,0,-1.1796975105253995,-0.876083499980244,-1.4086221999733761,-0.46780195000342056
JSP,seconds,XG,SMS-EMOA,19,19,0,0,-0.9995876210766811,-0.7775021999819458,-1.299047900085622,-0.2920021999669738
JSP,seconds,XH,XT,19,0,0,19,4.311532105263158,2.5126950999999984,0.8177605499999998,5.599662500000003
JSP,seconds,XH,XE,19,0,0,19,20.87407780526316,12.270064,3.2593869,27.24048325
JSP,seconds,XH,XHT,19,9,0,10,-0.82012822631579,0.1320266000000001,-2.132471250000002,0.2301805999999993
JSP,seconds,XH,XHE,19,0,0,19,9.89366132631579,6.090315499999999,1.69029155,14.266594849999999
JSP,seconds,XH,XTE,19,0,0,19,11.841002421052632,7.389327399999999,2.00077365,16.91866345
JSP,seconds,XH,XHTE,19,0,0,19,6.955879410526316,4.9374065,1.1932421000000002,9.724785749999999
JSP,seconds,XH,NSGA-II,19,0,0,19,25.43542427369013,16.729583599992104,4.914814149995426,34.17449540006022
JSP,seconds,XH,SPEA2,19,0,0,19,25.40834004738674,16.686683899994016,4.871824549953079,34.14195775003431
JSP,seconds,XH,MOEA/D,19,0,0,19,25.25303565789565,16.58369579996542,4.735354999987965,34.028797800026624
JSP,seconds,XH,SMS-EMOA,19,0,0,19,25.43314554734437,16.707372600018054,4.913896999996712,34.13837209991438
JSP,seconds,XT,XE,19,0,0,19,16.5625457,8.7257936,2.3823233,19.63926555
JSP,seconds,XT,XHT,19,19,0,0,-5.1316603315789475,-2.3365656999999995,-7.448424799999998,-0.7129643999999999
JSP,seconds,XT,XHE,19,0,0,19,5.582129221052632,2.3859309,0.8367607,7.51604315
JSP,seconds,XT,XTE,19,0,0,19,7.5294703157894745,3.4712037999999996,1.1968207000000002,9.317445750000001
JSP,seconds,XT,XHTE,19,3,0,16,2.6443473052631585,1.0192829000000003,0.3452730999999999,3.347472
JSP,seconds,XT,NSGA-II,19,0,0,19,21.123892168426977,13.231314999974204,4.015579749995425,26.573277700060224
JSP,seconds,XT,SPEA2,19,0,0,19,21.096807942123586,13.254879800012207,3.9725901499530782,26.54074005003431
JSP,seconds,XT,MOEA/D,19,0,0,19,20.941503552632497,13.121517900019755,3.836120599987965,26.427580100026624
JSP,seconds,XT,SMS-EMOA,19,0,0,19,21.121613442081212,13.21940960000815,4.014662599996711,26.537154399914378
JSP,seconds,XE,XHT,19,19,0,0,-21.694206031578947,-10.865962099999999,-27.08769035,-3.096914
JSP,seconds,XE,XHE,19,19,0,0,-10.980416478947369,-6.1797485000000005,-12.973888400000002,-1.6250876499999998
JSP,seconds,XE,XTE,19,19,0,0,-9.033075384210527,-4.2337264999999995,-10.3218198,-1.2177194999999998
JSP,seconds,XE,XHTE,19,19,0,0,-13.918198394736843,-6.8466778,-17.5580712,-2.0447151
JSP,seconds,XE,NSGA-II,19,0,0,19,4.561346468426975,4.459519599992104,1.6554272499954255,6.934012150060223
JSP,seconds,XE,SPEA2,19,0,0,19,4.534262242123584,4.416619899994016,1.6124376499530786,6.901474500034308
JSP,seconds,XE,MOEA/D,19,0,0,19,4.378957852632495,4.313631799965419,1.4759680999879652,6.788314550026623
JSP,seconds,XE,SMS-EMOA,19,0,0,19,4.559067742081214,4.437308600018055,1.6545100999967122,6.897888849914377
JSP,seconds,XHT,XHE,19,0,0,19,10.71378955263158,4.6862135999999985,1.52986375,14.113801949999997
JSP,seconds,XHT,XTE,19,0,0,19,12.661130647368422,6.6322356,1.8403458500000003,16.76587055
JSP,seconds,XHT,XHTE,19,0,0,19,7.776007636842106,4.019284299999999,1.03521085,9.529619149999998
JSP,seconds,XHT,NSGA-II,19,0,0,19,26.255552500005923,15.325481699992103,4.750883949995425,34.02170250006022
JSP,seconds,XHT,SPEA2,19,0,0,19,26.228468273702532,15.282581999994015,4.7078943499530785,33.98916485003431
JSP,seconds,XHT,MOEA/D,19,0,0,19,26.073163884211443,15.179593899965418,4.571424799987965,33.87600490002662
JSP,seconds,XHT,SMS-EMOA,19,0,0,19,26.253273773660162,15.303270700018054,4.749966799996712,33.985579199914376
JSP,seconds,XHE,XTE,19,1,0,18,1.9473410947368421,0.9768930999999998,0.2847064499999996,2.70950425
JSP,seconds,XHE,XHTE,19,19,0,0,-2.9377819157894733,-1.3666479999999996,-4.355214799999999,-0.42855565000000007
JSP,seconds,XHE,NSGA-II,19,0,0,19,15.541762947374343,10.639268099992105,3.240611300033462,19.907900550060226
JSP,seconds,XHE,SPEA2,19,0,0,19,15.514678721070952,10.596368399994017,3.197301499997676,19.87536290003431
JSP,seconds,XHE,MOEA/D,19,0,0,19,15.359374331579863,10.49338029996542,3.0343552999994166,19.762202950026627
JSP,seconds,XHE,SMS-EMOA,19,0,0,19,15.539484221028582,10.617057100018055,3.228074550033026,19.87177724991438
JSP,seconds,XTE,XHTE,19,19,0,0,-4.885123010526316,-2.4519208999999993,-7.2362514000000004,-0.7390377500000003
JSP,seconds,XTE,NSGA-II,19,0,0,19,13.5944218526375,8.693246099992104,2.848165249995425,17.255831950060223
JSP,seconds,XTE,SPEA2,19,0,0,19,13.56733762633411,8.650346399994016,2.805175649953078,17.223294300034308
JSP,seconds,XTE,MOEA/D,19,0,0,19,13.41203323684302,8.547358299965419,2.668706099987965,17.110134350026623
JSP,seconds,XTE,SMS-EMOA,19,0,0,19,13.59214312629174,8.671035100018054,2.847248099996712,17.219708649914377
JSP,seconds,XHTE,NSGA-II,19,0,0,19,18.479544863163817,11.306197399992104,3.701082400047955,24.492083350060224
JSP,seconds,XHTE,SPEA2,19,0,0,19,18.452460636860426,11.263297699994016,3.6757893499469283,24.459545700034308
JSP,seconds,XHTE,MOEA/D,19,0,0,19,18.297156247369337,11.16030959996542,3.5421128999879654,24.346385750026624
JSP,seconds,XHTE,SMS-EMOA,19,0,0,19,18.477266136818056,11.283986400018055,3.7022669999294813,24.455960049914378
JSP,seconds,NSGA-II,SPEA2,19,14,0,5,-0.027084226303390767,-0.0286145000718534,-0.0485474499873817,-0.0035953999613411725
JSP,seconds,NSGA-II,MOEA/D,19,19,0,0,-0.18238861579447985,-0.1584449999500066,-0.20802474993979558,-0.1448169500217773
JSP,seconds,NSGA-II,SMS-EMOA,19,11,0,8,-0.002278726345761434,-0.005379100097343326,-0.014885500015225261,0.0066975499503314495
JSP,seconds,SPEA2,MOEA/D,19,19,0,0,-0.15530438949108907,-0.13863579998724163,-0.16294619999825954,-0.12618505000136793
JSP,seconds,SPEA2,SMS-EMOA,19,4,0,15,0.02480549995762933,0.026823099935427308,0.01517824997426942,0.04853149992413819
JSP,seconds,MOEA/D,SMS-EMOA,19,0,0,19,0.18010988944871842,0.1664664999116212,0.14038169995183125,0.21221730002434924
FJSP,hv_deficit_pct,XG,XH,32,0,0,32,2.6778080546055048,2.0098529393028306,0.6290693506657563,4.156115880739414
FJSP,hv_deficit_pct,XG,XT,32,0,0,32,1.7401659271727965,1.4070311987666007,0.4041947230264964,2.782041020712289
FJSP,hv_deficit_pct,XG,XE,32,0,0,32,0.7462012458665672,0.3358145311559202,0.11866988439752924,1.0884372165867933
FJSP,hv_deficit_pct,XG,XHT,32,0,0,32,2.655944190348478,1.9997320717253686,0.6104352772908855,4.335759047409835
FJSP,hv_deficit_pct,XG,XHE,32,0,0,32,2.5788673030174856,1.9204616098282556,0.5458426237276048,4.079338536082289
FJSP,hv_deficit_pct,XG,XTE,32,0,0,32,1.7484569805475567,1.3315239505240661,0.40193042129802736,2.8407739356655304
FJSP,hv_deficit_pct,XG,XHTE,32,0,0,32,2.6106569345912343,1.9860572383196995,0.5103419354755223,4.234535977093573
FJSP,hv_deficit_pct,XG,NSGA-II,32,24,0,8,-1.8146650570133365,-2.7458301801375096,-3.5971407937764077,-0.0951071003543219
FJSP,hv_deficit_pct,XG,SPEA2,32,25,0,7,-1.6968676290003535,-2.6252929468372765,-3.543082652654192,-0.14671104039185034
FJSP,hv_deficit_pct,XG,MOEA/D,32,22,0,10,-0.9086819882726354,-1.8999487889017843,-2.9378173512754207,1.3463947070501243
FJSP,hv_deficit_pct,XG,SMS-EMOA,32,24,0,8,-1.8390898487723129,-2.6620130988266544,-3.5533377485103497,-0.30006766108450733
FJSP,hv_deficit_pct,XH,XT,32,31,0,1,-0.9376421274327081,-0.4406742647886319,-1.8269804679541535,-0.22278648733878303
FJSP,hv_deficit_pct,XH,XE,32,32,0,0,-1.9316068087389375,-1.5110299438381658,-3.095744218498159,-0.4487460099853846
FJSP,hv_deficit_pct,XH,XHT,32,16,3,13,-0.021863864257026452,-5.583549819720979e-05,-0.05429915720010503,0.04675920343901463
FJSP,hv_deficit_pct,XH,XHE,32,24,2,6,-0.09894075158801939,-0.045857367680191,-0.1344447214119221,-5.548130350141456e-05
FJSP,hv_deficit_pct,XH,XTE,32,32,0,0,-0.9293510740579481,-0.42061337105430696,-1.844412797589992,-0.21767411123481406
FJSP,hv_deficit_pct,XH,XHTE,32,20,1,11,-0.06715112001427041,-0.016761223501826628,-0.09000178871046982,0.01417146165251515
FJSP,hv_deficit_pct,XH,NSGA-II,32,32,0,0,-4.492473111618841,-4.5086928649119065,-5.266959064718802,-3.7207662206778624
FJSP,hv_deficit_pct,XH,SPEA2,32,32,0,0,-4.374675683605858,-4.468922816224707,-5.279234615605713,-3.592744597374789
FJSP,hv_deficit_pct,XH,MOEA/D,32,32,0,0,-3.58649004287814,-3.796472883581592,-4.119638770262893,-2.981610745134325
FJSP,hv_deficit_pct,XH,SMS-EMOA,32,32,0,0,-4.516897903377818,-4.567814704017609,-5.402580810773089,-3.8072357687730563
FJSP,hv_deficit_pct,XT,XE,32,32,0,0,-0.9939646813062294,-0.8682107467553546,-1.4297607765657916,-0.2746602923741376
FJSP,hv_deficit_pct,XT,XHT,32,1,0,31,0.9157782631756817,0.4813848237697149,0.21955269788398735,1.7795968451697481
FJSP,hv_deficit_pct,XT,XHE,32,3,0,29,0.8387013758446887,0.3995976121823952,0.14878871866105536,1.7481529867455825
FJSP,hv_deficit_pct,XT,XTE,32,20,0,12,0.008291053374760021,-0.002187103855555428,-0.07334656937573181,0.06807093927794772
FJSP,hv_deficit_pct,XT,XHTE,32,3,0,29,0.8704910074184378,0.4813665702943615,0.19575804880052616,1.6712249054756712
FJSP,hv_deficit_pct,XT,NSGA-II,32,32,0,0,-3.554830984186133,-3.7040835658916973,-4.585426572440954,-2.5428229485487392
FJSP,hv_deficit_pct,XT,SPEA2,32,31,0,1,-3.4370335561731498,-3.5000222416589954,-4.5096674598257005,-2.6189351177744427
FJSP,hv_deficit_pct,XT,MOEA/D,32,29,0,3,-2.648847915445432,-2.9392169685908796,-3.676750413231894,-1.6932244506714877
FJSP,hv_deficit_pct,XT,SMS-EMOA,32,32,0,0,-3.5792557759451094,-3.769255814633338,-4.39707584686092,-2.6580708845621137
FJSP,hv_deficit_pct,XE,XHT,32,0,0,32,1.9097429444819112,1.517876859439432,0.44987959145054157,3.037628382168717
FJSP,hv_deficit_pct,XE,XHE,32,0,0,32,1.8326660571509181,1.4317594819410528,0.4338635729407819,2.9162375004441548
FJSP,hv_deficit_pct,XE,XTE,32,0,0,32,1.0022557346809895,0.811713016785065,0.2732698908290393,1.382528591943305
FJSP,hv_deficit_pct,XE,XHTE,32,0,0,32,1.864455688724667,1.5042202795091164,0.4407625029385659,2.954495843952165
FJSP,hv_deficit_pct,XE,NSGA-II,32,28,0,4,-2.5608663028799037,-3.11945655019204,-4.02143367223887,-0.6871043112984837
FJSP,hv_deficit_pct,XE,SPEA2,32,27,0,5,-2.4430688748669205,-3.0004827661408107,-3.881871961089098,-0.7044017326516855
FJSP,hv_deficit_pct,XE,MOEA/D,32,23,0,9,-1.6548832341392026,-2.5871200108490475,-3.1524691123836215,0.38533796893437944
FJSP,hv_deficit_pct,XE,SMS-EMOA,32,28,0,4,-2.58529109463888,-3.1465109897596375,-3.8327446536924326,-1.0216026301962553
FJSP,hv_deficit_pct,XHT,XHE,32,20,8,4,-0.07707688733099294,-0.019460410440375053,-0.13032249722805533,0.0
FJSP,hv_deficit_pct,XHT,XTE,32,32,0,0,-0.9074872098009217,-0.5358075061896395,-1.762486251410658,-0.21764619348571546
FJSP,hv_deficit_pct,XHT,XHTE,32,21,3,8,-0.04528725575724396,-0.017144847497391202,-0.053856209724656434,1.2558804635132148e-06
FJSP,hv_deficit_pct,XHT,NSGA-II,32,32,0,0,-4.470609247361815,-4.502958763315951,-5.283481014029646,-3.663887315061351
FJSP,hv_deficit_pct,XHT,SPEA2,32,32,0,0,-4.352811819348831,-4.468922816224707,-5.1503127775533795,-3.3078880113491804
FJSP,hv_deficit_pct,XHT,MOEA/D,32,32,0,0,-3.5646261786211135,-3.773069075828761,-4.02329808563927,-2.9959864286281195
FJSP,hv_deficit_pct,XHT,SMS-EMOA,32,32,0,0,-4.4950340391207915,-4.5154549640110115,-5.328522988197649,-3.8233700510693946
FJSP,hv_deficit_pct,XHE,XTE,32,30,0,2,-0.8304103224699287,-0.3847406268190412,-1.7288779801958531,-0.14135409442757318
FJSP,hv_deficit_pct,XHE,XHTE,32,13,1,18,0.03178963157374898,0.023420351469966016,-0.028641086038047603,0.09677396105376157
FJSP,hv_deficit_pct,XHE,NSGA-II,32,32,0,0,-4.393532360030822,-4.389038795805279,-5.24058842459518,-3.6392283060753123
FJSP,hv_deficit_pct,XHE,SPEA2,32,32,0,0,-4.275734932017839,-4.367815431790517,-5.104649451781976,-3.307761613811136
FJSP,hv_deficit_pct,XHE,MOEA/D,32,32,0,0,-3.487549291290121,-3.7196416054653736,-3.955874545767343,-2.960569046626069
FJSP,hv_deficit_pct,XHE,SMS-EMOA,32,32,0,0,-4.417957151789798,-4.458583010214539,-5.3079541177698175,-3.814029293513799
FJSP,hv_deficit_pct,XTE,XHTE,32,1,0,31,0.8621999540436777,0.455452355711905,0.20750092953077948,1.7027179551170557
FJSP,hv_deficit_pct,XTE,NSGA-II,32,32,0,0,-3.563122037560893,-3.7202559667890656,-4.613336827354203,-2.6221841159243895
FJSP,hv_deficit_pct,XTE,SPEA2,32,31,0,1,-3.44532460954791,-3.519021922501259,-4.420521762762911,-2.476270478964576
FJSP,hv_deficit_pct,XTE,MOEA/D,32,29,0,3,-2.657138968820192,-3.0089034591211483,-3.6281642782327124,-1.6817180537950671
FJSP,hv_deficit_pct,XTE,SMS-EMOA,32,32,0,0,-3.5875468293198693,-3.768301948974251,-4.3606766191542885,-2.7626032136411234
FJSP,hv_deficit_pct,XHTE,NSGA-II,32,32,0,0,-4.425321991604571,-4.466999668294708,-5.248623469730315,-3.573953779942865
FJSP,hv_deficit_pct,XHTE,SPEA2,32,32,0,0,-4.3075245635915875,-4.411141836711563,-5.141271727793223,-3.265548751618863
FJSP,hv_deficit_pct,XHTE,MOEA/D,32,32,0,0,-3.5193389228638696,-3.746918159296797,-4.020347514082376,-2.951225376718869
FJSP,hv_deficit_pct,XHTE,SMS-EMOA,32,32,0,0,-4.449746783363548,-4.463159376555714,-5.285751098965178,-3.7732529206168044
FJSP,hv_deficit_pct,NSGA-II,SPEA2,32,11,0,21,0.11779742801298308,0.12403189515938773,-0.05846028411358972,0.2503441117299444
FJSP,hv_deficit_pct,NSGA-II,MOEA/D,32,1,0,31,0.9059830687407011,0.8519851302629946,0.454197785396224,1.3937412560406537
FJSP,hv_deficit_pct,NSGA-II,SMS-EMOA,32,17,0,15,-0.024424791758976425,-0.0207181105895069,-0.1764489344733552,0.14418041152596262
FJSP,hv_deficit_pct,SPEA2,MOEA/D,32,5,0,27,0.788185640727718,0.7268777446418739,0.2251261922275677,1.257133764181989
FJSP,hv_deficit_pct,SPEA2,SMS-EMOA,32,23,0,9,-0.1422222197719595,-0.0844111340718654,-0.2660989557467739,0.02158077403535974
FJSP,hv_deficit_pct,MOEA/D,SMS-EMOA,32,30,0,2,-0.9304078604996775,-0.7756986861746085,-1.3138027957767608,-0.3912215907979856
FJSP,makespan_gap_pct,XG,XH,32,0,0,32,20.56524143529018,14.424025974025968,8.588113201331009,26.964127826196787
FJSP,makespan_gap_pct,XG,XT,32,0,0,32,13.529576088817988,11.851063829787234,5.7724326574299765,16.76136363636364
FJSP,makespan_gap_pct,XG,XE,32,0,2,30,5.6313328003599485,4.981397271599832,1.9177527179417895,6.880822586550595
FJSP,makespan_gap_pct,XG,XHT,32,0,0,32,20.550958536951505,14.541099144757675,8.588113201331009,26.964127826196787
FJSP,makespan_gap_pct,XG,XHE,32,0,0,32,20.069331787109252,14.424025974025968,8.588113201331009,25.315776177845144
FJSP,makespan_gap_pct,XG,XTE,32,0,0,32,13.529547651214209,12.136137667304014,5.407219043582684,17.494235836627137
FJSP,makespan_gap_pct,XG,XHTE,32,0,0,32,20.338671684076825,14.424025974025968,8.588113201331009,26.964127826196787
FJSP,makespan_gap_pct,XG,NSGA-II,32,19,0,13,-22.84948762707203,-25.28104079828217,-53.25209865295763,6.3266594516594505
FJSP,makespan_gap_pct,XG,SPEA2,32,19,0,13,-21.699575813750577,-23.98119122257053,-49.31390636839853,7.918360433604323
FJSP,makespan_gap_pct,XG,MOEA/D,32,18,0,14,-15.022831908685196,-12.417007150153214,-45.60170045781557,10.141931927793847
FJSP,makespan_gap_pct,XG,SMS-EMOA,32,19,1,12,-22.667666531231397,-25.718390804597696,-50.0708331960597,5.614177489177486
FJSP,makespan_gap_pct,XH,XT,32,27,4,1,-7.03566534647219,-4.629359049288917,-7.981801266196192,-2.3230125523012566
FJSP,makespan_gap_pct,XH,XE,32,32,0,0,-14.93390863493023,-9.991685144124162,-18.896046482253382,-6.630938930843778
FJSP,makespan_gap_pct,XH,XHT,32,8,19,5,-0.014282898338670996,0.0,-0.0806451612903214,0.0
FJSP,makespan_gap_pct,XH,XHE,32,11,20,1,-0.49590964818092487,0.0,-0.9797397219757475,0.0
FJSP,makespan_gap_pct,XH,XTE,32,28,3,1,-7.03569378407597,-4.9183632332191145,-7.08163569512073,-2.282845188284516
FJSP,makespan_gap_pct,XH,XHTE,32,11,18,3,-0.2265697512133534,0.0,-0.6151385927505193,0.0
FJSP,makespan_gap_pct,XH,NSGA-II,32,32,0,0,-43.414729062362206,-49.21706908917045,-63.153185397279884,-23.160183428210004
FJSP,makespan_gap_pct,XH,SPEA2,32,32,0,0,-42.26481724904075,-47.83607350096712,-59.14176593310452,-24.110459433040084
FJSP,makespan_gap_pct,XH,MOEA/D,32,32,0,0,-35.588073343975374,-35.8065349347798,-52.85757575757576,-17.454142947501584
FJSP,makespan_gap_pct,XH,SMS-EMOA,32,32,0,0,-43.23290796652157,-47.24415426662618,-58.966423458625826,-21.218374446552808
FJSP,makespan_gap_pct,XT,XE,32,32,0,0,-7.898243288458039,-5.640909090909085,-10.958296362023074,-3.775449383568086
FJSP,makespan_gap_pct,XT,XHT,32,0,3,29,7.02138244813352,4.313306713715304,2.118757233152313,7.981801266196192
FJSP,makespan_gap_pct,XT,XHE,32,3,3,26,6.539755698291265,3.7706611570248016,1.4351684172401291,7.981801266196192
FJSP,makespan_gap_pct,XT,XTE,32,12,11,9,-2.843760377882476e-05,0.0,-0.49765272527740323,0.3948771841766785
FJSP,makespan_gap_pct,XT,XHTE,32,2,4,26,6.809095595258837,4.313306713715304,2.118757233152313,7.981801266196192
FJSP,makespan_gap_pct,XT,NSGA-II,32,31,0,1,-36.37906371589001,-46.1106309420916,-58.53129587615106,-11.376811594202907
FJSP,makespan_gap_pct,XT,SPEA2,32,30,0,2,-35.22915190256857,-44.57288401253918,-55.265569348871,-13.400537634408598
FJSP,makespan_gap_pct,XT,MOEA/D,32,26,1,5,-28.552407997503185,-31.260493348831197,-50.72735042735044,-6.810850439882694
FJSP,makespan_gap_pct,XT,SMS-EMOA,32,31,0,1,-36.19724262004939,-42.371041879468834,-55.34423735260555,-12.040473665606228
FJSP,makespan_gap_pct,XE,XHT,32,0,0,32,14.919625736591557,9.42350332594235,6.302385557704704,18.896046482253382
FJSP,makespan_gap_pct,XE,XHE,32,0,0,32,14.437998986749305,9.42350332594235,5.7806388526727535,17.525506909466614
FJSP,makespan_gap_pct,XE,XTE,32,0,1,31,7.89821485085426,5.560574362875614,3.1628477905073673,11.508254987388213
FJSP,makespan_gap_pct,XE,XHTE,32,0,1,31,14.707338883716876,9.42350332594235,6.302385557704704,18.896046482253382
FJSP,makespan_gap_pct,XE,NSGA-II,32,23,1,8,-28.48082042743198,-33.33744906778614,-54.68861846814604,0.32467532467532756
FJSP,makespan_gap_pct,XE,SPEA2,32,23,0,9,-27.330908614110527,-31.779263429509726,-50.605192945923086,1.627530933633298
FJSP,makespan_gap_pct,XE,MOEA/D,32,19,1,12,-20.654164709045144,-19.784218590398375,-47.15066219440508,4.750356350966123
FJSP,makespan_gap_pct,XE,SMS-EMOA,32,24,0,8,-28.298999331591347,-32.98463127986568,-50.76598688762231,-1.2463532843967675
FJSP,makespan_gap_pct,XHT,XHE,32,9,22,1,-0.48162674984225384,0.0,-0.5114489489489449,0.0
FJSP,makespan_gap_pct,XHT,XTE,32,30,2,0,-7.021410885737298,-4.686215401479865,-7.08163569512073,-2.282845188284516
FJSP,makespan_gap_pct,XHT,XHTE,32,6,25,1,-0.2122868528746824,0.0,0.0,0.0
FJSP,makespan_gap_pct,XHT,NSGA-II,32,32,0,0,-43.400446164023535,-51.10507470058031,-62.46413319097826,-22.91824794433904
FJSP,makespan_gap_pct,XHT,SPEA2,32,32,0,0,-42.25053435070208,-48.576280041797276,-59.14176593310452,-24.247311827957
FJSP,makespan_gap_pct,XHT,MOEA/D,32,32,0,0,-35.5737904456367,-35.94399608706284,-52.85757575757576,-17.21220746363062
FJSP,makespan_gap_pct,XHT,SMS-EMOA,32,32,0,0,-43.2186250681829,-47.4693794918514,-58.966423458625826,-20.976438962681843
FJSP,makespan_gap_pct,XHE,XTE,32,27,2,3,-6.539784135895045,-3.951736465781419,-7.08163569512073,-1.5740070022938535
FJSP,makespan_gap_pct,XHE,XHTE,32,4,19,9,0.26933989696757143,0.0,0.0,0.4586107846977383
FJSP,makespan_gap_pct,XHE,NSGA-II,32,32,0,0,-42.91881941418128,-48.66144493804069,-62.46413319097826,-22.91824794433904
FJSP,makespan_gap_pct,XHE,SPEA2,32,32,0,0,-41.76890760085983,-47.267891682785304,-59.14176593310452,-23.86852394916912
FJSP,makespan_gap_pct,XHE,MOEA/D,32,32,0,0,-35.09216369579445,-35.8065349347798,-51.982051282051295,-17.21220746363062
FJSP,makespan_gap_pct,XHE,SMS-EMOA,32,32,0,0,-42.73699831834065,-47.06489337307957,-58.966423458625826,-20.976438962681843
FJSP,makespan_gap_pct,XTE,XHTE,32,0,5,27,6.8091240328626155,4.686215401479865,2.282845188284516,7.08163569512073
FJSP,makespan_gap_pct,XTE,NSGA-II,32,31,0,1,-36.37903527828624,-46.1106309420916,-57.77965770807574,-11.187683284457488
FJSP,makespan_gap_pct,XTE,SPEA2,32,31,0,1,-35.229123464964786,-43.42345872518286,-54.6120197793838,-12.997311827956985
FJSP,makespan_gap_pct,XTE,MOEA/D,32,26,1,5,-28.552379559899407,-30.111068061474874,-51.20991735537191,-6.40762463343108
FJSP,makespan_gap_pct,XTE,SMS-EMOA,32,31,0,1,-36.197214182445606,-42.371041879468834,-55.1305439330544,-12.666297117516635
FJSP,makespan_gap_pct,XHTE,NSGA-II,32,32,0,0,-43.18815931114885,-50.791102958037136,-62.46413319097826,-22.91824794433904
FJSP,makespan_gap_pct,XHTE,SPEA2,32,32,0,0,-42.0382474978274,-48.576280041797276,-59.14176593310452,-24.247311827957
FJSP,makespan_gap_pct,XHTE,MOEA/D,32,32,0,0,-35.36150359276202,-35.94399608706284,-52.85757575757576,-17.21220746363062
FJSP,makespan_gap_pct,XHTE,SMS-EMOA,32,32,0,0,-43.00633821530822,-47.4693794918514,-58.966423458625826,-20.976438962681843
FJSP,makespan_gap_pct,NSGA-II,SPEA2,32,9,2,21,1.1499118133214514,1.2332027820919649,-1.0142799946616812,3.3842519685039374
FJSP,makespan_gap_pct,NSGA-II,MOEA/D,32,1,0,31,7.8266557183868315,6.5444834650277945,4.53521703521705,11.510775081492204
FJSP,makespan_gap_pct,NSGA-II,SMS-EMOA,32,16,3,13,0.1818210958406311,-0.19920318725100117,-1.3607357357357373,1.941808981657195
FJSP,makespan_gap_pct,SPEA2,MOEA/D,32,3,1,28,6.67674390506538,6.077755905511817,2.352280844984185,9.431565078269598
FJSP,makespan_gap_pct,SPEA2,SMS-EMOA,32,18,4,10,-0.9680907174808202,-0.7426397253706973,-2.6022696487161685,0.902320586450017
FJSP,makespan_gap_pct,MOEA/D,SMS-EMOA,32,31,0,1,-7.644834622546201,-6.107226107226119,-9.988013341671865,-3.8278750235272057
FJSP,flowtime_gap_pct,XG,XH,32,0,0,32,13.397814302700553,10.317188866887108,8.327391469686638,15.158513621592062
FJSP,flowtime_gap_pct,XG,XT,32,0,0,32,8.318462475084434,6.501496342053015,5.1694206119137105,9.320210702764857
FJSP,flowtime_gap_pct,XG,XE,32,0,0,32,3.0796780273790856,2.0482864301373587,0.9235503426698761,4.37854616695928
FJSP,flowtime_gap_pct,XG,XHT,32,0,0,32,12.962679490011615,10.728022431671135,7.214012776734264,14.20205371672752
FJSP,flowtime_gap_pct,XG,XHE,32,0,0,32,12.538785406426816,10.063578057778644,7.136886761886775,13.670733983112898
FJSP,flowtime_gap_pct,XG,XTE,32,0,0,32,8.251992401684085,6.3225620588659,4.578718878897547,9.311449004217813
FJSP,flowtime_gap_pct,XG,XHTE,32,0,0,32,12.346013984215459,10.470425478425271,6.15972385491696,13.13073724704284
FJSP,flowtime_gap_pct,XG,NSGA-II,32,27,0,5,-31.792125621855767,-32.25351719030034,-52.87969126942926,-10.909436762561572
FJSP,flowtime_gap_pct,XG,SPEA2,32,27,0,5,-30.52583025520921,-31.34430006753454,-53.980284917784914,-8.151999539654259
FJSP,flowtime_gap_pct,XG,MOEA/D,32,27,0,5,-25.17402534530865,-24.237294857659567,-48.47880768322907,-7.8182731020926255
FJSP,flowtime_gap_pct,XG,SMS-EMOA,32,27,0,5,-31.646037161737116,-33.333333333333336,-51.243140868140856,-9.89998741048485
FJSP,flowtime_gap_pct,XH,XT,32,29,0,3,-5.079351827616118,-4.169779883888647,-5.417592080385081,-2.3179525392640175
FJSP,flowtime_gap_pct,XH,XE,32,32,0,0,-10.318136275321468,-7.750596007556354,-11.293552747827917,-6.459389421178208
FJSP,flowtime_gap_pct,XH,XHT,32,12,9,11,-0.43513481268893783,0.0,-0.46840704901430774,0.37046516378266836
FJSP,flowtime_gap_pct,XH,XHE,32,19,8,5,-0.8590288962737364,-0.2492584146944199,-1.0260649549829859,0.0
FJSP,flowtime_gap_pct,XH,XTE,32,30,0,2,-5.145821901016468,-4.240301745665798,-6.155671409537561,-2.232649621066302
FJSP,flowtime_gap_pct,XH,XHTE,32,17,4,11,-1.0518003184850953,-0.15947504006884605,-2.546258425495723,0.38459765044920324
FJSP,flowtime_gap_pct,XH,NSGA-II,32,32,0,0,-45.18993992455632,-44.0628122529939,-58.58836494704511,-34.34743274658433
FJSP,flowtime_gap_pct,XH,SPEA2,32,32,0,0,-43.92364455790976,-44.58899117920537,-58.312351266360686,-35.93458837677665
FJSP,flowtime_gap_pct,XH,MOEA/D,32,30,0,2,-38.5718396480092,-38.16442589580856,-52.798165250403244,-26.72866750735603
FJSP,flowtime_gap_pct,XH,SMS-EMOA,32,32,0,0,-45.043851464437665,-43.064035265142074,-57.49915324848247,-37.532910748052316
FJSP,flowtime_gap_pct,XT,XE,32,31,0,1,-5.238784447705349,-4.322050502968711,-5.562594421871587,-3.586603694740643
FJSP,flowtime_gap_pct,XT,XHT,32,2,0,30,4.64421701492718,4.1284673248707,1.9303676672672465,5.417592080385081
FJSP,flowtime_gap_pct,XT,XHE,32,3,1,28,4.220322931342381,3.901866943406962,1.7869351701322866,5.196109371558066
FJSP,flowtime_gap_pct,XT,XTE,32,15,8,9,-0.06647007340035008,0.0,-0.5258783252086674,0.1017669878658809
FJSP,flowtime_gap_pct,XT,XHTE,32,3,1,28,4.0275515091310226,4.005253362128802,1.084212664317774,5.233403754349658
FJSP,flowtime_gap_pct,XT,NSGA-II,32,32,0,0,-40.1105880969402,-39.41398914248721,-55.55151904087495,-27.809514312749698
FJSP,flowtime_gap_pct,XT,SPEA2,32,32,0,0,-38.844292730293645,-40.823656193009384,-55.116171596124424,-25.79030829848475
FJSP,flowtime_gap_pct,XT,MOEA/D,32,29,0,3,-33.49248782039309,-31.611796481495006,-49.753813584326686,-21.36298714548052
FJSP,flowtime_gap_pct,XT,SMS-EMOA,32,32,0,0,-39.96449963682155,-40.93237109341498,-55.35888773388772,-28.94649969807515
FJSP,flowtime_gap_pct,XE,XHT,32,0,0,32,9.88300146263253,8.148052765616498,5.670682306762625,11.621459414646802
FJSP,flowtime_gap_pct,XE,XHE,32,0,0,32,9.459107379047731,7.513403901156013,5.670682306762625,10.203103717883206
FJSP,flowtime_gap_pct,XE,XTE,32,1,0,31,5.1723143743049995,4.25407792980016,2.8811410943632385,5.818696519333449
FJSP,flowtime_gap_pct,XE,XHTE,32,0,0,32,9.266335956836372,7.812031056305869,4.683942183942191,10.511439311506876
FJSP,flowtime_gap_pct,XE,NSGA-II,32,30,0,2,-34.87180364923485,-34.39406141410527,-53.543305493633014,-17.034051695245633
FJSP,flowtime_gap_pct,XE,SPEA2,32,29,0,3,-33.605508282588296,-34.58343881475052,-54.5736391986392,-11.388826700861532
FJSP,flowtime_gap_pct,XE,MOEA/D,32,27,0,5,-28.253703372687735,-26.60860981474618,-49.0558243833353,-14.566083996753983
FJSP,flowtime_gap_pct,XE,SMS-EMOA,32,30,0,2,-34.7257151891162,-36.16143481929992,-52.00969019719019,-14.716689054505022
FJSP,flowtime_gap_pct,XHT,XHE,32,14,17,1,-0.42389408358479846,0.0,-0.7142539621846355,0.0
FJSP,flowtime_gap_pct,XHT,XTE,32,30,0,2,-4.71068708832753,-4.334795936532276,-5.846006035085349,-2.327174584270658
FJSP,flowtime_gap_pct,XHT,XHTE,32,17,10,5,-0.6166655057961573,-0.13952228082732,-0.8665618224253824,0.0
FJSP,flowtime_gap_pct,XHT,NSGA-II,32,32,0,0,-44.754805111867384,-43.03945324830122,-58.56021179389195,-35.187743995075834
FJSP,flowtime_gap_pct,XHT,SPEA2,32,32,0,0,-43.488509745220824,-42.23985873696489,-58.44514915859254,-34.50897923311421
FJSP,flowtime_gap_pct,XHT,MOEA/D,32,32,0,0,-38.136704835320266,-37.44484630996483,-52.77001209725009,-24.886156648451735
FJSP,flowtime_gap_pct,XHT,SMS-EMOA,32,32,0,0,-44.60871665174873,-43.01706781267333,-57.66488501798783,-36.61061845467434
FJSP,flowtime_gap_pct,XHE,XTE,32,29,1,2,-4.286793004742732,-4.172318683306198,-5.356469739628173,-1.9220157571686047
FJSP,flowtime_gap_pct,XHE,XHTE,32,12,6,14,-0.19277142221135882,0.0,-0.7167240271131803,0.6962794698643748
FJSP,flowtime_gap_pct,XHE,NSGA-II,32,32,0,0,-44.330911028282586,-42.968633472996245,-57.91882068784864,-33.8533036951558
FJSP,flowtime_gap_pct,XHE,SPEA2,32,32,0,0,-43.064615661636026,-42.10039176997215,-58.16946073431922,-32.69098105111239
FJSP,flowtime_gap_pct,XHE,MOEA/D,32,31,0,1,-37.71281075173547,-36.9840742053571,-52.48344004484834,-24.886156648451735
FJSP,flowtime_gap_pct,XHE,SMS-EMOA,32,32,0,0,-44.18482256816393,-42.68659502997125,-57.4609074555197,-34.792620272672515
FJSP,flowtime_gap_pct,XTE,XHTE,32,4,0,28,4.094021582531373,4.255295492954159,1.4739821704779112,5.752960282042213
FJSP,flowtime_gap_pct,XTE,NSGA-II,32,32,0,0,-40.04411802353985,-38.14685202632978,-55.35915379665381,-27.809514312749698
FJSP,flowtime_gap_pct,XTE,SPEA2,32,32,0,0,-38.77782265689329,-40.32949251395854,-55.116171596124424,-25.79030829848475
FJSP,flowtime_gap_pct,XTE,MOEA/D,32,29,0,3,-33.426017746992734,-30.753865100187753,-49.60370441402101,-22.32452560701898
FJSP,flowtime_gap_pct,XTE,SMS-EMOA,32,32,0,0,-39.898029563421204,-40.05028254150771,-55.421824796824794,-28.94649969807515
FJSP,flowtime_gap_pct,XHTE,NSGA-II,32,32,0,0,-44.13813960607123,-43.03945324830122,-58.42264890436288,-34.133595931696874
FJSP,flowtime_gap_pct,XHTE,SPEA2,32,32,0,0,-42.87184423942467,-41.98782831745851,-58.51686002039775,-33.45483116973524
FJSP,flowtime_gap_pct,XHTE,MOEA/D,32,32,0,0,-37.52003932952411,-36.76197713307244,-53.371309355206726,-24.886156648451735
FJSP,flowtime_gap_pct,XHTE,SMS-EMOA,32,32,0,0,-43.99205114595257,-42.608278849975335,-58.378907935511705,-35.55647039129538
FJSP,flowtime_gap_pct,NSGA-II,SPEA2,32,9,0,23,1.2662953666465566,1.0826746862925951,-0.32809656097328244,3.1417156917774207
FJSP,flowtime_gap_pct,NSGA-II,MOEA/D,32,2,0,30,6.618100276547116,5.996897276002698,4.066536967638246,9.264375148671142
FJSP,flowtime_gap_pct,NSGA-II,SMS-EMOA,32,14,1,17,0.14608846011865062,0.7670943276993007,-1.2510373837364508,2.2496601682663666
FJSP,flowtime_gap_pct,SPEA2,MOEA/D,32,2,0,30,5.351804909900559,4.818164989397864,2.2911189766335207,10.114544599735009
FJSP,flowtime_gap_pct,SPEA2,SMS-EMOA,32,23,0,9,-1.120206906527906,-1.3010612307086475,-2.3088666431667395,0.1988000829858283
FJSP,flowtime_gap_pct,MOEA/D,SMS-EMOA,32,30,0,2,-6.4720118164284655,-6.408033890543887,-10.24735237366412,-3.0886030294037
FJSP,seconds,XG,XH,32,32,0,0,-31.706553953125,-15.854841,-37.18485832499999,-9.37062935
FJSP,seconds,XG,XT,32,32,0,0,-27.415526371875,-13.74931535,-27.0904622,-7.781921025
FJSP,seconds,XG,XE,32,32,0,0,-3.42521405,-2.4537584,-4.011148175,-1.8279204999999998
FJSP,seconds,XG,XHT,32,32,0,0,-30.53451539375,-15.2731657,-36.664326224999996,-8.578720725
FJSP,seconds,XG,XHE,32,32,0,0,-17.469262359375,-8.72384705,-20.034798300000002,-5.3149935
FJSP,seconds,XG,XTE,32,32,0,0,-15.54744096875,-8.163917900000001,-16.589997574999998,-5.130915249999999
FJSP,seconds,XG,XHTE,32,32,0,0,-21.747790225,-10.6210634,-25.4041635,-6.065121125000001
FJSP,seconds,XG,NSGA-II,32,32,0,0,-0.3323826312525229,-0.2617418499967664,-0.5131582000286427,-0.17216784998543633
FJSP,seconds,XG,SPEA2,32,32,0,0,-0.3605652781197308,-0.31191189999940094,-0.49914819998910054,-0.19745452499996535
FJSP,seconds,XG,MOEA/D,32,32,0,0,-0.5011423968798512,-0.45709329994410497,-0.6433456499913126,-0.3207823250258003
FJSP,seconds,XG,SMS-EMOA,32,32,0,0,-0.32983544375104557,-0.2602096999717526,-0.5094663250756107,-0.1684101250045564
FJSP,seconds,XH,XT,32,4,0,28,4.291027581250001,2.8440474500000015,1.010266575,6.471267174999998
FJSP,seconds,XH,XE,32,0,0,32,28.281339903125,13.59190555,7.2009490750000005,32.77888002500001
FJSP,seconds,XH,XHT,32,8,0,24,1.1720385593750005,0.28188970000000024,0.03586482499999999,1.7433186250000006
FJSP,seconds,XH,XHE,32,0,0,32,14.237291593750001,7.2287691,3.8372157749999998,16.296786675000003
FJSP,seconds,XH,XTE,32,0,0,32,16.159112984375,7.978187100000001,4.453306425,21.295828450000002
FJSP,seconds,XH,XHTE,32,0,0,32,9.958763728125001,6.058122699999999,2.5584761499999993,11.340391750000002
FJSP,seconds,XH,NSGA-II,32,0,0,32,31.374171321872478,15.68770934996973,9.065828699994446,36.57665952498715
FJSP,seconds,XH,SPEA2,32,0,0,32,31.34598867500527,15.658738100033581,9.027837125058133,36.49666672499657
FJSP,seconds,XH,MOEA/D,32,0,0,32,31.20541155624515,15.526847450009875,8.881115424997253,36.34103987499762
FJSP,seconds,XH,SMS-EMOA,32,0,0,32,31.376718509373955,15.693748150026288,9.054833650033535,36.57707037503056
FJSP,seconds,XT,XE,32,0,0,32,23.990312321875,10.76554265,5.449383200000001,23.78117725
FJSP,seconds,XT,XHT,32,27,0,5,-3.118989021875,-2.1075533500000017,-6.0284548,-0.6946164999999997
FJSP,seconds,XT,XHE,32,0,0,32,9.9462640125,3.5848726500000008,1.2932127999999996,8.99922505
FJSP,seconds,XT,XTE,32,0,0,32,11.868085403125,5.0167684999999995,2.732362325,10.64136555
FJSP,seconds,XT,XHTE,32,7,0,25,5.667736146875,1.7574490000000003,0.09066479999999966,6.4276114249999985
FJSP,seconds,XT,NSGA-II,32,0,0,32,27.08314374062248,13.531406200032844,7.452542074994482,26.898325924969473
FJSP,seconds,XT,SPEA2,32,0,0,32,27.05496109375527,13.482811449976335,7.4129970250453985,26.877310200016442
FJSP,seconds,XT,MOEA/D,32,0,0,32,26.91438397499515,13.358549649951211,7.282673074989645,26.757131174967586
FJSP,seconds,XT,SMS-EMOA,32,0,0,32,27.085690928123956,13.534110399960237,7.440535125011876,26.88752767496459
FJSP,seconds,XE,XHT,32,32,0,0,-27.10930134375,-12.900860900000001,-32.179644475,-6.504699625000001
FJSP,seconds,XE,XHE,32,32,0,0,-14.044048309375,-6.21207995,-16.11725695,-3.2184597
FJSP,seconds,XE,XTE,32,32,0,0,-12.12222691875,-5.74877415,-13.280712625,-2.798377425
FJSP,seconds,XE,XHTE,32,32,0,0,-18.322576175,-8.419818,-21.48662215,-4.106200325
FJSP,seconds,XE,NSGA-II,32,0,0,32,3.092831418747477,2.222692299990187,1.6857136499731984,3.558091300039826
FJSP,seconds,XE,SPEA2,32,0,0,32,3.064648771880269,2.208506250004022,1.686234900013236,3.4673831999774967
FJSP,seconds,XE,MOEA/D,32,0,0,32,2.9240716531201487,2.0528058999631282,1.5258621000232357,3.3482949749690425
FJSP,seconds,XE,SMS-EMOA,32,0,0,32,3.0953786062489543,2.240027599997698,1.6973967500218838,3.5424611249815166
FJSP,seconds,XHT,XHE,32,0,0,32,13.065253034374999,6.419775850000001,3.43550795,15.023561175000001
FJSP,seconds,XHT,XTE,32,0,0,32,14.987074425,7.878294350000001,2.608030225,17.889346525000004
FJSP,seconds,XHT,XHTE,32,0,0,32,8.78672516875,4.166332900000001,2.3919010500000004,10.637109000000002
FJSP,seconds,XHT,NSGA-II,32,0,0,32,30.202132762497477,14.909780650037256,8.350189425028361,36.144210524998286
FJSP,seconds,XHT,SPEA2,32,0,0,32,30.17395011563027,14.903151950029105,8.325966500043137,36.07022419996365
FJSP,seconds,XHT,MOEA/D,32,0,0,32,30.03337299687015,14.737394100041975,8.171860150009593,35.92587509998275
FJSP,seconds,XHT,SMS-EMOA,32,0,0,32,30.204679949998955,14.906923850053836,8.35644735003632,36.14005817504521
FJSP,seconds,XHE,XTE,32,4,0,28,1.9218213906250008,0.9450026500000002,0.36903089999999994,2.4548485000000007
FJSP,seconds,XHE,XHTE,32,31,0,1,-4.278527865625,-1.7515703499999988,-4.919817649999999,-0.9710619500000008
FJSP,seconds,XHE,NSGA-II,32,0,0,32,17.136879728122477,8.366216249984575,5.040864949989349,19.58842109997714
FJSP,seconds,XHE,SPEA2,32,0,0,32,17.10869708125527,8.353833300029105,5.006930300036196,19.520762375015337
FJSP,seconds,XHE,MOEA/D,32,0,0,32,16.968119962495148,8.188080899987256,4.863474874991675,19.341258224956263
FJSP,seconds,XHE,SMS-EMOA,32,0,0,32,17.139426915623954,8.372538800048062,5.02995542501028,19.585566699953787
FJSP,seconds,XTE,XHTE,32,30,0,2,-6.20034925625,-3.0310621499999995,-7.455663374999999,-1.076781575
FJSP,seconds,XTE,NSGA-II,32,0,0,32,15.215058337497476,7.985642800005044,4.801536299994482,16.397861299969474
FJSP,seconds,XTE,SPEA2,32,0,0,32,15.186875690630268,7.97649215000205,4.761991250045399,16.376845575016443
FJSP,seconds,XTE,MOEA/D,32,0,0,32,15.046298571870148,7.8221488499686895,4.631667299989645,16.256666549967587
FJSP,seconds,XTE,SMS-EMOA,32,0,0,32,15.217605524998953,7.997767900014187,4.789529350011876,16.387063049964592
FJSP,seconds,XHTE,NSGA-II,32,0,0,32,21.415407593747478,10.257678350037256,5.923644925011461,24.957786299977137
FJSP,seconds,XHTE,SPEA2,32,0,0,32,21.38722494688027,10.251049650029106,5.917219074976304,24.890127575015335
FJSP,seconds,XHTE,MOEA/D,32,0,0,32,21.24664782812015,10.085291800041976,5.77731069996152,24.71062342495626
FJSP,seconds,XHTE,SMS-EMOA,32,0,0,32,21.417954781248955,10.254821550053837,5.941700624951766,24.954931899953785
FJSP,seconds,NSGA-II,SPEA2,32,25,0,7,-0.02818264686720795,-0.025456199946347624,-0.04733065006439574,-0.003053975058719516
FJSP,seconds,NSGA-II,MOEA/D,32,32,0,0,-0.1687597656273283,-0.1643701499560848,-0.1918264500272926,-0.13963532497291453
FJSP,seconds,NSGA-II,SMS-EMOA,32,14,0,18,0.0025471875014773104,0.0005145000759512186,-0.006123625033069402,0.008812900021439418
FJSP,seconds,SPEA2,MOEA/D,32,32,0,0,-0.14057711876012036,-0.1431733500212431,-0.1605191500566434,-0.12081827502697706
FJSP,seconds,SPEA2,SMS-EMOA,32,3,0,29,0.03072983436868526,0.029466899984981865,0.012337024993030354,0.04313270002603531
FJSP,seconds,MOEA/D,SMS-EMOA,32,0,0,32,0.17130695312880562,0.16654155001742765,0.1472068750008475,0.18733447507838719
PFSP,hv_deficit_pct,XG,XH,18,0,0,18,1.735738142870134,1.4717086070775482,0.904720728240388,2.5641678088179995
PFSP,hv_deficit_pct,XG,XT,18,0,0,18,1.7897660977018122,1.562513086411327,0.7214869504492627,2.722993856653361
PFSP,hv_deficit_pct,XG,XE,18,0,0,18,4.246059098526929,3.952567787016093,2.8559520283511914,6.004186141892978
PFSP,hv_deficit_pct,XG,XHT,18,0,0,18,2.341537393052346,2.216282356809585,0.991270966397953,3.220018420097978
PFSP,hv_deficit_pct,XG,XHE,18,0,0,18,3.630740522731825,3.442602399684802,2.2683796569589187,4.978436455250216
PFSP,hv_deficit_pct,XG,XTE,18,0,0,18,3.690527725927122,3.445092350142537,2.1973687283465884,5.349496698533917
PFSP,hv_deficit_pct,XG,XHTE,18,0,0,18,3.4979148996938547,3.5884483441976256,1.9546307006039876,4.705278353315828
PFSP,hv_deficit_pct,XG,NSGA-II,18,0,0,18,3.5247341874658256,3.0681298663690404,2.1549301941688856,5.120203990077149
PFSP,hv_deficit_pct,XG,SPEA2,18,0,0,18,3.5867673101893063,3.077165870099119,2.2351809012449793,5.201682694680707
PFSP,hv_deficit_pct,XG,MOEA/D,18,0,0,18,4.313033858944493,3.697858016026667,2.8207111978963946,5.682608893555277
PFSP,hv_deficit_pct,XG,SMS-EMOA,18,0,0,18,3.4947877107104213,3.018899820912363,2.1645346452423384,5.062921195477139
PFSP,hv_deficit_pct,XH,XT,18,12,0,6,0.054027954831678264,-0.17669390882210645,-0.4295555386797184,0.20525386679898505
PFSP,hv_deficit_pct,XH,XE,18,0,0,18,2.5103209556567943,2.2662691269017765,1.5985254910501345,2.9109014601566896
PFSP,hv_deficit_pct,XH,XHT,18,2,0,16,0.605799250182212,0.28191985448863255,0.1462048595032267,0.4374765154733701
PFSP,hv_deficit_pct,XH,XHE,18,0,0,18,1.8950023798616908,1.566839530878389,1.2017861983361215,1.9560197350851127
PFSP,hv_deficit_pct,XH,XTE,18,0,0,18,1.954789583056988,1.6408297076625722,1.1982510783907525,2.1331539995697812
PFSP,hv_deficit_pct,XH,XHTE,18,0,0,18,1.7621767568237208,1.327587101228661,0.9727158108517153,1.8484806450650315
PFSP,hv_deficit_pct,XH,NSGA-II,18,1,0,17,1.7889960445956914,1.4717573423837782,0.9894490492789676,2.179559405660364
PFSP,hv_deficit_pct,XH,SPEA2,18,0,0,18,1.8510291673191723,1.558326091607215,1.085391945599895,2.1163991826383786
PFSP,hv_deficit_pct,XH,MOEA/D,18,0,0,18,2.577295716074359,2.3100370990745187,1.6527055932845007,2.6665990357585905
PFSP,hv_deficit_pct,XH,SMS-EMOA,18,0,0,18,1.7590495678402873,1.4599870816245586,1.0241193338955261,2.138717189312764
PFSP,hv_deficit_pct,XT,XE,18,0,0,18,2.456293000825116,2.6050422443673282,1.5566991687922833,3.3285977560353146
PFSP,hv_deficit_pct,XT,XHT,18,1,0,17,0.5517712953505338,0.3836588007625428,0.2054192371851421,0.8266764672651
PFSP,hv_deficit_pct,XT,XHE,18,0,0,18,1.8409744250300126,1.7952985520670817,1.2077016121605832,2.3848827501565637
PFSP,hv_deficit_pct,XT,XTE,18,0,0,18,1.9007616282253097,1.7790247527571246,1.3222770841159415,2.4815738253912394
PFSP,hv_deficit_pct,XT,XHTE,18,0,0,18,1.7081488019920426,1.7332745166960206,1.0813943239081554,2.033582382323668
PFSP,hv_deficit_pct,XT,NSGA-II,18,1,0,17,1.7349680897640132,1.552460588584026,1.1149763242808168,2.609617322651761
PFSP,hv_deficit_pct,XT,SPEA2,18,0,0,18,1.7970012124874941,1.6890506122684779,1.1742655835295461,2.6336005104617977
PFSP,hv_deficit_pct,XT,MOEA/D,18,0,0,18,2.5232677612426806,2.356192275862301,1.878632688583501,3.121937059593244
PFSP,hv_deficit_pct,XT,SMS-EMOA,18,0,0,18,1.705021613008609,1.5937347002344615,1.0933022100366814,2.4523498112146798
PFSP,hv_deficit_pct,XE,XHT,18,18,0,0,-1.9045217054745822,-1.8910396461772006,-2.459846859384629,-1.2070163421676412
PFSP,hv_deficit_pct,XE,XHE,18,18,0,0,-0.6153185757951034,-0.5524618428511541,-0.8952159952411359,-0.28982075950822195
PFSP,hv_deficit_pct,XE,XTE,18,17,0,1,-0.5555313725998065,-0.4395681426884568,-0.8413506021667988,-0.2376562620000633
PFSP,hv_deficit_pct,XE,XHTE,18,17,0,1,-0.7481441988330735,-0.596237929372545,-1.114072914112643,-0.4047456874879951
PFSP,hv_deficit_pct,XE,NSGA-II,18,18,0,0,-0.7213249110611029,-0.6438514959947739,-0.992410000675259,-0.35573378362065977
PFSP,hv_deficit_pct,XE,SPEA2,18,18,0,0,-0.6592917883376218,-0.6434820329356272,-0.8841373690682913,-0.3675011548534529
PFSP,hv_deficit_pct,XE,MOEA/D,18,7,0,11,0.06697476041756462,0.08446035768515658,-0.12764471521206633,0.22347664695139546
PFSP,hv_deficit_pct,XE,SMS-EMOA,18,18,0,0,-0.7512713878165069,-0.650281723504309,-1.0543149165309602,-0.39516057708553487
PFSP,hv_deficit_pct,XHT,XHE,18,0,0,18,1.2892031296794788,1.0263515152258873,0.7027117978475272,1.7133681849551081
PFSP,hv_deficit_pct,XHT,XTE,18,0,0,18,1.3489903328747759,1.2676875691336853,0.8883265688315989,1.6606947810338057
PFSP,hv_deficit_pct,XHT,XHTE,18,0,0,18,1.1563775066415087,0.8885617890877551,0.5644621850611514,1.475515032851632
PFSP,hv_deficit_pct,XHT,NSGA-II,18,3,0,15,1.1831967944134794,1.1792985703951653,0.7723586531646093,1.6861309525942891
PFSP,hv_deficit_pct,XHT,SPEA2,18,2,0,16,1.2452299171369603,1.1519874964685373,0.7854237285786492,1.6925725795150393
PFSP,hv_deficit_pct,XHT,MOEA/D,18,0,0,18,1.9714964658921468,1.6862530264758202,1.2508195394922734,2.4936742076967997
PFSP,hv_deficit_pct,XHT,SMS-EMOA,18,1,0,17,1.1532503176580753,1.0300516903784973,0.781681582468019,1.651068409271661
PFSP,hv_deficit_pct,XHE,XTE,18,9,0,9,0.05978720319529704,-0.0038062622954637693,-0.1713503023277163,0.25818685821360765
PFSP,hv_deficit_pct,XHE,XHTE,18,12,0,6,-0.13282562303796996,-0.13660417695646743,-0.2354655905840275,0.048684371461893416
PFSP,hv_deficit_pct,XHE,NSGA-II,18,11,0,7,-0.10600633526599938,-0.11376843416922022,-0.45393284660715516,0.13550407711048484
PFSP,hv_deficit_pct,XHE,SPEA2,18,11,0,7,-0.04397321254251839,-0.042956495545071194,-0.24836513534763627,0.199346430176911
PFSP,hv_deficit_pct,XHE,MOEA/D,18,1,0,17,0.6822933362126681,0.5928446107353658,0.4295664849473274,0.9312702532589395
PFSP,hv_deficit_pct,XHE,SMS-EMOA,18,9,0,9,-0.1359528120214035,-0.08472993640638582,-0.5949817855431111,0.14856709450017935
PFSP,hv_deficit_pct,XTE,XHTE,18,14,0,4,-0.19261282623326703,-0.20002314661980436,-0.26397436744192426,-0.0069416087264212445
PFSP,hv_deficit_pct,XTE,NSGA-II,18,11,0,7,-0.1657935384612964,-0.10216883104604557,-0.2537358520067534,0.12179554924094393
PFSP,hv_deficit_pct,XTE,SPEA2,18,12,0,6,-0.10376041573781543,-0.03149514984263635,-0.1862968262383552,0.03946536878797757
PFSP,hv_deficit_pct,XTE,MOEA/D,18,1,0,17,0.622506133017371,0.5191017235326556,0.3379942083037685,0.9084271117723558
PFSP,hv_deficit_pct,XTE,SMS-EMOA,18,13,0,5,-0.19574001521670054,-0.19039368295605263,-0.4055478956881797,0.021759301856189017
PFSP,hv_deficit_pct,XHTE,NSGA-II,18,7,0,11,0.0268192877719706,0.122670974606498,-0.5482671975896442,0.3219537473140882
PFSP,hv_deficit_pct,XHTE,SPEA2,18,7,0,11,0.08885241049545159,0.21261717162725513,-0.26949705903178134,0.378183357640105
PFSP,hv_deficit_pct,XHTE,MOEA/D,18,0,0,18,0.815118959250638,0.6544919552691097,0.5022773295677435,1.1695584545762305
PFSP,hv_deficit_pct,XHTE,SMS-EMOA,18,7,0,11,-0.003127188983433523,0.09856809615315654,-0.4562946811070251,0.44185507158265025
PFSP,hv_deficit_pct,NSGA-II,SPEA2,18,6,0,12,0.062033122723480986,0.04891099151543288,-0.044245969744527436,0.10906567949630352
PFSP,hv_deficit_pct,NSGA-II,MOEA/D,18,0,0,18,0.7882996714786674,0.76067914185316,0.39091017242468273,1.0297984138277538
PFSP,hv_deficit_pct,NSGA-II,SMS-EMOA,18,10,0,8,-0.02994647675540412,-0.05817204009166965,-0.15812343691131991,0.06342035341899144
PFSP,hv_deficit_pct,SPEA2,MOEA/D,18,0,0,18,0.7262665487551865,0.6947983094735932,0.38964076504469647,0.938790994162686
PFSP,hv_deficit_pct,SPEA2,SMS-EMOA,18,12,0,6,-0.09197959947888511,-0.07919327780236962,-0.1885387791363602,0.02725608176215033
PFSP,hv_deficit_pct,MOEA/D,SMS-EMOA,18,18,0,0,-0.8182461482340716,-0.7275366043345999,-1.1019068755673294,-0.4398006839818114
PFSP,makespan_gap_pct,XG,XH,18,0,0,18,6.0683015680006465,4.943768984907258,4.040852188464601,8.194392019554947
PFSP,makespan_gap_pct,XG,XT,18,0,0,18,5.420587727712085,6.127299246257812,3.4559165141163763,6.895599022004895
PFSP,makespan_gap_pct,XG,XE,18,0,0,18,12.890177341900484,13.491528512391525,8.991351546951336,15.314774336799605
PFSP,makespan_gap_pct,XG,XHT,18,0,0,18,7.781177180784606,8.142497460460119,4.629634066350619,10.246510926902799
PFSP,makespan_gap_pct,XG,XHE,18,0,0,18,11.632909794435543,12.021648306036203,7.79757796079697,14.037095980201098
PFSP,makespan_gap_pct,XG,XTE,18,0,0,18,11.425466786635317,11.795468622656891,7.602804630298731,13.985247966240605
PFSP,makespan_gap_pct,XG,XHTE,18,0,0,18,11.23217768268155,12.260174149803337,7.457596498643359,13.303708110673812
PFSP,makespan_gap_pct,XG,NSGA-II,18,0,0,18,10.776337084528064,10.27849133047134,7.648598890261088,13.45836500414746
PFSP,makespan_gap_pct,XG,SPEA2,18,0,0,18,11.032228411058266,10.773235203520017,8.087816952837068,13.25424590898547
PFSP,makespan_gap_pct,XG,MOEA/D,18,0,0,18,13.651250131538886,14.437888042762015,9.694897774561245,16.16702794765168
PFSP,makespan_gap_pct,XG,SMS-EMOA,18,0,0,18,10.76946080053882,10.698902684553413,7.6572875800343,13.259630236038149
PFSP,makespan_gap_pct,XH,XT,18,11,0,7,-0.6477138402885624,-0.6446075288746633,-2.2340948693126794,0.951420197972163
PFSP,makespan_gap_pct,XH,XE,18,0,0,18,6.821875773899838,6.538388346831004,4.158421287908432,8.325511729744973
PFSP,makespan_gap_pct,XH,XHT,18,2,2,14,1.7128756127839597,1.3658649891120316,0.21968964977579009,2.3976847920509856
PFSP,makespan_gap_pct,XH,XHE,18,0,0,18,5.564608226434896,4.451056909914609,3.529376611222318,7.666730483355112
PFSP,makespan_gap_pct,XH,XTE,18,0,0,18,5.3571652186346705,4.57808100213164,3.0891134540907137,6.032262026895397
PFSP,makespan_gap_pct,XH,XHTE,18,0,0,18,5.163876114680904,3.79785778903563,3.0983847621857405,6.500460107017487
PFSP,makespan_gap_pct,XH,NSGA-II,18,1,0,17,4.708035516527417,4.073526754403434,2.7008571474904217,5.930415973924641
PFSP,makespan_gap_pct,XH,SPEA2,18,1,0,17,4.96392684305762,4.563110438673601,2.5902854001506714,5.712256460842175
PFSP,makespan_gap_pct,XH,MOEA/D,18,0,0,18,7.582948563538239,7.44297517142829,4.420117574049836,9.032574507446428
PFSP,makespan_gap_pct,XH,SMS-EMOA,18,1,0,17,4.701159232538172,3.905115357404288,2.9671416857470274,5.43710561314158
PFSP,makespan_gap_pct,XT,XE,18,0,1,17,7.4695896141884,7.6153538271454435,5.419710759943119,9.581478284686845
PFSP,makespan_gap_pct,XT,XHT,18,1,2,15,2.360589453072522,2.1897335362580206,0.6509354613261744,3.4495450145208046
PFSP,makespan_gap_pct,XT,XHE,18,0,1,17,6.212322066723458,6.694900214839483,4.370184816333511,7.92155380390675
PFSP,makespan_gap_pct,XT,XTE,18,0,1,17,6.004879058923233,6.038583311439682,4.265579880586213,7.875812220732015
PFSP,makespan_gap_pct,XT,XHTE,18,0,1,17,5.811589954969466,5.937637335926105,4.364502359361327,7.511592879065843
PFSP,makespan_gap_pct,XT,NSGA-II,18,1,0,17,5.355749356815979,5.383565540199875,2.9205159658067084,7.786264250559988
PFSP,makespan_gap_pct,XT,SPEA2,18,1,0,17,5.611640683346183,5.41880450391392,3.3980504439582946,8.023470707196745
PFSP,makespan_gap_pct,XT,MOEA/D,18,0,1,17,8.230662403826802,8.41717788657872,5.6755230951441025,10.513758819444664
PFSP,makespan_gap_pct,XT,SMS-EMOA,18,0,1,17,5.348873072826734,5.077645760520721,3.000203748981245,8.095709392500838
PFSP,makespan_gap_pct,XE,XHT,18,17,1,0,-5.109000161115878,-4.4337615315032775,-7.871576358177235,-3.4280786205622915
PFSP,makespan_gap_pct,XE,XHE,18,15,1,2,-1.2572675474649415,-1.4284008263479309,-2.1175680248323503,-0.6496340562680447
PFSP,makespan_gap_pct,XE,XTE,18,15,1,2,-1.4647105552651671,-1.4082950875403677,-2.354106824040092,-0.8651355511571313
PFSP,makespan_gap_pct,XE,XHTE,18,16,1,1,-1.6579996592189339,-1.6557684463034295,-2.470444796781784,-0.9039317859614537
PFSP,makespan_gap_pct,XE,NSGA-II,18,17,1,0,-2.113840257372421,-1.7632269781975962,-2.803045006545352,-1.2604206500956117
PFSP,makespan_gap_pct,XE,SPEA2,18,17,0,1,-1.8579489308422175,-2.0638385420279737,-2.3137178034911052,-1.1735079498137901
PFSP,makespan_gap_pct,XE,MOEA/D,18,4,1,13,0.7610727896384013,0.38454751330841974,0.015822784810126667,1.1817983654180075
PFSP,makespan_gap_pct,XE,SMS-EMOA,18,16,1,1,-2.1207165413616655,-2.166435045852766,-2.8062152024422913,-1.2074537133339447
PFSP,makespan_gap_pct,XHT,XHE,18,0,3,15,3.8517326136509364,3.3755322298531176,2.072973547509671,6.085015478370425
PFSP,makespan_gap_pct,XHT,XTE,18,0,1,17,3.6442896058507106,2.856927131853071,2.1077454562523803,5.127559978929558
PFSP,makespan_gap_pct,XHT,XHTE,18,0,3,15,3.451000501896944,3.407404882814724,1.9060820606089268,4.251939696865209
PFSP,makespan_gap_pct,XHT,NSGA-II,18,3,0,15,2.995159903743457,2.774613118781366,1.7105369633274858,5.015785568200293
PFSP,makespan_gap_pct,XHT,SPEA2,18,3,0,15,3.2510512302736605,2.8892663245338013,1.552705322336323,5.311912406987096
PFSP,makespan_gap_pct,XHT,MOEA/D,18,0,1,17,5.870072950754279,5.54661755570992,2.93760519043364,8.241332442886845
PFSP,makespan_gap_pct,XHT,SMS-EMOA,18,2,1,15,2.9882836197542124,2.318620417888817,1.565993648922409,4.800216225956122
PFSP,makespan_gap_pct,XHE,XTE,18,10,1,7,-0.20744300780022565,-0.16722901968804216,-0.8686176739393314,0.353121348582941
PFSP,makespan_gap_pct,XHE,XHTE,18,8,5,5,-0.4007321117539924,0.0,-0.877537526094907,0.23590612146140444
PFSP,makespan_gap_pct,XHE,NSGA-II,18,13,0,5,-0.8565727099074796,-0.934474948007491,-2.1360423348594892,0.16297272694646425
PFSP,makespan_gap_pct,XHE,SPEA2,18,14,0,4,-0.6006813833772761,-0.48137205030516217,-1.4819363418639209,-0.10122312223689311
PFSP,makespan_gap_pct,XHE,MOEA/D,18,1,1,16,2.018340337103343,1.9542958418264034,0.8320885415688872,3.2875663440017244
PFSP,makespan_gap_pct,XHE,SMS-EMOA,18,10,1,7,-0.8634489938967241,-0.7678866759307623,-2.49681554016401,0.22963000657433286
PFSP,makespan_gap_pct,XTE,XHTE,18,11,1,6,-0.19328910395376678,-0.4343208650557262,-0.8817754776529185,0.059624400027136204
PFSP,makespan_gap_pct,XTE,NSGA-II,18,12,1,5,-0.649129702107254,-0.7271562544227561,-1.579049133260052,0.027312454479233583
PFSP,makespan_gap_pct,XTE,SPEA2,18,12,0,6,-0.3932383755770504,-0.37652439288117234,-1.2345366429347415,0.3297621248098237
PFSP,makespan_gap_pct,XTE,MOEA/D,18,0,1,17,2.225783344903568,2.311706786135448,0.907465321563683,2.9969264439145995
PFSP,makespan_gap_pct,XTE,SMS-EMOA,18,13,1,4,-0.6560059860964985,-0.8878778323347936,-1.4035509626351972,-0.057361376673042974
PFSP,makespan_gap_pct,XHTE,NSGA-II,18,10,0,8,-0.4558405981534872,-0.2206016480684081,-1.3583922883870558,0.14678219841974816
PFSP,makespan_gap_pct,XHTE,SPEA2,18,11,1,6,-0.19994927162328363,-0.14132781996974986,-0.6900590720596067,0.6877349801009014
PFSP,makespan_gap_pct,XHTE,MOEA/D,18,1,1,16,2.419072448857335,2.389141122489069,0.7918567623593054,3.8368848688261514
PFSP,makespan_gap_pct,XHTE,SMS-EMOA,18,10,1,7,-0.46271688214273177,-0.5018181588666071,-1.3092642376071106,0.5683864008472428
PFSP,makespan_gap_pct,NSGA-II,SPEA2,18,7,1,10,0.2558913265302036,0.17943536651574554,-0.23356884583772275,0.748786273860752
PFSP,makespan_gap_pct,NSGA-II,MOEA/D,18,0,0,18,2.874913047010822,3.096096628416789,1.4985310535727603,3.930486329542704
PFSP,makespan_gap_pct,NSGA-II,SMS-EMOA,18,11,0,7,-0.00687628398924457,-0.237604487063503,-0.5502419336938957,0.34532883208549525
PFSP,makespan_gap_pct,SPEA2,MOEA/D,18,0,1,17,2.6190217204806188,2.612295701282785,1.4076463083510293,3.6358787110915944
PFSP,makespan_gap_pct,SPEA2,SMS-EMOA,18,10,0,8,-0.26276761051944814,-0.41394573089954534,-0.662835225835956,0.2230541229403582
PFSP,makespan_gap_pct,MOEA/D,SMS-EMOA,18,17,1,0,-2.881789331000067,-2.409259890987858,-3.902735830569676,-1.6680513430035404
PFSP,flowtime_gap_pct,XG,XH,18,0,0,18,4.7591661830670136,2.7228315030781163,2.2071211539922206,6.852508845167022
PFSP,flowtime_gap_pct,XG,XT,18,0,0,18,5.955001245087972,5.215525219808803,3.7229719311981047,7.670114895974263
PFSP,flowtime_gap_pct,XG,XE,18,0,0,18,15.11869385518026,13.954849054813188,11.199553687379677,19.077370302101844
PFSP,flowtime_gap_pct,XG,XHT,18,0,0,18,6.791205217504088,5.970497165106726,2.6417430711989214,9.404577559458875
PFSP,flowtime_gap_pct,XG,XHE,18,0,0,18,12.202451515052738,10.22961821508208,7.754539810950201,17.38414750972936
PFSP,flowtime_gap_pct,XG,XTE,18,0,0,18,12.746952335831548,10.68416061588805,8.706794440787398,16.847374116662536
PFSP,flowtime_gap_pct,XG,XHTE,18,0,0,18,11.308729648806251,9.638702512031404,7.1965778963603455,15.909947920828387
PFSP,flowtime_gap_pct,XG,NSGA-II,18,0,0,18,12.985392851312769,12.752418751007044,9.648795880485633,16.83380943199217
PFSP,flowtime_gap_pct,XG,SPEA2,18,0,0,18,12.921851243994213,12.238138455623837,10.052918391760256,16.339853750373557
PFSP,flowtime_gap_pct,XG,MOEA/D,18,0,0,18,15.365790554932856,14.368190082514541,11.866071581387827,19.498306118796926
PFSP,flowtime_gap_pct,XG,SMS-EMOA,18,0,0,18,12.628395823549887,11.758122078697752,9.470439853993629,16.421191897497764
PFSP,flowtime_gap_pct,XH,XT,18,6,0,12,1.1958350620209592,1.232097856531356,-0.3888454131771262,1.883962773439928
PFSP,flowtime_gap_pct,XH,XE,18,0,0,18,10.359527672113247,9.295505742485588,7.6437150895959425,12.255235616505944
PFSP,flowtime_gap_pct,XH,XHT,18,1,3,14,2.0320390344370747,0.7318002163673061,0.08557167472441618,2.198756514562084
PFSP,flowtime_gap_pct,XH,XHE,18,0,0,18,7.443285331985725,7.1149779689182235,5.029604188414916,8.45630350896573
PFSP,flowtime_gap_pct,XH,XTE,18,0,0,18,7.987786152764535,6.7543705358158,6.207183597773087,8.647343582832228
PFSP,flowtime_gap_pct,XH,XHTE,18,0,0,18,6.549563465739237,5.99509446796882,4.365689156657098,6.627065881752947
PFSP,flowtime_gap_pct,XH,NSGA-II,18,0,0,18,8.226226668245756,7.673158050430028,5.508411610611602,10.257939190734389
PFSP,flowtime_gap_pct,XH,SPEA2,18,0,0,18,8.162685060927199,7.847045756568926,5.692184131148586,9.611157255234588
PFSP,flowtime_gap_pct,XH,MOEA/D,18,0,0,18,10.606624371865841,10.288348776046828,7.962401624469417,11.82920199204191
PFSP,flowtime_gap_pct,XH,SMS-EMOA,18,0,0,18,7.869229640482874,7.390359305296168,5.5149297490899425,9.443176496865258
PFSP,flowtime_gap_pct,XT,XE,18,0,0,18,9.163692610092287,7.9202363018763045,6.08740803683539,12.03572290937862
PFSP,flowtime_gap_pct,XT,XHT,18,6,0,12,0.8362039724161154,0.4650043819766534,-0.43923951639385095,1.439356427476124
PFSP,flowtime_gap_pct,XT,XHE,18,0,0,18,6.247450269964766,6.409477906617289,2.745854580517382,9.446322586427351
PFSP,flowtime_gap_pct,XT,XTE,18,0,0,18,6.791951090743575,6.0999366178685746,4.205604808220542,8.573427243296411
PFSP,flowtime_gap_pct,XT,XHTE,18,0,0,18,5.353728403718278,4.399166834329661,3.163888530320569,8.069597702188274
PFSP,flowtime_gap_pct,XT,NSGA-II,18,0,0,18,7.030391606224796,6.549963612589338,4.930275507095039,9.689358757917208
PFSP,flowtime_gap_pct,XT,SPEA2,18,0,0,18,6.96684999890624,6.431709823301368,6.240210360681519,9.021434132045297
PFSP,flowtime_gap_pct,XT,MOEA/D,18,0,0,18,9.410789309844883,9.155164345439115,7.077655846691394,12.082462895201623
PFSP,flowtime_gap_pct,XT,SMS-EMOA,18,0,0,18,6.673394578461915,6.0014480170735744,4.592870008010701,9.258030483679041
PFSP,flowtime_gap_pct,XE,XHT,18,18,0,0,-8.327488637676172,-8.031964234115641,-10.876122829023105,-6.05309800500738
PFSP,flowtime_gap_pct,XE,XHE,18,18,0,0,-2.916242340127522,-2.6743658465852027,-3.6195147627473556,-1.7818286140405315
PFSP,flowtime_gap_pct,XE,XTE,18,17,0,1,-2.371741519348712,-2.1747408367810084,-2.8396982434832294,-0.9541252920021337
PFSP,flowtime_gap_pct,XE,XHTE,18,17,0,1,-3.80996420637401,-3.014307417167883,-4.667493844583087,-2.5692266090298235
PFSP,flowtime_gap_pct,XE,NSGA-II,18,17,0,1,-2.133301003867491,-2.2291377050896566,-3.4661699131071533,-1.0519350069356947
PFSP,flowtime_gap_pct,XE,SPEA2,18,14,0,4,-2.1968426111860477,-2.648312496606864,-3.072766416461609,-1.3011257307328938
PFSP,flowtime_gap_pct,XE,MOEA/D,18,7,0,11,0.2470966997525951,0.9057985510557809,-0.8107433228780048,1.464611754594658
PFSP,flowtime_gap_pct,XE,SMS-EMOA,18,17,0,1,-2.490298031630373,-2.6532650583454,-3.420523899281147,-1.1579449116389695
PFSP,flowtime_gap_pct,XHT,XHE,18,0,0,18,5.41124629754865,5.555858714212302,3.0201858431757653,8.161948651292544
PFSP,flowtime_gap_pct,XHT,XTE,18,0,0,18,5.95574711832746,6.05477437713523,4.574377012178488,7.751295023289894
PFSP,flowtime_gap_pct,XHT,XHTE,18,0,0,18,4.517524431302163,4.427316353415456,2.5984405686161005,5.935225104764968
PFSP,flowtime_gap_pct,XHT,NSGA-II,18,1,0,17,6.1941876338086805,6.3072582984187395,4.758840778143892,8.411923891555956
PFSP,flowtime_gap_pct,XHT,SPEA2,18,1,0,17,6.130646026490124,6.121576955638896,5.549198440461161,8.31484601320821
PFSP,flowtime_gap_pct,XHT,MOEA/D,18,0,0,18,8.574585337428767,8.234034623607355,7.651566427153517,11.348285358141462
PFSP,flowtime_gap_pct,XHT,SMS-EMOA,18,0,0,18,5.837190606045799,5.826204517933076,4.534825871905767,7.854441171464249
PFSP,flowtime_gap_pct,XHE,XTE,18,8,0,10,0.5445008207788099,0.19198912090844233,-0.6862270550617666,1.9949407449944168
PFSP,flowtime_gap_pct,XHE,XHTE,18,14,0,4,-0.8937218662464874,-1.0763558849311794,-1.6265279753117479,-0.108954623520513
PFSP,flowtime_gap_pct,XHE,NSGA-II,18,9,0,9,0.7829413362600308,0.12952465095285026,-0.9581413569851982,2.160364793904418
PFSP,flowtime_gap_pct,XHE,SPEA2,18,9,0,9,0.7193997289414746,0.04508235126439164,-0.7615765815587261,2.5349198360704928
PFSP,flowtime_gap_pct,XHE,MOEA/D,18,2,0,16,3.163339039880117,2.9754169412377074,2.0479332018004226,3.782902365657886
PFSP,flowtime_gap_pct,XHE,SMS-EMOA,18,8,1,9,0.4259443084971491,0.07300335815447756,-0.6930909135463792,1.9599254411601041
PFSP,flowtime_gap_pct,XTE,XHTE,18,16,0,2,-1.4382226870252974,-0.903952650250639,-2.42047024972204,-0.25330622871754804
PFSP,flowtime_gap_pct,XTE,NSGA-II,18,6,0,12,0.23844051548122092,0.6994224528674042,-1.65557544910247,1.7707892293646499
PFSP,flowtime_gap_pct,XTE,SPEA2,18,9,0,9,0.1748989081626647,0.37724230836494455,-0.813554944161976,1.460473846306859
PFSP,flowtime_gap_pct,XTE,MOEA/D,18,3,0,15,2.6188382191013075,3.0376719589750745,1.8396833375915356,3.521013629429759
PFSP,flowtime_gap_pct,XTE,SMS-EMOA,18,8,0,10,-0.11855651228166082,0.28347958276010443,-1.7680661566249312,1.0044959520393026
PFSP,flowtime_gap_pct,XHTE,NSGA-II,18,5,0,13,1.6766632025065182,1.8467661648832512,-0.026852433948376664,3.5924052677326843
PFSP,flowtime_gap_pct,XHTE,SPEA2,18,5,0,13,1.613121595187962,1.6979596959802001,-0.3405924631237123,3.4555240895461248
PFSP,flowtime_gap_pct,XHTE,MOEA/D,18,1,0,17,4.057060906126605,3.7520040167662527,2.338096113105154,5.976390411782318
PFSP,flowtime_gap_pct,XHTE,SMS-EMOA,18,7,0,11,1.3196661747436365,1.0008857539567373,-0.6759366887729268,3.2888194731677975
PFSP,flowtime_gap_pct,NSGA-II,SPEA2,18,10,0,8,-0.06354160731855624,-0.15003509461722908,-0.4131682401339154,0.6721038617269692
PFSP,flowtime_gap_pct,NSGA-II,MOEA/D,18,0,0,18,2.3803977036200865,2.5304852527993416,1.7662051481293184,2.800641541958482
PFSP,flowtime_gap_pct,NSGA-II,SMS-EMOA,18,14,0,4,-0.3569970277628818,-0.4800251837795866,-0.8986358862934418,-0.05089479414248643
PFSP,flowtime_gap_pct,SPEA2,MOEA/D,18,0,0,18,2.4439393109386427,2.356108697688164,1.7389039955680308,3.245743058155953
PFSP,flowtime_gap_pct,SPEA2,SMS-EMOA,18,10,0,8,-0.29345542044432554,-0.360039264401657,-0.8597635302790951,0.21205023549438762
PFSP,flowtime_gap_pct,MOEA/D,SMS-EMOA,18,18,0,0,-2.737394731382968,-2.9993563550750446,-3.3861205039851905,-2.320737695065367
PFSP,seconds,XG,XH,18,18,0,0,-68.23969321111112,-46.77105825,-99.6915019,-10.49764315
PFSP,seconds,XG,XT,18,18,0,0,-64.2673478388889,-44.4355527,-93.59673297500001,-9.980718025000002
PFSP,seconds,XG,XE,18,18,0,0,-63.74588391666666,-41.350398350000006,-87.727910275,-9.653046524999999
PFSP,seconds,XG,XHT,18,18,0,0,-69.45497931111112,-43.68122415,-98.036757975,-10.26853405
PFSP,seconds,XG,XHE,18,18,0,0,-66.61099993333333,-41.5638956,-94.0453119,-9.960193499999999
PFSP,seconds,XG,XTE,18,18,0,0,-65.08062439444444,-45.818336099999996,-93.75908935000001,-9.526436625
PFSP,seconds,XG,XHTE,18,18,0,0,-67.63952126111111,-44.0968908,-100.38110695,-9.85517025
PFSP,seconds,XG,NSGA-II,18,18,0,0,-0.29893841665984056,-0.2208685000454776,-0.34986855000870565,-0.1243312749781739
PFSP,seconds,XG,SPEA2,18,18,0,0,-0.32004167220757884,-0.2521714499830037,-0.365126350010179,-0.14466222495759018
PFSP,seconds,XG,MOEA/D,18,18,0,0,-0.4714767555356525,-0.4012884000343971,-0.5579610999643192,-0.2788170249990444
PFSP,seconds,XG,SMS-EMOA,18,18,0,0,-0.30392689443861676,-0.22770715002247616,-0.3371752499554284,-0.12458532504966743
PFSP,seconds,XH,XT,18,4,0,14,3.9723453722222217,1.106192550000003,0.21085842499999963,5.361053600000002
PFSP,seconds,XH,XE,18,1,0,17,4.493809294444446,2.3120610500000005,0.5840736500000014,6.456378000000004
PFSP,seconds,XH,XHT,18,9,0,9,-1.2152860999999988,0.06959390000000099,-0.6818876999999999,1.0963724749999986
PFSP,seconds,XH,XHE,18,3,0,15,1.6286932777777794,1.0563823,0.4061034499999998,3.502488825000004
PFSP,seconds,XH,XTE,18,6,0,12,3.159068816666667,0.6836027500000004,-0.6773900499999979,2.176486075000001
PFSP,seconds,XH,XHTE,18,4,0,14,0.6001719500000013,0.5377722999999994,0.16526037499999324,2.2238021999999997
PFSP,seconds,XH,NSGA-II,18,0,0,18,67.94075479445127,46.55018974995453,10.3750167750438,99.28847832497225
PFSP,seconds,XH,SPEA2,18,0,0,18,67.91965153890354,46.518886800017,10.35694172507257,99.28427294999376
PFSP,seconds,XH,MOEA/D,18,0,0,18,67.76821645557546,46.36976984996561,10.218826125000955,99.10801514997395
PFSP,seconds,XH,SMS-EMOA,18,0,0,18,67.9357663166725,46.54335109997753,10.374340024983862,99.33362780001728
PFSP,seconds,XT,XE,18,4,0,14,0.5214639222222248,0.83832095,0.024815050000000838,3.8009396499999974
PFSP,seconds,XT,XHT,18,13,0,5,-5.18763147222222,-0.6844509499999996,-4.512378549999999,0.4000485499999997
PFSP,seconds,XT,XHE,18,10,0,8,-2.343652094444442,-0.10821150000000035,-1.1723205000000023,0.8127340250000001
PFSP,seconds,XT,XTE,18,9,0,9,-0.8132765555555547,0.04329535000000018,-1.6424364250000014,0.9320025999999992
PFSP,seconds,XT,XHTE,18,9,0,9,-3.3721734222222204,-0.012412750000002859,-4.471424450000002,2.201536499999999
PFSP,seconds,XT,NSGA-II,18,0,0,18,63.96840942222905,44.15769969993353,9.861532374998543,93.19370939997225
PFSP,seconds,XT,SPEA2,18,0,0,18,63.947306166681315,44.13675234997727,9.839740324993214,93.18950402499377
PFSP,seconds,XT,MOEA/D,18,0,0,18,63.79587108335324,44.00324654999504,9.710953700060086,93.01324622497395
PFSP,seconds,XT,SMS-EMOA,18,0,0,18,63.96342094445028,44.15315229999915,9.864616200031774,93.23885887501729
PFSP,seconds,XE,XHT,18,16,0,2,-5.709095394444446,-1.9423106999999984,-7.8520605999999855,-0.5106427500000006
PFSP,seconds,XE,XHE,18,12,0,6,-2.865116016666667,-0.7984718500000003,-4.454642400000008,0.5340427249999986
PFSP,seconds,XE,XTE,18,11,0,7,-1.3347404777777794,-0.9854324000000005,-3.708657200000003,0.2689842749999998
PFSP,seconds,XE,XHTE,18,14,0,4,-3.893637344444445,-2.342627349999997,-4.92778792500001,-0.21987660000000098
PFSP,seconds,XE,NSGA-II,18,0,0,18,63.44694550000683,41.07576074996693,9.528957775029323,87.32488669997224
PFSP,seconds,XE,SPEA2,18,0,0,18,63.42584224445908,41.04303814998791,9.51357327505617,87.32068132499376
PFSP,seconds,XE,MOEA/D,18,0,0,18,63.274407161131016,40.90277519995077,9.37500859999933,87.14442352497394
PFSP,seconds,XE,SMS-EMOA,18,0,0,18,63.441957022228046,41.0649952500077,9.532938674986564,87.37003617501728
PFSP,seconds,XHT,XHE,18,4,0,14,2.8439793777777784,0.8474931999999997,0.190590625,3.3911207999999977
PFSP,seconds,XHT,XTE,18,4,0,14,4.3743549166666655,0.6615553499999995,0.2784158750000003,1.8021688249999865
PFSP,seconds,XHT,XHTE,18,6,0,12,1.8154580500000002,0.27095124999999953,-0.5332767250000003,2.373570625
PFSP,seconds,XHT,NSGA-II,18,0,0,18,69.15604089445127,43.403371149933534,10.146621300012814,97.63373439997224
PFSP,seconds,XHT,SPEA2,18,0,0,18,69.13493763890354,43.382423799977275,10.129795775010027,97.62952902499376
PFSP,seconds,XHT,MOEA/D,18,0,0,18,68.98350255557546,43.248917999995044,9.99299450005103,97.45327122497395
PFSP,seconds,XHT,SMS-EMOA,18,0,0,18,69.1510524166725,43.39882374999915,10.150844300009087,97.67888387501728
PFSP,seconds,XHE,XTE,18,10,0,8,1.5303755388888876,-0.1300972500000004,-2.5196612499999977,0.47088339999999107
PFSP,seconds,XHE,XHTE,18,10,0,8,-1.028521327777778,-0.10688914999999977,-3.4104927499999986,0.8701138500000014
PFSP,seconds,XHE,NSGA-II,18,0,0,18,66.3120615166735,41.343027099954526,9.845696750022409,93.64795277497333
PFSP,seconds,XHE,SPEA2,18,0,0,18,66.29095826112575,41.311724150017,9.814290824999272,93.62958605002214
PFSP,seconds,XHE,MOEA/D,18,0,0,18,66.13952317779768,41.162607199965606,9.702062225069323,93.46856724997352
PFSP,seconds,XHE,SMS-EMOA,18,0,0,18,66.30707303889471,41.33618844997753,9.84037195001839,93.68826560003518
PFSP,seconds,XTE,XHTE,18,12,0,6,-2.558896866666666,-0.2873033499999993,-1.1189187750000036,1.2209236999999966
PFSP,seconds,XTE,NSGA-II,18,0,0,18,64.7816859777846,45.54048309993353,9.412326350002512,93.36173022497334
PFSP,seconds,XTE,SPEA2,18,0,0,18,64.76058272223686,45.51953574997727,9.382153149994519,93.34336350002215
PFSP,seconds,XTE,MOEA/D,18,0,0,18,64.6091476389088,45.38602994999504,9.269515300062448,93.18234469997353
PFSP,seconds,XTE,SMS-EMOA,18,0,0,18,64.77669750000582,45.53593569999915,9.407960199993067,93.40204305003519
PFSP,seconds,XHTE,NSGA-II,18,0,0,18,67.34058284445128,43.826625300001965,9.7325438750438,99.97808337497224
PFSP,seconds,XHTE,SPEA2,18,0,0,18,67.31947958890353,43.79523035000419,9.71446882507257,99.97387799999376
PFSP,seconds,XHTE,MOEA/D,18,0,0,18,67.16804450557545,43.66734175001146,9.576353225000956,99.79762019997395
PFSP,seconds,XHTE,SMS-EMOA,18,0,0,18,67.3355943666725,43.81591015001867,9.731867124983863,100.02323285001728
PFSP,seconds,NSGA-II,SPEA2,18,17,0,1,-0.021103255547738325,-0.022167549934238195,-0.029013949970249087,-0.015373300004284829
PFSP,seconds,NSGA-II,MOEA/D,18,18,0,0,-0.17253833887581196,-0.16389910003636032,-0.1889359499909915,-0.1519391000038013
PFSP,seconds,NSGA-II,SMS-EMOA,18,9,0,9,-0.004988477778776239,0.00023070001043379307,-0.006885249982587993,0.01071897501242347
PFSP,seconds,SPEA2,MOEA/D,18,18,0,0,-0.15143508332807365,-0.13799015001859516,-0.1750793500104919,-0.12752635002834722
PFSP,seconds,SPEA2,SMS-EMOA,18,2,0,16,0.016114777768962085,0.024515650002285838,0.016080299945315346,0.02955272502731532
PFSP,seconds,MOEA/D,SMS-EMOA,18,0,0,18,0.16754986109703573,0.15856304997578263,0.14908894995460287,0.18570955004543066
