instance,problem_class,method,family,cohort,jobs,machines,operations,operation_band,mean_flexibility,paired_complete,planned_runs,valid_runs,timeouts,errors,seed_median_hv_deficit_pct,seed_median_makespan_gap_pct,seed_median_flowtime_gap_pct,seed_median_seconds,seed_median_best_makespan,seed_median_best_job_flowtime,seed_median_hypervolume,seed_median_evaluations,seed_min_hv_deficit_pct,seed_max_hv_deficit_pct,seed_min_seconds,seed_max_seconds
lar01_1,FJSP,XG,Behnke-Geiger,extension,10,60,50,1-150,22.24,True,3,3,0,0,1.9194966794008006,20.2247191011236,14.563106796116498,0.0181934,107.0,826.0,1.0674125939070136,1,1.9194966794008006,1.9194966794008006,0.0176955,0.0182583
lar01_1,FJSP,XH,Behnke-Geiger,extension,10,60,50,1-150,22.24,True,3,3,0,0,0.0,0.0,0.0,14.543948499999999,89.0,721.0,1.0883025247310614,1000,0.0,0.10741440105749289,7.0690415,16.0043573
lar01_1,FJSP,XT,Behnke-Geiger,extension,10,60,50,1-150,22.24,True,3,3,0,0,0.48015264943356284,4.494382022471921,4.299583911234395,15.1618731,93.0,752.0,1.0830770113247128,1000,0.4058705878247193,0.5943660137228357,14.4882566,15.6719981
lar01_1,FJSP,XE,Behnke-Geiger,extension,10,60,50,1-150,22.24,True,3,3,0,0,1.618480899052288,16.85393258426966,12.482662968099856,2.4861139,104.0,811.0,1.0706885562443853,1000,1.0771603973767085,1.624038625960167,2.3507265999999998,2.6032714
lar01_1,FJSP,XHT,Behnke-Geiger,extension,10,60,50,1-150,22.24,True,3,3,0,0,0.020241735154924445,0.0,0.4160887656033285,11.5100649,89.0,724.0,1.088082233416321,1000,0.0,0.05378934116784251,6.767315,16.0576717
lar01_1,FJSP,XHE,Behnke-Geiger,extension,10,60,50,1-150,22.24,True,3,3,0,0,0.020241735154924445,0.0,0.4160887656033285,7.8611492,89.0,724.0,1.088082233416321,1000,0.0,0.10741440105749289,4.8986192,9.2905754
lar01_1,FJSP,XTE,Behnke-Geiger,extension,10,60,50,1-150,22.24,True,3,3,0,0,0.5063993216424478,4.494382022471921,4.854368932038833,8.9350388,93.0,756.0,1.0827913681284056,1000,0.45893891671610065,0.5416399374942871,8.8575269,9.4280105
lar01_1,FJSP,XHTE,Behnke-Geiger,extension,10,60,50,1-150,22.24,True,3,3,0,0,0.02027824210563134,0.0,0.4160887656033285,8.8729264,89.0,724.0,1.0880818361102547,1000,0.013406264972415372,0.05378934116784251,5.3110856,11.4866186
lar01_1,FJSP,NSGA-II,Behnke-Geiger,extension,10,60,50,1-150,22.24,True,3,3,0,0,5.173794715721125,50.56179775280898,46.3245492371706,0.14908360003028065,134,1055,1.0319959862154662,1000,5.0992205985066485,5.617542633912254,0.14786329993512481,0.15112170006614178
lar01_1,FJSP,SPEA2,Behnke-Geiger,extension,10,60,50,1-150,22.24,True,3,3,0,0,5.37377979167969,52.80898876404494,45.76976421636616,0.17384299996774644,136,1051,1.0298195435847237,1000,5.139923110520717,5.406989708398546,0.15800639998633415,0.17454839998390526
lar01_1,FJSP,MOEA/D,Behnke-Geiger,extension,10,60,50,1-150,22.24,True,3,3,0,0,3.8032767835799675,34.8314606741573,35.22884882108184,0.31968790001701564,120,975,1.0469113674728503,1000,3.777103125272474,3.890262351360163,0.30868260003626347,0.3206696999259293
lar01_1,FJSP,SMS-EMOA,Behnke-Geiger,extension,10,60,50,1-150,22.24,True,3,3,0,0,4.858268791478315,47.19101123595506,44.10540915395285,0.13686239998787642,131,1039,1.0354298628151817,1000,4.795864266281125,5.4193235816940355,0.1311746999854222,0.14379050000570714
lar01_3,FJSP,XG,Behnke-Geiger,extension,10,60,50,1-150,19.28,True,3,3,0,0,2.0058307329087754,22.72727272727273,13.399153737658676,0.0166032,108.0,804.0,1.0669956030748127,1,2.0058307329087754,2.0058307329087754,0.0165794,0.0176238
lar01_3,FJSP,XH,Behnke-Geiger,extension,10,60,50,1-150,19.28,True,3,3,0,0,0.19744200122625566,1.1363636363636465,2.6798307475317307,12.9395746,89.0,728.0,1.086685987102623,1000,0.03396594862312696,0.4302158365763753,9.310401,16.7579451
lar01_3,FJSP,XT,Behnke-Geiger,extension,10,60,50,1-150,19.28,True,3,3,0,0,0.5986378813699567,5.681818181818188,6.7700987306064775,12.9676429,93.0,757.0,1.0823176227061833,1000,0.5660471099855791,0.6668764059735155,12.6936537,14.0135915
lar01_3,FJSP,XE,Behnke-Geiger,extension,10,60,50,1-150,19.28,True,3,3,0,0,1.1294832415651546,11.363636363636353,9.30888575458393,2.2689143,98.0,775.0,1.0765375883482498,1000,0.7544547542576163,1.1564032651873668,2.1525316,2.2907537
lar01_3,FJSP,XHT,Behnke-Geiger,extension,10,60,50,1-150,19.28,True,3,3,0,0,0.2658384853775231,2.2727272727272707,2.6798307475317307,8.2565601,90.0,728.0,1.0859412616929278,1000,0.0,0.2927863842140499,7.8909103,16.1764672
lar01_3,FJSP,XHE,Behnke-Geiger,extension,10,60,50,1-150,19.28,True,3,3,0,0,0.2658384853775231,2.2727272727272707,1.9746121297602226,6.1632052,90.0,723.0,1.0859412616929278,1000,0.04090501863591722,0.3689814241522815,6.0064935,10.5033676
lar01_3,FJSP,XTE,Behnke-Geiger,extension,10,60,50,1-150,19.28,True,3,3,0,0,0.6737504338196088,5.681818181818188,6.911142454160779,8.0023835,93.0,758.0,1.081499770340079,1000,0.5986378813699567,0.6872243832378833,7.7614533,8.7531361
lar01_3,FJSP,XHTE,Behnke-Geiger,extension,10,60,50,1-150,19.28,True,3,3,0,0,0.2927027585711617,2.2727272727272707,2.6798307475317307,6.1240373,90.0,728.0,1.085648753867291,1000,0.14954680801799736,0.3341838649692508,5.525329,11.5857561
lar01_3,FJSP,NSGA-II,Behnke-Geiger,extension,10,60,50,1-150,19.28,True,3,3,0,0,4.645503884499358,44.31818181818181,42.17207334273625,0.16055999998934567,127,1008,1.038253896630778,1000,4.4454806384289665,5.144368011329514,0.1583518999395892,0.18585310003254563
lar01_3,FJSP,SPEA2,Behnke-Geiger,extension,10,60,50,1-150,19.28,True,3,3,0,0,5.081458298526076,50.0,44.287729196050776,0.16417270002420992,132,1023,1.0335070688716719,1000,3.7312516767521786,5.212829537647467,0.16104759997688234,0.1719122000504285
lar01_3,FJSP,MOEA/D,Behnke-Geiger,extension,10,60,50,1-150,19.28,True,3,3,0,0,3.595225276842906,32.95454545454546,34.13258110014104,0.3018815000541508,117,951,1.0496897061769415,1000,3.4237434626931185,3.761547388825992,0.30054259998723865,0.3393471000017598
lar01_3,FJSP,SMS-EMOA,Behnke-Geiger,extension,10,60,50,1-150,19.28,True,3,3,0,0,4.93291964409186,47.72727272727273,44.00564174894217,0.13673370005562901,130,1021,1.0351244109273607,1000,4.845703673593638,5.200261532693906,0.13648430001921952,0.16507789993193
lar02_2,FJSP,XG,Behnke-Geiger,extension,20,60,100,1-150,18.76,True,3,3,0,0,0.9822941060167567,15.999999999999993,11.878926327812689,0.0425121,145.0,1959.0,1.1169535169076823,1,0.9822941060167567,0.9822941060167567,0.041313,0.0431501
lar02_2,FJSP,XH,Behnke-Geiger,extension,20,60,100,1-150,18.76,True,3,3,0,0,0.034128691176404935,1.6000000000000014,1.142204454597362,42.2682268,127.0,1771.0,1.1276491463928784,1000,0.03360233771932952,0.15427659839558627,27.2138859,44.4056599
lar02_2,FJSP,XT,Behnke-Geiger,extension,20,60,100,1-150,18.76,True,3,3,0,0,0.3188824508052468,4.0000000000000036,6.33923472301543,38.0283679,130.0,1862.0,1.1244370267987256,1000,0.21189974314059778,0.35407322613661973,37.5043909,41.7254499
lar02_2,FJSP,XE,Behnke-Geiger,extension,20,60,100,1-150,18.76,True,3,3,0,0,0.6579804466444239,9.600000000000009,9.937178754997134,4.5124103,137.0,1925.0,1.1206118856726077,1000,0.499451492811509,0.8652521865464724,4.4665964,4.5662208
lar02_2,FJSP,XHT,Behnke-Geiger,extension,20,60,100,1-150,18.76,True,3,3,0,0,0.0340271044010132,1.6000000000000014,1.142204454597362,44.3348124,127.0,1771.0,1.127650292326376,1000,0.0,0.07881436935781583,20.5808472,47.6574636
lar02_2,FJSP,XHE,Behnke-Geiger,extension,20,60,100,1-150,18.76,True,3,3,0,0,0.06716895261655864,1.6000000000000014,1.142204454597362,23.2830517,127.0,1771.0,1.1272764409672988,1000,0.034173902873113615,0.15427659839558627,12.5128555,24.4776463
lar02_2,FJSP,XTE,Behnke-Geiger,extension,20,60,100,1-150,18.76,True,3,3,0,0,0.28533481365728974,3.200000000000003,6.33923472301543,20.8687233,129.0,1862.0,1.1248154555954548,1000,0.20360590855028615,0.3877313807655325,20.6995433,21.3084155
lar02_2,FJSP,XHTE,Behnke-Geiger,extension,20,60,100,1-150,18.76,True,3,3,0,0,0.034022080879159144,1.6000000000000014,1.3706453455168521,30.4877022,127.0,1775.0,1.127650348993417,1000,0.006641765701387303,0.12066867898531397,13.1420875,30.795576
lar02_2,FJSP,NSGA-II,Behnke-Geiger,extension,20,60,100,1-150,18.76,True,3,3,0,0,3.8342813147011934,55.2,54.48315248429469,0.24772629991639405,194,2705,1.0847821278196892,1000,3.690415574641359,3.9761974817441925,0.24262030003592372,0.24825639999471605
lar02_2,FJSP,SPEA2,Behnke-Geiger,extension,20,60,100,1-150,18.76,True,3,3,0,0,3.6843270661474414,52.0,55.11136493432325,0.2476477000163868,190,2716,1.0864736629222767,1000,3.6730538365590593,4.0508441140996165,0.24322939990088344,0.26267169998027384
lar02_2,FJSP,MOEA/D,Behnke-Geiger,extension,20,60,100,1-150,18.76,True,3,3,0,0,3.922896798474884,54.400000000000006,52.02741290691033,0.3809716999530792,193,2662,1.0837825149185432,1000,3.091165233692117,3.9963672569122144,0.3537310000974685,0.4557663999730721
lar02_2,FJSP,SMS-EMOA,Behnke-Geiger,extension,20,60,100,1-150,18.76,True,3,3,0,0,4.051915575495357,57.60000000000001,58.48086807538549,0.22175040002912283,197,2775,1.08232713908006,1000,3.9108809807218536,4.146406123900858,0.21664330002386123,0.22285729995928705
lar02_3,FJSP,XG,Behnke-Geiger,extension,20,60,100,1-150,17.68,True,3,3,0,0,0.713167717460006,11.363636363636353,6.659388646288211,0.0361009,147.0,1954.0,1.1155343204866857,1,0.713167717460006,0.713167717460006,0.0351121,0.0364472
lar02_3,FJSP,XH,Behnke-Geiger,extension,20,60,100,1-150,17.68,True,3,3,0,0,0.07369395949359259,0.0,2.4017467248908186,41.5151349,132.0,1876.0,1.122719109321847,1000,0.07369395949359259,0.18732757840848047,33.4957337,42.2054718
lar02_3,FJSP,XT,Behnke-Geiger,extension,20,60,100,1-150,17.68,True,3,3,0,0,0.2938148229419624,3.0303030303030276,4.039301310043664,38.6070077,136.0,1906.0,1.1202459477536235,1000,0.1638513540456854,0.29498689669961164,35.156185,39.2968042
lar02_3,FJSP,XE,Behnke-Geiger,extension,20,60,100,1-150,17.68,True,3,3,0,0,0.46072410745232606,6.060606060606055,6.0589519650654955,4.1897526,140.0,1943.0,1.1183706433351148,1000,0.32168682234768875,0.5185416656697583,4.0758391,4.6771237
lar02_3,FJSP,XHT,Behnke-Geiger,extension,20,60,100,1-150,17.68,True,3,3,0,0,0.07369395949359259,0.0,2.4017467248908186,36.7307032,132.0,1876.0,1.122719109321847,1000,0.0,0.1806426279608253,33.5443784,43.8770581
lar02_3,FJSP,XHE,Behnke-Geiger,extension,20,60,100,1-150,17.68,True,3,3,0,0,0.15338614529635253,1.5151515151515138,2.7838427947598277,21.4053922,134.0,1883.0,1.1218237300827893,1000,0.07369395949359259,0.22127470811236227,19.6437697,22.8357362
lar02_3,FJSP,XTE,Behnke-Geiger,extension,20,60,100,1-150,17.68,True,3,3,0,0,0.29501765829518245,3.0303030303030276,4.639737991266379,20.2538648,136.0,1917.0,1.1202324333319469,1000,0.2782822109794525,0.36161793688131993,20.2269142,22.4165768
lar02_3,FJSP,XHTE,Behnke-Geiger,extension,20,60,100,1-150,17.68,True,3,3,0,0,0.07369395949359259,0.0,1.637554585152845,26.2030189,132.0,1862.0,1.122719109321847,1000,0.0,0.11820598830284412,25.7866409,30.9955659
lar02_3,FJSP,NSGA-II,Behnke-Geiger,extension,20,60,100,1-150,17.68,True,3,3,0,0,4.18658309082941,53.78787878787878,59.170305676855904,0.218228799989447,203,2916,1.076508862938867,1000,3.8197556207701377,4.608128318691962,0.21568879997357726,0.2498414000729099
lar02_3,FJSP,SPEA2,Behnke-Geiger,extension,20,60,100,1-150,17.68,True,3,3,0,0,3.9284146909177586,52.27272727272727,55.021834061135365,0.2678681000834331,201,2840,1.0794095064979952,1000,3.9056878532029327,4.358691084993382,0.24272470001596957,0.2863943000556901
lar02_3,FJSP,MOEA/D,Behnke-Geiger,extension,20,60,100,1-150,17.68,True,3,3,0,0,4.06921649532459,53.03030303030303,54.91266375545851,0.413539000088349,202,2838,1.0778275319139405,1000,3.477398715167923,4.22576026144168,0.3615787000162527,0.4496221999870613
lar02_3,FJSP,SMS-EMOA,Behnke-Geiger,extension,20,60,100,1-150,17.68,True,3,3,0,0,4.199683827763312,56.060606060606055,56.27729257641923,0.2347728000022471,206,2863,1.0763616699895358,1000,4.19014944210997,4.265051363889372,0.22410200000740588,0.24873309989925474
lar03_3,FJSP,XG,Behnke-Geiger,extension,50,60,250,151-500,18.688,False,3,3,0,0,0.3240135754965401,7.17488789237668,6.954997077732328,0.1497689,239.0,7320.0,1.1505456473209772,1,0.3240135754965401,0.3240135754965401,0.1464585,0.1558069
lar03_3,FJSP,XH,Behnke-Geiger,extension,50,60,250,151-500,18.688,False,3,3,0,0,0.019795419597246067,0.0,1.7825832846288803,214.7889436,223.0,6966.0,1.1540571939598565,1000,0.018770899696940457,0.035327678321306344,167.8865946,224.4398037
lar03_3,FJSP,XT,Behnke-Geiger,extension,50,60,250,151-500,18.688,False,3,3,0,0,0.12243824712102613,2.2421524663677195,3.287551139684397,145.1392727,228.0,7069.0,1.1528724024902917,1000,0.09813429518470418,0.12545662039757932,144.6827666,171.3896609
lar03_3,FJSP,XE,Behnke-Geiger,extension,50,60,250,151-500,18.688,False,3,3,0,0,0.2945941312691436,6.278026905829592,6.794272355347752,12.0639593,237.0,7309.0,1.1508852317556701,1000,0.2930209779930748,0.30943732204837815,11.4709262,13.4907223
lar03_3,FJSP,XHT,Behnke-Geiger,extension,50,60,250,151-500,18.688,False,3,2,1,0,0.008455356058995056,0.22421524663677195,0.8401519579193439,183.91681920000002,223.5,6901.5,1.1541880906904765,1000.0,0.0,0.016910712117990112,159.2885353,208.5451031
lar03_3,FJSP,XHE,Behnke-Geiger,extension,50,60,250,151-500,18.688,False,3,3,0,0,0.019797024563739107,0.0,1.7825832846288803,111.092188,223.0,6966.0,1.154057175433958,1000,0.018771039259257716,0.03532645715113025,77.3125796,115.5534205
lar03_3,FJSP,XTE,Behnke-Geiger,extension,50,60,250,151-500,18.688,False,3,3,0,0,0.13254359073838762,2.6905829596412634,3.6820572764465265,88.231471,229.0,7096.0,1.152755757955026,1000,0.09813342292029903,0.13571289018021737,79.6166809,88.9661338
lar03_3,FJSP,XHTE,Behnke-Geiger,extension,50,60,250,151-500,18.688,False,3,3,0,0,0.016909037370316238,0.0,1.6803039158386879,134.7310468,223.0,6959.0,1.1540905110568507,1000,0.013278236788538678,0.022970301531244353,103.5022264,163.0202904
lar03_3,FJSP,NSGA-II,Behnke-Geiger,extension,50,60,250,151-500,18.688,False,3,3,0,0,3.204091075303994,67.71300448430493,68.32261835184103,0.5806694000493735,374,11520,1.1173013248897126,1000,3.0172235483159726,3.2225651469133143,0.5661219999892637,0.5909033000934869
lar03_3,FJSP,SPEA2,Behnke-Geiger,extension,50,60,250,151-500,18.688,False,3,3,0,0,3.1917573159449875,67.71300448430493,68.04500292226767,0.5864849000936374,374,11501,1.11744369170899,1000,3.088333120946196,3.2839846819433083,0.5392046999186277,0.5867922999896109
lar03_3,FJSP,MOEA/D,Behnke-Geiger,extension,50,60,250,151-500,18.688,False,3,3,0,0,3.115753000210031,65.4708520179372,67.4751607247224,0.6800890000304207,369,11462,1.1183209986490392,1000,2.6885143746562368,3.216624244772981,0.6634872000431642,0.8046099001076072
lar03_3,FJSP,SMS-EMOA,Behnke-Geiger,extension,50,60,250,151-500,18.688,False,3,3,0,0,3.175171797953058,67.71300448430493,68.64406779661016,0.5473723000613973,374,11542,1.117635135969726,1000,3.123464724696645,3.289633462734798,0.5040363000007346,0.5685323999496177
lar03_4,FJSP,XG,Behnke-Geiger,extension,50,60,250,151-500,17.568,True,3,3,0,0,0.44790197209637617,8.786610878661083,9.636363636363644,0.1350907,260.0,7839.0,1.1456193403692585,1,0.44790197209637617,0.44790197209637617,0.1308225,0.1425106
lar03_4,FJSP,XH,Behnke-Geiger,extension,50,60,250,151-500,17.568,True,3,3,0,0,0.031099696697667323,0.4184100418409997,2.139860139860139,121.3070837,240.0,7303.0,1.15041579124539,1000,0.026953283988551124,0.0821506271148631,106.0669398,132.2271286
lar03_4,FJSP,XT,Behnke-Geiger,extension,50,60,250,151-500,17.568,True,3,3,0,0,0.14621432154909852,2.5104602510460206,4.223776223776232,148.2382852,245.0,7452.0,1.1490910824426466,1000,0.12051410734197354,0.1753510258247437,147.8033092,148.852718
lar03_4,FJSP,XE,Behnke-Geiger,extension,50,60,250,151-500,17.568,True,3,3,0,0,0.4185516532893119,8.368200836820083,8.783216783216785,13.0794173,259.0,7778.0,1.1459570961126075,1000,0.35669381954887003,0.4242532709130775,12.8918819,13.1224454
lar03_4,FJSP,XHT,Behnke-Geiger,extension,50,60,250,151-500,17.568,True,3,3,0,0,0.030642306856198953,0.4184100418409997,2.195804195804185,121.7203823,240.0,7307.0,1.1504210547672933,1000,0.0,0.04137583852211746,98.901443,133.3521651
lar03_4,FJSP,XHE,Behnke-Geiger,extension,50,60,250,151-500,17.568,True,3,3,0,0,0.04137583852211746,0.4184100418409997,2.195804195804185,73.1229804,240.0,7307.0,1.1502975361101224,1000,0.030642306856198953,0.04361980185231262,59.3138899,78.6670903
lar03_4,FJSP,XTE,Behnke-Geiger,extension,50,60,250,151-500,17.568,True,3,3,0,0,0.14665923082595178,2.9288702928870203,4.139860139860141,78.7349454,246.0,7446.0,1.149085962543796,1000,0.1313018538774302,0.1769247230689941,75.7985754,85.2417497
lar03_4,FJSP,XHTE,Behnke-Geiger,extension,50,60,250,151-500,17.568,True,3,3,0,0,0.048285096672084915,0.4184100418409997,1.146853146853144,100.3962429,240.0,7232.0,1.150218026185962,1000,1.599621664016837e-05,0.055333725814543655,73.5989759,111.5771985
lar03_4,FJSP,NSGA-II,Behnke-Geiger,extension,50,60,250,151-500,17.568,True,3,3,0,0,3.056182950364972,59.41422594142261,63.62237762237761,0.5567792999790981,381,11699,1.115603929413437,1000,3.018401205075072,3.2914232733249227,0.515376599971205,0.5830051999073476
lar03_4,FJSP,SPEA2,Behnke-Geiger,extension,50,60,250,151-500,17.568,True,3,3,0,0,2.9964549056402445,57.74058577405859,63.90209790209791,0.6033404000336304,377,11719,1.1162912640307336,1000,2.983893568918894,3.1915579437324038,0.596234199940227,0.6061638999963179
lar03_4,FJSP,MOEA/D,Behnke-Geiger,extension,50,60,250,151-500,17.568,True,3,3,0,0,3.0280608632579087,55.64853556485356,68.44755244755245,0.6907639999408275,372,12044,1.1159275509896731,1000,2.938876425473802,3.1192479711125376,0.6825938000110909,0.7451717000221834
lar03_4,FJSP,SMS-EMOA,Behnke-Geiger,extension,50,60,250,151-500,17.568,True,3,3,0,0,2.978604210711766,60.25104602510461,59.454545454545446,0.5901175000471994,383,11401,1.1164966851293765,1000,2.9675927632392463,3.1537921454400153,0.5492773000150919,0.5921318000182509
lar04_2,FJSP,XG,Behnke-Geiger,extension,100,60,500,151-500,18.696,False,3,3,0,0,0.2768775833332904,6.633906633906639,6.509141547998731,0.349321,434.0,23710.0,1.1575211228617386,1,0.2768775833332904,0.2768775833332904,0.3238724,0.3618877
lar04_2,FJSP,XH,Behnke-Geiger,extension,100,60,500,151-500,18.696,False,3,0,3,0,,,,,,,,,,,,
lar04_2,FJSP,XT,Behnke-Geiger,extension,100,60,500,151-500,18.696,False,3,0,3,0,,,,,,,,,,,,
lar04_2,FJSP,XE,Behnke-Geiger,extension,100,60,500,151-500,18.696,False,3,3,0,0,0.1446937568642337,3.194103194103204,4.307982570414626,31.0372376,420.0,23220.0,1.159055426717562,1000,0.14446557660352521,0.15065323287557497,28.6024263,31.1712339
lar04_2,FJSP,XHT,Behnke-Geiger,extension,100,60,500,151-500,18.696,False,3,0,3,0,,,,,,,,,,,,
lar04_2,FJSP,XHE,Behnke-Geiger,extension,100,60,500,151-500,18.696,False,3,1,2,0,0.0,0.0,0.0,221.2583803,407.0,22261.0,1.1607349377061646,1000,0.0,0.0,221.2583803,221.2583803
lar04_2,FJSP,XTE,Behnke-Geiger,extension,100,60,500,151-500,18.696,False,3,3,0,0,0.059393893284764854,0.7371007371007376,2.5964691613135082,185.9192953,410.0,22839.0,1.1600455320359444,1000,0.03977290346575124,0.06510467242055729,183.7348698,207.426841
lar04_2,FJSP,XHTE,Behnke-Geiger,extension,100,60,500,151-500,18.696,False,3,0,3,0,,,,,,,,,,,,
lar04_2,FJSP,NSGA-II,Behnke-Geiger,extension,100,60,500,151-500,18.696,False,3,3,0,0,2.5616949048523296,58.476658476658486,66.54238354072145,1.2154593999730423,645,37074,1.131000449948105,1000,2.4462220717608285,2.645276380215833,1.1912592999869958,1.2199932999210432
lar04_2,FJSP,SPEA2,Behnke-Geiger,extension,100,60,500,151-500,18.696,False,3,3,0,0,2.497052171674108,57.49385749385749,61.93791833250977,1.3173625000054017,641,36049,1.1317507807367928,1000,2.466723013078831,2.5482406984128625,1.212041400023736,1.3266321000410244
lar04_2,FJSP,MOEA/D,Behnke-Geiger,extension,100,60,500,151-500,18.696,False,3,3,0,0,2.4169722361933044,54.791154791154796,65.59004537082791,1.389310700003989,630,36862,1.132680296526011,1000,2.415018526171986,2.5225266400290103,1.373578600003384,1.4911494000116363
lar04_2,FJSP,SMS-EMOA,Behnke-Geiger,extension,100,60,500,151-500,18.696,False,3,3,0,0,2.558605587937146,59.21375921375922,64.95665064462513,1.2008824999211356,648,36721,1.131036308728876,1000,2.354458317706498,2.560473581652589,1.1514964000089094,1.2016474000411108
lar04_4,FJSP,XG,Behnke-Geiger,extension,100,60,500,151-500,18.224,False,3,3,0,0,0.26019244963362276,7.073170731707323,4.452616188914971,0.3389818,439.0,23576.0,1.157388431800928,1,0.26019244963362276,0.26019244963362276,0.3309277,0.3886422
lar04_4,FJSP,XH,Behnke-Geiger,extension,100,60,500,151-500,18.224,False,3,0,3,0,,,,,,,,,,,,
lar04_4,FJSP,XT,Behnke-Geiger,extension,100,60,500,151-500,18.224,False,3,0,3,0,,,,,,,,,,,,
lar04_4,FJSP,XE,Behnke-Geiger,extension,100,60,500,151-500,18.224,False,3,3,0,0,0.15196377029106367,3.4146341463414664,3.916530060697365,29.883954,424.0,23455.0,1.1586443257567782,1000,0.15037983935672905,0.2531140887467087,28.3079258,33.0802713
lar04_4,FJSP,XHT,Behnke-Geiger,extension,100,60,500,151-500,18.224,False,3,0,3,0,,,,,,,,,,,,
lar04_4,FJSP,XHE,Behnke-Geiger,extension,100,60,500,151-500,18.224,False,3,3,0,0,0.03677268014534718,0.7317073170731714,0.12848345221745383,214.5535712,413.0,22600.0,1.1599810120654406,1000,0.0,0.055414493405336884,209.5841919,218.4112706
lar04_4,FJSP,XTE,Behnke-Geiger,extension,100,60,500,151-500,18.224,False,3,3,0,0,0.10484757887545548,2.4390243902439046,2.547516725001109,198.8196155,420.0,23146.0,1.1591910656817315,1000,0.05754161895178411,0.10854055955651365,198.6130587,209.6178325
lar04_4,FJSP,XHTE,Behnke-Geiger,extension,100,60,500,151-500,18.224,False,3,0,3,0,,,,,,,,,,,,
lar04_4,FJSP,NSGA-II,Behnke-Geiger,extension,100,60,500,151-500,18.224,False,3,3,0,0,2.535666284390692,59.024390243902445,62.57587169376633,1.2418765999609604,652,36695,1.1309836576400834,1000,2.4700416884645082,2.6126474584799775,1.1605448999907821,1.274517299956642
lar04_4,FJSP,SPEA2,Behnke-Geiger,extension,100,60,500,151-500,18.224,False,3,3,0,0,2.5748171673491527,59.51219512195123,64.29932213902796,1.1883178000571206,654,37084,1.1305293477697937,1000,2.3235055253605363,2.583110865350746,1.1626980999717489,1.2974593000253662
lar04_4,FJSP,MOEA/D,Behnke-Geiger,extension,100,60,500,151-500,18.224,False,3,3,0,0,2.385216789724698,52.926829268292686,63.568295600549376,1.3984038999769837,627,36919,1.1327294851985412,1000,2.250027924359521,2.5336222722707524,1.3317397999344394,1.4723408999852836
lar04_4,FJSP,SMS-EMOA,Behnke-Geiger,extension,100,60,500,151-500,18.224,False,3,3,0,0,2.4892963357426745,56.585365853658544,64.25058703646272,1.2339499000227079,642,37073,1.1315217381063136,1000,2.473194073829721,2.494579905072958,1.1768740999978036,1.237282000016421
med01_2,FJSP,XG,Behnke-Geiger,extension,10,40,50,1-150,13.12,True,3,3,0,0,2.1340441093195217,26.37362637362637,9.543010752688176,0.0115423,115.0,815.0,1.060285509766243,1,2.1340441093195217,2.1340441093195217,0.0113712,0.0115837
med01_2,FJSP,XH,Behnke-Geiger,extension,10,40,50,1-150,13.12,True,3,3,0,0,0.033834910114660666,0.0,0.6720430107526987,8.1625547,91.0,749.0,1.0830392994894242,1000,0.0,0.19237583390888657,7.986627,11.585515000000001
med01_2,FJSP,XT,Behnke-Geiger,extension,10,40,50,1-150,13.12,True,3,3,0,0,0.6308200543278075,5.494505494505497,6.048387096774199,8.7435831,96.0,789.0,1.0765715274006096,1000,0.46520089280401855,0.6513473681832971,8.6706966,9.0040839
med01_2,FJSP,XE,Behnke-Geiger,extension,10,40,50,1-150,13.12,True,3,3,0,0,1.5179653138998828,18.681318681318682,7.526881720430101,1.8256942999999999,108.0,800.0,1.0669601435928144,1000,1.4830174288340325,1.6205075632660937,1.7270989,1.8650787
med01_2,FJSP,XHT,Behnke-Geiger,extension,10,40,50,1-150,13.12,True,3,3,0,0,0.033834910114660666,0.0,0.6720430107526987,8.107605,91.0,749.0,1.0830392994894242,1000,4.7159955607334325e-06,0.05443296390347241,7.6871943,10.9912047
med01_2,FJSP,XHE,Behnke-Geiger,extension,10,40,50,1-150,13.12,True,3,3,0,0,0.19237583390888657,2.19780219780219,0.6720430107526987,5.1008083,93.0,749.0,1.081321657816443,1000,0.033834910114660666,0.34531462658241585,3.9780037999999998,6.4257939
med01_2,FJSP,XTE,Behnke-Geiger,extension,10,40,50,1-150,13.12,True,3,3,0,0,0.7056718641889614,5.494505494505497,7.123655913978499,5.5417974,96.0,797.0,1.0757605784996025,1000,0.6650699720513686,0.7127878298830215,5.3428592,5.7423449
med01_2,FJSP,XHTE,Behnke-Geiger,extension,10,40,50,1-150,13.12,True,3,3,0,0,0.061148069975291985,0.0,1.0752688172043001,5.9497245,91.0,752.0,1.0827433871125145,1000,0.05443296390347241,0.2073293126170217,3.9957082,7.975821
med01_2,FJSP,NSGA-II,Behnke-Geiger,extension,10,40,50,1-150,13.12,True,3,3,0,0,5.551679871807947,51.64835164835164,42.4731182795699,0.14557669998612255,138,1060,1.0232586433381141,1000,4.8617735807618185,5.8702614059831015,0.13768819998949766,0.1558743000496179
med01_2,FJSP,SPEA2,Behnke-Geiger,extension,10,40,50,1-150,13.12,True,3,3,0,0,4.492584226678487,41.758241758241766,37.76881720430107,0.16044200002215803,129,1025,1.0347329477146192,1000,4.191984311957819,4.909958322153496,0.15783909999299794,0.17278079991228878
med01_2,FJSP,MOEA/D,Behnke-Geiger,extension,10,40,50,1-150,13.12,True,3,3,0,0,4.649361368134852,43.956043956043956,36.8279569892473,0.3069490999914706,131,1018,1.0330344149630009,1000,2.67821764890126,4.933941989151746,0.2669820999726653,0.3266392999794334
med01_2,FJSP,SMS-EMOA,Behnke-Geiger,extension,10,40,50,1-150,13.12,True,3,3,0,0,4.571199400993131,41.758241758241766,40.7258064516129,0.1448328000260517,129,1047,1.0338812263022552,1000,4.302990830147491,5.171866322936658,0.1304221999598667,0.1523035999853164
med01_3,FJSP,XG,Behnke-Geiger,extension,10,40,50,1-150,13.92,True,3,3,0,0,2.277723972444523,28.735632183908045,11.473087818696893,0.0106516,112.0,787.0,1.0637503495046985,1,2.277723972444523,2.277723972444523,0.0102672,0.0120469
med01_3,FJSP,XH,Behnke-Geiger,extension,10,40,50,1-150,13.92,True,3,3,0,0,0.0410814936075643,0.0,0.8498583569405138,9.8558409,87.0,712.0,1.088097195641489,1000,0.0410814936075643,0.0410814936075643,9.0526344,9.9695614
med01_3,FJSP,XT,Behnke-Geiger,extension,10,40,50,1-150,13.92,True,3,3,0,0,0.5302463956658232,4.597701149425282,5.099150141643061,9.1132597,91.0,742.0,1.0827724185621752,1000,0.35751145360408687,0.661937827148118,8.6468113,9.314359
med01_3,FJSP,XE,Behnke-Geiger,extension,10,40,50,1-150,13.92,True,3,3,0,0,1.5790109774986738,19.54022988505748,8.78186968838528,1.8431616,104.0,768.0,1.0713561505849716,1000,1.529007745380373,1.6181933197016773,1.7159969,1.9094362999999999
med01_3,FJSP,XHT,Behnke-Geiger,extension,10,40,50,1-150,13.92,True,3,3,0,0,0.027387662405031765,0.0,0.56657223796035,9.6902321,87.0,710.0,1.0882462590722635,1000,0.0,0.0410814936075643,8.8116361,9.7549004
med01_3,FJSP,XHE,Behnke-Geiger,extension,10,40,50,1-150,13.92,True,3,3,0,0,0.0410814936075643,0.0,0.8498583569405138,5.5862891999999995,87.0,712.0,1.088097195641489,1000,0.0410814936075643,0.0410814936075643,4.0084969,5.7418084
med01_3,FJSP,XTE,Behnke-Geiger,extension,10,40,50,1-150,13.92,True,3,3,0,0,0.6614915265680255,6.896551724137923,5.099150141643061,5.3529118,93.0,742.0,1.0813437570579278,1000,0.35751145360408687,0.6686470542725309,5.2747598,5.6549077
med01_3,FJSP,XHTE,Behnke-Geiger,extension,10,40,50,1-150,13.92,True,3,3,0,0,0.027387662405031765,0.0,0.56657223796035,7.0659434,87.0,710.0,1.0882462590722635,1000,0.0,0.5447283747012421,4.2176856,7.2507417
med01_3,FJSP,NSGA-II,Behnke-Geiger,extension,10,40,50,1-150,13.92,True,3,3,0,0,5.256808831680737,54.022988505747115,50.283286118980165,0.15558260004036129,134,1061,1.0313216885172785,1000,5.2043134381318135,6.094888203722537,0.13968739996198565,0.15946449991315603
med01_3,FJSP,SPEA2,Behnke-Geiger,extension,10,40,50,1-150,13.92,True,3,3,0,0,5.120454983500267,49.42528735632183,46.033994334277615,0.14993249997496605,130,1031,1.0328059606766518,1000,4.967272754724073,5.343364556094565,0.14973910001572222,0.1555702000623569
med01_3,FJSP,MOEA/D,Behnke-Geiger,extension,10,40,50,1-150,13.92,True,3,3,0,0,4.193841446068925,36.7816091954023,39.94334277620397,0.31492719997186214,119,988,1.0428925603176633,1000,3.7054020198471815,4.447001651810655,0.2706734000239521,0.34028480004053563
med01_3,FJSP,SMS-EMOA,Behnke-Geiger,extension,10,40,50,1-150,13.92,True,3,3,0,0,5.499680384688288,55.172413793103445,46.45892351274787,0.14025309996213764,135,1034,1.0286779238619845,1000,5.325003085527502,5.662088216199956,0.13606230006553233,0.14326600008644164
med02_3,FJSP,XG,Behnke-Geiger,extension,20,40,100,1-150,13.84,True,3,3,0,0,0.8837638204713061,11.570247933884303,15.393386545039899,0.0335697,135.0,2024.0,1.1191407171985093,1,0.8837638204713061,0.8837638204713061,0.0314224,0.0346085
med02_3,FJSP,XH,Behnke-Geiger,extension,20,40,100,1-150,13.84,True,3,3,0,0,0.030983741102608153,0.8264462809917328,1.026225769669331,34.5609698,122.0,1772.0,1.1287696230813822,1000,0.027050679715245884,0.06373188193417034,20.7905782,34.8268685
med02_3,FJSP,XT,Behnke-Geiger,extension,20,40,100,1-150,13.84,True,3,3,0,0,0.34556105013833216,4.958677685950419,6.10034207525656,28.8510842,127.0,1861.0,1.1252176694477622,1000,0.25985583385191857,0.3775051664089535,28.6278449,31.5490291
med02_3,FJSP,XE,Behnke-Geiger,extension,20,40,100,1-150,13.84,True,3,3,0,0,0.7551405874963835,9.917355371900815,13.169897377423023,3.289465,133.0,1985.0,1.120593027160514,1000,0.7182636658124353,0.8040830517867525,3.2238891,3.7834724
med02_3,FJSP,XHT,Behnke-Geiger,extension,20,40,100,1-150,13.84,True,3,3,0,0,0.05754962145334552,0.8264462809917328,1.026225769669331,29.8412967,122.0,1772.0,1.128469662554886,1000,0.027050679715245884,0.06373188193417034,21.6428892,38.8790494
med02_3,FJSP,XHE,Behnke-Geiger,extension,20,40,100,1-150,13.84,True,3,3,0,0,0.05206059031905852,0.8264462809917328,1.8814139110604255,18.8520406,122.0,1787.0,1.1285316402739474,1000,0.015379388100145164,0.09448953330994936,16.0565067,20.5562783
med02_3,FJSP,XTE,Behnke-Geiger,extension,20,40,100,1-150,13.84,True,3,3,0,0,0.3810164186044629,5.785123966942152,6.214367160775369,17.9205287,128.0,1863.0,1.1248173359804798,1000,0.36095449854488537,0.3892332616619365,17.2934001,27.4393245
med02_3,FJSP,XHTE,Behnke-Geiger,extension,20,40,100,1-150,13.84,True,3,3,0,0,0.015379388100145164,0.8264462809917328,1.2542759407069504,23.367289,122.0,1776.0,1.1289458148687597,1000,0.0,0.13589207393397418,20.7172668,26.0771544
med02_3,FJSP,NSGA-II,Behnke-Geiger,extension,20,40,100,1-150,13.84,True,3,3,0,0,4.293274289105065,64.46280991735537,58.7799315849487,0.21481649996712804,199,2785,1.0806432707836635,1000,4.067498838236261,4.335508637455455,0.2084000000031665,0.22410660004243255
med02_3,FJSP,SPEA2,Behnke-Geiger,extension,20,40,100,1-150,13.84,True,3,3,0,0,4.081975217218425,60.33057851239669,57.12656784492589,0.2409694999223575,194,2756,1.0830290897369403,1000,3.689639689553481,4.288916493982131,0.2365242000669241,0.257412499981001
med02_3,FJSP,MOEA/D,Behnke-Geiger,extension,20,40,100,1-150,13.84,True,3,3,0,0,3.8206527246858246,57.024793388429764,53.53477765108323,0.35634890000801533,190,2693,1.085979732870557,1000,3.712812424282441,3.9517195264297755,0.3563156999880448,0.4488763998961076
med02_3,FJSP,SMS-EMOA,Behnke-Geiger,extension,20,40,100,1-150,13.84,True,3,3,0,0,4.151039554714897,59.50413223140496,56.95553021664765,0.22366340004373342,193,2753,1.0822492708578353,1000,3.8955300427759076,4.151915343079682,0.2113785999827087,0.23282999999355525
med02_5,FJSP,XG,Behnke-Geiger,extension,20,40,100,1-150,12.96,True,3,3,0,0,0.5752471600433684,10.236220472440948,5.236486486486491,0.0305127,140.0,1869.0,1.1195759007140669,1,0.5752471600433684,0.5752471600433684,0.0292877,0.0313754
med02_5,FJSP,XH,Behnke-Geiger,extension,20,40,100,1-150,12.96,True,3,3,0,0,0.06787237730464524,1.5748031496062964,0.7319819819819884,32.750219799999996,129.0,1789.0,1.1252892121698035,1000,0.05449064125241376,0.07124708782836331,29.5653371,35.8367701
med02_5,FJSP,XT,Behnke-Geiger,extension,20,40,100,1-150,12.96,True,3,3,0,0,0.3920902246464353,6.299212598425208,5.011261261261257,26.5452908,135.0,1865.0,1.1216383457799262,1000,0.36989068920967316,0.4327301344271284,26.3108213,29.119835
med02_5,FJSP,XE,Behnke-Geiger,extension,20,40,100,1-150,12.96,True,3,3,0,0,0.5262241713583138,9.4488188976378,4.729729729729737,3.3575942,139.0,1860.0,1.1201279257897652,1000,0.5245927984973142,0.5312479634616674,3.1937831,3.6091628
med02_5,FJSP,XHT,Behnke-Geiger,extension,20,40,100,1-150,12.96,True,3,3,0,0,0.07122138162390934,1.5748031496062964,0.8445945945946054,32.8023165,129.0,1791.0,1.1252515005897379,1000,0.0,0.07123566284860106,30.5678204,38.2330138
med02_5,FJSP,XHE,Behnke-Geiger,extension,20,40,100,1-150,12.96,True,3,3,0,0,0.07122138162390934,1.5748031496062964,0.8445945945946054,17.8793386,129.0,1791.0,1.1252515005897379,1000,0.06788780102733316,0.07124708782836331,16.782593,18.5662412
med02_5,FJSP,XTE,Behnke-Geiger,extension,20,40,100,1-150,12.96,True,3,3,0,0,0.43279068681990607,7.086614173228356,5.011261261261257,16.1881898,136.0,1865.0,1.1211800368045879,1000,0.39208336965858015,0.4377544977794856,14.6794447,16.4311695
med02_5,FJSP,XHTE,Behnke-Geiger,extension,20,40,100,1-150,12.96,True,3,3,0,0,0.07123566284860106,1.5748031496062964,0.7319819819819884,21.8369334,129.0,1789.0,1.1252513397755086,1000,0.06791236473383533,0.18173463966567605,20.113875,23.0173877
med02_5,FJSP,NSGA-II,Behnke-Geiger,extension,20,40,100,1-150,12.96,True,3,3,0,0,4.543564215040785,64.56692913385827,61.82432432432432,0.22627880005165935,209,2874,1.074890527964694,1000,4.126928906611305,4.65371507272434,0.20926090003922582,0.23551570007111877
med02_5,FJSP,SPEA2,Behnke-Geiger,extension,20,40,100,1-150,12.96,True,3,3,0,0,4.38472843382347,60.629921259842526,59.12162162162162,0.24558210000395775,204,2826,1.0766791038247543,1000,4.205099646428523,4.414993547976898,0.23540040000807494,0.2675862000323832
med02_5,FJSP,MOEA/D,Behnke-Geiger,extension,20,40,100,1-150,12.96,True,3,3,0,0,3.7419124581878904,50.39370078740157,54.39189189189189,0.36736100004054606,191,2742,1.0839175555619596,1000,3.4928708634662797,4.348823378407829,0.3521529999561608,0.3785767999943346
med02_5,FJSP,SMS-EMOA,Behnke-Geiger,extension,20,40,100,1-150,12.96,True,3,3,0,0,4.329049823174847,59.84251968503938,60.7545045045045,0.23772750003263354,203,2855,1.0773060747639507,1000,4.258482978641876,4.3671804646492,0.21003509999718517,0.27722809999249876
med03_1,FJSP,XG,Behnke-Geiger,extension,50,40,250,151-500,12.928,True,3,3,0,0,0.4293629982331626,8.47457627118644,8.654367878459034,0.1014382,256.0,8010.0,1.145733151239301,1,0.4293629982331626,0.4293629982331626,0.0991508,0.1094975
med03_1,FJSP,XH,Behnke-Geiger,extension,50,40,250,151-500,12.928,True,3,3,0,0,0.018346047946593558,0.4237288135593209,0.2577319587628857,131.179767,237.0,7391.0,1.150462615264486,1000,0.0,0.07499834596590427,114.5491715,132.4680955
med03_1,FJSP,XT,Behnke-Geiger,extension,50,40,250,151-500,12.928,True,3,3,0,0,0.23868432193074884,5.084745762711873,4.177970699945743,115.4261937,248.0,7680.0,1.1479272406541374,1000,0.22166449444466219,0.26268964492606184,98.3376731,115.6056115
med03_1,FJSP,XE,Behnke-Geiger,extension,50,40,250,151-500,12.928,True,3,3,0,0,0.36875585292575064,6.779661016949157,7.826912642430828,8.7290751,252.0,7949.0,1.146430541731836,1000,0.32267545217899984,0.41332886759311016,8.4580525,10.2119524
med03_1,FJSP,XHT,Behnke-Geiger,extension,50,40,250,151-500,12.928,True,3,3,0,0,0.071684416506268,2.1186440677966045,0.2577319587628857,129.4595856,241.0,7391.0,1.1498488646756375,1000,0.0,0.0883313919642914,115.5257516,135.1181987
med03_1,FJSP,XHE,Behnke-Geiger,extension,50,40,250,151-500,12.928,True,3,3,0,0,0.071684416506268,2.1186440677966045,0.2577319587628857,70.4693927,241.0,7391.0,1.1498488646756375,1000,0.0,0.08833132168516444,60.9900715,74.0063994
med03_1,FJSP,XTE,Behnke-Geiger,extension,50,40,250,151-500,12.928,True,3,3,0,0,0.25436394340351276,5.508474576271194,4.435702658708629,54.7669328,249.0,7699.0,1.1477468193707032,1000,0.1931762360103506,0.2630626023729099,54.5575319,60.386033
med03_1,FJSP,XHTE,Behnke-Geiger,extension,50,40,250,151-500,12.928,True,3,3,0,0,0.08833132168516444,2.1186440677966045,0.2577319587628857,84.2090715,241.0,7391.0,1.1496573131128143,1000,0.0,0.08856906202792114,82.0832287,98.30478600000001
med03_1,FJSP,NSGA-II,Behnke-Geiger,extension,50,40,250,151-500,12.928,True,3,3,0,0,3.28225754470427,64.40677966101696,66.20998372219206,0.5296375999459997,388,12253,1.1129056434789182,1000,3.232613554809527,3.429150111553092,0.5261091000866145,0.5800268000457436
med03_1,FJSP,SPEA2,Behnke-Geiger,extension,50,40,250,151-500,12.928,True,3,3,0,0,3.194965363652469,63.13559322033899,63.79544221378188,0.580990899936296,385,12075,1.113910091664514,1000,3.1361537489809077,3.3024373832614695,0.5600411000195891,0.6620936999097466
med03_1,FJSP,MOEA/D,Behnke-Geiger,extension,50,40,250,151-500,12.928,True,3,3,0,0,2.953905528803169,57.6271186440678,60.29571351058058,0.7301815999671817,372,11817,1.116683903829783,1000,2.9322674398412962,2.980354170050692,0.6577641000039876,0.7813101999927312
med03_1,FJSP,SMS-EMOA,Behnke-Geiger,extension,50,40,250,151-500,12.928,True,3,3,0,0,3.2226869572710815,63.13559322033899,65.16549104720563,0.5332650999771431,385,12176,1.1135911065724182,1000,3.1558797493198454,3.3627876722945094,0.5316563999513164,0.581875600037165
med03_2,FJSP,XG,Behnke-Geiger,extension,50,40,250,151-500,12.208,True,3,3,0,0,0.337034285850224,6.41025641025641,7.880935506732811,0.0971652,249.0,7611.0,1.1472376621619733,1,0.337034285850224,0.337034285850224,0.0924658,0.100026
med03_2,FJSP,XH,Behnke-Geiger,extension,50,40,250,151-500,12.208,True,3,3,0,0,0.07690843185562679,2.136752136752129,1.218993621545006,131.618793,239.0,7141.0,1.150232015926847,1000,0.0,0.09636060428277471,118.6285169,140.1619203
med03_2,FJSP,XT,Behnke-Geiger,extension,50,40,250,151-500,12.208,True,3,3,0,0,0.13234647758147977,2.136752136752129,3.968816442239542,101.1741466,239.0,7335.0,1.149593858979403,1000,0.1270131198090274,0.14211080998487446,95.4711895,108.6463887
med03_2,FJSP,XE,Behnke-Geiger,extension,50,40,250,151-500,12.208,True,3,3,0,0,0.2680094860737281,4.2735042735042805,7.795889440113402,9.2190676,244.0,7605.0,1.14803221858882,1000,0.21274169757986572,0.2949823164981713,8.7338389,9.7267467
med03_2,FJSP,XHT,Behnke-Geiger,extension,50,40,250,151-500,12.208,True,3,3,0,0,0.07583508905617542,2.136752136752129,1.3465627214741316,119.6867299,239.0,7150.0,1.1502443713617383,1000,0.011800773157588651,0.11024035998895565,119.4424622,121.5322757
med03_2,FJSP,XHE,Behnke-Geiger,extension,50,40,250,151-500,12.208,True,3,3,0,0,0.07504558035369424,2.136752136752129,2.026931254429476,65.9297085,239.0,7198.0,1.1502534595331728,1000,0.06512898362798225,0.1262062846010048,60.555719,72.5851465
med03_2,FJSP,XTE,Behnke-Geiger,extension,50,40,250,151-500,12.208,True,3,3,0,0,0.13501511965807733,2.136752136752129,4.3090007087172255,61.0184296,239.0,7359.0,1.1495631397781916,1000,0.1326144980902555,0.1485145927877074,58.0750191,61.3877164
med03_2,FJSP,XHTE,Behnke-Geiger,extension,50,40,250,151-500,12.208,True,3,3,0,0,0.07183747518472172,2.136752136752129,2.778171509567673,82.7892197,239.0,7251.0,1.1502903885874876,1000,0.0657605005353612,0.11024100838209483,80.4022501,86.7316794
med03_2,FJSP,NSGA-II,Behnke-Geiger,extension,50,40,250,151-500,12.208,True,3,3,0,0,3.330621718401039,66.66666666666667,70.53153791637136,0.578787500038743,390,12031,1.1127779586704338,1000,3.1692970745006765,3.3929620892106382,0.5594048999482766,0.5790785000426695
med03_2,FJSP,SPEA2,Behnke-Geiger,extension,50,40,250,151-500,12.208,True,3,3,0,0,3.0828857027316636,61.53846153846154,66.91708008504607,0.5869066999293864,378,11776,1.1156296908601524,1000,3.069638814751885,3.2195915075021175,0.5644766999175772,0.6044661999912933
med03_2,FJSP,MOEA/D,Behnke-Geiger,extension,50,40,250,151-500,12.208,True,3,3,0,0,2.888669803891153,53.846153846153854,62.67895109851169,0.6763361999765038,360,11477,1.1178653437141879,1000,2.847649878297731,2.8928514173269915,0.6661536999745294,0.8732425000052899
med03_2,FJSP,SMS-EMOA,Behnke-Geiger,extension,50,40,250,151-500,12.208,True,3,3,0,0,3.2948118658288617,64.52991452991452,68.830616583983,0.5116192999994382,385,11911,1.1131901720864494,1000,3.0960063161473927,3.3525235741435733,0.5082717000041157,0.5154780999291688
med04_3,FJSP,XG,Behnke-Geiger,extension,100,40,500,151-500,12.712,False,3,3,0,0,0.34220309448529385,9.629629629629633,5.835461992424906,0.2551725,444.0,24031.0,1.1565238576446142,1,0.34220309448529385,0.34220309448529385,0.2444089,0.2722336
med04_3,FJSP,XH,Behnke-Geiger,extension,100,40,500,151-500,12.712,False,3,0,3,0,,,,,,,,,,,,
med04_3,FJSP,XT,Behnke-Geiger,extension,100,40,500,151-500,12.712,False,3,0,3,0,,,,,,,,,,,,
med04_3,FJSP,XE,Behnke-Geiger,extension,100,40,500,151-500,12.712,False,3,3,0,0,0.11041246527001558,2.4691358024691468,3.3559411609266343,21.5427988,415.0,23468.0,1.159213776557031,1000,0.07725396321315303,0.23149823490277166,19.3367947,23.8390884
med04_3,FJSP,XHT,Behnke-Geiger,extension,100,40,500,151-500,12.712,False,3,0,3,0,,,,,,,,,,,,
med04_3,FJSP,XHE,Behnke-Geiger,extension,100,40,500,151-500,12.712,False,3,3,0,0,0.005559776729835431,0.24691358024691024,0.36994626970845434,170.767892,406.0,22790.0,1.160430586877952,1000,0.0,0.007063360886661041,170.4199304,174.8364606
med04_3,FJSP,XTE,Behnke-Geiger,extension,100,40,500,151-500,12.712,False,3,3,0,0,0.15587265900600666,4.444444444444451,2.972782524442885,152.8732435,423.0,23381.0,1.1586862132327216,1000,0.1384917730692825,0.19184050498513017,140.4098817,163.0569968
med04_3,FJSP,XHTE,Behnke-Geiger,extension,100,40,500,151-500,12.712,False,3,3,0,0,0.007063360886661041,0.24691358024691024,0.36994626970845434,205.1199924,406.0,22790.0,1.1604131378573703,1000,0.005559776729835431,0.03641770339184447,193.9304529,216.1191302
med04_3,FJSP,NSGA-II,Behnke-Geiger,extension,100,40,500,151-500,12.712,False,3,3,0,0,2.694491259545717,62.22222222222222,68.00405179247775,1.165483899996616,657,38147,1.129225668567379,1000,2.6559950637386476,2.760698797950323,1.1397093000123277,1.2335489999968559
med04_3,FJSP,SPEA2,Behnke-Geiger,extension,100,40,500,151-500,12.712,False,3,3,0,0,2.5848253152568446,60.98765432098765,63.2916409759535,1.239774499903433,652,37077,1.1304983364857903,1000,2.5136986100004477,2.793648486876188,1.1794626000337303,1.2980865999124944
med04_3,FJSP,MOEA/D,Behnke-Geiger,extension,100,40,500,151-500,12.712,False,3,3,0,0,2.7212891398522565,62.22222222222222,70.27657887782965,1.4818207999924198,657,38663,1.1289146804774235,1000,2.5881472797134375,2.8722958352440653,1.3741143000079319,1.547152900020592
med04_3,FJSP,SMS-EMOA,Behnke-Geiger,extension,100,40,500,151-500,12.712,False,3,3,0,0,2.680972740278642,62.46913580246913,68.50171760768077,1.1782960999989882,658,38260,1.1293825503221224,1000,2.635361031015715,2.779803658058033,1.1742553999647498,1.249657699954696
med04_5,FJSP,XG,Behnke-Geiger,extension,100,40,500,151-500,12.04,False,3,3,0,0,0.3398285544458868,7.14285714285714,8.37685220566382,0.2519932,465.0,25526.0,1.1535550953100144,1,0.3398285544458868,0.3398285544458868,0.2364439,0.2676737
med04_5,FJSP,XH,Behnke-Geiger,extension,100,40,500,151-500,12.04,False,3,0,3,0,,,,,,,,,,,,
med04_5,FJSP,XT,Behnke-Geiger,extension,100,40,500,151-500,12.04,False,3,0,3,0,,,,,,,,,,,,
med04_5,FJSP,XE,Behnke-Geiger,extension,100,40,500,151-500,12.04,False,3,3,0,0,0.30280799852442364,6.451612903225801,7.294187576954103,21.1895937,462.0,25271.0,1.1539836040140934,1000,0.2623343978430226,0.3111439020074491,17.6303863,22.5446562
med04_5,FJSP,XHT,Behnke-Geiger,extension,100,40,500,151-500,12.04,False,3,0,3,0,,,,,,,,,,,,
med04_5,FJSP,XHE,Behnke-Geiger,extension,100,40,500,151-500,12.04,False,3,3,0,0,0.0418280279043004,1.1520737327188835,0.08916061648198692,179.5082162,439.0,23574.0,1.1570044173492096,1000,0.0,0.04732651438510427,173.9831232,180.8485109
med04_5,FJSP,XTE,Behnke-Geiger,extension,100,40,500,151-500,12.04,False,3,3,0,0,0.1923745707734792,4.147465437788012,4.542945696938827,167.784428,452.0,24623.0,1.1552618583199696,1000,0.17757000055926841,0.21121138158475272,155.4326795,187.2850479
med04_5,FJSP,XHTE,Behnke-Geiger,extension,100,40,500,151-500,12.04,False,3,2,1,0,0.03420159238155529,0.5760368663594417,1.1081390905617106,211.38362345000002,436.5,23814.0,1.1570926924688356,1000.0,1.2502467061636935e-06,0.06840193451640442,202.7708381,219.9964088
med04_5,FJSP,NSGA-II,Behnke-Geiger,extension,100,40,500,151-500,12.04,False,3,3,0,0,2.5911324808262304,55.29953917050692,63.720120579119445,1.263043100014329,674,38561,1.1274965096413527,1000,2.565879820606143,2.657343837454351,1.1485492000356317,1.3530817000428215
med04_5,FJSP,SPEA2,Behnke-Geiger,extension,100,40,500,151-500,12.04,False,3,3,0,0,2.570004552573335,54.147465437788014,63.98760242856536,1.2477748999372125,669,38624,1.1277410629963787,1000,2.513161458167268,2.6760654776888826,1.2175310999155045,1.2999247000552714
med04_5,FJSP,MOEA/D,Behnke-Geiger,extension,100,40,500,151-500,12.04,False,3,3,0,0,2.5023568282693476,52.53456221198156,62.200144355283825,1.3776935999048874,662,38203,1.12852407767441,1000,2.483558873692082,2.504119380384673,1.3322225000010803,1.6519228999968618
med04_5,FJSP,SMS-EMOA,Behnke-Geiger,extension,100,40,500,151-500,12.04,False,3,3,0,0,2.61433169595392,55.990783410138256,64.26782150893729,1.2124286000616848,677,38690,1.127227981377458,1000,2.5995128330446815,2.6588399973952903,1.17204220010899,1.2638494999846444
mk01,FJSP,XG,Brandimarte,legacy,10,6,55,1-150,2.090909090909091,True,3,3,0,0,4.344594658161882,14.634146341463406,15.82491582491583,0.0019368,47.0,344.0,0.8825407650815303,1,4.344594658161882,4.344594658161882,0.0019167,0.0021533
mk01,FJSP,XH,Brandimarte,legacy,10,6,55,1-150,2.090909090909091,True,3,3,0,0,0.8750744236618258,0.0,7.407407407407418,2.3917669,41.0,319.0,0.9145514291028584,1000,0.4408971965631281,1.2895285403823231,2.2240132,2.4061068
mk01,FJSP,XT,Brandimarte,legacy,10,6,55,1-150,2.090909090909091,True,3,3,0,0,1.6297605943678684,4.878048780487809,6.734006734006726,1.7217316999999999,43.0,317.0,0.9075885051770105,1000,1.2127864890982054,1.7899646664005564,1.7042264,1.7494467999999999
mk01,FJSP,XE,Brandimarte,legacy,10,6,55,1-150,2.090909090909091,True,3,3,0,0,3.0488501460249506,9.756097560975618,11.44781144781144,0.7505392,45.0,331.0,0.8944956289912581,1000,2.5956890051891723,3.070354048311208,0.7283586,0.7704519
mk01,FJSP,XHT,Brandimarte,legacy,10,6,55,1-150,2.090909090909091,True,3,3,0,0,0.3979901915325712,0.0,3.367003367003374,2.1758097,41.0,307.0,0.918953127906256,1000,0.15550009340757898,0.4348492240451307,1.9928443,2.1891541
mk01,FJSP,XHE,Brandimarte,legacy,10,6,55,1-150,2.090909090909091,True,3,3,0,0,0.4353532217549527,0.0,3.703703703703698,1.4642186,41.0,308.0,0.9186084072168147,1000,0.2739731550659874,0.8508153338951274,1.4037673,1.5184681
mk01,FJSP,XTE,Brandimarte,legacy,10,6,55,1-150,2.090909090909091,True,3,3,0,0,1.507927547977228,4.878048780487809,5.723905723905731,1.1876496,43.0,314.0,0.9087125674251351,1000,1.090113446524521,1.8663707192114631,1.1371893,1.2137572
mk01,FJSP,XHTE,Brandimarte,legacy,10,6,55,1-150,2.090909090909091,True,3,3,0,0,0.3576031750511688,0.0,3.0303030303030276,1.6879619,41.0,306.0,0.9193257486514975,1000,0.0,0.4348492240451307,1.6608491,1.9340874000000001
mk01,FJSP,NSGA-II,Brandimarte,legacy,10,6,55,1-150,2.090909090909091,True,3,3,0,0,3.4765762024377422,9.756097560975618,15.15151515151516,0.14164539997000247,45,342,0.8905493210986424,1000,3.4415651615279264,3.7258534697218404,0.1388376000104472,0.1707057999446988
mk01,FJSP,SPEA2,Brandimarte,legacy,10,6,55,1-150,2.090909090909091,True,3,3,0,0,2.9627001374905815,7.317073170731714,14.478114478114467,0.176348099950701,44,340,0.8952904705809414,1000,2.8856220877332306,3.864486439773629,0.17614610004238784,0.18688169994857162
mk01,FJSP,MOEA/D,Brandimarte,legacy,10,6,55,1-150,2.090909090909091,True,3,3,0,0,1.7053266509957088,4.878048780487809,4.377104377104368,0.29853600007481873,43,310,0.9068913137826277,1000,0.6983392267465693,2.1872156612920413,0.27044439991004765,0.32475279993377626
mk01,FJSP,SMS-EMOA,Brandimarte,legacy,10,6,55,1-150,2.090909090909091,True,3,3,0,0,4.167624262315361,14.634146341463406,15.15151515151516,0.13396859995555133,47,342,0.8841735383470768,1000,3.334751246890333,4.301956451909894,0.1334146000444889,0.14520809997338802
mk02,FJSP,XG,Brandimarte,legacy,10,6,58,1-150,4.103448275862069,True,3,3,0,0,5.656125642616683,51.72413793103448,11.965811965811968,0.0031003,44.0,262.0,0.9692120397742545,1,5.656125642616683,5.656125642616683,0.0030338,0.0033986
mk02,FJSP,XH,Brandimarte,legacy,10,6,58,1-150,4.103448275862069,True,3,3,0,0,0.29032200681619047,0.0,3.8461538461538547,3.9661207000000003,29.0,243.0,1.0243359312012903,1000,0.00020927879386123394,0.5176510966731995,3.8071003,4.3962742
mk02,FJSP,XT,Brandimarte,legacy,10,6,58,1-150,4.103448275862069,True,3,3,0,0,1.0736525323257085,10.344827586206895,2.564102564102555,2.4265504,32.0,240.0,1.0162886320881486,1000,0.6541008702858675,1.8853926541050225,2.4262006,2.6568954
mk02,FJSP,XE,Brandimarte,legacy,10,6,58,1-150,4.103448275862069,True,3,3,0,0,3.018585003290908,27.586206896551737,6.8376068376068355,0.9074924,37.0,250.0,0.9963079817253427,1000,2.5975683896938495,3.7205060779793686,0.9001449,0.9787825
mk02,FJSP,XHT,Brandimarte,legacy,10,6,58,1-150,4.103448275862069,True,3,3,0,0,0.06770168982161984,0.0,2.136752136752129,3.8364238,29.0,239.0,1.0266229508196723,1000,0.00020927879386123394,0.2288986808111071,3.7070469,3.9823836
mk02,FJSP,XHE,Brandimarte,legacy,10,6,58,1-150,4.103448275862069,True,3,3,0,0,0.3227079001698052,0.0,2.136752136752129,2.2804664,29.0,239.0,1.0240032249395328,1000,0.0,0.38978175360980805,2.2245065,2.4672987
mk02,FJSP,XTE,Brandimarte,legacy,10,6,58,1-150,4.103448275862069,True,3,3,0,0,0.6531591157133754,6.896551724137923,1.2820512820512775,1.8479898000000001,31.0,237.0,1.0206084385917766,1000,0.5565246326372453,1.2666075802871823,1.7186593000000001,1.8777591
mk02,FJSP,XHTE,Brandimarte,legacy,10,6,58,1-150,4.103448275862069,True,3,3,0,0,0.22837548382638184,0.0,2.136752136752129,2.9305535000000003,29.0,239.0,1.024972319269014,1000,0.0010463939693949875,0.3910374263730976,2.6009614,3.1048835
mk02,FJSP,NSGA-II,Brandimarte,legacy,10,6,58,1-150,4.103448275862069,True,3,3,0,0,5.623007273484459,31.034482758620683,38.034188034188034,0.1440627999836579,38,323,0.969552270894921,1000,5.58204094958159,6.997341112923683,0.140041199978441,0.14775010000448674
mk02,FJSP,SPEA2,Brandimarte,legacy,10,6,58,1-150,4.103448275862069,True,3,3,0,0,6.655536522811911,37.93103448275863,41.025641025641036,0.1732944999821484,40,330,0.9589449072829885,1000,5.56796695069286,7.102032829564397,0.17294189997483045,0.19559020001906902
mk02,FJSP,MOEA/D,Brandimarte,legacy,10,6,58,1-150,4.103448275862069,True,3,3,0,0,3.7494911909323747,24.13793103448276,25.64102564102564,0.31789200007915497,36,294,0.9887992475141092,1000,3.6623788929779577,5.364129405449402,0.2879432999761775,0.35533139994367957
mk02,FJSP,SMS-EMOA,Brandimarte,legacy,10,6,58,1-150,4.103448275862069,True,3,3,0,0,6.7774414202495965,37.93103448275863,45.299145299145295,0.13902589993085712,40,340,0.9576925557645796,1000,6.625034138603237,7.465864012732526,0.1365300000179559,0.14608179999049753
mk03,FJSP,XG,Brandimarte,legacy,15,8,150,1-150,3.006666666666667,True,3,3,0,0,6.239927443611881,43.627450980392155,40.981093510475205,0.0074075,293.0,2759.0,0.9831584404989008,1,6.239927443611881,6.239927443611881,0.0073196,0.0078914
mk03,FJSP,XH,Brandimarte,legacy,15,8,150,1-150,3.006666666666667,True,3,3,0,0,0.0,0.0,0.0,9.8156155,204.0,1957.0,1.0485896754267343,1000,0.0,0.2905057782796039,9.5651745,10.197863
mk03,FJSP,XT,Brandimarte,legacy,15,8,150,1-150,3.006666666666667,True,3,3,0,0,2.2978543309761568,14.215686274509798,17.731221257026064,7.4051591,233.0,2304.0,1.0244946121557723,1000,2.2090307229198802,2.433937768416472,7.1468219,8.0638833
mk03,FJSP,XE,Brandimarte,legacy,15,8,150,1-150,3.006666666666667,True,3,3,0,0,4.809628972352586,32.35294117647059,33.367399080224835,2.1685035,270.0,2610.0,0.9981564025963121,1000,4.476953327360089,4.936457635019675,2.1676719,2.1714051
mk03,FJSP,XHT,Brandimarte,legacy,15,8,150,1-150,3.006666666666667,True,3,3,0,0,0.32868801720433716,0.0,5.825242718446599,9.9358235,204.0,2071.0,1.0451430868139648,1000,0.32868801720433716,0.453180592957636,9.7343568,10.0574105
mk03,FJSP,XHE,Brandimarte,legacy,15,8,150,1-150,3.006666666666667,True,3,3,0,0,0.32868801720433716,0.0,5.825242718446599,6.1604302,204.0,2071.0,1.0451430868139648,1000,0.3286357118718053,0.46189531517253357,5.8895745,6.1919909
mk03,FJSP,XTE,Brandimarte,legacy,15,8,150,1-150,3.006666666666667,True,3,3,0,0,2.082252404135332,12.254901960784315,17.731221257026064,4.6321185,229.0,2304.0,1.0267553917006462,1000,1.7644877018116567,2.1644149280949043,4.5811287,4.7561338
mk03,FJSP,XHTE,Brandimarte,legacy,15,8,150,1-150,3.006666666666667,True,3,3,0,0,0.37474809302358025,0.0,6.642820643842606,7.2955293,204.0,2087.0,1.0446601056144305,1000,0.36893827821365965,0.453180592957636,7.0907188,7.5907207
mk03,FJSP,NSGA-II,Brandimarte,legacy,15,8,150,1-150,3.006666666666667,True,3,3,0,0,4.433930229910398,17.156862745098046,52.12059274399592,0.3624434999655932,239,2977,1.002095940820269,1000,4.42738225609528,4.491551091850443,0.35642540000844747,0.37801510002464056
mk03,FJSP,SPEA2,Brandimarte,legacy,15,8,150,1-150,3.006666666666667,True,3,3,0,0,3.693268414526296,12.745098039215685,44.91568727644353,0.39975039998535067,230,2836,1.009862444146215,1000,3.6884968605669255,4.384940401653237,0.38151139998808503,0.4779984999913722
mk03,FJSP,MOEA/D,Brandimarte,legacy,15,8,150,1-150,3.006666666666667,True,3,3,0,0,3.4979701101373273,10.784313725490202,50.02554931016863,0.4937315999995917,226,2936,1.0119103220023211,1000,3.438068735699351,4.217635257413654,0.4841630000155419,0.5257523999316618
mk03,FJSP,SMS-EMOA,Brandimarte,legacy,15,8,150,1-150,3.006666666666667,True,3,3,0,0,4.1699700617026,15.19607843137254,48.69698518140011,0.36608930001966655,235,2910,1.004863799891335,1000,3.319788725816375,4.406105754458434,0.3376692000310868,0.3877220000140369
mk04,FJSP,XG,Brandimarte,legacy,15,8,90,1-150,1.9111111111111112,True,3,3,0,0,5.001228037824168,19.696969696969703,30.311614730878176,0.0041208,79.0,920.0,0.9355061505164244,1,5.001228037824168,5.001228037824168,0.0039421,0.0048678
mk04,FJSP,XH,Brandimarte,legacy,15,8,90,1-150,1.9111111111111112,True,3,3,0,0,0.5984889661361126,3.0303030303030276,3.82436260623229,4.1141273,68.0,733.0,0.9788623897141592,1000,0.0,0.6984060667790115,4.0938547,4.206178
mk04,FJSP,XT,Brandimarte,legacy,15,8,90,1-150,1.9111111111111112,True,3,3,0,0,0.8970790601739775,3.0303030303030276,7.223796033994345,3.6935189,68.0,757.0,0.9759220057103857,1000,0.8762789238288105,0.9092935156760462,3.4640635,3.7081648
mk04,FJSP,XE,Brandimarte,legacy,15,8,90,1-150,1.9111111111111112,True,3,3,0,0,2.522049190822573,10.606060606060597,12.60623229461757,1.1854286,73.0,795.0,0.9599200141032468,1000,1.8926551605076614,2.6120718325620573,1.1492761,1.2134103
mk04,FJSP,XHT,Brandimarte,legacy,15,8,90,1-150,1.9111111111111112,True,3,3,0,0,0.07336172768863669,1.5151515151515138,1.1331444759206777,4.0504917,67.0,714.0,0.9840336119439256,1000,0.002927211558212406,0.16902106606504486,3.8344191,4.1130786
mk04,FJSP,XHE,Brandimarte,legacy,15,8,90,1-150,1.9111111111111112,True,3,3,0,0,0.5363280562281081,3.0303030303030276,3.116147308781869,2.7268543,68.0,728.0,0.9794745230327223,1000,0.19352255256235296,0.6115501357252473,2.5823406,2.7642822000000002
mk04,FJSP,XTE,Brandimarte,legacy,15,8,90,1-150,1.9111111111111112,True,3,3,0,0,0.762042678381647,3.0303030303030276,5.665722379603388,2.4454678,68.0,746.0,0.9772517846443756,1000,0.5173640798603829,1.3090611047550382,2.4099591,2.6211276
mk04,FJSP,XHTE,Brandimarte,legacy,15,8,90,1-150,1.9111111111111112,True,3,3,0,0,0.07287789106745768,1.5151515151515138,1.1331444759206777,3.0670746,67.0,714.0,0.9840383765543054,1000,0.003072362544587204,0.16899687423399534,2.7492395,3.1191403
mk04,FJSP,NSGA-II,Brandimarte,legacy,15,8,90,1-150,1.9111111111111112,True,3,3,0,0,3.165208373010475,15.15151515151516,17.8470254957507,0.2404712000861764,76,832,0.9535864651712938,1000,3.0064228706667917,3.360085668112167,0.2144700000062585,0.24381500005256385
mk04,FJSP,SPEA2,Brandimarte,legacy,15,8,90,1-150,1.9111111111111112,True,3,3,0,0,3.0510785716199362,18.181818181818187,11.473087818696893,0.24010180006735027,78,787,0.9547103652907666,1000,2.743822963696474,3.387107943405887,0.23031580005772412,0.24877599999308586
mk04,FJSP,MOEA/D,Brandimarte,legacy,15,8,90,1-150,1.9111111111111112,True,3,3,0,0,1.3932607727584423,10.606060606060597,2.2662889518413554,0.41886969993356615,73,722,0.9710358262965997,1000,0.6554268597183,2.296288604190011,0.39103629998862743,0.46971239999402314
mk04,FJSP,SMS-EMOA,Brandimarte,legacy,15,8,90,1-150,1.9111111111111112,True,3,3,0,0,3.24863632160306,16.666666666666675,14.164305949008504,0.23420269996859133,77,806,0.9527649034034805,1000,3.091038638164434,3.3336512543131858,0.22083690005820245,0.2394808999961242
mk05,FJSP,XG,Brandimarte,legacy,15,4,106,1-150,1.7075471698113207,True,3,3,0,0,8.679906065950915,22.857142857142865,17.413972888425434,0.0035155,215.0,2252.0,0.7422863360958875,1,8.679906065950915,8.679906065950915,0.0035039,0.0036152
mk05,FJSP,XH,Brandimarte,legacy,15,4,106,1-150,1.7075471698113207,True,3,3,0,0,0.07991563152790482,0.5714285714285783,0.4692387904066786,4.9507371,176.0,1927.0,0.8121905063066385,1000,0.0,0.5691719400949036,4.8355822,5.2108298
mk05,FJSP,XT,Brandimarte,legacy,15,4,106,1-150,1.7075471698113207,True,3,3,0,0,3.469122849420747,6.8571428571428505,10.688216892596447,3.2786435,187.0,2123.0,0.7846416712183141,1000,3.3359883807850377,3.5979370668943744,3.2769385,3.3847233
mk05,FJSP,XE,Brandimarte,legacy,15,4,106,1-150,1.7075471698113207,True,3,3,0,0,6.173113268476715,16.57142857142857,11.678832116788328,1.3921896999999999,204.0,2142.0,0.7626625529921657,1000,6.099510890011306,6.547879453952687,1.3742048,1.4217971
mk05,FJSP,XHT,Brandimarte,legacy,15,4,106,1-150,1.7075471698113207,True,3,3,0,0,1.3956907706793364,1.1428571428571344,7.299270072992692,4.8418713,177.0,2058.0,0.8014953584471528,1000,0.6012888120563553,1.6351339301091006,4.7690945,5.3751605
mk05,FJSP,XHE,Brandimarte,legacy,15,4,106,1-150,1.7075471698113207,True,3,3,0,0,1.3950250497939964,1.1428571428571344,7.299270072992692,3.0971329,177.0,2058.0,0.8015007696934137,1000,0.6117877851853581,1.6398078454914922,2.9364699,3.1645716999999998
mk05,FJSP,XTE,Brandimarte,legacy,15,4,106,1-150,1.7075471698113207,True,3,3,0,0,3.4699300359942065,6.2857142857142945,9.958289885297189,2.4058691,186.0,2109.0,0.7846351100822229,1000,3.1762500412694905,3.4757509329852776,2.3859857,2.4671084
mk05,FJSP,XHTE,Brandimarte,legacy,15,4,106,1-150,1.7075471698113207,True,3,3,0,0,1.441493754508305,1.1428571428571344,8.654848800834202,3.4509464,177.0,2084.0,0.8011230534309839,1000,1.3687595870308544,1.6350507149984428,3.3076052000000002,3.7109792
mk05,FJSP,NSGA-II,Brandimarte,legacy,15,4,106,1-150,1.7075471698113207,True,3,3,0,0,6.703726100126106,10.857142857142854,23.461939520333686,0.2702764000277966,194,2368,0.7583495191600396,1000,5.770875001132936,6.851134734078046,0.26940009999088943,0.27618080005049706
mk05,FJSP,SPEA2,Brandimarte,legacy,15,4,106,1-150,1.7075471698113207,True,3,3,0,0,6.3568522328267925,9.714285714285719,22.262773722627728,0.3395235000643879,192,2345,0.7611690490242004,1000,5.7744893107728235,6.505941812014148,0.29471020004712045,0.35157050006091595
mk05,FJSP,MOEA/D,Brandimarte,legacy,15,4,106,1-150,1.7075471698113207,True,3,3,0,0,5.240314872386964,5.714285714285716,19.968717413972882,0.47031409991905093,185,2301,0.7702447123387125,1000,4.508833245856902,5.4935356803059605,0.4098032000474632,0.4968750999541953
mk05,FJSP,SMS-EMOA,Brandimarte,legacy,15,4,106,1-150,1.7075471698113207,True,3,3,0,0,6.6904532899749185,9.714285714285719,24.556830031282594,0.267613900010474,192,2389,0.7584574058823631,1000,5.800528705818698,7.321631582863941,0.2619615999283269,0.29593570006545633
mk06,FJSP,XG,Brandimarte,extension,10,10,150,1-150,3.2666666666666666,True,3,3,0,0,0.883325026252002,6.153846153846154,10.677966101694913,0.0076678,69.0,653.0,1.0805668371073778,1,0.883325026252002,0.883325026252002,0.0076062,0.0079417
mk06,FJSP,XH,Brandimarte,extension,10,10,150,1-150,3.2666666666666666,True,3,3,0,0,0.18695213743870065,1.538461538461533,2.033898305084736,9.6117562,66.0,602.0,1.0881586721856995,1000,0.0,0.6436046206480417,8.3442974,10.0776651
mk06,FJSP,XT,Brandimarte,extension,10,10,150,1-150,3.2666666666666666,True,3,3,0,0,0.41055469589569293,3.076923076923066,4.745762711864399,7.9176453,67.0,618.0,1.0857209642074508,1000,0.4022538184966673,0.41055469589569293,7.8329903,8.4617724
mk06,FJSP,XE,Brandimarte,extension,10,10,150,1-150,3.2666666666666666,True,3,3,0,0,0.8232906985877086,6.153846153846154,9.49152542372882,2.3973529,69.0,646.0,1.0812213294375457,1000,0.8061380335407597,0.883325026252002,2.177303,2.4045932
mk06,FJSP,XHT,Brandimarte,extension,10,10,150,1-150,3.2666666666666666,True,3,3,0,0,0.18706380843509507,1.538461538461533,2.033898305084736,8.9763155,66.0,602.0,1.0881574547520496,1000,0.06880422324818669,0.24686734937352517,8.6713248,10.0665847
mk06,FJSP,XHE,Brandimarte,extension,10,10,150,1-150,3.2666666666666666,True,3,3,0,0,0.10063045722201736,0.0,2.033898305084736,5.3979038,65.0,602.0,1.0890997483970457,1000,0.0686478838532456,0.5917892783187328,5.1623739,5.7294024
mk06,FJSP,XTE,Brandimarte,extension,10,10,150,1-150,3.2666666666666666,True,3,3,0,0,0.3936774859731873,3.076923076923066,4.406779661016946,5.3073178,67.0,616.0,1.0859049590130674,1000,0.39340203084874403,0.40197836337221293,5.1166245,5.6097746
mk06,FJSP,XHTE,Brandimarte,extension,10,10,150,1-150,3.2666666666666666,True,3,3,0,0,0.3765099314600784,3.076923076923066,4.5762711864406835,6.4500636,67.0,617.0,1.0860921191461732,1000,0.3157162410202585,0.43635814079703295,6.2628371,6.8899355
mk06,FJSP,NSGA-II,Brandimarte,extension,10,10,150,1-150,3.2666666666666666,True,3,3,0,0,7.631618228131176,75.38461538461539,69.83050847457628,0.3284944000188261,114,1002,1.006997159321484,1000,7.57534349067901,7.986449096823611,0.32207420002669096,0.35677299997769296
mk06,FJSP,SPEA2,Brandimarte,extension,10,10,150,1-150,3.2666666666666666,True,3,3,0,0,6.883973462504434,69.23076923076923,65.9322033898305,0.3687854999443516,110,979,1.0151479587695804,1000,6.60562233687938,7.990097016039299,0.34285670006647706,0.3922191000310704
mk06,FJSP,MOEA/D,Brandimarte,extension,10,10,150,1-150,3.2666666666666666,True,3,3,0,0,6.991862534492377,69.23076923076923,63.55932203389831,0.511223700013943,110,965,1.0139717555393233,1000,6.090044791236659,7.513254416680992,0.4833050000015646,0.6365558999823406
mk06,FJSP,SMS-EMOA,Brandimarte,extension,10,10,150,1-150,3.2666666666666666,True,3,3,0,0,7.86204760683471,75.38461538461539,75.59322033898306,0.3432883999776095,114,1036,1.0044850255661069,1000,7.512264267179569,8.07798953493869,0.3347800000337884,0.3734621999319643
mk07,FJSP,XG,Brandimarte,extension,20,5,100,1-150,2.83,True,3,3,0,0,5.639940885365813,46.52777777777777,13.50125944584384,0.0060693,211.0,2253.0,0.9661763366285392,1,5.639940885365813,5.639940885365813,0.0060611,0.006401
mk07,FJSP,XH,Brandimarte,extension,20,5,100,1-150,2.83,True,3,3,0,0,0.5423095903773323,0.694444444444442,4.8866498740554265,8.6763215,145.0,2082.0,1.018372263340407,1000,0.0,0.5517771921984105,8.2410865,8.7261444
mk07,FJSP,XT,Brandimarte,extension,20,5,100,1-150,2.83,True,3,3,0,0,2.6562789938986975,22.916666666666675,6.095717884130991,5.6083646,177.0,2106.0,0.9967267998550803,1000,2.4077809836873687,2.7055984765298913,5.5781579,5.6336776
mk07,FJSP,XE,Brandimarte,extension,20,5,100,1-150,2.83,True,3,3,0,0,3.5055552278373314,27.083333333333325,9.118387909319893,1.5157351000000001,183.0,2166.0,0.9880308472646346,1000,3.198525399533536,3.6650360453791775,1.3843122,1.5512755999999999
mk07,FJSP,XHT,Brandimarte,extension,20,5,100,1-150,2.83,True,3,3,0,0,0.4814020259656715,0.0,8.01007556675064,8.6977113,144.0,2144.0,1.0189959111847215,1000,0.47859915078692916,0.5270542661402589,7.7877794,9.0680592
mk07,FJSP,XHE,Brandimarte,extension,20,5,100,1-150,2.83,True,3,3,0,0,0.5988574075542319,0.694444444444442,8.01007556675064,4.5642319,145.0,2144.0,1.0177932560426484,1000,0.5522371771240264,0.6184876433642628,4.4182374,4.6096692
mk07,FJSP,XTE,Brandimarte,extension,20,5,100,1-150,2.83,True,3,3,0,0,2.7868464732576537,22.916666666666675,7.103274559193951,3.6547971,177.0,2126.0,0.9953898866518298,1000,2.059322183399792,2.8447641356526665,3.5474024,3.6677006
mk07,FJSP,XHTE,Brandimarte,extension,20,5,100,1-150,2.83,True,3,3,0,0,0.558646637406568,2.083333333333326,8.01007556675064,5.9199912999999995,147.0,2144.0,1.0182049842140677,1000,0.5081418090054579,0.8966016060954929,5.4011129,6.1445408
mk07,FJSP,NSGA-II,Brandimarte,extension,20,5,100,1-150,2.83,True,3,3,0,0,6.830455167215388,36.80555555555556,46.24685138539042,0.26279209996573627,197,2903,0.9539863619895451,1000,6.525785920892591,7.96175776314284,0.2564909999491647,0.28827919997274876
mk07,FJSP,SPEA2,Brandimarte,extension,20,5,100,1-150,2.83,True,3,3,0,0,7.102379552568094,36.80555555555556,50.377833753148614,0.29388509993441403,197,2985,0.9512020599347862,1000,6.8335133087539575,7.324729188929801,0.2909471000311896,0.2959972999524325
mk07,FJSP,MOEA/D,Brandimarte,extension,20,5,100,1-150,2.83,True,3,3,0,0,6.138807174167516,30.555555555555557,45.390428211586894,0.45345729996915907,188,2886,0.9610683194451635,1000,4.136593888458295,6.594247853121438,0.38327769993338734,0.49172170006204396
mk07,FJSP,SMS-EMOA,Brandimarte,extension,20,5,100,1-150,2.83,True,3,3,0,0,6.975191193239805,38.19444444444444,47.35516372795969,0.2623902999330312,199,2925,0.9525043734796338,1000,6.805107975901015,7.7044037794181115,0.24753900000359863,0.26709749992005527
mk08,FJSP,XG,Brandimarte,extension,20,10,225,151-500,1.431111111111111,True,3,3,0,0,5.066198843325875,14.149139579349912,20.15273103805333,0.0091727,597.0,9283.0,0.8626055066728748,1,5.066198843325875,5.066198843325875,0.008487,0.0103179
mk08,FJSP,XH,Brandimarte,extension,20,10,225,151-500,1.431111111111111,True,3,3,0,0,0.3775035649219327,0.0,2.951074294589695,10.8838417,523.0,7954.0,0.9052088188439267,1000,0.2906165900780633,0.5846373681405947,10.5865883,10.8937096
mk08,FJSP,XT,Brandimarte,extension,20,10,225,151-500,1.431111111111111,True,3,3,0,0,1.7837516414722865,3.2504780114722687,9.42272844939167,8.6969091,540.0,8454.0,0.8924311008994136,1000,1.7497623394899353,1.817329864581263,8.6604492,9.3428825
mk08,FJSP,XE,Brandimarte,extension,20,10,225,151-500,1.431111111111111,True,3,3,0,0,3.0960803397965475,7.45697896749522,14.496505306756413,2.9585882999999997,562.0,8846.0,0.8805067710195732,1000,2.9572957001721356,3.1742969965479206,2.9253324000000003,3.0289684
mk08,FJSP,XHT,Brandimarte,extension,20,10,225,151-500,1.431111111111111,True,3,3,0,0,0.17717716612477563,0.0,1.3849339891276236,11.0298366,523.0,7833.0,0.9070290625572189,1000,0.0,0.3775035649219327,10.9616117,11.4998857
mk08,FJSP,XHE,Brandimarte,extension,20,10,225,151-500,1.431111111111111,True,3,3,0,0,0.3771023729726708,0.0,2.951074294589695,6.9859491,523.0,7954.0,0.9052124642302954,1000,0.28400938158227307,0.44753779185300324,6.4735987,7.3086217
mk08,FJSP,XTE,Brandimarte,extension,20,10,225,151-500,1.431111111111111,True,3,3,0,0,1.715685426787028,2.6768642447418722,9.26740874967642,5.8817212,537.0,8442.0,0.8930495770469028,1000,1.3104916735354188,1.730419058249788,5.7921721,5.9397663000000005
mk08,FJSP,XHTE,Brandimarte,extension,20,10,225,151-500,1.431111111111111,True,3,3,0,0,0.16838323290601087,0.0,1.320217447579597,8.3125689,523.0,7828.0,0.9071089676608532,1000,0.028178933849654086,0.3804031197280344,7.4566729,8.5681047
mk08,FJSP,NSGA-II,Brandimarte,extension,20,10,225,151-500,1.431111111111111,True,3,3,0,0,1.8335419055220958,2.48565965583174,10.937095521615326,0.5539143000496551,536,8571,0.8919786871603158,1000,1.8039724586641825,1.841075855990737,0.5431482000276446,0.601193799986504
mk08,FJSP,SPEA2,Brandimarte,extension,20,10,225,151-500,1.431111111111111,True,3,3,0,0,1.6996079165938593,1.7208413001912115,10.665286047113632,0.6184911999152973,532,8550,0.89319566356885,1000,1.4972476117735,1.8051364296657435,0.5788378000725061,0.6321971999714151
mk08,FJSP,MOEA/D,Brandimarte,extension,20,10,225,151-500,1.431111111111111,True,3,3,0,0,1.4645390950867587,0.19120458891013214,10.419363189231156,0.820009300019592,524,8531,0.8953315904716872,1000,0.5532009499722546,1.4662265587172985,0.7462330999551341,0.8758349999552593
mk08,FJSP,SMS-EMOA,Brandimarte,extension,20,10,225,151-500,1.431111111111111,True,3,3,0,0,1.8806489840991092,2.48565965583174,11.260678229355413,0.610713699948974,536,8596,0.891550653889882,1000,1.610235380459657,2.0808613117950348,0.5352246999973431,0.6119662000564858
mk09,FJSP,XG,Brandimarte,extension,20,10,240,151-500,2.525,True,3,3,0,0,7.206963059326643,46.451612903225815,43.440114262395426,0.011615,454.0,7030.0,0.9592329841425766,1,7.206963059326643,7.206963059326643,0.0115009,0.0116649
mk09,FJSP,XH,Brandimarte,extension,20,10,240,151-500,2.525,True,3,3,0,0,0.03545650904054343,0.0,1.0406039583758409,19.8853452,310.0,4952.0,1.0333672711088187,1000,0.0,0.4040080921461353,18.7296893,20.1966746
mk09,FJSP,XT,Brandimarte,extension,20,10,240,151-500,2.525,True,3,3,0,0,2.4816781639352636,15.161290322580644,15.976331360946737,12.6150635,357.0,5684.0,1.0080798511120028,1000,2.412474494506678,2.5717946180567886,11.3574369,13.2329933
mk09,FJSP,XE,Brandimarte,extension,20,10,240,151-500,2.525,True,3,3,0,0,6.187628274589896,39.99999999999999,36.99245052030198,3.5963407,434.0,6714.0,0.9697701923172428,1000,5.3881796080210815,6.415486029679995,3.5731134,3.8395961
mk09,FJSP,XHT,Brandimarte,extension,20,10,240,151-500,2.525,True,3,3,0,0,0.36986517826824716,0.3225806451612856,5.3254437869822535,18.0726149,311.0,5162.0,1.029910375674827,1000,0.20647754501561533,0.3909350265454248,17.8607356,19.7343314
mk09,FJSP,XHE,Brandimarte,extension,20,10,240,151-500,2.525,True,3,3,0,0,0.37017592958676904,0.3225806451612856,5.3254437869822535,10.2453631,311.0,5162.0,1.0299071633334227,1000,0.20674588180875642,0.4040500738701991,9.738540799999999,11.2945177
mk09,FJSP,XTE,Brandimarte,extension,20,10,240,151-500,2.525,True,3,3,0,0,2.5715215204495823,16.774193548387096,15.976331360946737,7.6877205,362.0,5684.0,1.0071511099713317,1000,2.4818452252290624,2.6357272007054067,7.4722223,7.9790423
mk09,FJSP,XHTE,Brandimarte,extension,20,10,240,151-500,2.525,True,3,3,0,0,0.40414745415804365,0.3225806451612856,5.815139767394406,13.4401219,311.0,5186.0,1.0295559882025644,1000,0.2628047704646641,0.4044776815340656,13.0418112,14.2509562
mk09,FJSP,NSGA-II,Brandimarte,extension,20,10,240,151-500,2.525,True,3,3,0,0,5.0269689405333935,25.161290322580655,39.42052642317895,0.623815199942328,388,6833,0.981768320121722,1000,4.721106199040204,5.075434979946802,0.6237949000205845,0.6278205999406055
mk09,FJSP,SPEA2,Brandimarte,extension,20,10,240,151-500,2.525,True,3,3,0,0,5.073023757459838,27.09677419354839,37.584166496633344,0.6251930000726134,394,6743,0.9812922359139948,1000,4.6942884900938235,5.356045671121301,0.5954513000324368,0.6878236000193283
mk09,FJSP,MOEA/D,Brandimarte,extension,20,10,240,151-500,2.525,True,3,3,0,0,3.9409998977225635,19.67741935483871,32.19751071209957,0.8533793999813497,371,6479,0.9929943491424974,1000,3.856591399992315,4.348575787214193,0.7426028000190854,0.931106899981387
mk09,FJSP,SMS-EMOA,Brandimarte,extension,20,10,240,151-500,2.525,True,3,3,0,0,4.820414876251633,23.225806451612897,38.930830442766776,0.5798006999539211,382,6809,0.9839035392933334,1000,4.5805494391898405,5.400494319220284,0.5560767999850214,0.6083414000459015
mk10,FJSP,XG,Brandimarte,extension,20,15,240,151-500,2.9833333333333334,True,3,3,0,0,3.818400042218817,47.297297297297305,12.029887920298886,0.014773,327.0,4498.0,1.0304312259763428,1,3.818400042218817,3.818400042218817,0.0145816,0.0148252
mk10,FJSP,XH,Brandimarte,extension,20,15,240,151-500,2.9833333333333334,True,3,3,0,0,0.20019948125413745,1.8018018018018056,1.3698630136986356,26.986803,226.0,4070.0,1.069194428517158,1000,0.09469894128760759,0.4342428557813638,21.6545381,27.6518369
mk10,FJSP,XT,Brandimarte,extension,20,15,240,151-500,2.9833333333333334,True,3,3,0,0,2.555517553315867,33.7837837837838,6.226650062266503,14.8107767,297.0,4265.0,1.04396098168716,1000,2.387319154410894,2.619110057643803,14.4486072,15.6176908
mk10,FJSP,XE,Brandimarte,extension,20,15,240,151-500,2.9833333333333334,True,3,3,0,0,3.4727127639024746,43.69369369369369,10.211706102117057,3.97842,319.0,4425.0,1.0341347094508981,1000,3.3586441552655,3.6407752700932217,3.955556,4.0244553
mk10,FJSP,XHT,Brandimarte,extension,20,15,240,151-500,2.9833333333333334,True,3,3,0,0,0.15430320368750028,1.3513513513513598,1.0958904109588996,23.7017974,225.0,4059.0,1.0696861333503225,1000,0.0,0.2862471003121314,23.4188614,24.8959619
mk10,FJSP,XHE,Brandimarte,extension,20,15,240,151-500,2.9833333333333334,True,3,3,0,0,0.238575848054845,1.8018018018018056,2.017434620174341,14.7998457,226.0,4096.0,1.068783287439152,1000,0.09469894128760759,0.45650261096930045,13.8775792,14.8242446
mk10,FJSP,XTE,Brandimarte,extension,20,15,240,151-500,2.9833333333333334,True,3,3,0,0,2.4874324402598513,32.88288288288288,7.471980074719808,9.7424991,295.0,4315.0,1.044690404222737,1000,2.430404412995424,2.844818605614663,9.041553,9.8981862
mk10,FJSP,XHTE,Brandimarte,extension,20,15,240,151-500,2.9833333333333334,True,3,3,0,0,0.15428998883683098,1.3513513513513598,1.0958904109588996,16.4770573,225.0,4059.0,1.0696862749262037,1000,3.523960190321418e-06,0.2862471003121314,15.0506768,19.1832798
mk10,FJSP,NSGA-II,Brandimarte,extension,20,15,240,151-500,2.9833333333333334,True,3,3,0,0,5.550323392393675,47.74774774774775,43.038605230386054,0.5550471999449655,328,5743,1.0118764514477314,1000,5.515910379552269,5.90425541603442,0.552325600059703,0.6066520999884233
mk10,FJSP,SPEA2,Brandimarte,extension,20,15,240,151-500,2.9833333333333334,True,3,3,0,0,5.8920792526397925,51.35135135135136,43.5118306351183,0.6486240000231192,336,5762,1.008215086797813,1000,5.376862619709821,5.9914318035859555,0.5963952000020072,0.6551497000036761
mk10,FJSP,MOEA/D,Brandimarte,extension,20,15,240,151-500,2.9833333333333334,True,3,3,0,0,5.086446234015685,43.24324324324324,38.605230386052305,0.7594388000434265,318,5565,1.016846149489973,1000,4.861523529163813,5.971735949672907,0.7510953999590129,0.8145743000786752
mk10,FJSP,SMS-EMOA,Brandimarte,extension,20,15,240,151-500,2.9833333333333334,True,3,3,0,0,5.584107598591348,49.09909909909911,40.697384806973844,0.5734651000238955,331,5649,1.0115145079884191,1000,5.527579973671748,5.886698165452553,0.5547017999924719,0.6048492999980226
mk11,FJSP,XG,Brandimarte,extension,30,5,179,151-500,1.5083798882681565,True,3,3,0,0,4.182857895333047,14.935064935064934,10.843552582683014,0.0103823,708.0,14914.0,0.8568271163159236,1,4.182857895333047,4.182857895333047,0.0101252,0.0107218
mk11,FJSP,XH,Brandimarte,extension,30,5,179,151-500,1.5083798882681565,True,3,3,0,0,0.10894974490984755,0.48701298701299134,0.8324043106651802,13.9634952,619.0,13567.0,0.8932572883706276,1000,0.09542948268819185,0.15357276024379196,13.556884,15.3165439
mk11,FJSP,XT,Brandimarte,extension,30,5,179,151-500,1.5083798882681565,True,3,3,0,0,1.7251325980092935,6.006493506493515,5.633593459680419,10.5409966,653.0,14213.0,0.8788048713704655,1000,1.5872147279856752,1.8007768215187347,10.5376748,10.5671743
mk11,FJSP,XE,Brandimarte,extension,30,5,179,151-500,1.5083798882681565,True,3,3,0,0,3.2260609297102394,11.038961038961048,9.186176142697878,2.4499786,684.0,14691.0,0.8653830966650231,1000,2.6022102032749572,3.573128406132864,2.4370307,2.4808223
mk11,FJSP,XHT,Brandimarte,extension,30,5,179,151-500,1.5083798882681565,True,3,3,0,0,0.031519724520301384,0.48701298701299134,0.7134894091415767,13.7754262,619.0,13551.0,0.8939496920431791,1000,0.0,0.16936051782285855,13.6075724,17.829712
mk11,FJSP,XHE,Brandimarte,extension,30,5,179,151-500,1.5083798882681565,True,3,3,0,0,0.23203984108868259,0.48701298701299134,1.77629134150874,8.2251161,619.0,13694.0,0.8921565778939913,1000,0.09587413221021635,0.24968805198543054,7.5167646999999995,8.6297508
mk11,FJSP,XTE,Brandimarte,extension,30,5,179,151-500,1.5083798882681565,True,3,3,0,0,1.9526890190394885,6.168831168831179,6.25789669267931,6.4580695,654.0,14297.0,0.8767699900564571,1000,1.6033792430313887,1.9565499918256957,6.3921585,6.8126345
mk11,FJSP,XHTE,Brandimarte,extension,30,5,179,151-500,1.5083798882681565,True,3,3,0,0,0.1694151293482382,0.48701298701299134,1.3229282794500197,10.0752534,619.0,13633.0,0.8927165878253255,1000,0.05368176416579162,0.2398292443066441,9.9481738,10.2602869
mk11,FJSP,NSGA-II,Brandimarte,extension,30,5,179,151-500,1.5083798882681565,True,3,3,0,0,4.630452033577404,9.740259740259738,21.062801932367158,0.5245589999249205,676,16289,0.8528245883096833,1000,4.387901335608568,4.689635784808699,0.48552749992813915,0.5456254000309855
mk11,FJSP,SPEA2,Brandimarte,extension,30,5,179,151-500,1.5083798882681565,True,3,3,0,0,4.353264223867026,9.253246753246746,20.096618357487927,0.5231277999700978,673,16159,0.8553032891606505,1000,4.320260493202921,4.512041152187263,0.5085064999293536,0.5675969000440091
mk11,FJSP,MOEA/D,Brandimarte,extension,30,5,179,151-500,1.5083798882681565,True,3,3,0,0,3.0232097698276506,6.331168831168821,14.983277591973243,0.6836656999075785,655,15471,0.8671970557390026,1000,2.9338321750304153,3.2776539271471505,0.6648323000408709,0.7330306000076234
mk11,FJSP,SMS-EMOA,Brandimarte,extension,30,5,179,151-500,1.5083798882681565,True,3,3,0,0,4.749594399114942,10.22727272727273,21.471571906354512,0.5306964999763295,679,16344,0.8517591796860043,1000,4.67970734743507,4.8010816487799595,0.49147859995719045,0.5390789000084624
mk12,FJSP,XG,Brandimarte,extension,30,10,193,151-500,1.4922279792746114,True,3,3,0,0,3.5114090820737576,12.992125984251967,20.191220314588264,0.0102577,574.0,11691.0,0.9426850896735771,1,3.5114090820737576,3.5114090820737576,0.0098729,0.0102629
mk12,FJSP,XH,Brandimarte,extension,30,10,193,151-500,1.4922279792746114,True,3,3,0,0,0.1666509934531768,0.0,1.9430451321065023,13.1832881,508.0,9916.0,0.9753630835038499,1000,0.0,0.722400220764996,12.7872774,13.3799915
mk12,FJSP,XT,Brandimarte,extension,30,10,193,151-500,1.4922279792746114,True,3,3,0,0,2.5954329384164865,9.4488188976378,15.143415235941205,10.4033204,556.0,11200.0,0.9516340964411948,1000,2.5805424190834647,2.6267898102151133,10.2299728,10.7168744
mk12,FJSP,XE,Brandimarte,extension,30,10,193,151-500,1.4922279792746114,True,3,3,0,0,3.337273502568261,12.401574803149607,18.98838285185567,2.3673522,571.0,11574.0,0.9443863790469615,1000,2.8705401099570094,3.3831679308592433,2.362345,2.4002632999999998
mk12,FJSP,XHT,Brandimarte,extension,30,10,193,151-500,1.4922279792746114,True,3,3,0,0,0.44922340460837873,0.0,5.315102292587648,12.1073503,508.0,10244.0,0.972602375774418,1000,0.24746013753513818,0.6686623957912863,12.0341064,13.5865483
mk12,FJSP,XHE,Brandimarte,extension,30,10,193,151-500,1.4922279792746114,True,3,3,0,0,0.4497289947605565,0.0,5.315102292587648,7.8115133,508.0,10244.0,0.9725974362028748,1000,0.24858023292285703,0.8017209074389187,7.5948446,8.0739636
mk12,FJSP,XTE,Brandimarte,extension,30,10,193,151-500,1.4922279792746114,True,3,3,0,0,2.526140918709052,9.055118110236226,14.968643980672347,6.8530199,554.0,11183.0,0.9523110734100794,1000,1.9073497406023265,2.6994059085211686,6.1672334,7.0063876
mk12,FJSP,XHTE,Brandimarte,extension,30,10,193,151-500,1.4922279792746114,True,3,3,0,0,0.7566385422126287,0.0,8.964737329083983,9.6374424,508.0,10599.0,0.9695989567815344,1000,0.3928186464049688,0.8018342083645935,9.2941071,9.9406026
mk12,FJSP,NSGA-II,Brandimarte,extension,30,10,193,151-500,1.4922279792746114,True,3,3,0,0,3.6492580055902613,10.039370078740163,26.606353449162135,0.515158100053668,559,12315,0.9413383177538058,1000,3.5405006663327465,3.9913064341055904,0.5049646999686956,0.5310710000339895
mk12,FJSP,SPEA2,Brandimarte,extension,30,10,193,151-500,1.4922279792746114,True,3,3,0,0,3.5870342580392234,10.826771653543311,24.324046468592584,0.5067947000497952,563,12093,0.941946238322258,1000,3.4938446608949625,3.8489796143487465,0.49927279993426055,0.5335311000235379
mk12,FJSP,MOEA/D,Brandimarte,extension,30,10,193,151-500,1.4922279792746114,True,3,3,0,0,2.3614843626687088,4.921259842519676,22.041739488023037,0.643624100019224,533,11871,0.9539197535537066,1000,2.261561571718518,3.6300111753113207,0.6077857000054792,0.6567136999219656
mk12,FJSP,SMS-EMOA,Brandimarte,extension,30,10,193,151-500,1.4922279792746114,True,3,3,0,0,3.4992405626569134,9.645669291338589,27.048421918371535,0.5165669000707567,557,12358,0.9428039750434279,1000,3.303645251782339,4.46649553571401,0.5105132999597117,0.5376681999769062
mk13,FJSP,XG,Brandimarte,extension,30,10,231,151-500,3.367965367965368,True,3,3,0,0,3.749947570711587,39.61352657004831,14.735885264114735,0.0208585,578.0,11360.0,1.0251918415249948,1,3.749947570711587,3.749947570711587,0.0203367,0.0210825
mk13,FJSP,XH,Brandimarte,extension,30,10,231,151-500,3.367965367965368,True,3,3,0,0,0.11747011819227549,0.0,2.0199979800020307,37.6711849,414.0,10101.0,1.0638825866711563,1000,0.08482940816468831,0.315002932244135,36.7854842,39.0684841
mk13,FJSP,XT,Brandimarte,extension,30,10,231,151-500,3.367965367965368,True,3,3,0,0,2.1046263537375265,23.188405797101442,5.726694273305721,23.6733884,510.0,10468.0,1.0427167139355213,1000,1.9474832388923446,2.1246366464888866,21.4012509,24.9197027
mk13,FJSP,XE,Brandimarte,extension,30,10,231,151-500,3.367965367965368,True,3,3,0,0,3.20609201458969,34.05797101449275,12.301787698212308,3.8596964,555.0,11119.0,1.0309846308797208,1000,2.983474840588418,3.2363303047858505,3.7400791,3.9729912
mk13,FJSP,XHT,Brandimarte,extension,30,10,231,151-500,3.367965367965368,True,3,3,0,0,0.12803809152980294,0.9661835748792313,0.8685991314008712,37.2068266,418.0,9987.0,1.0637700236150993,1000,0.0,0.23058049399472536,35.3008901,39.6008139
mk13,FJSP,XHE,Brandimarte,extension,30,10,231,151-500,3.367965367965368,True,3,3,0,0,0.261235473662369,0.9661835748792313,3.2925967074032947,19.6108258,418.0,10227.0,1.0623512932764836,1000,0.19068849446611802,0.389192325553922,19.0113923,22.2860339
mk13,FJSP,XTE,Brandimarte,extension,30,10,231,151-500,3.367965367965368,True,3,3,0,0,1.8582593815964166,20.772946859903385,5.726694273305721,13.1284195,500.0,10468.0,1.045340851829325,1000,1.7545719903825585,2.124725603371247,13.0100502,14.1394017
mk13,FJSP,XHTE,Brandimarte,extension,30,10,231,151-500,3.367965367965368,True,3,3,0,0,0.15713687847759283,0.48309178743961567,2.1108978891021035,25.1707705,416.0,10110.0,1.0634600825997522,1000,0.05301903189720569,0.23111990850627206,23.5006286,27.0996255
mk13,FJSP,NSGA-II,Brandimarte,extension,30,10,231,151-500,3.367965367965368,True,3,3,0,0,4.640045818138095,35.02415458937198,36.42056357943642,0.5553188000340015,559,13507,1.0157111042330567,1000,4.181594604873107,4.907218981195671,0.5472267000004649,0.588846700033173
mk13,FJSP,SPEA2,Brandimarte,extension,30,10,231,151-500,3.367965367965368,True,3,3,0,0,4.735875427887226,37.198067632850254,36.12766387233612,0.6289839999517426,568,13478,1.0146903906686302,1000,4.501505412418738,5.2119064817040535,0.6187512000324205,0.6296479000011459
mk13,FJSP,MOEA/D,Brandimarte,extension,30,10,231,151-500,3.367965367965368,True,3,3,0,0,4.087752957227586,32.36714975845412,33.15826684173315,0.8197659000288695,548,13184,1.0215937621729463,1000,3.954051472190012,4.809360862524881,0.7005068999715149,0.8361622999655083
mk13,FJSP,SMS-EMOA,Brandimarte,extension,30,10,231,151-500,3.367965367965368,True,3,3,0,0,4.802766310504514,35.99033816425121,38.48096151903848,0.5536100000608712,563,13711,1.01397791326835,1000,4.772078292688797,4.990457406469451,0.5502274999162182,0.63730659999419
mk14,FJSP,XG,Brandimarte,extension,30,15,277,151-500,1.55956678700361,True,3,3,0,0,5.5370679932935545,21.037463976945237,39.16977879919563,0.0163906,840.0,19378.0,0.9453428562623276,1,5.5370679932935545,5.5370679932935545,0.0161655,0.0176578
mk14,FJSP,XH,Brandimarte,extension,30,15,277,151-500,1.55956678700361,True,3,3,0,0,0.29672356923960974,0.0,3.799195633438668,21.3741617,694.0,14453.0,0.9977858840235431,1000,0.27765115745240765,0.2972845225274967,19.323084,22.3082923
mk14,FJSP,XT,Brandimarte,extension,30,15,277,151-500,1.55956678700361,True,3,3,0,0,2.4157144603262792,7.49279538904899,18.830795748348184,18.2326499,746.0,16546.0,0.9765799690808277,1000,2.368647627769238,2.4370579257316227,17.1409374,18.6644795
mk14,FJSP,XE,Brandimarte,extension,30,15,277,151-500,1.55956678700361,True,3,3,0,0,4.226325297761024,14.4092219020173,32.260844584889405,3.7608872,794.0,18416.0,0.9584601840574434,1000,3.9269899039314327,4.5702071623215375,3.60177,3.8236291
mk14,FJSP,XHT,Brandimarte,extension,30,15,277,151-500,1.55956678700361,True,3,3,0,0,0.24737558818346272,0.0,3.167193335248486,20.4118795,694.0,14365.0,0.9982797365895325,1000,0.0,0.2972845225274967,18.8891379,23.4450783
mk14,FJSP,XHE,Brandimarte,extension,30,15,277,151-500,1.55956678700361,True,3,3,0,0,0.2726025778616803,0.0,3.490376328641198,13.1226379,694.0,14410.0,0.9980272761378962,1000,0.27204162457382663,0.34721191832693954,12.9685806,13.2235508
mk14,FJSP,XTE,Brandimarte,extension,30,15,277,151-500,1.55956678700361,True,3,3,0,0,2.263249843090742,7.636887608069154,17.25797184717035,10.7020541,747.0,16327.0,0.978105766911517,1000,2.259456347872968,2.367889235107268,10.3929356,10.7479729
mk14,FJSP,XHTE,Brandimarte,extension,30,15,277,151-500,1.55956678700361,True,3,3,0,0,0.2726025778616803,0.0,3.490376328641198,14.3878856,694.0,14410.0,0.9980272761378962,1000,0.2417501470294292,0.2855133414132238,13.5903148,14.7200566
mk14,FJSP,NSGA-II,Brandimarte,extension,30,15,277,151-500,1.55956678700361,True,3,3,0,0,2.9536220187482143,9.5100864553314,23.283539212869876,0.6859262000070885,760,17166,0.9711968303524259,1000,2.3818931328598136,3.2253069444349025,0.6804666999960318,0.7253407000098377
mk14,FJSP,SPEA2,Brandimarte,extension,30,15,277,151-500,1.55956678700361,True,3,3,0,0,2.7347448687082276,8.069164265129691,22.673082447572533,0.757101200055331,750,17081,0.9733872551655649,1000,2.601141633112225,3.1547058216261914,0.7287569000618532,0.7705264000687748
mk14,FJSP,MOEA/D,Brandimarte,extension,30,15,277,151-500,1.55956678700361,True,3,3,0,0,1.4776910119638664,0.4322766570605152,15.735420856075844,0.8011999001028016,697,16115,0.9859672890282225,1000,1.0170662091549265,1.713766245066639,0.7963248000014573,0.8847599999280646
mk14,FJSP,SMS-EMOA,Brandimarte,extension,30,15,277,151-500,1.55956678700361,True,3,3,0,0,2.7416007069485215,8.789625360230557,23.67135880494111,0.6839598000515252,755,17220,0.9733186449968303,1000,2.589058021324242,3.5417950925622166,0.6652322000591084,0.7180867000715807
mk15,FJSP,XG,Brandimarte,extension,30,15,284,151-500,3.0316901408450705,True,3,3,0,0,3.6232265035635924,51.977401129943516,20.72958888245513,0.0231514,538.0,10425.0,1.0618080430603618,1,3.6232265035635924,3.6232265035635924,0.0223262,0.0251263
mk15,FJSP,XH,Brandimarte,extension,30,15,284,151-500,3.0316901408450705,True,3,3,0,0,0.06192172285238717,0.8474576271186418,1.1001737116386856,37.0528537,357.0,8730.0,1.101043866410355,1000,0.04512497427805462,0.12932874401050398,36.7886359,37.0593485
mk15,FJSP,XT,Brandimarte,extension,30,15,284,151-500,3.0316901408450705,True,3,3,0,0,1.8355102682761748,24.011299435028242,13.283149971048068,24.1142321,439.0,9782.0,1.0815037789568116,1000,1.6847320506894192,1.976518042533526,23.5392557,26.156473
mk15,FJSP,XE,Brandimarte,extension,30,15,284,151-500,3.0316901408450705,True,3,3,0,0,3.2972847195680943,46.89265536723164,19.386218876664742,4.6181765,520.0,10309.0,1.0653990286812767,1000,3.254575983422192,3.432453574274641,4.5196652,4.6434906
mk15,FJSP,XHT,Brandimarte,extension,30,15,284,151-500,3.0316901408450705,True,3,3,0,0,0.11910324597378397,0.8474576271186418,1.725535610885931,36.6773856,357.0,8784.0,1.1004138826605152,1000,0.0,0.292915234760871,35.3222477,37.4864888
mk15,FJSP,XHE,Brandimarte,extension,30,15,284,151-500,3.0316901408450705,True,3,3,0,0,0.11910324597378397,0.8474576271186418,1.725535610885931,23.0147322,357.0,8784.0,1.1004138826605152,1000,0.04531764202165833,0.29299660487052126,20.9460422,23.4428224
mk15,FJSP,XTE,Brandimarte,extension,30,15,284,151-500,3.0316901408450705,True,3,3,0,0,1.9083550908234326,25.423728813559322,13.283149971048068,14.9623796,444.0,9782.0,1.0807012285531208,1000,1.835510714955657,1.9615761676707422,14.0371736,15.4824677
mk15,FJSP,XHTE,Brandimarte,extension,30,15,284,151-500,3.0316901408450705,True,3,3,0,0,0.3200271150517242,0.8474576271186418,6.485234510712212,28.3011227,357.0,9195.0,1.098200252005639,1000,0.2990816448078748,0.32026024451042856,25.0100639,28.6483717
mk15,FJSP,NSGA-II,Brandimarte,extension,30,15,284,151-500,3.0316901408450705,True,3,3,0,0,3.999037407236772,40.39548022598871,42.54777070063693,0.6559297000057995,497,12309,1.0576676363449957,1000,3.6772236487621957,4.074551586280995,0.6472976000513881,0.6852851000148803
mk15,FJSP,SPEA2,Brandimarte,extension,30,15,284,151-500,3.0316901408450705,True,3,3,0,0,4.060143902837887,42.09039548022599,43.61320208453967,0.738031700020656,503,12401,1.0569944101499427,1000,3.8536689619025566,4.061290194021028,0.6578730000182986,0.7406955000478774
mk15,FJSP,MOEA/D,Brandimarte,extension,30,15,284,151-500,3.0316901408450705,True,3,3,0,0,3.9449129583900233,40.67796610169492,42.628836132020844,0.8819401999935508,498,12316,1.0582639395104447,1000,3.229214342177611,4.316825467011764,0.8066708999685943,0.9043837999925017
mk15,FJSP,SMS-EMOA,Brandimarte,extension,30,15,284,151-500,3.0316901408450705,True,3,3,0,0,4.027372891481884,40.96045197740112,44.22698320787492,0.6559514999389648,499,12454,1.057355456926823,1000,3.7430934225334056,4.3489723927052975,0.6501018999842927,0.6938707999652252
sm01_1,FJSP,XG,Behnke-Geiger,extension,10,20,50,1-150,6.08,True,3,3,0,0,1.5967489554017056,14.893617021276606,11.19592875318065,0.0059524,108.0,874.0,1.0584594847355275,1,1.5967489554017056,1.5967489554017056,0.0057243,0.0061706
sm01_1,FJSP,XH,Behnke-Geiger,extension,10,20,50,1-150,6.08,True,3,3,0,0,0.4503858788769133,5.319148936170204,2.4173027989821794,5.3297596,99.0,805.0,1.0707901634317867,1000,0.3439234220714016,0.784982030789394,5.1528876,5.4498868
sm01_1,FJSP,XT,Behnke-Geiger,extension,10,20,50,1-150,6.08,True,3,3,0,0,0.2951339035341616,3.1914893617021267,1.526717557251911,4.3185547,97.0,798.0,1.0724601075045794,1000,0.21820328153315804,0.5199865576445584,4.18072,4.5558519
sm01_1,FJSP,XE,Behnke-Geiger,extension,10,20,50,1-150,6.08,True,3,3,0,0,0.9032193462802263,7.446808510638303,8.524173027989823,1.0901753,101.0,853.0,1.065919329658607,1000,0.8716689783629605,0.9596149816504029,1.0529372,1.1195449
sm01_1,FJSP,XHT,Behnke-Geiger,extension,10,20,50,1-150,6.08,True,3,3,0,0,0.07728570234332155,1.0638297872340496,0.12722646310432406,5.0523859,95.0,787.0,1.0748033582847647,1000,0.0,0.7572601193964523,4.7471587,5.5634708
sm01_1,FJSP,XHE,Behnke-Geiger,extension,10,20,50,1-150,6.08,True,3,3,0,0,0.4504598539482485,5.319148936170204,2.4173027989821794,2.9765126,99.0,805.0,1.0707893677302722,1000,0.3439234220714016,0.784982030789394,2.9069872,3.1248558
sm01_1,FJSP,XTE,Behnke-Geiger,extension,10,20,50,1-150,6.08,True,3,3,0,0,0.49811508805861493,4.255319148936176,3.053435114503822,2.5782669,98.0,810.0,1.0702767715100665,1000,0.2951339035341616,0.5904650739251727,2.5209598,2.6019384
sm01_1,FJSP,XHTE,Behnke-Geiger,extension,10,20,50,1-150,6.08,True,3,3,0,0,0.08424083854865483,1.0638297872340496,0.7633587786259444,3.6377021000000003,95.0,792.0,1.0747285464283878,1000,0.04181465564619957,0.7572601193964523,3.5944938,3.6422076
sm01_1,FJSP,NSGA-II,Behnke-Geiger,extension,10,20,50,1-150,6.08,True,3,3,0,0,5.679479006000509,53.191489361702125,40.20356234096691,0.13588360010180622,144,1102,1.0145442248249326,1000,5.487585698332387,5.797361241148991,0.13384459994267672,0.1455816999077797
sm01_1,FJSP,SPEA2,Behnke-Geiger,extension,10,20,50,1-150,6.08,True,3,3,0,0,5.698105435791301,52.127659574468076,42.239185750636125,0.15645380003843457,143,1118,1.014343872488302,1000,5.43545102707016,6.200849390645857,0.14835440006572753,0.162785500055179
sm01_1,FJSP,MOEA/D,Behnke-Geiger,extension,10,20,50,1-150,6.08,True,3,3,0,0,3.9400641938901138,36.170212765957444,31.29770992366412,0.2711783000268042,128,1032,1.0332539736007458,1000,3.6560265510536816,5.209013826932085,0.2685096999630332,0.35993879998568445
sm01_1,FJSP,SMS-EMOA,Behnke-Geiger,extension,10,20,50,1-150,6.08,True,3,3,0,0,5.962480997838481,53.191489361702125,44.529262086513995,0.13527850003447384,144,1136,1.0115001572836662,1000,5.665568733589832,6.370743005271096,0.1292937999824062,0.13603679998777807
sm01_2,FJSP,XG,Behnke-Geiger,extension,10,20,50,1-150,6.72,True,3,3,0,0,1.689535939847353,16.326530612244895,10.088272383354347,0.0066497,114.0,873.0,1.0536747296073314,1,1.689535939847353,1.689535939847353,0.0065484,0.0067199
sm01_2,FJSP,XH,Behnke-Geiger,extension,10,20,50,1-150,6.72,True,3,3,0,0,0.21888227617283817,2.0408163265306145,0.8827238335435084,5.8619661,100.0,800.0,1.0694369438968514,1000,0.19098449202344936,0.2552557769962882,5.6984009,5.9862608999999996
sm01_2,FJSP,XT,Behnke-Geiger,extension,10,20,50,1-150,6.72,True,3,3,0,0,0.28266639385297054,2.0408163265306145,3.2786885245901676,4.6658073,100.0,819.0,1.0687533166391392,1000,0.18923466664557687,0.4656921630640354,4.6315652,4.7780367
sm01_2,FJSP,XE,Behnke-Geiger,extension,10,20,50,1-150,6.72,True,3,3,0,0,1.409792549750566,13.265306122448983,7.566204287515754,1.0663412,111.0,853.0,1.0566729713889929,1000,0.9868219755995611,1.4571471990390994,1.0281884,1.0768607000000001
sm01_2,FJSP,XHT,Behnke-Geiger,extension,10,20,50,1-150,6.72,True,3,3,0,0,0.288045118451985,1.0204081632652962,3.90920554854981,5.5755604,99.0,824.0,1.0686956683893656,1000,0.0,0.42961692792999884,5.4189166,6.0676243
sm01_2,FJSP,XHE,Behnke-Geiger,extension,10,20,50,1-150,6.72,True,3,3,0,0,0.42961692792999884,3.0612244897959107,3.90920554854981,3.3564332,101.0,824.0,1.0671783259630243,1000,0.21888227617283817,0.4296815521626973,3.1857725,3.6934033
sm01_2,FJSP,XTE,Behnke-Geiger,extension,10,20,50,1-150,6.72,True,3,3,0,0,0.3738511862001581,2.0408163265306145,4.035308953341743,2.9565288,100.0,825.0,1.067776013639512,1000,0.3659222899567216,0.41503173571788565,2.7701932,3.0554794
sm01_2,FJSP,XHTE,Behnke-Geiger,extension,10,20,50,1-150,6.72,True,3,3,0,0,0.288045118451985,2.0408163265306145,3.90920554854981,3.763671,100.0,824.0,1.0686956683893656,1000,0.17006115391139387,0.42961692792999884,3.758671,3.8218321
sm01_2,FJSP,NSGA-II,Behnke-Geiger,extension,10,20,50,1-150,6.72,True,3,3,0,0,6.261904218635106,53.06122448979591,48.0453972257251,0.13679719995707273,150,1174,1.0046688688795355,1000,5.252697403045392,6.391793955277936,0.13246220001019537,0.14489009999670088
sm01_2,FJSP,SPEA2,Behnke-Geiger,extension,10,20,50,1-150,6.72,True,3,3,0,0,5.610094265379795,46.93877551020409,45.145018915510725,0.15456329996231943,144,1151,1.0116548564121692,1000,5.4681396816003485,6.174845434991417,0.1464978998992592,0.15665889997035265
sm01_2,FJSP,MOEA/D,Behnke-Geiger,extension,10,20,50,1-150,6.72,True,3,3,0,0,3.998882895571243,35.71428571428572,29.25598991172762,0.31507620005868375,133,1025,1.0289235441419364,1000,3.9798634867765914,4.5064515614283485,0.27602509991265833,0.326772200060077
sm01_2,FJSP,SMS-EMOA,Behnke-Geiger,extension,10,20,50,1-150,6.72,True,3,3,0,0,5.813750078108326,50.0,43.88398486759142,0.1179453000659123,147,1141,1.0094721082636262,1000,5.62078211925029,5.899605856804724,0.11658510006964207,0.12731240002904087
sm02_4,FJSP,XG,Behnke-Geiger,extension,20,20,100,1-150,6.44,True,3,3,0,0,0.5045440620031316,9.701492537313428,2.3457419683834857,0.0165581,147.0,2007.0,1.1116793234591593,1,0.5045440620031316,0.5045440620031316,0.0157012,0.0166845
sm02_4,FJSP,XH,Behnke-Geiger,extension,20,20,100,1-150,6.44,True,3,3,0,0,0.17844151895806126,2.9850746268656803,2.039775624681295,17.200485,138.0,2001.0,1.1153229215613336,1000,0.17544534051538996,0.18362575217196753,16.3301662,18.2031626
sm02_4,FJSP,XT,Behnke-Geiger,extension,20,20,100,1-150,6.44,True,3,3,0,0,0.2170299414383292,3.731343283582089,2.192758796532379,16.1930334,139.0,2004.0,1.1148917666810247,1000,0.18370789092790885,0.22404994542578605,15.3606511,17.417072
sm02_4,FJSP,XE,Behnke-Geiger,extension,20,20,100,1-150,6.44,True,3,3,0,0,0.49246455402377487,9.701492537313428,2.243753187149422,2.0745085,147.0,2005.0,1.111814289816483,1000,0.3958474733680495,0.5010927740090154,2.0167126,2.2733212
sm02_4,FJSP,XHT,Behnke-Geiger,extension,20,20,100,1-150,6.44,True,3,3,0,0,0.19103698001177172,3.731343283582089,1.37684854665987,18.2289105,139.0,1988.0,1.1151821903742574,1000,0.0,0.2538896777454336,15.789189,18.527245399999998
sm02_4,FJSP,XHE,Behnke-Geiger,extension,20,20,100,1-150,6.44,True,3,3,0,0,0.2942128707512204,5.223880597014929,2.192758796532379,9.5193162,141.0,2004.0,1.1140293889389234,1000,0.2890420231123625,0.32398384988996387,9.3515964,9.7683132
sm02_4,FJSP,XTE,Behnke-Geiger,extension,20,20,100,1-150,6.44,True,3,3,0,0,0.2187355070728425,3.731343283582089,2.192758796532379,8.7495365,139.0,2004.0,1.114872710111729,1000,0.1890132027524305,0.2187847903263873,8.6082391,9.1318354
sm02_4,FJSP,XHTE,Behnke-Geiger,extension,20,20,100,1-150,6.44,True,3,3,0,0,0.17940467192588683,3.731343283582089,1.4278429372768908,11.9764606,139.0,1989.0,1.1153121600925855,1000,0.017292946084257466,0.2187495010830931,10.9878253,12.5766275
sm02_4,FJSP,NSGA-II,Behnke-Geiger,extension,20,20,100,1-150,6.44,True,3,3,0,0,5.423491849693707,70.89552238805969,64.40591534931157,0.2199312000302598,229,3224,1.0567190994248226,1000,5.132740366961408,5.7059844326249,0.20660169993061572,0.23325559997465461
sm02_4,FJSP,SPEA2,Behnke-Geiger,extension,20,20,100,1-150,6.44,True,3,3,0,0,5.2214651908851,69.40298507462686,60.326364099949004,0.25311429996509105,227,3144,1.0589763769785334,1000,4.832691020430547,5.349433356969802,0.22876339999493212,0.25373039999976754
sm02_4,FJSP,MOEA/D,Behnke-Geiger,extension,20,20,100,1-150,6.44,True,3,3,0,0,4.96521210733537,64.17910447761194,59.96940336562977,0.37105069996323436,220,3137,1.0618395354199843,1000,4.328636992161005,5.0803714949749885,0.3489779999945313,0.4099384000292048
sm02_4,FJSP,SMS-EMOA,Behnke-Geiger,extension,20,20,100,1-150,6.44,True,3,3,0,0,5.311672284714186,71.64179104477613,60.020397756246815,0.22007479995954782,230,3138,1.0579684780740686,1000,5.131077756854108,5.721282197905586,0.20896299998275936,0.2258870000950992
sm02_5,FJSP,XG,Behnke-Geiger,extension,20,20,100,1-150,6.12,True,3,3,0,0,0.5978561287637851,6.474820143884896,7.770270270270263,0.0144737,148.0,2233.0,1.1064833607681757,1,0.5978561287637851,0.5978561287637851,0.0139701,0.015327
sm02_5,FJSP,XH,Behnke-Geiger,extension,20,20,100,1-150,6.12,True,3,3,0,0,0.0,0.0,0.0,17.8419616,139.0,2072.0,1.1131383264746229,1000,0.0,0.253412342104109,17.0010602,18.5273442
sm02_5,FJSP,XT,Behnke-Geiger,extension,20,20,100,1-150,6.12,True,3,3,0,0,0.2391359202119303,2.877697841726623,2.55791505791505,14.5620647,143.0,2125.0,1.110476412894376,1000,0.23376793628767656,0.26025048324176403,13.9637273,15.2404647
sm02_5,FJSP,XE,Behnke-Geiger,extension,20,20,100,1-150,6.12,True,3,3,0,0,0.4360648961159286,3.597122302158273,7.191119691119696,1.9773682,144.0,2221.0,1.1082843209876547,1000,0.42909982606547104,0.4378061636285513,1.958392,2.2313995
sm02_5,FJSP,XHT,Behnke-Geiger,extension,20,20,100,1-150,6.12,True,3,3,0,0,0.1618811919743668,2.158273381294973,1.5444015444015413,16.7957612,142.0,2104.0,1.1113363648834023,1000,0.0,0.253412342104109,16.653290900000002,16.9213671
sm02_5,FJSP,XHE,Behnke-Geiger,extension,20,20,100,1-150,6.12,True,3,3,0,0,0.1618811919743668,2.158273381294973,1.5444015444015413,9.247434,142.0,2104.0,1.1113363648834023,1000,0.0,0.2533470291683937,9.1308491,9.3204719
sm02_5,FJSP,XTE,Behnke-Geiger,extension,20,20,100,1-150,6.12,True,3,3,0,0,0.2445846210661462,3.597122302158273,2.7027027027026973,8.3565292,144.0,2128.0,1.1104157613168728,1000,0.23904349624629395,0.35353645639910614,7.9242457,8.4648391
sm02_5,FJSP,XHTE,Behnke-Geiger,extension,20,20,100,1-150,6.12,True,3,3,0,0,0.26896236624277536,3.597122302158273,2.55791505791505,11.1917294,144.0,2125.0,1.1101444032921814,1000,0.1983837291231194,0.30201440867442253,10.7529972,11.4648295
sm02_5,FJSP,NSGA-II,Behnke-Geiger,extension,20,20,100,1-150,6.12,True,3,3,0,0,5.437177434198304,70.50359712230217,57.57722007722008,0.22706710000056773,237,3265,1.052615020576132,1000,5.304715406646199,5.761066747059884,0.20542720006778836,0.24611039995215833
sm02_5,FJSP,SPEA2,Behnke-Geiger,extension,20,20,100,1-150,6.12,True,3,3,0,0,5.554847314129963,70.50359712230217,63.07915057915059,0.24175569997169077,237,3379,1.051305192043896,1000,5.490026690069561,5.693245424915094,0.23652900010347366,0.24770790000911802
sm02_5,FJSP,MOEA/D,Behnke-Geiger,extension,20,20,100,1-150,6.12,True,3,3,0,0,4.4261282600150835,52.517985611510795,51.88223938223939,0.4127335000084713,212,3147,1.0638693964334707,1000,4.292001984921711,4.509397939936354,0.37365460000000894,0.4435751000419259
sm02_5,FJSP,SMS-EMOA,Behnke-Geiger,extension,20,20,100,1-150,6.12,True,3,3,0,0,5.665088155703646,73.38129496402878,64.1891891891892,0.22664319991599768,241,3402,1.0500780589849112,1000,5.638215579614581,5.839874814079904,0.2117406000616029,0.24349859997164458
sm03_3,FJSP,XG,Behnke-Geiger,extension,50,20,250,151-500,6.448,True,3,3,0,0,0.5672855385426279,8.764940239043817,13.181469157921688,0.0681903,273.0,8844.0,1.1385285274725276,1,0.5672855385426279,0.5672855385426279,0.0651968,0.0690739
sm03_3,FJSP,XH,Behnke-Geiger,extension,50,20,250,151-500,6.448,True,3,3,0,0,0.0419920621456793,0.3984063745019917,2.0476068594829755,85.8323383,252.0,7974.0,1.1445432642863855,1000,0.0,0.1724222998540026,79.6251338,87.5389739
sm03_3,FJSP,XT,Behnke-Geiger,extension,50,20,250,151-500,6.448,True,3,3,0,0,0.32490530453774813,5.179282868525892,7.588942922958797,72.4027538,264.0,8407.0,1.1413038395255541,1000,0.28587212916795224,0.32761754710658453,71.5430445,79.8472532
sm03_3,FJSP,XE,Behnke-Geiger,extension,50,20,250,151-500,6.448,True,3,3,0,0,0.4784756998772788,6.7729083665338585,12.234450985410806,5.7859114,268.0,8770.0,1.1395454215137732,1000,0.465173768123206,0.49357986863319825,5.6249221,5.9617664
sm03_3,FJSP,XHT,Behnke-Geiger,extension,50,20,250,151-500,6.448,True,3,3,0,0,0.04396570327832583,1.195219123505975,2.0476068594829755,90.7028126,254.0,7974.0,1.1445206656200946,1000,0.04199018723722858,0.24402246631927138,89.2967604,96.9204486
sm03_3,FJSP,XHE,Behnke-Geiger,extension,50,20,250,151-500,6.448,True,3,3,0,0,0.17332990553821093,3.984063745019917,2.393140517020731,47.7068399,261.0,8001.0,1.143039414348777,1000,0.0419920621456793,0.24402246631927138,44.690719,51.3506384
sm03_3,FJSP,XTE,Behnke-Geiger,extension,50,20,250,151-500,6.448,True,3,3,0,0,0.3138517442520139,4.7808764940239,7.716918351676472,42.4653771,263.0,8417.0,1.1414304054529112,1000,0.2891326324667598,0.3444146831996675,38.6860246,43.2265811
sm03_3,FJSP,XHTE,Behnke-Geiger,extension,50,20,250,151-500,6.448,True,3,3,0,0,0.055767989505906,1.5936254980079667,2.0476068594829755,58.1602863,255.0,7974.0,1.144385526600384,1000,0.03977775776395909,0.2683184112666215,56.8771823,58.2283104
sm03_3,FJSP,NSGA-II,Behnke-Geiger,extension,50,20,250,151-500,6.448,True,3,3,0,0,4.537875503301936,82.47011952191234,87.27924238546198,0.5964578000130132,458,14634,1.093064316118558,1000,4.532312424931407,4.784562008293703,0.5511789000593126,0.6062218999722973
sm03_3,FJSP,SPEA2,Behnke-Geiger,extension,50,20,250,151-500,6.448,True,3,3,0,0,4.595453716919684,81.27490039840637,87.15126695674431,0.5697481000097468,455,14624,1.0924050317057794,1000,4.593592832781434,4.732856645421157,0.555057100020349,0.6431764999870211
sm03_3,FJSP,MOEA/D,Behnke-Geiger,extension,50,20,250,151-500,6.448,True,3,3,0,0,4.150590438342416,74.10358565737052,75.37752751471717,0.6959590000333264,437,13704,1.0974988233841863,1000,4.084689412354181,4.162168954246049,0.684993700007908,0.7652094999793917
sm03_3,FJSP,SMS-EMOA,Behnke-Geiger,extension,50,20,250,151-500,6.448,True,3,3,0,0,4.640256979302427,82.86852589641434,85.44919375479907,0.5685367999831215,459,14491,1.0918920235612983,1000,4.576006510222119,4.665668401034151,0.5488189000170678,0.6051453000400215
sm03_4,FJSP,XG,Behnke-Geiger,extension,50,20,250,151-500,6.096,True,3,3,0,0,0.35096244082010175,6.374501992031867,6.383782422563589,0.0654522,267.0,8449.0,1.1400540190646387,1,0.35096244082010175,0.35096244082010175,0.0628047,0.0693763
sm03_4,FJSP,XH,Behnke-Geiger,extension,50,20,250,151-500,6.096,True,3,3,0,0,0.031030075376503596,1.195219123505975,0.4910601863510555,78.1747591,254.0,7981.0,1.1437142669504872,1000,1.0708134934311886e-06,0.29139639060421496,77.6388338,83.6003925
sm03_4,FJSP,XT,Behnke-Geiger,extension,50,20,250,151-500,6.096,True,3,3,0,0,0.07062055121063171,1.195219123505975,1.8131453034500034,68.0200205,254.0,8086.0,1.1432613244816292,1000,0.05793563342052499,0.15522978917594799,66.583267,69.5948518
sm03_4,FJSP,XE,Behnke-Geiger,extension,50,20,250,151-500,6.096,True,3,3,0,0,0.3046053683405825,5.179282868525892,6.169730546461838,5.7662731,264.0,8432.0,1.140584376086511,1000,0.2868701193476597,0.30515401492945404,5.380253,6.4214505
sm03_4,FJSP,XHT,Behnke-Geiger,extension,50,20,250,151-500,6.096,True,3,3,0,0,0.031030075376503596,1.195219123505975,0.4910601863510555,73.972285,254.0,7981.0,1.1437142669504872,1000,1.0708134934311886e-06,0.14709922090189176,69.1578327,78.4103338
sm03_4,FJSP,XHE,Behnke-Geiger,extension,50,20,250,151-500,6.096,True,3,3,0,0,0.031030075376503596,1.195219123505975,0.4910601863510555,41.9103573,254.0,7981.0,1.1437142669504872,1000,0.0,0.2635892764397907,39.9109562,44.9104195
sm03_4,FJSP,XTE,Behnke-Geiger,extension,50,20,250,151-500,6.096,True,3,3,0,0,0.13747744541050544,2.7888446215139417,2.3293880634600805,38.7921091,258.0,8127.0,1.1424964352985352,1000,0.07061951864049121,0.15972195502290676,36.6405311,39.7291804
sm03_4,FJSP,XHTE,Behnke-Geiger,extension,50,20,250,151-500,6.096,True,3,3,0,0,0.11927887454216135,1.9920318725099584,2.7700831024930705,54.1540609,256.0,8162.0,1.1427046395558755,1000,0.04173503225354258,0.24966820390831534,49.7050968,54.6084249
sm03_4,FJSP,NSGA-II,Behnke-Geiger,extension,50,20,250,151-500,6.096,True,3,3,0,0,4.580949658939392,82.86852589641434,85.20523797532107,0.5782709000632167,459,14709,1.0916600350711154,1000,4.471426132398404,4.738675827955574,0.5350720999995247,0.5794628999428824
sm03_4,FJSP,SPEA2,Behnke-Geiger,extension,50,20,250,151-500,6.096,True,3,3,0,0,4.510126391262093,80.0796812749004,82.22110299672627,0.5637971999822184,452,14472,1.0924703023143976,1000,4.508305323773564,4.626753912481718,0.551478200010024,0.6411969000473619
sm03_4,FJSP,MOEA/D,Behnke-Geiger,extension,50,20,250,151-500,6.096,True,3,3,0,0,3.979775958798226,70.91633466135458,71.61923948627549,0.7456387999700382,429,13630,1.0985378786488305,1000,3.8677335385634226,4.139598099896125,0.6916137998923659,0.7927503000246361
sm03_4,FJSP,SMS-EMOA,Behnke-Geiger,extension,50,20,250,151-500,6.096,True,3,3,0,0,4.524575512520057,80.47808764940238,84.03424830017627,0.5843899000901729,453,14616,1.0923049943579377,1000,4.515414871385093,4.594626016169412,0.5751619000220671,0.5922160000773147
sm04_3,FJSP,XG,Behnke-Geiger,extension,100,20,500,151-500,6.328,False,3,3,0,0,0.5143184466380846,10.849056603773576,11.897795178240255,0.1743266,470.0,27152.0,1.1504544307691638,1,0.5143184466380846,0.5143184466380846,0.1694074,0.1802424
sm04_3,FJSP,XH,Behnke-Geiger,extension,100,20,500,151-500,6.328,False,3,2,1,0,0.05008711998145676,0.9433962264150941,1.3558623531836012,223.8914855,428.0,24594.0,1.1558228112065787,1000.0,0.00691041614747645,0.09326382381543707,216.918032,230.864939
sm04_3,FJSP,XT,Behnke-Geiger,extension,100,20,500,151-500,6.328,False,3,3,0,0,0.1763013007638481,3.7735849056603765,3.9728003296929826,209.3224093,440.0,25229.0,1.1543632678708966,1000,0.1512221932679303,0.180665933004176,186.3299496,210.7683099
sm04_3,FJSP,XE,Behnke-Geiger,extension,100,20,500,151-500,6.328,False,3,3,0,0,0.3175926401502993,5.660377358490565,9.594065526478456,13.0719295,448.0,26593.0,1.1527293719686078,1000,0.3088183720210025,0.34668875134615806,12.121504,13.6889619
sm04_3,FJSP,XHT,Behnke-Geiger,extension,100,20,500,151-500,6.328,False,3,3,0,0,0.04293411289457705,0.9433962264151052,0.923140325571814,228.1447018,428.0,24489.0,1.1559055287249989,1000,0.006910623689693196,0.09326382381543707,223.3933058,232.0549532
sm04_3,FJSP,XHE,Behnke-Geiger,extension,100,20,500,151-500,6.328,False,3,3,0,0,0.04572673999869714,0.9433962264151052,1.092107974448786,114.3856414,428.0,24530.0,1.1558732347287648,1000,0.0,0.09326382381543707,108.2416556,126.9686632
sm04_3,FJSP,XTE,Behnke-Geiger,extension,100,20,500,151-500,6.328,False,3,3,0,0,0.176154860843869,3.5377358490566113,4.380795384298364,105.4595731,439.0,25328.0,1.1543649613050888,1000,0.15122250458127207,0.18754520366456306,101.0694858,109.4437195
sm04_3,FJSP,XHTE,Behnke-Geiger,extension,100,20,500,151-500,6.328,False,3,3,0,0,0.060678767139132894,0.9433962264151052,1.9946424891819525,162.2914912,428.0,24749.0,1.1557003291849306,1000,0.037612258093999706,0.09326382381543707,151.4151922,167.0404567
sm04_3,FJSP,NSGA-II,Behnke-Geiger,extension,100,20,500,151-500,6.328,False,3,3,0,0,3.985869538073994,83.01886792452831,95.55738718318565,1.3638351999688894,776,47452,1.1103093438337965,1000,3.929094234877206,3.9923926662452147,1.283119700034149,1.4052294000284746
sm04_3,FJSP,SPEA2,Behnke-Geiger,extension,100,20,500,151-500,6.328,False,3,3,0,0,4.020940856485522,85.61320754716981,93.72347001854524,1.271516399923712,787,47007,1.1099037783993595,1000,3.9888990227630927,4.0900325701424105,1.2693577000172809,1.2721644999692217
sm04_3,FJSP,MOEA/D,Behnke-Geiger,extension,100,20,500,151-500,6.328,False,3,3,0,0,3.8631544416822483,81.36792452830188,91.47743663713169,1.4271711999317631,769,46462,1.1117284236869152,1000,3.8150558240255372,4.044682236302821,1.4216372999362648,1.616099699982442
sm04_3,FJSP,SMS-EMOA,Behnke-Geiger,extension,100,20,500,151-500,6.328,False,3,3,0,0,4.133286982037399,87.5,97.24706367195549,1.3002100000157952,795,47862,1.1086046055344525,1000,4.085831382135419,4.1996943631892325,1.2497155000455678,1.3445485000265762
sm04_5,FJSP,XG,Behnke-Geiger,extension,100,20,500,151-500,6.328,False,3,3,0,0,0.18018413987256343,4.52380952380953,2.977040088087768,0.1701594,439.0,25251.0,1.1546723972487158,1,0.18018413987256343,0.18018413987256343,0.1692623,0.1988832
sm04_5,FJSP,XH,Behnke-Geiger,extension,100,20,500,151-500,6.328,False,3,3,0,0,0.021354348712554483,0.4761904761904745,0.45675135598057803,220.2415858,422.0,24633.0,1.1565096714826237,1000,0.0,0.0938288534452214,207.553183,226.1454473
sm04_5,FJSP,XT,Behnke-Geiger,extension,100,20,500,151-500,6.328,False,3,3,0,0,0.062022414653273295,1.1904761904761862,1.676114350964486,198.1452659,425.0,24932.0,1.1560392409094293,1000,0.061596714616185544,0.06917308454673643,190.0669304,210.0444924
sm04_5,FJSP,XE,Behnke-Geiger,extension,100,20,500,151-500,6.328,False,3,3,0,0,0.1629079847574877,4.047619047619055,2.764976958525356,11.874483,437.0,25199.0,1.1548722403286702,1000,0.16243225695729002,0.16514754777333662,11.8015155,11.9370493
sm04_5,FJSP,XHT,Behnke-Geiger,extension,100,20,500,151-500,6.328,False,3,2,1,0,0.05672887241656155,0.8333333333333304,1.96158394845235,218.0151778,423.5,25002.0,1.1561004743133556,1000.0,0.033375506783261955,0.08008223804986114,210.6893542,225.3410014
sm04_5,FJSP,XHE,Behnke-Geiger,extension,100,20,500,151-500,6.328,False,3,3,0,0,0.03337624515216131,0.4761904761904745,1.1785816239141989,111.0875029,422.0,24810.0,1.156370607391373,1000,0.005371100410744845,0.09355716921269908,104.1447748,127.4266902
sm04_5,FJSP,XTE,Behnke-Geiger,extension,100,20,500,151-500,6.328,False,3,3,0,0,0.06590992542129248,1.1904761904761862,1.8922556176338645,110.6058014,425.0,24985.0,1.1559942718685714,1000,0.061596714616185544,0.08263730936078906,110.2245079,114.3058716
sm04_5,FJSP,XHTE,Behnke-Geiger,extension,100,20,500,151-500,6.328,False,3,3,0,0,0.07320899577725193,0.952380952380949,2.181803352228706,141.8684633,424.0,25056.0,1.1559098393839693,1000,0.005372955679383562,0.07759119266752545,139.6010217,153.1402595
sm04_5,FJSP,NSGA-II,Behnke-Geiger,extension,100,20,500,151-500,6.328,False,3,3,0,0,3.982316980282863,85.71428571428572,93.19358916846785,1.2439057000447065,780,47373,1.1106909712796835,1000,3.902141071728382,4.032007414876205,1.2332631000317633,1.3548620999790728
sm04_5,FJSP,SPEA2,Behnke-Geiger,extension,100,20,500,151-500,6.328,False,3,3,0,0,4.077658765122094,89.28571428571428,94.68618734961869,1.492511700023897,795,47739,1.1095880988058198,1000,4.041854537365452,4.177034744250518,1.2734144000569358,1.5047712000086904
sm04_5,FJSP,MOEA/D,Behnke-Geiger,extension,100,20,500,151-500,6.328,False,3,3,0,0,3.9515774709747653,83.33333333333333,90.26548672566372,1.486687200027518,770,46655,1.1110465526098752,1000,3.780533279391629,4.00361122950692,1.456678600050509,1.5988587000174448
sm04_5,FJSP,SMS-EMOA,Behnke-Geiger,extension,100,20,500,151-500,6.328,False,3,3,0,0,4.06219208950469,87.38095238095238,94.71065617226051,1.2425196999683976,787,47745,1.1097670106106425,1000,3.9445473477459636,4.105783342899672,1.238912499975413,1.280371499946341
abz5,JSP,XG,OR-Library legacy,legacy,10,10,100,1-150,1.0,True,3,3,0,0,10.320229698683637,41.93037974683544,22.808155699721965,0.0027877,1794.0,13251.0,0.8079443777193299,1,10.320229698683637,10.320229698683637,0.0024252,0.0029551
abz5,JSP,XH,OR-Library legacy,legacy,10,10,100,1-150,1.0,True,3,3,0,0,0.430575181657733,0.0,2.993512511584795,2.6443193000000003,1264.0,11113.0,0.8970424066033353,1000,0.4303488494308283,0.4987858177131099,2.5888442,2.8755532
abz5,JSP,XT,OR-Library legacy,legacy,10,10,100,1-150,1.0,True,3,3,0,0,0.6686725692180095,1.8196202531645556,2.1964782205746047,2.117061,1287.0,11027.0,0.8948973359259391,1000,0.6144756640874327,0.94458874917136,1.9707103,2.1737455
abz5,JSP,XE,OR-Library legacy,legacy,10,10,100,1-150,1.0,True,3,3,0,0,6.432066645999191,24.76265822784811,15.505097312326232,1.1862669000000001,1577.0,12463.0,0.8429736766071118,1000,4.01652502366332,7.697912350063385,1.1053533,1.1993967
abz5,JSP,XHT,OR-Library legacy,legacy,10,10,100,1-150,1.0,True,3,3,0,0,0.15680820256150918,0.4746835443038,0.5282669138090723,2.4588282,1270.0,10847.0,0.8995088323181072,1000,0.0,0.5387459481229206,2.402796,2.5134615
abz5,JSP,XHE,OR-Library legacy,legacy,10,10,100,1-150,1.0,True,3,3,0,0,0.4981628529554749,1.3449367088607556,2.993512511584795,1.8376563,1281.0,11113.0,0.8964334947066537,1000,0.4291168819685498,0.6623895351603237,1.7793573999999999,1.8790387
abz5,JSP,XTE,OR-Library legacy,legacy,10,10,100,1-150,1.0,True,3,3,0,0,0.6426356919555842,1.7405063291139333,2.1964782205746047,1.6481219999999999,1286.0,11027.0,0.8951319077644582,1000,0.6151023030695257,1.068492783609798,1.6308673,1.7178520000000002
abz5,JSP,XHTE,OR-Library legacy,legacy,10,10,100,1-150,1.0,True,3,3,0,0,0.30588728817245725,1.3449367088607556,0.5282669138090723,2.029556,1281.0,10847.0,0.8981657467074928,1000,0.0003810170767781784,0.5780880739781447,1.8791326000000002,2.0861732
abz5,JSP,NSGA-II,OR-Library legacy,legacy,10,10,100,1-150,1.0,True,3,3,0,0,1.6943283965194067,4.984177215189867,5.55143651529193,0.193185199983418,1327,11389,0.8856569815365494,1000,0.8296769749403521,1.6946351207775323,0.1930719999363646,0.22754420002456754
abz5,JSP,SPEA2,OR-Library legacy,legacy,10,10,100,1-150,1.0,True,3,3,0,0,1.5029473767951829,4.905063291139244,4.874884151992576,0.2217997000552714,1326,11316,0.8873811743881685,1000,1.437544564702986,1.569007342303641,0.2113470999756828,0.2320615000789985
abz5,JSP,MOEA/D,OR-Library legacy,legacy,10,10,100,1-150,1.0,True,3,3,0,0,1.4209386316776484,2.927215189873422,6.413345690454131,0.32944230001885444,1301,11482,0.8881200088468085,1000,1.0323132097184606,1.850697970164561,0.30979430000297725,0.36179570003878325
abz5,JSP,SMS-EMOA,OR-Library legacy,legacy,10,10,100,1-150,1.0,True,3,3,0,0,1.7457527318705646,5.458860759493667,5.718257645968494,0.1878116000443697,1333,11407,0.8851936886168048,1000,1.634511397650884,1.7595148335330157,0.1788741999771446,0.19742890004999936
ft06,JSP,XG,OR-Library legacy,legacy,6,6,36,1-150,1.0,True,3,3,0,0,18.652064192597685,52.727272727272734,3.571428571428581,0.0008549,84.0,290.0,0.5756978192343702,1,18.652064192597685,18.652064192597685,0.000853,0.0008687
ft06,JSP,XH,OR-Library legacy,legacy,6,6,36,1-150,1.0,True,3,3,0,0,0.20571594184465303,0.0,0.0,0.7005763,55.0,280.0,0.7062422805706582,1000,0.2045022784709305,1.0473914915158256,0.6914516,0.7738783
ft06,JSP,XT,OR-Library legacy,legacy,6,6,36,1-150,1.0,True,3,3,0,0,0.007888811929135375,0.0,0.0,0.585453,55.0,280.0,0.7076422994666188,1000,0.0,0.01881178229257152,0.5563259,0.643926
ft06,JSP,XE,OR-Library legacy,legacy,6,6,36,1-150,1.0,True,3,3,0,0,5.781831629208356,16.36363636363636,1.0714285714285676,0.4295705,64.0,283.0,0.6667802142114804,1000,2.786328373374347,6.401528147827118,0.415178,0.4406654
ft06,JSP,XHT,OR-Library legacy,legacy,6,6,36,1-150,1.0,True,3,3,0,0,0.1996476249760848,0.0,0.0,0.7272916,55.0,280.0,0.7062852259355649,1000,0.12561415917947683,1.0097679269306714,0.6747348,0.7543657
ft06,JSP,XHE,OR-Library legacy,legacy,6,6,36,1-150,1.0,True,3,3,0,0,0.19479297148121688,0.0,0.0,0.5339266,55.0,280.0,0.7063195822274904,1000,0.19479297148121688,1.0164430754861065,0.5311724,0.548234
ft06,JSP,XTE,OR-Library legacy,legacy,6,6,36,1-150,1.0,True,3,3,0,0,0.04369188145373348,0.0,0.0,0.5433815,55.0,280.0,0.7073889218136689,1000,0.027307425908573713,0.050973861696013145,0.4988176,0.5562472
ft06,JSP,XHTE,OR-Library legacy,legacy,6,6,36,1-150,1.0,True,3,3,0,0,0.20814326859209809,0.0,0.0,0.6367196,55.0,280.0,0.7062251024246954,1000,0.1686992089463546,0.9545462434266572,0.6261762,0.6394422
ft06,JSP,NSGA-II,OR-Library legacy,legacy,6,6,36,1-150,1.0,True,3,3,0,0,0.556586023185579,0.0,2.1428571428571352,0.09010699996724725,55,286,0.703759179571749,1000,0.26767345707278123,0.7413055886649755,0.08644399989861995,0.09900799999013543
ft06,JSP,SPEA2,OR-Library legacy,legacy,6,6,36,1-150,1.0,True,3,3,0,0,0.19442887246912122,0.0,0.7142857142857117,0.1234859999967739,55,282,0.7063221589493847,1000,0.07021042616941475,0.36276398240334684,0.11954640003386885,0.12891249998938292
ft06,JSP,MOEA/D,OR-Library legacy,legacy,6,6,36,1-150,1.0,True,3,3,0,0,1.3881274836862523,0.0,5.35714285714286,0.23522909998428077,55,295,0.6978743762185748,1000,1.386306988625674,1.716666158950808,0.20320800004992634,0.2370979000115767
ft06,JSP,SMS-EMOA,OR-Library legacy,legacy,6,6,36,1-150,1.0,True,3,3,0,0,1.0961807591391648,0.0,2.499999999999991,0.09682650002650917,55,287,0.6999404777242394,1000,0.5547655281250008,1.8522323577947808,0.08343550004065037,0.10742869996465743
la01,JSP,XG,OR-Library legacy,legacy,10,5,50,1-150,1.0,True,3,3,0,0,4.816864504633078,12.762762762762758,7.490709955016617,0.0012354,751.0,5496.0,0.7586891030099174,1,4.816864504633078,4.816864504633078,0.001229,0.0012742
la01,JSP,XH,OR-Library legacy,legacy,10,5,50,1-150,1.0,True,3,3,0,0,0.6866468304595807,0.0,3.6182280461568572,1.2452323,666.0,5298.0,0.7916103881319748,1000,0.6198809170674169,0.8044505827716208,1.2195719,1.262265
la01,JSP,XT,OR-Library legacy,legacy,10,5,50,1-150,1.0,True,3,3,0,0,0.2426496422758384,0.30030030030030463,0.8605515353021786,0.9667039,668.0,5157.0,0.7951494166236182,1000,0.08084987956561429,0.3681997305482909,0.9361017,1.0164197
la01,JSP,XE,OR-Library legacy,legacy,10,5,50,1-150,1.0,True,3,3,0,0,2.1527911095488905,5.255255255255253,3.9311558771758293,0.5750467,701.0,5314.0,0.7799239934550571,1000,1.512632805274483,3.208887019751039,0.5692236,0.6102557
la01,JSP,XHT,OR-Library legacy,legacy,10,5,50,1-150,1.0,True,3,3,0,0,0.4982453429225653,0.0,2.718560531977321,1.1132057,666.0,5252.0,0.7931121053725478,1000,0.29072926095212726,0.8180646712325434,1.1064894,1.2937819
la01,JSP,XHE,OR-Library legacy,legacy,10,5,50,1-150,1.0,True,3,3,0,0,0.7854669049245255,0.0,4.146293761001374,0.8643422,666.0,5325.0,0.7908227095871886,1000,0.7850948668804092,0.8194789413212944,0.8218718,0.9140355
la01,JSP,XTE,OR-Library legacy,legacy,10,5,50,1-150,1.0,True,3,3,0,0,0.2517805718379229,0.0,0.9192255036182262,0.8201795,666.0,5160.0,0.795076635487306,1000,0.0,0.3820328376667015,0.7926581,0.8278607
la01,JSP,XHTE,OR-Library legacy,legacy,10,5,50,1-150,1.0,True,3,3,0,0,0.48872444577208185,0.0,2.679444553099941,1.00982,666.0,5250.0,0.7931879948763066,1000,0.29032893750624567,0.9335714325293676,0.9978309,1.0351776
la01,JSP,NSGA-II,OR-Library legacy,legacy,10,5,50,1-150,1.0,True,3,3,0,0,1.8068471986814272,2.1021021021021102,6.415020535888916,0.11606579995714128,680,5441,0.7826814554157482,1000,1.0569919237217618,2.105858518012338,0.1082110001007095,0.12273119995370507
la01,JSP,SPEA2,OR-Library legacy,legacy,10,5,50,1-150,1.0,True,3,3,0,0,1.690424021280068,3.453453453453448,4.341873655388229,0.14156939997337759,689,5335,0.7836094453960373,1000,0.8583659589857295,1.9787681891459297,0.13905709993559867,0.17818970000371337
la01,JSP,MOEA/D,OR-Library legacy,legacy,10,5,50,1-150,1.0,True,3,3,0,0,1.11695682091989,1.6516516516516422,5.45667905339331,0.26057759998366237,677,5392,0.7881804580400582,1000,0.7800130775932002,2.680516641982733,0.23734909994527698,0.26630260003730655
la01,JSP,SMS-EMOA,OR-Library legacy,legacy,10,5,50,1-150,1.0,True,3,3,0,0,1.1676580171891326,0.9009009009008917,4.772149423039318,0.1214449000544846,672,5357,0.7877763271515468,1000,0.6297322742670697,2.257114935852167,0.11932180006988347,0.12773419998120517
la06,JSP,XG,OR-Library legacy,legacy,15,5,75,1-150,1.0,True,3,3,0,0,2.187041157682179,3.995680345572361,6.70763462139361,0.0022201,963.0,10245.0,0.7977158751370479,1,2.187041157682179,2.187041157682179,0.0021982,0.0026789
la06,JSP,XH,OR-Library legacy,legacy,15,5,75,1-150,1.0,True,3,3,0,0,0.7802207575096864,0.0,4.614102697635669,2.1537056,926.0,10044.0,0.809189231837088,1000,0.15748958572101568,0.9430281057150602,2.0789844,2.277042
la06,JSP,XT,OR-Library legacy,legacy,15,5,75,1-150,1.0,True,3,3,0,0,0.2493393007119371,0.0,1.5102593479845883,1.8886844,926.0,9746.0,0.8135188479832077,1000,0.0,0.3671351005858581,1.7807469,1.933902
la06,JSP,XE,OR-Library legacy,legacy,15,5,75,1-150,1.0,True,3,3,0,0,1.9296928460389218,3.6717062634989306,5.686907613790226,0.9135487,960.0,10147.0,0.7998146853158555,1000,1.711643963553422,2.171214671703714,0.8454684,0.9234787
la06,JSP,XHT,OR-Library legacy,legacy,15,5,75,1-150,1.0,True,3,3,0,0,0.36711704471247275,0.0,2.1976877408603324,1.9679349,926.0,9812.0,0.8125583088354399,1000,0.28460529397058565,0.43266119879558085,1.9564736,2.1286638
la06,JSP,XHE,OR-Library legacy,legacy,15,5,75,1-150,1.0,True,3,3,0,0,0.9423320312777927,0.0,5.582751796687835,1.5417199,926.0,10137.0,0.8078671295496807,1000,0.9420791464601286,0.9485611024174223,1.5221309,1.5652439999999999
la06,JSP,XTE,OR-Library legacy,legacy,15,5,75,1-150,1.0,True,3,3,0,0,0.3261645798276258,0.0,1.9893761066555493,1.360933,926.0,9792.0,0.8128922976212949,1000,0.1515196574006228,0.3685282753623009,1.3011539,1.3834463000000001
la06,JSP,XHTE,OR-Library legacy,legacy,15,5,75,1-150,1.0,True,3,3,0,0,0.31532305375803205,0.0,1.906051452973645,1.6986485999999998,926.0,9784.0,0.8129807159408999,1000,0.28308182965318673,0.43036523034956087,1.6152144000000002,1.7162765
la06,JSP,NSGA-II,OR-Library legacy,legacy,15,5,75,1-150,1.0,True,3,3,0,0,1.6074974806516762,0.0,9.37402353921466,0.16819110000506043,926,10501,0.8024423571592083,1000,1.5035811075454597,1.6191301822644388,0.15690489998087287,0.17058579996228218
la06,JSP,SPEA2,OR-Library legacy,legacy,15,5,75,1-150,1.0,True,3,3,0,0,1.5530714357896769,0.0,9.019893761066555,0.1880002999678254,926,10467,0.8028862300419143,1000,1.4536658507354194,1.8947282627576612,0.18646850006189197,0.2031343000708148
la06,JSP,MOEA/D,OR-Library legacy,legacy,15,5,75,1-150,1.0,True,3,3,0,0,1.5327481140250288,0.0,9.051140506197264,0.32663609995506704,926,10470,0.8030519773682303,1000,0.8721638295732692,2.023103573356655,0.285450900089927,0.3489388000452891
la06,JSP,SMS-EMOA,OR-Library legacy,legacy,15,5,75,1-150,1.0,True,3,3,0,0,1.355599888378578,0.0,7.999166753463172,0.16016960004344583,926,10369,0.8044967138686192,1000,1.2416938981382297,2.068296603733699,0.1567959999665618,0.19113569997716695
la16,JSP,XG,OR-Library legacy,legacy,10,10,100,1-150,1.0,True,3,3,0,0,4.660793568996602,15.219611848825343,15.350360183366085,0.0023923,1128.0,8807.0,0.8317684683595105,1,4.660793568996602,4.660793568996602,0.0023455,0.0025406
la16,JSP,XH,OR-Library legacy,legacy,10,10,100,1-150,1.0,True,3,3,0,0,0.719444831731253,4.596527068437184,3.261296660117874,2.3122834,1024.0,7884.0,0.8661540031797355,1000,0.694306165934655,0.8792711283767574,2.3026629,2.6131539999999998
la16,JSP,XT,OR-Library legacy,legacy,10,10,100,1-150,1.0,True,3,3,0,0,0.00017893969852522673,3.06435137895813,0.0,1.9259444000000001,1009.0,7635.0,0.8724290993521823,1000,0.0,0.0017017285422027406,1.9256107999999998,1.9577277
la16,JSP,XE,OR-Library legacy,legacy,10,10,100,1-150,1.0,True,3,3,0,0,2.75983821010638,11.950970377936665,7.98952193844138,1.103499,1096.0,8245.0,0.8483529857524489,1000,2.7476081020414433,3.028135029862844,1.0867342,1.1760959
la16,JSP,XHT,OR-Library legacy,legacy,10,10,100,1-150,1.0,True,3,3,0,0,0.6342403924892159,4.494382022471921,1.715782580222669,2.3789749000000002,1023.0,7766.0,0.8668973528317705,1000,0.19219957051223036,0.7606642117671925,2.2354592,2.434889
la16,JSP,XHE,OR-Library legacy,legacy,10,10,100,1-150,1.0,True,3,3,0,0,0.868749073791919,5.005107252298258,3.2874918140143983,1.8907203,1028.0,7886.0,0.8648514271946055,1000,0.6532682475661189,0.8792807358773413,1.8016121,1.923616
la16,JSP,XTE,OR-Library legacy,legacy,10,10,100,1-150,1.0,True,3,3,0,0,0.2194349131878326,4.187946884576088,0.0,1.6153171,1020.0,7635.0,0.8705162430145342,1000,0.13476481110367144,0.22427629286067008,1.5706332,1.6208615
la16,JSP,XHTE,OR-Library legacy,legacy,10,10,100,1-150,1.0,True,3,3,0,0,0.21690481793842364,3.7793667007150145,3.156516044531754,1.9379048,1016.0,7876.0,0.8705383163412294,1000,0.1949040819286152,0.6628098967468965,1.8336408,1.9646881999999999
la16,JSP,NSGA-II,OR-Library legacy,legacy,10,10,100,1-150,1.0,True,3,3,0,0,0.8867092953656286,1.2257405515832431,8.683693516699421,0.19022449990734458,991,8298,0.8646947367149068,1000,0.8146902299660308,0.9239170234985328,0.18792510009370744,0.20438030001241714
la16,JSP,SPEA2,OR-Library legacy,legacy,10,10,100,1-150,1.0,True,3,3,0,0,0.9867762978345684,2.2471910112359605,8.068107400130975,0.21947939996607602,1001,8251,0.8638217215043476,1000,0.7696855347284592,1.3482888912947133,0.20678460004273802,0.23220140009652823
la16,JSP,MOEA/D,OR-Library legacy,legacy,10,10,100,1-150,1.0,True,3,3,0,0,1.3964586174770144,2.962206332992845,9.561231172233132,0.38007529999595135,1008,8365,0.8602475273372335,1000,0.9151315246454961,1.4945340251046768,0.3190463000210002,0.40546239994000643
la16,JSP,SMS-EMOA,OR-Library legacy,legacy,10,10,100,1-150,1.0,True,3,3,0,0,1.150236871766186,2.1450459652706755,9.652914210871,0.20809009997174144,1000,8372,0.8623956413395765,1000,1.0936343620962963,1.247717975419771,0.17814900004304945,0.23173190001398325
tai_jsp002,JSP,XG,Taillard,extension,15,15,225,151-500,1.0,True,3,3,0,0,3.180820573732346,19.924528301886802,9.619296716070913,0.0068401,1589.0,18860.0,0.9497822292551008,1,3.180820573732346,3.180820573732346,0.0063608,0.0086588
tai_jsp002,JSP,XH,Taillard,extension,15,15,225,151-500,1.0,True,3,3,0,0,0.1402126906591028,1.35849056603774,1.2089508863702303,7.756433,1343.0,17413.0,0.9796101554014407,1000,0.10354127388561007,0.1472375958498362,7.6135402,7.8079273
tai_jsp002,JSP,XT,Taillard,extension,15,15,225,151-500,1.0,True,3,3,0,0,0.3271884402340164,2.6415094339622636,1.482127288578905,6.4852225,1360.0,17460.0,0.9777759501819765,1000,0.32667879647002573,0.4068677725589831,6.3697928,7.3162794
tai_jsp002,JSP,XE,Taillard,extension,15,15,225,151-500,1.0,True,3,3,0,0,2.7072777164065975,16.301886792452834,9.195001453065977,2.6957116,1541.0,18787.0,0.9544276165982274,1000,2.7036334499402015,2.807897932093739,2.6462924,2.7678632
tai_jsp002,JSP,XHT,Taillard,extension,15,15,225,151-500,1.0,True,3,3,0,0,0.024699083218882034,0.7547169811320753,0.953211275791932,7.6140637,1335.0,17369.0,0.9807433272815786,1000,0.00012647554892275537,0.04963323178504009,7.508348,7.8459579
tai_jsp002,JSP,XHE,Taillard,extension,15,15,225,151-500,1.0,True,3,3,0,0,0.10298198846868667,0.9056603773584859,1.3484452194129526,5.1586656,1337.0,17437.0,0.9799753832368003,1000,0.08673735303026398,0.16092111196236436,4.9987571,5.1771
tai_jsp002,JSP,XTE,Taillard,extension,15,15,225,151-500,1.0,True,3,3,0,0,0.3274417075207148,2.6415094339622636,1.482127288578905,4.6193325,1360.0,17460.0,0.9777734656663094,1000,0.32667879647002573,0.5056078659737451,4.599973,4.9407508
tai_jsp002,JSP,XHTE,Taillard,extension,15,15,225,151-500,1.0,True,3,3,0,0,0.024699083218882034,0.7547169811320753,1.3484452194129526,5.9847121,1335.0,17437.0,0.9807433272815786,1000,0.0,0.09840844290663897,5.9085674,6.079763
tai_jsp002,JSP,NSGA-II,Taillard,extension,15,15,225,151-500,1.0,True,3,3,0,0,1.7261489155220966,8.754716981132082,8.439407149084577,0.3779388000257313,1441,18657,0.9640523490656216,1000,1.650825791067978,1.9117153375157958,0.3767337000463158,0.396149400039576
tai_jsp002,JSP,SPEA2,Taillard,extension,15,15,225,151-500,1.0,True,3,3,0,0,1.5658785413381393,8.150943396226417,8.64283638477188,0.43530350003857166,1433,18692,0.9656245783922698,1000,1.542430195901734,1.8306585283686783,0.4275675000390038,0.4472838999936357
tai_jsp002,JSP,MOEA/D,Taillard,extension,15,15,225,151-500,1.0,True,3,3,0,0,1.6174585585494672,6.41509433962264,8.462656204591678,0.6006000000052154,1410,18661,0.9651185858397373,1000,1.2541541189150518,1.8622000125612104,0.5480574999237433,0.6453404000494629
tai_jsp002,JSP,SMS-EMOA,Taillard,extension,15,15,225,151-500,1.0,True,3,3,0,0,1.840343699176017,8.981132075471688,9.572798605056665,0.3851466999622062,1444,18852,0.9629321146572034,1000,1.6871400198120834,1.9878360694795094,0.38345209998078644,0.38712650001980364
tai_jsp006,JSP,XG,Taillard,extension,15,15,225,151-500,1.0,True,3,3,0,0,3.0721804332054625,16.896024464831804,12.576249928738381,0.0065069,1529.0,19747.0,0.949874643733659,1,3.0721804332054625,3.0721804332054625,0.006457,0.0065437
tai_jsp006,JSP,XH,Taillard,extension,15,15,225,151-500,1.0,True,3,3,0,0,0.3686698454870352,3.0581039755351647,1.8870075822359,7.8831424,1348.0,17872.0,0.9763685457714488,1000,0.22343583416345458,0.5636707617484915,7.6609054,8.0168546
tai_jsp006,JSP,XT,Taillard,extension,15,15,225,151-500,1.0,True,3,3,0,0,0.14002448679749646,2.3700305810397504,0.09121486802348144,6.7748796,1339.0,17557.0,0.9786092278542322,1000,0.10405568506309804,0.20473101712860098,6.719112,6.8746084
tai_jsp006,JSP,XE,Taillard,extension,15,15,225,151-500,1.0,True,3,3,0,0,2.509711531919445,13.455657492354733,10.962886950572948,2.7282928,1484.0,19464.0,0.955386734582377,1000,2.418390622639055,2.6598411376832165,2.6964313,3.1729955
tai_jsp006,JSP,XHT,Taillard,extension,15,15,225,151-500,1.0,True,3,3,0,0,0.12015181689680743,1.5290519877675823,1.7843908557094723,7.7477779,1328.0,17854.0,0.9788039763312568,1000,0.0,0.2719952925439695,7.347449,8.2687855
tai_jsp006,JSP,XHE,Taillard,extension,15,15,225,151-500,1.0,True,3,3,0,0,0.491629778564906,3.0581039755351647,3.1298101590559346,5.3092223,1348.0,18090.0,0.9751635612463881,1000,0.3686793492401752,0.5237252834656148,5.0246271,5.3116594
tai_jsp006,JSP,XTE,Taillard,extension,15,15,225,151-500,1.0,True,3,3,0,0,0.36640205991126384,3.5168195718654482,1.339718374094967,4.8777924,1354.0,17776.0,0.9763907696492321,1000,0.3599737212830467,0.3732336850243434,4.7355523999999996,5.0157382
tai_jsp006,JSP,XHTE,Taillard,extension,15,15,225,151-500,1.0,True,3,3,0,0,0.2460735524038582,1.6819571865443361,1.7843908557094723,5.9744339,1330.0,17854.0,0.9775699666920463,1000,0.0,0.28986894828768595,5.8506689,6.3099933
tai_jsp006,JSP,NSGA-II,Taillard,extension,15,15,225,151-500,1.0,True,3,3,0,0,1.8253527937605263,9.480122324159023,8.76232825950629,0.4086398999206722,1432,19078,0.9620933232119372,1000,1.280395946250601,1.9481078523198692,0.3960010000737384,0.45570120005868375
tai_jsp006,JSP,SPEA2,Taillard,extension,15,15,225,151-500,1.0,True,3,3,0,0,1.768093837343665,9.78593272171253,7.342796875890767,0.43061150005087256,1436,18829,0.962654450358613,1000,1.2341631491966099,1.7817682228006282,0.42554200009908527,0.4442140000173822
tai_jsp006,JSP,MOEA/D,Taillard,extension,15,15,225,151-500,1.0,True,3,3,0,0,1.8663991762481458,9.86238532110091,8.049712103072793,0.5644278000108898,1437,18953,0.9616910762810122,1000,1.330710114253697,1.9327716194682654,0.521919299964793,0.6409778000088409
tai_jsp006,JSP,SMS-EMOA,Taillard,extension,15,15,225,151-500,1.0,True,3,3,0,0,1.4395113875733,9.097859327217117,6.082891511316335,0.4116443000966683,1427,18608,0.9658744973875022,1000,1.3453673937006472,1.7200533683627617,0.3945941999554634,0.41338980000000447
tai_jsp013,JSP,XG,Taillard,extension,20,15,300,151-500,1.0,True,3,3,0,0,2.043041497768172,12.369109947643974,9.282070424287681,0.0100713,1717.0,26349.0,0.991147746374313,1,2.043041497768172,2.043041497768172,0.0099912,0.0103068
tai_jsp013,JSP,XH,Taillard,extension,20,15,300,151-500,1.0,True,3,3,0,0,0.5450339391682935,2.159685863874339,3.5295093525776533,12.1125168,1561.0,24962.0,1.0063048810838817,1000,0.0,0.6543200784385528,11.6350229,12.6928056
tai_jsp013,JSP,XT,Taillard,extension,20,15,300,151-500,1.0,True,3,3,0,0,0.48044397367148495,2.290575916230364,3.0193687528514035,9.9229559,1563.0,24839.0,1.006958415041238,1000,0.4803918795860618,0.5097668649774123,9.7960786,11.1208275
tai_jsp013,JSP,XE,Taillard,extension,20,15,300,151-500,1.0,True,3,3,0,0,1.8781534971028524,11.060209424083766,9.07884368130729,3.7603267000000002,1697.0,26300.0,0.9928161155515765,1000,1.8391700322570537,2.026690477793547,3.616885,4.1086333
tai_jsp013,JSP,XHT,Taillard,extension,20,15,300,151-500,1.0,True,3,3,0,0,0.37976374460080287,2.159685863874339,1.970055161544515,12.2595216,1561.0,24586.0,1.007977117374116,1000,0.2517084966334626,0.54529648961964,11.7681445,13.8676403
tai_jsp013,JSP,XHE,Taillard,extension,20,15,300,151-500,1.0,True,3,3,0,0,0.54529648961964,2.159685863874339,3.703703703703698,7.6756778,1561.0,25004.0,1.006302224546846,1000,0.4256654769424051,0.6570718754687954,7.6300796,7.9822659
tai_jsp013,JSP,XTE,Taillard,extension,20,15,300,151-500,1.0,True,3,3,0,0,0.4809194344497558,2.290575916230364,3.0193687528514035,6.9947753,1563.0,24839.0,1.0069536042356957,1000,0.48024141672273757,0.5100594472366771,6.7160723,7.2233972
tai_jsp013,JSP,XHTE,Taillard,extension,20,15,300,151-500,1.0,True,3,3,0,0,0.4458810250150824,2.486910994764391,2.762224710712946,9.0927179,1566.0,24777.0,1.0073081297444366,1000,0.4433280198563594,0.5465962008269099,9.0007442,9.4738712
tai_jsp013,JSP,NSGA-II,Taillard,extension,20,15,300,151-500,1.0,True,3,3,0,0,1.7432132830584646,4.973821989528804,15.100991248807594,0.589269999996759,1604,27752,0.9941814671416048,1000,1.629814861454737,2.0123113767084755,0.5574874999001622,0.71690820006188
tai_jsp013,JSP,SPEA2,Taillard,extension,20,15,300,151-500,1.0,True,3,3,0,0,1.8744245304822882,5.824607329842935,15.660901663141313,0.5677857999689877,1617,27887,0.9928538459682695,1000,1.7407580553898017,1.9419673261651171,0.5582032999955118,0.5812634999165311
tai_jsp013,JSP,MOEA/D,Taillard,extension,20,15,300,151-500,1.0,True,3,3,0,0,1.7749748997298753,5.759162303664911,14.520343411720793,0.7955720999743789,1616,27612,0.9938600968656549,1000,1.6250520667909996,2.2492924383417434,0.7388285999186337,0.8311316999606788
tai_jsp013,JSP,SMS-EMOA,Taillard,extension,20,15,300,151-500,1.0,True,3,3,0,0,2.018504846970115,6.348167539267013,17.270125668781876,0.5865907999686897,1625,28275,0.9913960130264622,1000,1.8712879593852594,2.256373924623589,0.5547058000229299,0.6810238999314606
tai_jsp020,JSP,XG,Taillard,extension,20,15,300,151-500,1.0,True,3,3,0,0,1.5111312819896194,9.92010652463382,6.342388360034046,0.0103899,1651.0,27481.0,1.00001869555131,1,1.5111312819896194,1.5111312819896194,0.010134,0.0114159
tai_jsp020,JSP,XH,Taillard,extension,20,15,300,151-500,1.0,True,3,3,0,0,0.22106830230971264,0.5326231691078487,2.012228155715512,12.0210597,1510.0,26362.0,1.0131175067663343,1000,0.22106830230971264,0.25110757672108797,11.1463046,12.795886
tai_jsp020,JSP,XT,Taillard,extension,20,15,300,151-500,1.0,True,3,3,0,0,0.3519718403455441,1.5312916111850816,2.3914557696772754,9.9845017,1525.0,26460.0,1.0117883617872763,1000,0.3147626521742719,0.3555963423099162,9.8655183,10.0288909
tai_jsp020,JSP,XE,Taillard,extension,20,15,300,151-500,1.0,True,3,3,0,0,1.471228905954347,9.786950732356846,6.021205789025608,3.5975724,1649.0,27398.0,1.0004238491747761,1000,1.471228905954347,1.5104863942440816,3.5099353,3.7183458
tai_jsp020,JSP,XHT,Taillard,extension,20,15,300,151-500,1.0,True,3,3,0,0,0.05264604262851247,0.5326231691078487,0.01160900859067393,11.4337396,1510.0,25845.0,1.0148276026443814,1000,0.0,0.17256411727338827,11.0388357,12.2633136
tai_jsp020,JSP,XHE,Taillard,extension,20,15,300,151-500,1.0,True,3,3,0,0,0.19447015016432756,0.26631158455392434,2.012228155715512,7.6452214,1506.0,26362.0,1.0133875743359868,1000,0.18136671909885216,0.2084693078721611,7.574769,8.3396356
tai_jsp020,JSP,XTE,Taillard,extension,20,15,300,151-500,1.0,True,3,3,0,0,0.351966894656508,1.5312916111850816,2.3914557696772754,7.3512117,1525.0,26460.0,1.0117884120039309,1000,0.27528564625141083,0.36189988316703836,7.0726075999999996,7.3862917
tai_jsp020,JSP,XHTE,Taillard,extension,20,15,300,151-500,1.0,True,3,3,0,0,0.05264604262851247,0.5326231691078487,0.01160900859067393,9.3509586,1510.0,25845.0,1.0148276026443814,1000,0.051670002296910766,0.13305115834156833,8.3757431,9.5408469
tai_jsp020,JSP,NSGA-II,Taillard,extension,20,15,300,151-500,1.0,True,3,3,0,0,2.2068334643280174,10.585885486018643,14.070118411887634,0.5545868000481278,1661,29478,0.9929547989107038,1000,2.1687625436004443,2.31237963113361,0.5447709000436589,0.6055919999489561
tai_jsp020,JSP,SPEA2,Taillard,extension,20,15,300,151-500,1.0,True,3,3,0,0,1.9992496261691972,9.05459387483356,13.214921445708526,0.610310300020501,1638,29257,0.995062526634204,1000,1.8527957752691337,2.210407296633088,0.5711245000129566,0.62486560002435
tai_jsp020,JSP,MOEA/D,Taillard,extension,20,15,300,151-500,1.0,True,3,3,0,0,1.8476346864280124,7.390146471371506,13.354229548796525,0.7608361000893638,1613,29293,0.9966019673470441,1000,1.599611703701509,2.0109374161080606,0.7257278999313712,0.7969330999767408
tai_jsp020,JSP,SMS-EMOA,Taillard,extension,20,15,300,151-500,1.0,True,3,3,0,0,1.9304534661118478,9.45406125166446,12.201068028790353,0.5617032001027837,1644,28995,0.9957610568045167,1000,1.7991180447061939,2.3371626465947593,0.5448428000090644,0.5871733999811113
tai_jsp025,JSP,XG,Taillard,extension,20,20,400,151-500,1.0,True,3,3,0,0,2.3476371211545,17.388825541619156,10.756870496716186,0.0148297,2059.0,34740.0,1.0068033107904637,1,2.3476371211545,2.3476371211545,0.0132717,0.0153456
tai_jsp025,JSP,XH,Taillard,extension,20,20,400,151-500,1.0,True,3,3,0,0,0.26255641787599204,2.6225769669327326,0.5993751195562114,17.4997045,1800.0,31554.0,1.0283006519037619,1000,0.2574034682000903,0.44780864980487056,16.3415743,18.005282
tai_jsp025,JSP,XT,Taillard,extension,20,20,400,151-500,1.0,True,3,3,0,0,0.40993488901398534,4.275940706955539,0.6185041127335422,14.1658694,1829.0,31560.0,1.026781168623413,1000,0.4099293147286964,0.46470249814392073,13.8804861,14.1837772
tai_jsp025,JSP,XE,Taillard,extension,20,20,400,151-500,1.0,True,3,3,0,0,2.242904737235263,16.248574686431017,10.581521392590698,5.2296405,2039.0,34685.0,1.0078831096582872,1000,2.2170618735335323,2.334130502340026,5.2165957,5.2879598
tai_jsp025,JSP,XHT,Taillard,extension,20,20,400,151-500,1.0,True,3,3,0,0,0.26355341144304045,2.6225769669327326,0.19447809730281929,16.0956026,1800.0,31427.0,1.028290372824029,1000,0.0,0.2910484330433505,15.6424751,16.2974084
tai_jsp025,JSP,XHE,Taillard,extension,20,20,400,151-500,1.0,True,3,3,0,0,0.36763410617072223,2.850627137970352,0.5993751195562114,11.409389000000001,1804.0,31554.0,1.0272172929214851,1000,0.24557387060539781,0.40254949582941846,10.962959,12.3848551
tai_jsp025,JSP,XTE,Taillard,extension,20,20,400,151-500,1.0,True,3,3,0,0,0.46015398931436025,4.846066134549609,0.6185041127335422,9.463367,1839.0,31560.0,1.0262634058683011,1000,0.42507503706821215,0.5149254276267445,9.4108465,10.7172383
tai_jsp025,JSP,XHTE,Taillard,extension,20,20,400,151-500,1.0,True,3,3,0,0,0.21645622226381667,0.5701254275940704,0.19447809730281929,12.0763183,1764.0,31427.0,1.0287759484373236,1000,0.05009629025813922,0.3211568302459167,11.9033993,12.2513652
tai_jsp025,JSP,NSGA-II,Taillard,extension,20,20,400,151-500,1.0,True,3,3,0,0,1.5391508095772166,8.551881413911055,10.29777466046038,0.7701209000078961,1904,34596,1.015138866339024,1000,1.3949298069720895,1.5691261194629047,0.7600123999873176,0.8169748999644071
tai_jsp025,JSP,SPEA2,Taillard,extension,20,20,400,151-500,1.0,True,3,3,0,0,1.7571333037967651,9.863169897377432,11.203213670853795,0.8130206000059843,1927,34880,1.0128914501946047,1000,1.491560936439018,1.783156455452739,0.8091814999934286,0.8348366999998689
tai_jsp025,JSP,MOEA/D,Taillard,extension,20,20,400,151-500,1.0,True,3,3,0,0,1.2892519715372641,8.266818700114031,7.41248485621373,0.9160087000345811,1899,33691,1.0177153424230023,1000,1.2685886081838182,1.6014662470673735,0.8725917000556365,0.9350192999700084
tai_jsp025,JSP,SMS-EMOA,Taillard,extension,20,20,400,151-500,1.0,True,3,3,0,0,1.6522403076438152,10.547320410490313,10.265893005164827,0.7923318999819458,1939,34586,1.0139729049868103,1000,1.6519240623690812,1.8221481316265442,0.7227517999708652,0.8247115999693051
tai_jsp026,JSP,XG,Taillard,extension,20,20,400,151-500,1.0,True,3,3,0,0,2.462904664000176,20.15765765765767,13.67739466045741,0.0134687,2134.0,35639.0,1.0097918675176518,1,2.462904664000176,2.462904664000176,0.0132996,0.0147747
tai_jsp026,JSP,XH,Taillard,extension,20,20,400,151-500,1.0,True,3,3,0,0,0.20498975095515348,4.335585585585577,2.615546553538972,17.9291937,1853.0,32171.0,1.0331678365157584,1000,0.11472331619991616,0.43257518103075876,16.517762,18.3339326
tai_jsp026,JSP,XT,Taillard,extension,20,20,400,151-500,1.0,True,3,3,0,0,0.5879018088532639,6.137387387387383,4.669707505342724,14.0110701,1885.0,32815.0,1.0292035859841224,1000,0.5621433485448191,0.6511286286750684,13.6299581,15.2300466
tai_jsp026,JSP,XE,Taillard,extension,20,20,400,151-500,1.0,True,3,3,0,0,1.9734507942278712,14.752252252252251,13.511530732671995,5.2852765,2038.0,35587.0,1.0148591348534128,1000,1.904014209742655,2.121041919825828,5.0711427,5.3202762
tai_jsp026,JSP,XHT,Taillard,extension,20,20,400,151-500,1.0,True,3,3,0,0,0.1190378654735258,3.153153153153143,1.4513093681222333,17.6546032,1832.0,31806.0,1.0340576878554786,1000,0.0,0.4689611116902803,15.2082324,18.6779768
tai_jsp026,JSP,XHE,Taillard,extension,20,20,400,151-500,1.0,True,3,3,0,0,0.2035670718663618,4.335585585585577,2.5964084080252636,11.6251392,1853.0,32165.0,1.0331825653711646,1000,0.11566808814404972,0.4689611116902803,10.572572,12.1315863
tai_jsp026,JSP,XTE,Taillard,extension,20,20,400,151-500,1.0,True,3,3,0,0,0.6944144728536883,6.644144144144137,5.030142579184083,10.5398663,1894.0,32928.0,1.0281008709450417,1000,0.5903048844325354,0.7433977423865423,9.8160688,11.2443931
tai_jsp026,JSP,XHTE,Taillard,extension,20,20,400,151-500,1.0,True,3,3,0,0,0.23448253289867216,2.98423423423424,3.2056393735446997,12.9917872,1829.0,32356.0,1.0328625006714374,1000,0.07693690047225754,0.3383358275299786,11.9515385,13.6750693
tai_jsp026,JSP,NSGA-II,Taillard,extension,20,20,400,151-500,1.0,True,3,3,0,0,1.737424861254333,11.09234234234233,13.342477113967654,0.7797551000257954,1973,35534,1.017302687912061,1000,1.5975899730274579,1.7377234828954369,0.7734470000723377,0.8014799000229686
tai_jsp026,JSP,SPEA2,Taillard,extension,20,20,400,151-500,1.0,True,3,3,0,0,1.7357041743677026,11.993243243243246,13.157475040668555,0.756190299987793,1989,35476,1.0173205020126213,1000,1.6412030218484475,1.7496082818704628,0.7461459999904037,0.86353880004026
tai_jsp026,JSP,MOEA/D,Taillard,extension,20,20,400,151-500,1.0,True,3,3,0,0,1.4130661806010858,8.727477477477485,11.049089343242645,0.889552199980244,1931,34815,1.0206607411404671,1000,1.118421154989968,1.4807131785663286,0.8748735999688506,1.0352566000074148
tai_jsp026,JSP,SMS-EMOA,Taillard,extension,20,20,400,151-500,1.0,True,3,3,0,0,1.8199965215439207,12.725225225225234,12.42065643839112,0.7916604999918491,2002,35245,1.0164478317082688,1000,1.7362253614470302,1.8269424459737005,0.7868869999656454,0.8067086999071762
tai_jsp031,JSP,XG,Taillard,extension,30,15,450,151-500,1.0,True,3,3,0,0,1.464194138753816,11.381709741550704,6.854804867813691,0.0208031,2241.0,50927.0,1.0257480608635499,1,1.464194138753816,1.464194138753816,0.0195121,0.0211563
tai_jsp031,JSP,XH,Taillard,extension,30,15,450,151-500,1.0,True,3,3,0,0,0.1440481704202634,1.6401590457256532,0.0,26.0204346,2045.0,47660.0,1.0394906507296318,1000,0.0,0.3097137442091391,25.5363814,27.3728636
tai_jsp031,JSP,XT,Taillard,extension,30,15,450,151-500,1.0,True,3,3,0,0,0.4095535129672978,2.4353876739562574,2.882920688208146,20.587279,2061.0,49034.0,1.036726766191558,1000,0.30919904547235255,0.4095535129672978,20.4721637,23.2517191
tai_jsp031,JSP,XE,Taillard,extension,30,15,450,151-500,1.0,True,3,3,0,0,1.427843564760889,11.083499005964214,6.703734788082238,5.6865629,2235.0,50855.0,1.0261264667684757,1000,1.019322891082608,1.464194138753816,5.6278766000000005,5.7386823
tai_jsp031,JSP,XHT,Taillard,extension,30,15,450,151-500,1.0,True,3,3,0,0,0.09624013133867626,0.994035785288272,0.0,23.238647,2032.0,47660.0,1.0399883277207824,1000,0.08771941252183613,0.10700123378113435,22.6547403,23.3240401
tai_jsp031,JSP,XHE,Taillard,extension,30,15,450,151-500,1.0,True,3,3,0,0,0.14447467968906613,1.6401590457256532,0.0,16.7588926,2045.0,47660.0,1.0394862108100351,1000,0.0886154756949753,0.39188485618943947,14.5650907,16.9063587
tai_jsp031,JSP,XTE,Taillard,extension,30,15,450,151-500,1.0,True,3,3,0,0,0.40954019709112943,2.4353876739562574,3.03608896349139,14.2666002,2061.0,49107.0,1.036726904808521,1000,0.31877634520864895,0.41994012206583164,13.6867373,14.8572437
tai_jsp031,JSP,XHTE,Taillard,extension,30,15,450,151-500,1.0,True,3,3,0,0,0.2135931673706737,0.8449304174950267,2.054133445237105,17.5083093,2029.0,48639.0,1.038766694142063,1000,0.1690574547017487,0.23024586793602975,17.3032735,19.5645895
tai_jsp031,JSP,NSGA-II,Taillard,extension,30,15,450,151-500,1.0,True,3,3,0,0,1.7275435569424458,7.3061630218687945,16.31347041544271,0.9325470000039786,2159,55435,1.023006619286293,1000,1.7265431484573157,1.769200946432803,0.9291593000525609,0.9994506998918951
tai_jsp031,JSP,SPEA2,Taillard,extension,30,15,450,151-500,1.0,True,3,3,0,0,1.6158625763463053,6.8091451292246585,14.725136382710868,1.0155484999995679,2149,54678,1.0241692073250324,1000,1.445952034145248,1.6526288576991344,0.967978100059554,1.0857504999730736
tai_jsp031,JSP,MOEA/D,Taillard,extension,30,15,450,151-500,1.0,True,3,3,0,0,1.601183014035168,6.5606361829025905,15.098615190935805,1.1640743999741971,2144,54856,1.02432202012687,1000,1.2240414971852132,1.9782767968544612,1.1365817999467254,1.2748999000759795
tai_jsp031,JSP,SMS-EMOA,Taillard,extension,30,15,450,151-500,1.0,True,3,3,0,0,1.5277516745576536,5.268389662027828,15.675618967687788,0.9780582000967115,2118,55131,1.0250864331584306,1000,1.4832587118696616,1.5737358147598246,0.9411313999444246,1.04411939997226
tai_jsp037,JSP,XG,Taillard,extension,30,15,450,151-500,1.0,True,3,3,0,0,2.42576196097527,20.954773869346745,11.32667617689016,0.0219174,2407.0,54628.0,1.022382000372075,1,2.42576196097527,2.42576196097527,0.0191697,0.0247485
tai_jsp037,JSP,XH,Taillard,extension,30,15,450,151-500,1.0,True,3,3,0,0,0.11071179904138528,1.0552763819095423,0.8803749745261769,24.8584243,2011.0,49502.0,1.0466390754267942,1000,0.0,0.19146984076617857,23.802837,25.9189846
tai_jsp037,JSP,XT,Taillard,extension,30,15,450,151-500,1.0,True,3,3,0,0,0.8369815355994903,8.090452261306535,2.559608722233553,22.3457292,2151.0,50326.0,1.039029227571513,1000,0.7092239707185866,0.8958530417510491,20.6359019,25.9049315
tai_jsp037,JSP,XE,Taillard,extension,30,15,450,151-500,1.0,True,3,3,0,0,2.306355671407667,19.89949748743718,11.069900142653344,6.2929453,2386.0,54502.0,1.0236331384146422,1000,2.2817400475550587,2.3341697852239607,5.7497745,6.4285309999999996
tai_jsp037,JSP,XHT,Taillard,extension,30,15,450,151-500,1.0,True,3,3,0,0,0.15529556296487446,1.4070351758793898,1.719991848379876,27.760112200000002,2018.0,49914.0,1.0461719271440069,1000,0.07825435390566016,0.193611827674256,26.5594164,29.4398058
tai_jsp037,JSP,XHE,Taillard,extension,30,15,450,151-500,1.0,True,3,3,0,0,0.17298749920494627,1.155778894472359,1.719991848379876,15.1150345,2013.0,49914.0,1.0459865511930684,1000,0.07815919190721221,0.1926133008061215,14.1834389,16.7734711
tai_jsp037,JSP,XTE,Taillard,extension,30,15,450,151-500,1.0,True,3,3,0,0,0.9533513188413445,8.844221105527627,4.711636437741995,14.1381414,2166.0,51382.0,1.0378099060152832,1000,0.9377895200050723,1.0413097841421415,13.4020738,15.2574331
tai_jsp037,JSP,XHTE,Taillard,extension,30,15,450,151-500,1.0,True,3,3,0,0,0.1733141674335914,0.6030150753768782,1.719991848379876,18.7297549,2002.0,49914.0,1.0459831283662673,1000,0.027005932274237754,0.17727925594120952,17.9296129,20.0370488
tai_jsp037,JSP,NSGA-II,Taillard,extension,30,15,450,151-500,1.0,True,3,3,0,0,2.0415730090721174,12.311557788944727,17.057265131444876,0.9453422999940813,2235,57440,1.0264075288011107,1000,1.8982134352850788,2.1577771013208125,0.9442271000007167,1.055757199996151
tai_jsp037,JSP,SPEA2,Taillard,extension,30,15,450,151-500,1.0,True,3,3,0,0,1.8711603317571046,11.10552763819095,16.37456694518036,1.0319582999218255,2211,57105,1.0281931113219027,1000,1.816581860411104,2.010221263398959,0.9706600999925286,1.0538849000586197
tai_jsp037,JSP,MOEA/D,Taillard,extension,30,15,450,151-500,1.0,True,3,3,0,0,2.115163678530896,12.311557788944727,17.065416751579377,1.239185000071302,2235,57444,1.0256364464195102,1000,1.6080977570632315,2.1587182845812847,1.220762199955061,1.2437174000078812
tai_jsp037,JSP,SMS-EMOA,Taillard,extension,30,15,450,151-500,1.0,True,3,3,0,0,1.8484429759201393,10.603015075376888,15.565518646831066,1.0051351999863982,2201,56708,1.0284311435747857,1000,1.8281375945018552,1.967118617905228,0.9415347999893129,1.0243074999889359
tai_jsp044,JSP,XG,Taillard,extension,30,20,600,501+,1.0,True,3,3,0,0,1.3996454697145277,13.010989010989004,8.943713577834389,0.0293803,2571.0,62440.0,1.0478914933712513,1,1.3996454697145277,1.3996454697145277,0.0264717,0.0306076
tai_jsp044,JSP,XH,Taillard,extension,30,20,600,501+,1.0,True,3,3,0,0,0.08732491992344826,1.1428571428571344,2.283909690477026,36.9448453,2301.0,58623.0,1.0618383959686448,1000,0.07803947237543518,0.13854716849865945,36.2850442,37.0605658
tai_jsp044,JSP,XT,Taillard,extension,30,20,600,501+,1.0,True,3,3,0,0,0.5555373602225466,5.142857142857138,3.8646752974840437,27.5085793,2392.0,59529.0,1.056862391210677,1000,0.4745092701326503,0.6709497133499998,26.7900667,29.3006513
tai_jsp044,JSP,XE,Taillard,extension,30,20,600,501+,1.0,True,3,3,0,0,1.3805396220058386,12.791208791208785,8.7971525281781,8.1383079,2566.0,62356.0,1.0480945439118194,1000,1.3743239627120318,1.39086819421117,8.0137263,8.8486971
tai_jsp044,JSP,XHT,Taillard,extension,30,20,600,501+,1.0,True,3,3,0,0,0.07788830100253774,0.9230769230769154,0.26520570890185,35.1773471,2296.0,57466.0,1.0619386851891097,1000,0.0,0.10589173428668941,35.1037883,36.7082809
tai_jsp044,JSP,XHE,Taillard,extension,30,20,600,501+,1.0,True,3,3,0,0,0.16040227525455641,1.5824175824175724,2.283909690477026,21.9792166,2311.0,58623.0,1.0610617543493084,1000,0.07804996780953477,0.17100002935866998,20.6504842,22.0290001
tai_jsp044,JSP,XTE,Taillard,extension,30,20,600,501+,1.0,True,3,3,0,0,0.560455942476279,5.0989010989010985,4.51547614893395,18.5322274,2391.0,59902.0,1.056810118168377,1000,0.5604322788158922,0.7202751042372002,18.4244367,20.2149621
tai_jsp044,JSP,XHTE,Taillard,extension,30,20,600,501+,1.0,True,3,3,0,0,0.055805398105523984,1.5824175824175724,0.26520570890185,26.0073991,2311.0,57466.0,1.0621733748735938,1000,0.048617047628873866,0.13783922480928856,23.6425518,28.2731044
tai_jsp044,JSP,NSGA-II,Taillard,extension,30,20,600,501+,1.0,True,3,3,0,0,1.6263457626269018,9.27472527472528,17.215689011410817,1.3145734999561682,2486,67181,1.0454821987026943,1000,1.3637793215789062,1.7113611396695538,1.2580108999973163,1.3403526999754831
tai_jsp044,JSP,SPEA2,Taillard,extension,30,20,600,501+,1.0,True,3,3,0,0,1.6337652677835268,10.637362637362635,15.701224831629279,1.3254536000313237,2517,66313,1.045403346690694,1000,1.6092867391977683,1.6678237349985081,1.3166472000302747,1.3989367000758648
tai_jsp044,JSP,MOEA/D,Taillard,extension,30,20,600,501+,1.0,True,3,3,0,0,1.5507244909101936,10.549450549450556,15.275499877865784,1.4183721999870613,2515,66069,1.0462858762120435,1000,1.5248759457297534,1.6292535837224564,1.403433500090614,1.4343398999189958
tai_jsp044,JSP,SMS-EMOA,Taillard,extension,30,20,600,501+,1.0,True,3,3,0,0,1.629188582900687,11.032967032967033,15.128938828209515,1.2722561000846326,2526,65985,1.0454519861624223,1000,1.5612484064295162,1.6611910877214586,1.2639839999610558,1.3797567000146955
tai_jsp049,JSP,XG,Taillard,extension,30,20,600,501+,1.0,True,3,3,0,0,1.6161425254909378,9.074889867841417,16.490142054603353,0.0281084,2476.0,65111.0,1.0442839941370188,1,1.6161425254909378,1.6161425254909378,0.0274191,0.0293315
tai_jsp049,JSP,XH,Taillard,extension,30,20,600,501+,1.0,True,3,3,0,0,0.058867498186743195,0.7488986784141005,0.5528321465631425,33.9874834,2287.0,56203.0,1.0608135085027715,1000,0.0,0.0867783413684875,33.4340991,37.0461717
tai_jsp049,JSP,XT,Taillard,extension,30,20,600,501+,1.0,True,3,3,0,0,0.5443006147572094,3.2599118942731264,5.809210290907796,28.221314,2344.0,59141.0,1.0556609352364719,1000,0.5441251790727741,0.5444602275264887,28.1347473,33.0850087
tai_jsp049,JSP,XE,Taillard,extension,30,20,600,501+,1.0,True,3,3,0,0,1.6115276211635998,9.074889867841417,16.413210720291982,8.3130543,2476.0,65068.0,1.0443329785013975,1000,1.581591681835881,1.6161425254909378,8.1102698,8.4600732
tai_jsp049,JSP,XHT,Taillard,extension,30,20,600,501+,1.0,True,3,3,0,0,0.2243526472615498,1.1013215859030812,2.5977743586073743,35.4493958,2295.0,57346.0,1.0590569856657708,1000,0.10764932411149175,0.25585493952944294,33.5142577,37.3259394
tai_jsp049,JSP,XHE,Taillard,extension,30,20,600,501+,1.0,True,3,3,0,0,0.255851427268039,1.6740088105726914,3.145239202776695,20.4199224,2308.0,57652.0,1.0587226455347778,1000,0.22432130298911668,0.33161529338582296,20.3575411,21.3101883
tai_jsp049,JSP,XTE,Taillard,extension,30,20,600,501+,1.0,True,3,3,0,0,0.7031932143653719,4.669603524229071,6.7127061938669685,18.5627744,2376.0,59646.0,1.0539743882477992,1000,0.628116089726416,0.7064535402160455,18.1363645,18.6649921
tai_jsp049,JSP,XHTE,Taillard,extension,30,20,600,501+,1.0,True,3,3,0,0,0.2537901839208434,1.6740088105726914,2.5977743586073743,25.5601055,2308.0,57346.0,1.0587445243621663,1000,0.23242744200520082,0.25585219357961986,24.9076827,27.8918908
tai_jsp049,JSP,NSGA-II,Taillard,extension,30,20,600,501+,1.0,True,3,3,0,0,1.484318295333087,7.973568281938337,15.645686477976174,1.2687643999233842,2451,64639,1.0456832270714354,1000,1.3558792494362093,1.525973007021042,1.2256386999506503,1.3303347999462858
tai_jsp049,JSP,SPEA2,Taillard,extension,30,20,600,501+,1.0,True,3,3,0,0,1.3130391048150059,7.224669603524236,14.085590582173403,1.3229595999000594,2434,63767,1.0475012500863707,1000,1.3078151154637507,1.5202817591813966,1.2628599999006838,1.3697688999818638
tai_jsp049,JSP,MOEA/D,Taillard,extension,30,20,600,501+,1.0,True,3,3,0,0,1.172648899022255,6.519823788546253,11.768705048842442,1.4563608999596909,2418,62472,1.0489914055712881,1000,1.0427668380346033,1.3759072567974706,1.4125687999185175,1.6188455000519753
tai_jsp049,JSP,SMS-EMOA,Taillard,extension,30,20,600,501+,1.0,True,3,3,0,0,1.5584473747575434,7.973568281938337,16.610011808065273,1.3833284000866115,2451,65178,1.0448963925933998,1000,1.490351713357374,1.6082919492594994,1.251887600054033,1.3949456000700593
tai_jsp052,JSP,XG,Taillard,extension,50,15,750,501+,1.0,True,3,3,0,0,1.52240285938664,8.862478777589144,16.202068153381898,0.0494675,3206.0,126307.0,1.0461157666602856,1,1.52240285938664,1.52240285938664,0.0472982,0.0508775
tai_jsp052,JSP,XH,Taillard,extension,50,15,750,501+,1.0,True,3,3,0,0,0.028662234425658184,1.120543293718157,1.2263560756605507,62.4915425,2978.0,110029.0,1.061983595125286,1000,0.017814422584749856,0.5314611797344937,61.7269091,68.6472639
tai_jsp052,JSP,XT,Taillard,extension,50,15,750,501+,1.0,True,3,3,0,0,0.7437292000411766,2.5127334465195217,11.04088466916906,57.3129647,3019.0,120697.0,1.054387524052591,1000,0.7126275470077159,0.7437476783017649,53.8478697,57.9390726
tai_jsp052,JSP,XE,Taillard,extension,50,15,750,501+,1.0,True,3,3,0,0,1.5137242938144002,8.82852292020373,16.093508500772803,10.025867,3205.0,126189.0,1.0462079580270607,1000,1.4571675034200648,1.5189089476759565,9.8223967,10.4199043
tai_jsp052,JSP,XHT,Taillard,extension,50,15,750,501+,1.0,True,3,3,0,0,0.0800741336752453,1.120543293718157,1.2263560756605507,65.4409176,2978.0,110029.0,1.0614374526526773,1000,0.0,0.5066204119929196,61.9597422,68.3098726
tai_jsp052,JSP,XHE,Taillard,extension,50,15,750,501+,1.0,True,3,3,0,0,0.08024321364901166,1.120543293718157,1.2263560756605507,36.668783,2978.0,110029.0,1.0614356565362861,1000,0.029093098173238463,0.6574760940393332,35.2460203,37.7848565
tai_jsp052,JSP,XTE,Taillard,extension,50,15,750,501+,1.0,True,3,3,0,0,0.7437254296080997,2.5127334465195217,11.04088466916906,30.2809856,3019.0,120697.0,1.0543875641054519,1000,0.712668731108268,0.7437477983879726,30.1685974,36.5424279
tai_jsp052,JSP,XHTE,Taillard,extension,50,15,750,501+,1.0,True,3,3,0,0,0.38272255477671546,0.9847198641765642,6.717818502980788,46.4944515,2974.0,115998.0,1.0582224545793895,1000,0.08654380079591295,0.522193877210464,41.8705196,47.555426
tai_jsp052,JSP,NSGA-II,Taillard,extension,50,15,750,501+,1.0,True,3,3,0,0,2.0775959002563016,8.93039049235993,25.84271730330463,2.1428655000636354,3208,136786,1.0402180172182016,1000,2.0661591432233783,2.1019090991241884,2.112755300011486,2.2089889999479055
tai_jsp052,JSP,SPEA2,Taillard,extension,50,15,750,501+,1.0,True,3,3,0,0,2.089568925860641,8.998302207130738,26.213476116876432,2.1391761999111623,3210,137189,1.0400908291955142,1000,2.072609175162232,2.198108436144408,2.054854799993336,2.2253817000892013
tai_jsp052,JSP,MOEA/D,Taillard,extension,50,15,750,501+,1.0,True,3,3,0,0,2.1591542305858136,8.72665534804753,26.575034959888132,2.277699699974619,3202,137582,1.0393516328045125,1000,1.8658491833269397,2.2188401531856305,2.2293321999022737,2.5223039999837056
tai_jsp052,JSP,SMS-EMOA,Taillard,extension,50,15,750,501+,1.0,True,3,3,0,0,2.0837402132556804,8.760611205432944,26.53823507764774,2.0534003999782726,3203,137542,1.0401527469141876,1000,2.032315066590218,2.216047504087959,2.050623199902475,2.210318799945526
tai_jsp053,JSP,XG,Taillard,extension,50,15,750,501+,1.0,True,3,3,0,0,1.2114864255469704,8.93602225312935,9.692261141962133,0.0505621,3133.0,123259.0,1.050791183338202,1,1.2114864255469704,1.2114864255469704,0.0488607,0.0515169
tai_jsp053,JSP,XH,Taillard,extension,50,15,750,501+,1.0,True,3,3,0,0,0.07980989245072179,1.0778859527120987,0.24384166310693622,62.9939975,2907.0,112642.0,1.062828571900305,1000,0.0,0.2279456788111589,62.622597,66.7752034
tai_jsp053,JSP,XT,Taillard,extension,50,15,750,501+,1.0,True,3,3,0,0,0.4168929388063458,2.051460361613344,4.8332265413640885,52.146895,2935.0,117799.0,1.0592430954076728,1000,0.41671314419877703,0.43756930118445947,51.4336643,60.3809806
tai_jsp053,JSP,XE,Taillard,extension,50,15,750,501+,1.0,True,3,3,0,0,1.0744359380449708,7.267037552155764,9.337177844226119,11.2876075,3085.0,122860.0,1.0522489585261114,1000,1.0636336873225627,1.0774783849165193,9.8091106,11.6784242
tai_jsp053,JSP,XHT,Taillard,extension,50,15,750,501+,1.0,True,3,3,0,0,0.06540539104613607,1.0778859527120987,0.44674640467037285,65.7970276,2907.0,112870.0,1.0629817893395461,1000,0.013299896492513508,0.21960778838904238,60.9271413,70.6424783
tai_jsp053,JSP,XHE,Taillard,extension,50,15,750,501+,1.0,True,3,3,0,0,0.09143500841729546,1.0778859527120987,0.44674640467037285,39.2926603,2907.0,112870.0,1.0627049181583772,1000,0.06541151355738961,0.22717290566658388,34.6475367,41.0840479
tai_jsp053,JSP,XTE,Taillard,extension,50,15,750,501+,1.0,True,3,3,0,0,0.5103593368492199,2.051460361613344,6.460914139256735,32.2989363,2935.0,119628.0,1.0582489143693297,1000,0.45809938196681443,0.5312081562406035,30.5656638,32.5663882
tai_jsp053,JSP,XHTE,Taillard,extension,50,15,750,501+,1.0,True,3,3,0,0,0.18536603038356025,0.7997218358831715,2.0966823294888304,48.0769477,2899.0,114724.0,1.0617057950199396,1000,0.01075579391436321,0.24197636766688513,41.5382188,51.6556179
tai_jsp053,JSP,NSGA-II,Taillard,extension,50,15,750,501+,1.0,True,3,3,0,0,1.5130350584064756,6.815020862308763,17.770183682187103,2.2711207000538707,3072,132336,1.0475836784037578,1000,1.494879891398937,1.6766527614821003,2.189765999908559,2.292648100061342
tai_jsp053,JSP,SPEA2,Taillard,extension,50,15,750,501+,1.0,True,3,3,0,0,1.590168709549833,7.406119610570228,18.262316673786128,2.253061299910769,3089,132889,1.0467632251179713,1000,1.4317911891801205,1.6665017766803403,2.1696382999652997,2.360703799990006
tai_jsp053,JSP,MOEA/D,Taillard,extension,50,15,750,501+,1.0,True,3,3,0,0,1.593848030941969,8.101529902642568,17.29406948597465,2.480868099955842,3109,131801,1.0467240890044736,1000,1.4058072886678485,1.622359450504307,2.275319100008346,2.487484100041911
tai_jsp053,JSP,SMS-EMOA,Taillard,extension,50,15,750,501+,1.0,True,3,3,0,0,1.605692394036784,7.510431154381081,18.13238644453936,2.2046053999802098,3092,132743,1.0465981031801914,1000,1.5565758121927287,1.6292481076600418,2.199231200036593,2.2198838000185788
tai_jsp068,JSP,XG,Taillard,extension,50,20,1000,501+,1.0,True,3,3,0,0,1.3255946654641915,14.882772680937828,10.383701408770541,0.0676218,3381.0,136102.0,1.0791677479053368,1,1.3255946654641915,1.3255946654641915,0.0654341,0.0708004
tai_jsp068,JSP,XH,Taillard,extension,50,20,1000,501+,1.0,True,3,3,0,0,0.058328732927148685,0.0,1.2100665861036974,87.390567,2943.0,124791.0,1.093027395883722,1000,0.0,0.0626321988896561,80.652405,88.0269018
tai_jsp068,JSP,XT,Taillard,extension,50,20,1000,501+,1.0,True,3,3,0,0,0.6731107916723267,6.354060482500845,6.7194381138533155,71.6113811,3130.0,131584.0,1.086303737732053,1000,0.6731107916723267,0.6731107916723267,70.901056,71.9927801
tai_jsp068,JSP,XE,Taillard,extension,50,20,1000,501+,1.0,True,3,3,0,0,1.3125986766700515,14.746856948691821,10.36180342095232,15.1916478,3377.0,136075.0,1.0793098805273802,1000,1.3092491478348678,1.3255946654641915,13.6883395,15.9472477
tai_jsp068,JSP,XHT,Taillard,extension,50,20,1000,501+,1.0,True,3,3,0,0,0.11192093668701553,0.0,1.2100665861036974,92.4801859,2943.0,124791.0,1.0924412765385814,1000,0.00022833161440471983,0.19861776509584317,90.1946235,99.3833439
tai_jsp068,JSP,XHE,Taillard,extension,50,20,1000,501+,1.0,True,3,3,0,0,0.112079755733141,0.0,1.2100665861036974,54.5562937,2943.0,124791.0,1.092439539589757,1000,0.00021767425917307293,0.19868441009898152,50.5239023,57.0950309
tai_jsp068,JSP,XTE,Taillard,extension,50,20,1000,501+,1.0,True,3,3,0,0,0.6731086540328945,6.354060482500845,6.7194381138533155,51.6295776,3130.0,131584.0,1.086303761110674,1000,0.6731074548693039,0.6731107916723267,48.9961378,53.2647393
tai_jsp068,JSP,XHTE,Taillard,extension,50,20,1000,501+,1.0,True,3,3,0,0,0.1633093101965688,0.4417261297995134,2.3009107940859197,66.257548,2956.0,126136.0,1.091879259720534,1000,0.00042420650421259865,0.2237899094228779,65.3819594,70.1363047
tai_jsp068,JSP,NSGA-II,Taillard,extension,50,20,1000,501+,1.0,True,3,3,0,0,1.6489080599848327,12.504247366632693,20.503815927136483,3.118978500016965,3311,148580,1.075631781444231,1000,1.6301208825718616,1.7011290140921287,2.867211800068617,3.288161400007084
tai_jsp068,JSP,SPEA2,Taillard,extension,50,20,1000,501+,1.0,True,3,3,0,0,1.6474554214916948,12.300373768263672,20.391081841701887,3.1565886000171304,3305,148441,1.075647668447612,1000,1.5972170841906608,1.702232787113056,3.0567219000076875,3.16350349993445
tai_jsp068,JSP,MOEA/D,Taillard,extension,50,20,1000,501+,1.0,True,3,3,0,0,1.694767230028238,12.979952429493725,21.13155824459241,3.4549122999887913,3325,149354,1.0751302356067998,1000,1.6399691541247874,1.8040112118704488,3.1216553000267595,3.5061927000060678
tai_jsp068,JSP,SMS-EMOA,Taillard,extension,50,20,1000,501+,1.0,True,3,3,0,0,1.6540456066377551,12.096500169894675,21.06991946406702,3.0758932000026107,3299,149278,1.0755755938783431,1000,1.6321167900466782,1.7021281363347573,2.9542343000648543,3.1288426000392064
tai_jsp070,JSP,XG,Taillard,extension,50,20,1000,501+,1.0,True,3,3,0,0,1.412620638010631,9.511111111111115,17.059671286642963,0.0717369,3696.0,152702.0,1.0684223986071846,1,1.412620638010631,1.412620638010631,0.0661883,0.0738805
tai_jsp070,JSP,XH,Taillard,extension,50,20,1000,501+,1.0,True,3,3,0,0,0.0121362452932261,0.5037037037036951,0.11422175886177666,83.6876631,3392.0,130597.0,1.083599887893972,1000,0.006406703662931168,0.03260288997869454,82.5587657,87.0319063
tai_jsp070,JSP,XT,Taillard,extension,50,20,1000,501+,1.0,True,3,3,0,0,0.5930098699929665,2.9629629629629672,8.808874034097869,72.1515265,3475.0,141939.0,1.0773047779579368,1000,0.553278357143927,0.5930098699929665,70.5915409,72.7281291
tai_jsp070,JSP,XE,Taillard,extension,50,20,1000,501+,1.0,True,3,3,0,0,1.407208672772231,9.451851851851846,17.025941371274378,13.5849014,3694.0,152658.0,1.0684810497744903,1000,1.403370248718283,1.412061665604325,13.1859085,15.3880803
tai_jsp070,JSP,XHT,Taillard,extension,50,20,1000,501+,1.0,True,3,3,0,0,0.011556258923162144,0.3259259259259295,0.7711885195633483,91.4203839,3386.0,131454.0,1.083606173388451,1000,0.0,0.06858890535995643,90.8263239,92.6580659
tai_jsp070,JSP,XHE,Taillard,extension,50,20,1000,501+,1.0,True,3,3,0,0,0.07833201383511401,0.6222222222222129,0.7711885195633483,54.3710758,3396.0,131454.0,1.0828825035567389,1000,0.012004337139115417,0.0826929857302372,48.9203765,56.340809899999996
tai_jsp070,JSP,XTE,Taillard,extension,50,20,1000,501+,1.0,True,3,3,0,0,0.5906669944720777,2.9333333333333433,8.799674966270077,48.1105575,3474.0,141927.0,1.0773301684359053,1000,0.5898062632169077,0.5930098699929665,42.1904519,50.1370186
tai_jsp070,JSP,XHTE,Taillard,extension,50,20,1000,501+,1.0,True,3,3,0,0,0.0747109584096517,0.3259259259259295,1.6405004292898262,59.0533229,3386.0,132588.0,1.0829217460718377,1000,0.06858875136658282,0.08167810511555684,58.3475288,67.7848029
tai_jsp070,JSP,NSGA-II,Taillard,extension,50,20,1000,501+,1.0,True,3,3,0,0,1.3343617172711597,6.696296296296289,19.12869495891083,3.127786500030197,3601,155401,1.0692705151140842,1000,1.189712126281084,1.3708014975012728,2.9772700999164954,3.1459296999964863
tai_jsp070,JSP,SPEA2,Taillard,extension,50,20,1000,501+,1.0,True,3,3,0,0,1.3867067338044659,6.548148148148147,20.166656445480193,3.122360899928026,3596,156755,1.0687032357271933,1000,1.2581909771422262,1.3879252496908023,3.0514047000324354,3.129540399997495
tai_jsp070,JSP,MOEA/D,Taillard,extension,50,20,1000,501+,1.0,True,3,3,0,0,1.3716688286556367,6.044444444444452,20.674138353980133,3.2750173000385985,3579,157417,1.0688662062290275,1000,1.192939613721511,1.4528283903279426,3.2177162000443786,3.3160654000239447
tai_jsp070,JSP,SMS-EMOA,Taillard,extension,50,20,1000,501+,1.0,True,3,3,0,0,1.3984180274064895,7.140740740740736,20.36903593769164,3.1272622999968007,3616,157019,1.0685763167596536,1000,1.3856969358264748,1.4434298053734196,3.1063399999402463,3.27851960004773
tai_jsp079,JSP,XG,Taillard,extension,100,20,2000,501+,1.0,False,3,3,0,0,1.072928190246103,8.359293873312556,15.84880327913034,0.1788268,6261.0,472845.0,1.0917687808397225,1,1.072928190246103,1.072928190246103,0.1773939,0.189874
tai_jsp079,JSP,XH,Taillard,extension,100,20,2000,501+,1.0,False,3,1,2,0,0.03726700058763743,0.4672897196261738,0.3143398251163054,210.9477893,5805.0,409440.0,1.1031984384017182,1000,0.03726700058763743,0.03726700058763743,210.9477893,210.9477893
tai_jsp079,JSP,XT,Taillard,extension,100,20,2000,501+,1.0,False,3,3,0,0,0.7021980661287452,4.309449636552443,12.033849719593203,197.5505479,6027.0,457274.0,1.0958601945268327,1000,0.7021980661287452,0.7021980661287452,191.2168259,206.3245212
tai_jsp079,JSP,XE,Taillard,extension,100,20,2000,501+,1.0,False,3,3,0,0,1.072833954107888,8.359293873312556,15.846353241522259,34.1987027,6261.0,472835.0,1.0917698208389042,1000,1.0728056832664201,1.0728999194046351,34.1381391,35.2076861
tai_jsp079,JSP,XHT,Taillard,extension,100,20,2000,501+,1.0,False,3,3,0,0,0.03785938075335782,0.3980616130148773,0.32830503948235723,229.8220211,5801.0,409497.0,1.103191900836626,1000,0.0,0.09612893824219038,210.6083025,236.6612615
tai_jsp079,JSP,XHE,Taillard,extension,100,20,2000,501+,1.0,False,3,3,0,0,0.03788284447709955,0.4672897196261738,0.32830503948235723,134.3117114,5805.0,409497.0,1.10319164188869,1000,3.604247399424665e-05,0.15577660732347676,133.8984868,142.7526771
tai_jsp079,JSP,XTE,Taillard,extension,100,20,2000,501+,1.0,False,3,3,0,0,0.7438072364458703,4.309449636552443,13.114071300994468,123.1462487,6027.0,461683.0,1.095400991678534,1000,0.7428509280282825,0.7438079789820362,108.6661821,126.8012039
tai_jsp079,JSP,XHTE,Taillard,extension,100,20,2000,501+,1.0,False,3,3,0,0,0.2515330240723923,0.9172724125995124,5.2264202255504655,154.1531166,5831.0,429489.0,1.1008337777385055,1000,0.09498570398382977,0.3847998287212606,148.687402,166.4497757
tai_jsp079,JSP,NSGA-II,Taillard,extension,100,20,2000,501+,1.0,False,3,3,0,0,1.1243900154686681,0.9518864659051607,28.937149185239996,10.224590199999511,5833,526266,1.091200843134146,1000,1.1216153253793992,1.1750063099513541,9.931789799942635,11.372220299905166
tai_jsp079,JSP,SPEA2,Taillard,extension,100,20,2000,501+,1.0,False,3,3,0,0,1.1335660333518072,0.6230529595015577,28.80705218825108,11.17513400001917,5814,525735,1.0910995757088198,1000,1.1279612687936313,1.159607502918214,10.967501899925992,11.5160681999987
tai_jsp079,JSP,MOEA/D,Taillard,extension,100,20,2000,501+,1.0,False,3,3,0,0,1.199400449910648,0.9172724125995124,29.74762162599196,11.048779799952172,5831,529574,1.090373020688148,1000,1.198587435768561,1.2243058002747942,10.713398799998686,11.50773479999043
tai_jsp079,JSP,SMS-EMOA,Taillard,extension,100,20,2000,501+,1.0,False,3,3,0,0,1.172588807742081,1.1941848390446541,28.829102526723794,10.148877099971287,5847,525825,1.0906689165773842,1000,1.1595671382660933,1.2355514083952746,9.931766099995002,10.686403699917719
tai_jsp080,JSP,XG,Taillard,extension,100,20,2000,501+,1.0,False,3,3,0,0,1.1283133265612921,10.123816460305889,14.868283561568507,0.1803226,6048.0,459503.0,1.091899823618882,1,1.1283133265612921,1.1283133265612921,0.1776801,0.186504
tai_jsp080,JSP,XH,Taillard,extension,100,20,2000,501+,1.0,False,3,2,1,0,0.04387430860463004,0.027312454479244686,1.0865543739656869,225.89106815000002,5493.5,404372.5,1.1038759394541793,1000.0,0.0,0.08774861720926008,224.2427556,227.5393807
tai_jsp080,JSP,XT,Taillard,extension,100,20,2000,501+,1.0,False,3,3,0,0,0.7208221853688968,5.772032046613251,10.453570517916333,190.1375597,5809.0,441843.0,1.0963999947008602,1000,0.6880074415968274,0.7267532626055728,187.2569034,208.7545506
tai_jsp080,JSP,XE,Taillard,extension,100,20,2000,501+,1.0,False,3,3,0,0,1.1265937627041533,10.123816460305889,14.84753491023083,33.7005729,6048.0,459420.0,1.091918813802376,1000,1.125535809659084,1.1283133265612921,32.9078039,34.0769059
tai_jsp080,JSP,XHT,Taillard,extension,100,20,2000,501+,1.0,False,3,2,1,0,0.02877149003467916,0.10014566642388978,0.59546129501582,238.62325505,5497.5,402408.0,1.1040427290123178,1000.0,7.189152706477131e-06,0.05753579091665184,238.4042244,238.8422857
tai_jsp080,JSP,XHE,Taillard,extension,100,20,2000,501+,1.0,False,3,3,0,0,0.057535760120941415,0.05462490895848937,1.19092259003164,133.6379287,5495.0,404790.0,1.1037250677840083,1000,7.669875734528375e-06,0.12473531000409821,126.3621824,140.5055079
tai_jsp080,JSP,XTE,Taillard,extension,100,20,2000,501+,1.0,False,3,3,0,0,0.7343851109446464,5.88128186453023,10.774799638023524,116.8987635,5815.0,443128.0,1.0962502111122296,1000,0.6908952965759885,0.7477370487945834,109.8115202,137.3748889
tai_jsp080,JSP,XHTE,Taillard,extension,100,20,2000,501+,1.0,False,3,3,0,0,0.058119209175899744,0.05462490895848937,1.205421647592897,158.284232,5495.0,404848.0,1.1037186244032828,1000,0.03018730223411925,0.12476394701528282,153.3461325,169.2900699
tai_jsp080,JSP,NSGA-II,Taillard,extension,100,20,2000,501+,1.0,False,3,3,0,0,1.2993156747733048,3.7327021121631443,28.1979171353862,10.62562530010473,5697,512825,1.0900113412824997,1000,1.2909544576931498,1.3171196033742838,10.103146699955687,11.087269700015895
tai_jsp080,JSP,SPEA2,Taillard,extension,100,20,2000,501+,1.0,False,3,3,0,0,1.3475105186905756,4.060451565914058,28.554643948143376,10.638219400076196,5715,514252,1.0894790964777112,1000,1.3117902092375067,1.3649027906409206,10.156352600082755,11.337744200020097
tai_jsp080,JSP,MOEA/D,Taillard,extension,100,20,2000,501+,1.0,False,3,3,0,0,1.3452899496891657,3.823743627093945,29.542079764815288,11.167323100031354,5702,518202,1.0895036195639713,1000,1.2909538389123565,1.3958219365648894,10.847501199925318,11.424249000032432
tai_jsp080,JSP,SMS-EMOA,Taillard,extension,100,20,2000,501+,1.0,False,3,3,0,0,1.352289143786145,3.823743627093945,29.355841870278443,10.170439600013196,5702,517457,1.0894263232311474,1000,1.3379364387099302,1.3842767864617578,10.122511300025508,11.727277699974366
ta001,PFSP,XG,Taillard,legacy,20,5,100,1-150,1.0,True,3,3,0,0,3.875999842534217,8.450704225352123,12.076021363667898,0.0101616,1386.0,16158.0,0.7838425160400311,1,3.875999842534217,3.875999842534217,0.0101121,0.0108282
ta001,PFSP,XH,Taillard,legacy,20,5,100,1-150,1.0,True,3,3,0,0,2.3550799725317817,3.9906103286384997,10.404383713671361,9.8332048,1329.0,15917.0,0.7962448469422516,1000,2.3220561035914855,2.3600623168391066,9.3643166,10.1430445
ta001,PFSP,XT,Taillard,legacy,20,5,100,1-150,1.0,True,3,3,0,0,1.0009860961454842,1.4866979655712154,5.410279531109108,9.3753874,1297.0,15197.0,0.807286796395898,1000,0.8930587022385472,1.0428297755656346,8.9422724,10.0352993
ta001,PFSP,XE,Taillard,legacy,20,5,100,1-150,1.0,True,3,3,0,0,0.33766065401978906,1.4866979655712154,1.5745300686689223,9.4672705,1297.0,14644.0,0.8126958792748609,1000,0.0,0.3500725600578014,9.1396404,9.8161676
ta001,PFSP,XHT,Taillard,legacy,20,5,100,1-150,1.0,True,3,3,0,0,0.6826981518036845,1.4866979655712154,3.856558229867524,9.4402448,1297.0,14973.0,0.8098822733081091,1000,0.6696066619918395,0.6982444792443032,9.2289661,9.7761498
ta001,PFSP,XHE,Taillard,legacy,20,5,100,1-150,1.0,True,3,3,0,0,0.6721931213504839,1.4866979655712154,3.7871956717763666,9.265646,1297.0,14963.0,0.8099679365086421,1000,0.6344719499684515,0.7006686975021936,8.4468512,9.7194028
ta001,PFSP,XTE,Taillard,legacy,20,5,100,1-150,1.0,True,3,3,0,0,0.31697756920027187,1.4866979655712154,1.3456336269681568,9.1829351,1297.0,14611.0,0.8128645393516142,1000,0.26347335908757374,0.7103960744470283,9.1203178,9.4535936
ta001,PFSP,XHTE,Taillard,legacy,20,5,100,1-150,1.0,True,3,3,0,0,0.31972867117897597,1.4866979655712154,1.366442394395495,9.4129925,1297.0,14614.0,0.8128421055089388,1000,0.12476169770345713,0.3427267974951631,9.2665161,9.678481
ta001,PFSP,NSGA-II,Taillard,legacy,20,5,100,1-150,1.0,True,3,3,0,0,1.133507795396227,3.1298904538341166,5.098148019698967,0.13489330001175404,1318,15152,0.8062061490861685,1000,0.8645390443530743,1.478176521421104,0.13155649998225272,0.13644609996117651
ta001,PFSP,SPEA2,Taillard,legacy,20,5,100,1-150,1.0,True,3,3,0,0,0.9136678248824581,1.5649452269170583,4.654227647915654,0.15315429994370788,1298,15088,0.8079988326545946,1000,0.8245978069436721,0.9303627481944687,0.15003540006000549,0.15484339999966323
ta001,PFSP,MOEA/D,Taillard,legacy,20,5,100,1-150,1.0,True,3,3,0,0,0.20565722110338358,1.4866979655712154,0.5826454879656051,0.2781744999811053,1297,14501,0.8137723003852351,1000,0.12242421123807024,0.4849942776413818,0.24950619996525347,0.3333800999680534
ta001,PFSP,SMS-EMOA,Taillard,legacy,20,5,100,1-150,1.0,True,3,3,0,0,0.6536334183157133,1.4866979655712154,3.613789276548518,0.12324200000148267,1297,14938,0.810119281482841,1000,0.43153114736332876,1.0427278726368727,0.12304940004833043,0.13267319998703897
ta002,PFSP,XG,Taillard,legacy,20,5,100,1-150,1.0,True,3,3,0,0,5.878986714062218,8.406432748538005,22.008683437619723,0.0112639,1483.0,19109.0,0.7462589986760706,1,5.878986714062218,5.878986714062218,0.0107035,0.0115147
ta002,PFSP,XH,Taillard,legacy,20,5,100,1-150,1.0,True,3,3,0,0,2.7512443782014895,4.678362573099415,9.283616396373384,10.0047927,1432.0,17116.0,0.7710579865129866,1000,2.722047250103077,3.2870939583863,9.6528788,10.7894745
ta002,PFSP,XT,Taillard,legacy,20,5,100,1-150,1.0,True,3,3,0,0,3.1817169551681235,3.7280701754385914,13.75941769888902,9.7848094,1419.0,17817.0,0.7676448907224781,1000,3.016887268210011,3.238461135111237,9.38758,9.9146784
ta002,PFSP,XE,Taillard,legacy,20,5,100,1-150,1.0,True,3,3,0,0,0.1675304827377655,1.0964912280701844,0.6895671050951346,9.5883676,1383.0,15770.0,0.7915435261090874,1000,0.004216378812826882,0.5754945284534907,8.8444807,9.6522212
ta002,PFSP,XHT,Taillard,legacy,20,5,100,1-150,1.0,True,3,3,0,0,2.3344102733536376,3.2163742690058506,9.245307112756995,10.7594648,1412.0,17110.0,0.7743629467002806,1000,2.291388606273914,2.6690984510905125,9.4338905,10.9816912
ta002,PFSP,XHE,Taillard,legacy,20,5,100,1-150,1.0,True,3,3,0,0,1.3980813189689578,3.2163742690058506,3.575533137530318,9.6392905,1412.0,16222.0,0.7817868351980356,1000,1.187990575729747,2.078447251430726,9.1987159,10.5560265
ta002,PFSP,XTE,Taillard,legacy,20,5,100,1-150,1.0,True,3,3,0,0,1.0711902443765853,2.8508771929824483,3.0838973311199114,9.890671,1407.0,16145.0,0.7843786624370853,1000,1.0586883544233094,1.2753913617825963,9.1148415,10.0330015
ta002,PFSP,XHTE,Taillard,legacy,20,5,100,1-150,1.0,True,3,3,0,0,1.331737808040645,3.2163742690058506,3.1541310177499726,9.4149197,1412.0,16156.0,0.7823128542059654,1000,1.1960925893466867,1.527618891732463,9.1551581,9.446524
ta002,PFSP,NSGA-II,Taillard,legacy,20,5,100,1-150,1.0,True,3,3,0,0,0.48177980190202696,1.0964912280701844,1.9793129868471482,0.12763010000344366,1383,15972,0.7890519317874058,1000,0.09419187617082381,0.8130448258639622,0.1259311999892816,0.12826879997737706
ta002,PFSP,SPEA2,Taillard,legacy,20,5,100,1-150,1.0,True,3,3,0,0,0.5347447643929915,0.3654970760234022,3.7415400332013737,0.14882909995503724,1373,16248,0.7886319875210458,1000,0.14433757299425753,0.9473573517499112,0.14539709989912808,0.17416150006465614
ta002,PFSP,MOEA/D,Taillard,legacy,20,5,100,1-150,1.0,True,3,3,0,0,0.15864696961207514,0.3654970760234022,1.3280551653684025,0.28551089996472,1373,15870,0.7916139609820074,1000,0.0,0.37760099827136573,0.24710589996539056,0.28889250010252
ta002,PFSP,SMS-EMOA,Taillard,legacy,20,5,100,1-150,1.0,True,3,3,0,0,0.567462727865542,0.9502923976608235,3.575533137530318,0.13450410007499158,1381,16222,0.7883725760059406,1000,0.5097725172839351,0.7891751989297369,0.12347270001191646,0.15293280000332743
ta003,PFSP,XG,Taillard,legacy,20,5,100,1-150,1.0,True,3,3,0,0,6.9639612401189215,13.612099644128106,20.621206711888608,0.0115188,1277.0,16893.0,0.7540635373673285,1,6.9639612401189215,6.9639612401189215,0.011497,0.0128411
ta003,PFSP,XH,Taillard,legacy,20,5,100,1-150,1.0,True,3,3,0,0,4.764391420134784,9.430604982206404,13.930739021777928,9.983256,1230.0,15956.0,0.7718912030896881,1000,4.764391420134784,5.234242117483323,9.9773576,10.8943974
ta003,PFSP,XT,Taillard,legacy,20,5,100,1-150,1.0,True,3,3,0,0,4.2323926842124715,8.362989323843406,12.652624062834693,10.5994687,1218.0,15777.0,0.7762030896879545,1000,3.9176206673228076,4.658388149948611,9.2059858,10.6333384
ta003,PFSP,XE,Taillard,legacy,20,5,100,1-150,1.0,True,3,3,0,0,0.29138688484551256,0.7117437722419906,1.0996072831131798,9.4299612,1132.0,14159.0,0.8081452146265035,1000,0.27511748074694475,0.6683293401393509,8.9433475,10.0708332
ta003,PFSP,XHT,Taillard,legacy,20,5,100,1-150,1.0,True,3,3,0,0,4.530677698651031,9.341637010676163,12.431274544805436,10.0444515,1229.0,15746.0,0.7737854689881768,1000,4.1984647956228915,4.655744824506469,9.761568,10.873886
ta003,PFSP,XHE,Taillard,legacy,20,5,100,1-150,1.0,True,3,3,0,0,0.7562329655380617,1.4234875444839812,2.8204212781149485,9.8058854,1140.0,14400.0,0.8043776049495369,1000,0.26454039718869504,1.1553166350209754,9.6019802,10.029657
ta003,PFSP,XTE,Taillard,legacy,20,5,100,1-150,1.0,True,3,3,0,0,1.433897798635575,3.380782918149472,3.555872902534807,9.4202986,1162.0,14503.0,0.798885084545548,1000,1.4316554883391897,2.219076581391133,9.3450424,9.6229955
ta003,PFSP,XHTE,Taillard,legacy,20,5,100,1-150,1.0,True,3,3,0,0,0.6937287114793689,1.067615658362997,4.184219921456633,9.7636411,1136.0,14591.0,0.8048842062574199,1000,0.4604856773411714,1.0006670422226027,9.2346526,10.0314924
ta003,PFSP,NSGA-II,Taillard,legacy,20,5,100,1-150,1.0,True,3,3,0,0,1.3010800405503842,3.6476868327402157,2.877543734380583,0.12487709999550134,1165,14408,0.7999615816731331,1000,0.825049608169881,1.5282937385179496,0.1228952999226749,0.1359013000037521
ta003,PFSP,SPEA2,Taillard,legacy,20,5,100,1-150,1.0,True,3,3,0,0,1.5475074112348053,3.6476868327402157,3.784362727597279,0.15804170002229512,1165,14535,0.7979642707673882,1000,1.382899202923138,1.5846681480760516,0.14793890004511923,0.1662155999802053
ta003,PFSP,MOEA/D,Taillard,legacy,20,5,100,1-150,1.0,True,3,3,0,0,0.035779947295089265,0.3558718861210064,0.2641913602284829,0.2626648999284953,1128,14042,0.810216926557429,1000,0.0,0.24361168291080482,0.23985060001723468,0.31668759998865426
ta003,PFSP,SMS-EMOA,Taillard,legacy,20,5,100,1-150,1.0,True,3,3,0,0,1.6871629357337214,4.270462633451966,3.520171367368796,0.1284072999842465,1172,14498,0.7968323530694696,1000,1.335729523676854,1.8283505213607887,0.12627260002773255,0.13461619999725372
ta004,PFSP,XG,Taillard,legacy,20,5,100,1-150,1.0,True,3,3,0,0,7.7469992488772395,17.03089675960814,24.19375157470396,0.0108067,1553.0,19717.0,0.7626820444435827,1,7.7469992488772395,7.7469992488772395,0.0107527,0.0110464
ta004,PFSP,XH,Taillard,legacy,20,5,100,1-150,1.0,True,3,3,0,0,6.279757966956057,13.03692539562924,21.2207105064248,9.9969309,1500.0,19245.0,0.7748121493884244,1000,6.272398506526544,6.853236640062155,9.1839588,10.2274074
ta004,PFSP,XT,Taillard,legacy,20,5,100,1-150,1.0,True,3,3,0,0,2.9846413551186113,6.782215523737745,9.926933736457544,9.7891141,1417.0,17452.0,0.8020538244963813,1000,2.9242571011035334,3.1060865036631524,9.5814305,9.8736775
ta004,PFSP,XE,Taillard,legacy,20,5,100,1-150,1.0,True,3,3,0,0,0.2039022622726816,1.5825169555388152,2.053413958175865,9.7832875,1348.0,16202.0,0.8250429929692573,1000,0.0,0.5189071910308707,9.7820291,10.4651017
ta004,PFSP,XHT,Taillard,legacy,20,5,100,1-150,1.0,True,3,3,0,0,2.9315419250645736,6.782215523737745,9.561602418745284,10.1194518,1417.0,17394.0,0.8024928127302887,1000,2.814109057897607,3.124012203237758,10.0604946,10.6089457
ta004,PFSP,XHE,Taillard,legacy,20,5,100,1-150,1.0,True,3,3,0,0,1.1776798871836136,2.4114544084400835,3.609221466364332,8.9699965,1359.0,16449.0,0.8169924937578109,1000,0.5430134375516982,1.7265707943077913,8.8709572,10.2467186
ta004,PFSP,XTE,Taillard,legacy,20,5,100,1-150,1.0,True,3,3,0,0,1.2397023736017254,4.069329314242642,2.9541446208112943,9.2799951,1381.0,16345.0,0.8164797360549969,1000,0.7731315689743168,1.8447644584153045,9.0247823,10.1988335
ta004,PFSP,XHTE,Taillard,legacy,20,5,100,1-150,1.0,True,3,3,0,0,0.9136416513930268,2.4114544084400835,4.094230284706479,9.5112593,1359.0,16526.0,0.8191753736624691,1000,0.7803106071652355,1.6686862907888678,9.2312522,9.550526
ta004,PFSP,NSGA-II,Taillard,legacy,20,5,100,1-150,1.0,True,3,3,0,0,1.702290218321334,4.973624717407676,5.158730158730163,0.13456829998176545,1393,16695,0.812655389526722,1000,1.5246021877659,1.8080036748255202,0.13330960005987436,0.1368635999970138
ta004,PFSP,SPEA2,Taillard,legacy,20,5,100,1-150,1.0,True,3,3,0,0,1.2248456418348708,3.69253956292388,3.6344167296548324,0.14993600000161678,1376,16453,0.8166025609221063,1000,1.2226591360272598,1.7410952795504864,0.14799249998759478,0.15223150001838803
ta004,PFSP,MOEA/D,Taillard,legacy,20,5,100,1-150,1.0,True,3,3,0,0,0.27884672041179615,1.6578749058025588,0.8629377676996786,0.2867770999437198,1349,16013,0.824423405616132,1000,0.005518034049067921,1.1313484997061751,0.2673073000041768,0.33861740003339946
ta004,PFSP,SMS-EMOA,Taillard,legacy,20,5,100,1-150,1.0,True,3,3,0,0,1.8142301460477461,5.275056518462695,5.020156210632409,0.12664629996288568,1397,16673,0.8117299500045587,1000,1.0352475349035828,1.8953608250278697,0.12168340000789613,0.13491350004915148
ta005,PFSP,XG,Taillard,legacy,20,5,100,1-150,1.0,True,3,3,0,0,4.644234734123454,13.040000000000006,7.4034180669251715,0.012062,1413.0,14957.0,0.7743656831256273,1,4.644234734123454,4.644234734123454,0.0108316,0.0129159
ta005,PFSP,XH,Taillard,legacy,20,5,100,1-150,1.0,True,3,3,0,0,1.844984277313888,4.079999999999995,6.017521183397956,11.1336987,1301.0,14764.0,0.7970978533953861,1000,1.8148079778411708,2.173468197303241,10.0689374,11.613887
ta005,PFSP,XT,Taillard,legacy,20,5,100,1-150,1.0,True,3,3,0,0,2.2717887011328597,6.240000000000001,5.49332184403275,9.7449963,1328.0,14691.0,0.79363185741402,1000,2.2438824232588805,2.3693226952152258,9.7073562,9.9566111
ta005,PFSP,XE,Taillard,legacy,20,5,100,1-150,1.0,True,3,3,0,0,0.601330407880285,2.639999999999998,0.6175499066494394,8.8164263,1283.0,14012.0,0.8071973253621892,1000,0.17495486237821822,0.6796773360226216,8.7500818,9.1100386
ta005,PFSP,XHT,Taillard,legacy,20,5,100,1-150,1.0,True,3,3,0,0,1.4387828265726155,2.8000000000000025,5.270716645124218,10.1137159,1285.0,14660.0,0.8003965366266815,1000,0.9228260959643131,1.8102733729564613,9.9729026,11.1489636
ta005,PFSP,XHE,Taillard,legacy,20,5,100,1-150,1.0,True,3,3,0,0,0.6165413686889054,0.32000000000000917,4.6818899899468525,10.4697362,1254.0,14578.0,0.8070738000984077,1000,0.5042619633064294,0.6303636139236568,10.3800642,10.5792082
ta005,PFSP,XTE,Taillard,legacy,20,5,100,1-150,1.0,True,3,3,0,0,0.7098459021147918,2.0000000000000018,1.9819043515725943,9.0958247,1275.0,14202.0,0.8063160920713828,1000,0.3265319648482645,0.7890715917503677,8.9736405,9.5694237
ta005,PFSP,XHTE,Taillard,legacy,20,5,100,1-150,1.0,True,3,3,0,0,0.6093166450174103,0.32000000000000917,3.1739192876633737,9.9482333,1254.0,14368.0,0.8071324706786884,1000,0.0,1.2119880210833212,9.7435584,10.612927299999999
ta005,PFSP,NSGA-II,Taillard,legacy,20,5,100,1-150,1.0,True,3,3,0,0,1.9297427267443656,4.239999999999999,4.897314375987372,0.12997409992385656,1303,14608,0.7964095464596608,1000,1.7058808681907567,1.9333810078780878,0.12112289993092418,0.13095390005037189
ta005,PFSP,SPEA2,Taillard,legacy,20,5,100,1-150,1.0,True,3,3,0,0,1.815102295336679,4.800000000000004,5.127100387763894,0.15610399993602186,1310,14640,0.7973405191778106,1000,1.6808653279626107,1.8963432041553818,0.1466952000046149,0.15928090002853423
ta005,PFSP,MOEA/D,Taillard,legacy,20,5,100,1-150,1.0,True,3,3,0,0,0.1980708348819249,0.6399999999999961,3.231365790607499,0.2911487999372184,1258,14376,0.8104721181746756,1000,0.011936248345789657,0.8115975821580634,0.28575329994782805,0.31873009994160384
ta005,PFSP,SMS-EMOA,Taillard,legacy,20,5,100,1-150,1.0,True,3,3,0,0,1.6554251503036244,4.479999999999995,4.021255206089336,0.14068269997369498,1306,14486,0.7986372263160555,1000,1.2400786028780808,1.970491405592345,0.11979680007789284,0.14130899996962398
ta008,PFSP,XG,Taillard,extension,20,5,100,1-150,1.0,True,3,3,0,0,6.530767954409211,15.484922575387117,17.4855888004392,0.0112553,1417.0,17120.0,0.7763501534040355,1,6.530767954409211,6.530767954409211,0.010934,0.011929
ta008,PFSP,XH,Taillard,extension,20,5,100,1-150,1.0,True,3,3,0,0,3.43200306025917,8.312958435207829,9.010430963491633,10.3009006,1329.0,15885.0,0.8020883193040506,1000,3.43200306025917,3.43200306025917,9.772206,11.785248
ta008,PFSP,XT,Taillard,extension,20,5,100,1-150,1.0,True,3,3,0,0,3.533717178010387,8.557457212713926,9.264342574800999,9.7062708,1332.0,15922.0,0.8012434875964252,1000,3.3547864172108977,3.5969130289388307,9.662228,10.9959736
ta008,PFSP,XE,Taillard,extension,20,5,100,1-150,1.0,True,3,3,0,0,0.4290051756600577,0.9779951100244544,1.8185561350535284,9.6244904,1239.0,14837.0,0.8270310498406978,1000,0.27374006879569146,1.6373815319018936,9.2074674,9.8630348
ta008,PFSP,XHT,Taillard,extension,20,5,100,1-150,1.0,True,3,3,0,0,2.242493796435552,4.563977180114098,7.685973099094157,10.1005173,1283.0,15692.0,0.811968315953585,1000,2.240732961380798,3.08251758286201,9.8211445,10.5935743
ta008,PFSP,XHE,Taillard,extension,20,5,100,1-150,1.0,True,3,3,0,0,1.4636016316269096,4.563977180114098,2.2440296458962283,9.7729934,1283.0,14899.0,0.818437750209121,1000,1.4391024629672122,1.689049325083547,9.4255977,10.4431987
ta008,PFSP,XTE,Taillard,extension,20,5,100,1-150,1.0,True,3,3,0,0,0.8650926525446634,2.933985330073341,2.436178973373604,9.4015595,1263.0,14927.0,0.8234089319290858,1000,0.7669212803650072,1.0460694051202757,9.0749572,9.7512698
ta008,PFSP,XHTE,Taillard,extension,20,5,100,1-150,1.0,True,3,3,0,0,1.6123867598924702,4.563977180114098,4.762558331045841,9.8394252,1283.0,15266.0,0.8172019493511781,1000,1.1175893375768742,2.064819093575221,9.7588473,9.8591723
ta008,PFSP,NSGA-II,Taillard,extension,20,5,100,1-150,1.0,True,3,3,0,0,2.247680736039137,6.030969845150769,4.913532802635201,0.13545309996698052,1301,15288,0.8119252335266857,1000,1.6059027773958512,2.576630309614425,0.12166249996516854,0.13807980006095022
ta008,PFSP,SPEA2,Taillard,extension,20,5,100,1-150,1.0,True,3,3,0,0,1.7567630246940635,5.052974735126314,4.213560252539117,0.15084319992456585,1289,15186,0.816002768263738,1000,1.7452671961246446,1.9396432566834987,0.14935990003868937,0.15260600007604808
ta008,PFSP,MOEA/D,Taillard,extension,20,5,100,1-150,1.0,True,3,3,0,0,0.9613516135385303,2.526487367563157,2.5940159209442815,0.28998240001965314,1258,14950,0.8226094104448647,1000,0.0,2.170704304859461,0.2510017999447882,0.35289590002503246
ta008,PFSP,SMS-EMOA,Taillard,extension,20,5,100,1-150,1.0,True,3,3,0,0,2.109478085656258,4.88997555012225,5.723304968432608,0.13278590003028512,1287,15406,0.8130731369220324,1000,1.5596294665202515,2.1355321746266642,0.13013429997954518,0.13476869999431074
ta013,PFSP,XG,Taillard,extension,20,10,200,151-500,1.0,True,3,3,0,0,5.530525108970286,21.329113924050635,19.30695478658686,0.0224913,1917.0,24514.0,0.8840529423908717,1,5.530525108970286,5.530525108970286,0.0214982,0.0234833
ta013,PFSP,XH,Taillard,extension,20,10,200,151-500,1.0,True,3,3,0,0,2.8448246372076658,8.797468354430382,14.12371635761911,22.7657131,1719.0,23449.0,0.9091859433647953,1000,2.7638734517896,3.5162680790178813,21.7576687,23.7871676
ta013,PFSP,XT,Taillard,extension,20,10,200,151-500,1.0,True,3,3,0,0,3.662425671790981,14.367088607594948,12.532243149851553,20.1201652,1807.0,23122.0,0.9015347671392584,1000,3.64664702880676,3.8429402186801465,19.8739386,23.0606051
ta013,PFSP,XE,Taillard,extension,20,10,200,151-500,1.0,True,3,3,0,0,0.21021245037824432,0.44303797468354666,1.562271864505771,19.6884327,1587.0,20868.0,0.933840856060267,1000,0.0,0.7002492001886851,18.6463228,20.3153594
ta013,PFSP,XHT,Taillard,extension,20,10,200,151-500,1.0,True,3,3,0,0,2.719141670640235,8.797468354430382,13.661361755974099,21.9229922,1719.0,23354.0,0.910362094672194,1000,2.615565200964154,3.2791277354716875,20.7510813,22.7687908
ta013,PFSP,XHE,Taillard,extension,20,10,200,151-500,1.0,True,3,3,0,0,0.8182782563163293,2.1518987341772045,5.071299946464203,21.3481801,1614.0,21589.0,0.9281505273532755,1000,0.7772323283743443,1.1313998478838516,18.5601256,22.5866941
ta013,PFSP,XTE,Taillard,extension,20,10,200,151-500,1.0,True,3,3,0,0,1.0668504046625005,3.924050632911391,5.52878765756557,21.3569941,1642.0,21683.0,0.925824369201181,1000,0.6562507682364327,1.4359182703990725,19.8728747,22.0415829
ta013,PFSP,XHTE,Taillard,extension,20,10,200,151-500,1.0,True,3,3,0,0,1.77148427401993,5.253164556962031,8.80907188397333,23.792508,1663.0,22357.0,0.9192303487916016,1000,1.4930280582436395,1.775744012196434,19.0721164,25.0956602
ta013,PFSP,NSGA-II,Taillard,extension,20,10,200,151-500,1.0,True,3,3,0,0,1.2413298851422616,5.126582278481018,5.2027059911422535,0.21482829994056374,1661,21616,0.9241915761928269,1000,1.189607807964177,1.4409473371972736,0.2094269999070093,0.2179242999991402
ta013,PFSP,SPEA2,Taillard,extension,20,10,200,151-500,1.0,True,3,3,0,0,1.0689402022691863,4.0506329113924044,4.458071737966618,0.22958809998817742,1644,21463,0.9258048127071355,1000,0.8440833591708663,1.1311705831339336,0.22536470007617027,0.2345561000984162
ta013,PFSP,MOEA/D,Taillard,extension,20,10,200,151-500,1.0,True,3,3,0,0,0.35542391794796124,0.37974683544304,2.3847763663795263,0.3814517999999225,1586,21037,0.9324819554701878,1000,0.2701953990562611,0.4238781257294266,0.344580200035125,0.3839189999271184
ta013,PFSP,SMS-EMOA,Taillard,extension,20,10,200,151-500,1.0,True,3,3,0,0,1.2885546218963762,4.810126582278484,4.925293230155248,0.20031230000313371,1656,21559,0.9237496433089057,1000,1.1081413630035675,1.48423849517485,0.1995001999894157,0.22192909999284893
ta018,PFSP,XG,Taillard,extension,20,10,200,151-500,1.0,True,3,3,0,0,7.118431766432975,25.094339622641513,27.59764884338263,0.0220094,1989.0,26918.0,0.8668328549292256,1,7.118431766432975,7.118431766432975,0.0218663,0.0224823
ta018,PFSP,XH,Taillard,extension,20,10,200,151-500,1.0,True,3,3,0,0,5.642255834199061,20.503144654088047,20.691126279863493,20.8387795,1916.0,25461.0,0.8806095150572971,1000,5.619203828690289,6.045390851607902,18.7681169,21.8295394
ta018,PFSP,XT,Taillard,extension,20,10,200,151-500,1.0,True,3,3,0,0,4.3381898178753815,16.603773584905657,14.429275692074327,21.9152801,1854.0,24140.0,0.8927799304523454,1000,4.258467496057438,4.570376531583243,19.3397497,25.8909029
ta018,PFSP,XE,Taillard,extension,20,10,200,151-500,1.0,True,3,3,0,0,0.9349634772784055,4.088050314465419,2.2326507394766715,18.5319298,1655.0,21567.0,0.9245411125780785,1000,0.8839531887216423,0.9358250668940138,18.3978561,19.412984
ta018,PFSP,XHT,Taillard,extension,20,10,200,151-500,1.0,True,3,3,0,0,3.8935578421526174,15.283018867924536,13.410125142207052,21.302314,1833.0,23925.0,0.8969295331371254,1000,3.847569145421126,4.22364695295665,19.1825193,21.3215184
ta018,PFSP,XHE,Taillard,extension,20,10,200,151-500,1.0,True,3,3,0,0,1.180646727142387,4.716981132075482,2.6877133105801976,19.7529493,1665.0,21663.0,0.9222482323335035,1000,0.8456766375644964,1.186186020225366,18.5745778,20.9541702
ta018,PFSP,XTE,Taillard,extension,20,10,200,151-500,1.0,True,3,3,0,0,1.3780122857707133,5.283018867924527,3.986537732271511,20.8890005,1674.0,21937.0,0.9204062850677093,1000,1.0745677690801814,1.422854899254311,20.0412879,21.2710945
ta018,PFSP,XHTE,Taillard,extension,20,10,200,151-500,1.0,True,3,3,0,0,1.397525414740286,5.786163522012577,3.8775123246113097,18.7666318,1682.0,21914.0,0.9202241755101838,1000,0.909197356837721,1.9308835920513245,18.0134186,18.911836
ta018,PFSP,NSGA-II,Taillard,extension,20,10,200,151-500,1.0,True,3,3,0,0,1.28928336306251,5.849056603773595,3.2660219946909264,0.20794919994659722,1683,21785,0.9212343626599452,1000,1.0236396058892039,1.4438970244046834,0.20041679998394102,0.21923069993499666
ta018,PFSP,SPEA2,Taillard,extension,20,10,200,151-500,1.0,True,3,3,0,0,1.3983053270460233,5.094339622641519,4.8445202882063,0.2316376999951899,1671,22118,0.9202168968474368,1000,1.2100033270466493,1.460385677778686,0.22671389998868108,0.24212009995244443
ta018,PFSP,MOEA/D,Taillard,extension,20,10,200,151-500,1.0,True,3,3,0,0,0.2385641117210735,0.6918238993710801,0.7062950322336059,0.35269079997669905,1601,21245,0.9310403767668457,1000,0.0,0.4486283501078492,0.3267679000273347,0.4058879000367597
ta018,PFSP,SMS-EMOA,Taillard,extension,20,10,200,151-500,1.0,True,3,3,0,0,1.5049798825212513,6.729559748427683,3.360826697004171,0.2040609000250697,1697,21805,0.919221338619583,1000,0.9048042781409804,1.8366002844264595,0.1996774000581354,0.22623309993650764
ta021,PFSP,XG,Taillard,extension,20,20,400,151-500,1.0,True,3,3,0,0,3.10752053326655,17.546777546777538,13.63779078064793,0.045322,2827.0,39813.0,0.9622899562855253,1,3.10752053326655,3.10752053326655,0.0444899,0.0454279
ta021,PFSP,XH,Taillard,extension,20,20,400,151-500,1.0,True,3,3,0,0,1.670626689480048,7.151767151767152,11.408591408591406,48.3171869,2577.0,39032.0,0.9765605015511047,1000,1.6101082124199584,1.9182064479597583,44.9415954,48.833244
ta021,PFSP,XT,Taillard,extension,20,20,400,151-500,1.0,True,3,3,0,0,1.8505937976232012,10.769230769230775,8.40587983445127,47.4935042,2664.0,37980.0,0.9747731539511565,1000,1.843474928145794,2.053339279667321,44.7977432,50.1413293
ta021,PFSP,XE,Taillard,extension,20,20,400,151-500,1.0,True,3,3,0,0,0.10321518650903139,1.2474012474012364,2.226345083487935,42.1066547,2435.0,35815.0,0.9921272860422918,1000,0.08235388873780725,0.47617960397297043,41.3819684,43.3616476
ta021,PFSP,XHT,Taillard,extension,20,20,400,151-500,1.0,True,3,3,0,0,1.3435447289118607,5.072765072765062,8.976737548166124,48.5332887,2527.0,38180.0,0.9798089237947012,1000,1.1193762939616492,1.8323510198700155,45.2765895,51.0177548
ta021,PFSP,XHE,Taillard,extension,20,20,400,151-500,1.0,True,3,3,0,0,0.6662263867180385,2.7027027027026973,5.882688739831599,48.921739,2470.0,37096.0,0.9865357269634121,1000,0.6118840864009378,0.7051073842928357,46.9538912,50.6969912
ta021,PFSP,XTE,Taillard,extension,20,20,400,151-500,1.0,True,3,3,0,0,0.4009807317386871,2.8690228690228636,2.999857285571572,49.2036333,2474.0,36086.0,0.9891700204724624,1000,0.3255690772527964,0.5344399631202701,47.500886,60.8199098
ta021,PFSP,XHTE,Taillard,extension,20,20,400,151-500,1.0,True,3,3,0,0,0.5151724565594429,1.7047817047816993,5.45169116597688,44.5472329,2446.0,36945.0,0.9880359226509317,1000,0.4054643961649007,0.8827458958456713,44.3503278,46.9866178
ta021,PFSP,NSGA-II,Taillard,extension,20,20,400,151-500,1.0,True,3,3,0,0,0.21419929486476974,2.1621621621621623,0.7050092764378402,0.36935659998562187,2457,35282,0.9910250447397075,1000,0.12177132341816277,0.2174612219026928,0.35574239993002266,0.39848270011134446
ta021,PFSP,SPEA2,Taillard,extension,20,20,400,151-500,1.0,True,3,3,0,0,0.232288286369986,1.8295218295218296,1.9608962466105329,0.40217120002489537,2449,35722,0.9908453934918439,1000,0.19949382743021937,0.4129882901972137,0.3829263999359682,0.41363900003489107
ta021,PFSP,MOEA/D,Taillard,extension,20,20,400,151-500,1.0,True,3,3,0,0,0.03488454812018427,0.8316008316008316,0.6536320822035036,0.5212058000033721,2425,35264,0.9928059133969643,1000,0.0,0.03816097733174706,0.49293239996768534,0.55902819999028
ta021,PFSP,SMS-EMOA,Taillard,extension,20,20,400,151-500,1.0,True,3,3,0,0,0.30692254154222054,2.494802494802495,1.8838304552590168,0.3839985999511555,2465,35695,0.9901041616176843,1000,0.23011767025375995,0.3547055414283351,0.37432989990338683,0.38699030003044754
ta025,PFSP,XG,Taillard,extension,20,20,400,151-500,1.0,True,3,3,0,0,2.8041223274278715,16.22530474989492,10.933229207340878,0.0470794,2765.0,39774.0,0.9676388557122304,1,2.8041223274278715,2.8041223274278715,0.0457775,0.050637
ta025,PFSP,XH,Taillard,extension,20,20,400,151-500,1.0,True,3,3,0,0,2.0010467432604484,10.92896174863387,8.785630613041784,50.5473767,2639.0,39004.0,0.975633918444541,1000,1.843279804323672,2.0106971507746874,43.3404264,50.800045
ta025,PFSP,XT,Taillard,extension,20,20,400,151-500,1.0,True,3,3,0,0,1.8279587486118132,10.382513661202175,7.335304289619016,44.3385847,2626.0,38484.0,0.9773571054056541,1000,1.8075151013434931,1.8923462998223228,41.9693122,46.330611
ta025,PFSP,XE,Taillard,extension,20,20,400,151-500,1.0,True,3,3,0,0,0.30917928797296046,2.690205968894488,1.4586935906732768,43.5905128,2443.0,36377.0,0.992477397074017,1000,0.3089663592534042,0.4921222023213545,39.8779423,45.3365767
ta025,PFSP,XHT,Taillard,extension,20,20,400,151-500,1.0,True,3,3,0,0,1.556689424245239,7.524169819251791,8.06883471858091,43.7087283,2558.0,38747.0,0.9800577419440079,1000,1.3797007449360188,1.623602503961652,43.3145683,44.1574974
ta025,PFSP,XHE,Taillard,extension,20,20,400,151-500,1.0,True,3,3,0,0,0.5502545326849684,2.1437578814627933,3.921459251408499,45.343822,2430.0,37260.0,0.9900773593407347,1000,0.4186524975215211,0.6200076459226489,43.3998656,48.0961195
ta025,PFSP,XTE,Taillard,extension,20,20,400,151-500,1.0,True,3,3,0,0,0.5267991222298263,2.3118957545187113,3.4138450382105168,48.3246866,2434.0,37078.0,0.9903108709574469,1000,0.4373249859131345,0.8294744088390149,41.0395575,49.300629
ta025,PFSP,XHTE,Taillard,extension,20,20,400,151-500,1.0,True,3,3,0,0,0.7919157575977054,4.077343421605706,4.066491883750767,49.0763697,2476.0,37312.0,0.9876714878496379,1000,0.5481613430687204,1.1055530474576414,41.2457382,50.6990738
ta025,PFSP,NSGA-II,Taillard,extension,20,20,400,151-500,1.0,True,3,3,0,0,0.6691547651032859,4.455653635981505,1.5730462430969983,0.3775448000524193,2485,36418,0.9888936415988284,1000,0.5218449464785335,0.7306083473188729,0.37229189998470247,0.3938368000090122
ta025,PFSP,SPEA2,Taillard,extension,20,20,400,151-500,1.0,True,3,3,0,0,0.5816037948239261,4.7078604455653705,0.9845484464773735,0.3868089000461623,2491,36207,0.9897652600535021,1000,0.3882340572881393,0.6526030286784557,0.3821108000120148,0.46080529992468655
ta025,PFSP,MOEA/D,Taillard,extension,20,20,400,151-500,1.0,True,3,3,0,0,0.33096469741833445,1.555275325767136,0.4825124114464119,0.4923291999148205,2416,36027,0.9922605112433447,1000,0.0,0.36646417167218726,0.4894874000456184,0.494309899979271
ta025,PFSP,SMS-EMOA,Taillard,extension,20,20,400,151-500,1.0,True,3,3,0,0,0.7382741085325106,5.422446406052961,1.6093044011825652,0.3797505999682471,2508,36431,0.9882055202094754,1000,0.6665203815582665,0.8731388562757347,0.35657820000778884,0.38774549996014684
ta038,PFSP,XG,Taillard,extension,50,5,250,151-500,1.0,True,3,3,0,0,4.172584423106662,8.557902403495987,19.098676957001093,0.0415722,2981.0,86418.0,0.8255444210576157,1,4.172584423106662,4.172584423106662,0.0409652,0.045525
ta038,PFSP,XH,Taillard,extension,50,5,250,151-500,1.0,True,3,3,0,0,2.4100609993644606,5.061908230152956,11.459481808158767,46.8827464,2885.0,80875.0,0.8407283991571419,1000,2.4099452589396386,2.6634289271636136,46.6543529,47.4184579
ta038,PFSP,XT,Taillard,extension,50,5,250,151-500,1.0,True,3,3,0,0,2.9809914963350503,5.790240349599407,14.776736493936049,44.6211723,2905.0,83282.0,0.8358098851416249,1000,2.7861736641171087,3.0138503752613177,40.6168779,46.489232
ta038,PFSP,XE,Taillard,extension,50,5,250,151-500,1.0,True,3,3,0,0,0.2746165728755745,0.9832483612527421,2.050716648291062,40.6810362,2773.0,74048.0,0.8591250575889025,1000,0.0,0.5360897782891283,39.5047416,44.5124766
ta038,PFSP,XHT,Taillard,extension,50,5,250,151-500,1.0,True,3,3,0,0,2.173303250955383,4.115076474872548,11.459481808158767,43.7423716,2859.0,80875.0,0.8427680455064107,1000,2.1728876918905793,2.264066145391286,42.7431049,46.4035654
ta038,PFSP,XHE,Taillard,extension,50,5,250,151-500,1.0,True,3,3,0,0,0.49118634492079094,1.4202476329206126,2.9644432194046333,40.0361874,2785.0,74711.0,0.8572593288096662,1000,0.40333444385013406,0.7151500315884851,38.3972047,40.5206321
ta038,PFSP,XTE,Taillard,extension,50,5,250,151-500,1.0,True,3,3,0,0,0.8414219961555336,2.039329934450107,2.9051819184123584,43.4006372,2802.0,74668.0,0.8542420807059613,1000,0.26401045258624967,1.2344217995619355,39.7091705,43.9637431
ta038,PFSP,XHTE,Taillard,extension,50,5,250,151-500,1.0,True,3,3,0,0,0.5519589060666519,2.112163146394752,4.769845644983461,44.6083927,2804.0,76021.0,0.856735778753502,1000,0.3474796808091485,1.363626694816733,40.1942362,46.9551031
ta038,PFSP,NSGA-II,Taillard,extension,50,5,250,151-500,1.0,True,3,3,0,0,0.9229737092121826,2.0029133284777956,5.344542447629541,0.26681280008051544,2801,76438,0.8535395201564953,1000,0.8218187878205052,1.3579942475807072,0.25235260010231286,0.28871420002542436
ta038,PFSP,SPEA2,Taillard,extension,50,5,250,151-500,1.0,True,3,3,0,0,0.9805847005601831,2.6584122359796014,5.704244762954791,0.2994433999992907,2819,76699,0.8530432067349903,1000,0.6471403835667355,1.4488049905623468,0.27260210004169494,0.31127780000679195
ta038,PFSP,MOEA/D,Taillard,extension,50,5,250,151-500,1.0,True,3,3,0,0,0.5503150247241462,1.3474144209759675,3.6121830209481898,0.46093470009509474,2783,75181,0.8567499406409224,1000,0.37951704608090164,1.0653952872983208,0.413226000033319,0.4609759000595659
ta038,PFSP,SMS-EMOA,Taillard,extension,50,5,250,151-500,1.0,True,3,3,0,0,1.3290048807757415,3.3139111434814295,5.476846747519293,0.2737018000334501,2837,76534,0.8500415987480773,1000,1.2642407502594821,1.3362459793414438,0.2493481000419706,0.27681059995666146
ta039,PFSP,XG,Taillard,extension,50,5,250,151-500,1.0,True,3,3,0,0,7.005278919731772,15.67877629063097,25.134230577511918,0.0458582,3025.0,87863.0,0.7967232438339562,1,7.005278919731772,7.005278919731772,0.0441742,0.0461722
ta039,PFSP,XH,Taillard,extension,50,5,250,151-500,1.0,True,3,3,0,0,2.944177870668374,5.162523900573612,13.049918108666247,46.7468005,2750.0,79378.0,0.831516332772354,1000,2.934375110147791,2.9712432345504247,46.1911898,50.9262314
ta039,PFSP,XT,Taillard,extension,50,5,250,151-500,1.0,True,3,3,0,0,5.060703021289958,11.051625239005736,18.43907996866767,48.2086854,2904.0,83162.0,0.8133832090415579,1000,5.003935834506845,5.11716846076663,48.0792798,49.2678099
ta039,PFSP,XE,Taillard,extension,50,5,250,151-500,1.0,True,3,3,0,0,0.4773048751324893,0.7648183556405286,1.713309121982487,45.8139392,2635.0,71418.0,0.8526510276485643,1000,0.20768589677186977,0.7707353578435661,41.8609051,47.6060223
ta039,PFSP,XHT,Taillard,extension,50,5,250,151-500,1.0,True,3,3,0,0,2.7899046518850334,4.550669216061176,13.049918108666247,45.6249648,2734.0,79378.0,0.8328380535956218,1000,2.749657943472561,2.818886423639466,44.00804,50.4954717
ta039,PFSP,XHE,Taillard,extension,50,5,250,151-500,1.0,True,3,3,0,0,1.7436365129935294,3.8240917782026873,4.709819839065732,43.1790342,2715.0,73522.0,0.8418018542915586,1000,1.0912351691562905,1.7915510512929278,39.8315982,46.791628
ta039,PFSP,XTE,Taillard,extension,50,5,250,151-500,1.0,True,3,3,0,0,0.7793400056858357,1.873804971319304,4.385102898241122,49.648043799999996,2664.0,73294.0,0.8500633709926712,1000,0.7471940040238434,1.7286250718791862,40.3180163,50.1480322
ta039,PFSP,XHTE,Taillard,extension,50,5,250,151-500,1.0,True,3,3,0,0,2.2473240839845254,2.6768642447418722,7.944171473331907,43.7377289,2685.0,75793.0,0.8374865599310065,1000,1.3500526267786195,2.2886702502701195,40.6519931,44.5018446
ta039,PFSP,NSGA-II,Taillard,extension,50,5,250,151-500,1.0,True,3,3,0,0,1.0343339769253057,1.9120458891013437,4.393648080894397,0.26235460001043975,2665,73300,0.8478787349018907,1000,0.9768851452721772,1.2719567038823043,0.24925180000718683,0.2895604999503121
ta039,PFSP,SPEA2,Taillard,extension,50,5,250,151-500,1.0,True,3,3,0,0,1.2509305239198132,2.6768642447418722,4.594459873246448,0.29232989996671677,2685,73441,0.8460230650152555,1000,1.136410608172278,1.3002728279090325,0.29083940002601594,0.30175029998645186
ta039,PFSP,MOEA/D,Taillard,extension,50,5,250,151-500,1.0,True,3,3,0,0,0.25291162585339144,0.42065009560230404,1.1906287830235618,0.42907249997369945,2626,71051,0.8545734950250271,1000,0.0,0.9458698837084056,0.39523560006637126,0.453903799992986
ta039,PFSP,SMS-EMOA,Taillard,extension,50,5,250,151-500,1.0,True,3,3,0,0,1.2078519168982615,2.103250478011476,5.339314961190622,0.2691429000115022,2670,73964,0.8463921367983348,1000,1.1984758597545553,1.3012701778341018,0.2600422000978142,0.2938480000011623
ta041,PFSP,XG,Taillard,extension,50,10,500,151-500,1.0,True,3,3,0,0,3.1484472144621023,15.259441203561552,16.221453575595923,0.0832927,3754.0,111554.0,0.9609998500341267,1,3.1484472144621023,3.1484472144621023,0.0796732,0.0845473
ta041,PFSP,XH,Taillard,extension,50,10,500,151-500,1.0,True,3,3,0,0,2.691377096422043,13.35584894074302,13.915860976829464,96.0110075,3692.0,109341.0,0.965535082585991,1000,2.299262236542343,2.727403218609148,94.9719726,103.7539967
ta041,PFSP,XT,Taillard,extension,50,10,500,151-500,1.0,True,3,3,0,0,2.475401272239608,12.404052809333743,11.945740956826146,93.1931691,3661.0,107450.0,0.9676780811098238,1000,2.2011540593721013,2.480863394487809,89.9350107,94.4432013
ta041,PFSP,XE,Taillard,extension,50,10,500,151-500,1.0,True,3,3,0,0,0.294283269107376,1.8114829597789317,3.9787881313552154,85.3340375,3316.0,99803.0,0.9893200064443425,1000,0.21548780356018815,0.7438737262954298,80.8742829,90.0466046
ta041,PFSP,XHT,Taillard,extension,50,10,500,151-500,1.0,True,3,3,0,0,2.361926924212121,11.482959778937673,11.381063510585099,94.7065819,3631.0,106908.0,0.9688040189838257,1000,2.2464032165476877,2.3864874412176995,91.2987303,100.9452956
ta041,PFSP,XHE,Taillard,extension,50,10,500,151-500,1.0,True,3,3,0,0,0.8365319708551366,3.929996929689894,5.957242873812296,94.1741356,3385.0,101702.0,0.9839395979111444,1000,0.7732149232118513,1.2496379434860372,88.8945756,101.3168445
ta041,PFSP,XTE,Taillard,extension,50,10,500,151-500,1.0,True,3,3,0,0,1.0897718149218028,4.881793061099171,6.981371895315891,97.3746246,3416.0,102685.0,0.9814268508753831,1000,0.9473092223762136,1.2253649099665531,93.1112257,105.8822104
ta041,PFSP,XHTE,Taillard,extension,50,10,500,151-500,1.0,True,3,3,0,0,1.2579529496493103,4.820386859072756,7.649191531921984,90.5363963,3414.0,103326.0,0.979758090379518,1000,1.106698556942498,1.3139836109842262,83.816451,103.6633723
ta041,PFSP,NSGA-II,Taillard,extension,50,10,500,151-500,1.0,True,3,3,0,0,0.9336291247603157,4.666871354006763,5.262335389231532,0.4778196000261232,3409,101035,0.9829761611085539,1000,0.8513199913570912,1.037761452858399,0.4629440000280738,0.4814478000625968
ta041,PFSP,SPEA2,Taillard,extension,50,10,500,151-500,1.0,True,3,3,0,0,0.8752792072940219,4.144918636782324,5.413402233705611,0.503266999963671,3392,101180,0.983555132331233,1000,0.8390373861090983,1.0766456611523423,0.46922620001714677,0.5217417000094429
ta041,PFSP,MOEA/D,Taillard,extension,50,10,500,151-500,1.0,True,3,3,0,0,0.19369319212590996,0.614062020264039,2.69940823470578,0.6566663000266999,3277,98575,0.9903181014269615,1000,0.0,0.36655608513508353,0.6061504000099376,0.7332944999216124
ta041,PFSP,SMS-EMOA,Taillard,extension,50,10,500,151-500,1.0,True,3,3,0,0,0.6878532901788303,2.9474976972674316,6.311468578096346,0.4399250999558717,3353,102042,0.9854148472563932,1000,0.6204745944773604,0.9874179069683242,0.4393138999585062,0.5132066999794915
ta049,PFSP,XG,Taillard,extension,50,10,500,151-500,1.0,True,3,3,0,0,2.93809072088288,14.424007744433688,14.229298433901905,0.0852805,3546.0,109627.0,0.9637043256811653,1,2.93809072088288,2.93809072088288,0.0813444,0.0990686
ta049,PFSP,XH,Taillard,extension,50,10,500,151-500,1.0,True,3,3,0,0,2.0532692881689574,9.099709583736693,11.75667649602483,101.0313781,3381.0,107254.0,0.9724895046303008,1000,2.0493344754873632,2.075082460736366,94.6787596,102.7370962
ta049,PFSP,XT,Taillard,extension,50,10,500,151-500,1.0,True,3,3,0,0,2.2294634702913707,11.358502742820264,10.131185462275072,93.844299,3451.0,105694.0,0.97074011502183,1000,2.188132986173774,2.3262833342771017,83.1613076,103.3739416
ta049,PFSP,XE,Taillard,extension,50,10,500,151-500,1.0,True,3,3,0,0,0.7108659023998043,3.8722168441432725,2.6070375425909953,88.6389126,3219.0,98473.0,0.9858179046100971,1000,0.340697206190399,0.7223803415462582,83.4211301,96.1526873
ta049,PFSP,XHT,Taillard,extension,50,10,500,151-500,1.0,True,3,3,0,0,1.9067778444890493,7.905776056792524,11.75667649602483,99.2598614,3344.0,107254.0,0.9739439829009027,1000,1.8857078772011482,1.9251802865373868,95.9595869,104.6171062
ta049,PFSP,XHE,Taillard,extension,50,10,500,151-500,1.0,True,3,3,0,0,1.2735408863543518,4.646660212971931,9.327817778287194,93.9939994,3243.0,104923.0,0.9802312401810033,1000,1.123867455085903,1.367230604407954,88.9052652,100.1687865
ta049,PFSP,XTE,Taillard,extension,50,10,500,151-500,1.0,True,3,3,0,0,1.0365304184379753,4.904808002581484,5.502703941815756,83.2476422,3251.0,101252.0,0.9825844600471602,1000,0.8344557634311967,1.370284671680111,78.1534683,89.2628143
ta049,PFSP,XHTE,Taillard,extension,50,10,500,151-500,1.0,True,3,3,0,0,1.443939880342493,5.485640529202973,10.11868168509238,103.7757219,3269.0,105682.0,0.9785393896000935,1000,1.397837220859599,1.5132026176226998,96.0405247,107.2447736
ta049,PFSP,NSGA-II,Taillard,extension,50,10,500,151-500,1.0,True,3,3,0,0,1.1290963657531239,6.518231687641185,3.7146638046910097,0.4911363000283018,3301,99536,0.9816653950452359,1000,0.982003100221851,1.1388083232092616,0.48192320007365197,0.49531039991416037
ta049,PFSP,SPEA2,Taillard,extension,50,10,500,151-500,1.0,True,3,3,0,0,1.079227676847938,6.195546950629227,3.8636671494513886,0.4882610000204295,3291,99679,0.9821605292494866,1000,0.7865716923511457,1.2936510654426803,0.47291360003873706,0.5354339999612421
ta049,PFSP,MOEA/D,Taillard,extension,50,10,500,151-500,1.0,True,3,3,0,0,0.16206046446641809,0.1936108422071703,0.38449114836773823,0.6721383000258356,3105,96340,0.9912668616563969,1000,0.0,0.35456046738461255,0.6019131999928504,0.6972225999925286
ta049,PFSP,SMS-EMOA,Taillard,extension,50,10,500,151-500,1.0,True,3,3,0,0,1.1253085503825533,6.163278476928036,3.8542893165643743,0.44356849999167025,3290,99670,0.9817030033519817,1000,0.9722474055147701,1.2333012810653798,0.4381236999761313,0.4484105999581516
ta059,PFSP,XG,Taillard,extension,50,20,1000,501+,1.0,True,3,3,0,0,2.2064540364681973,18.935342732134174,13.239866208908602,0.1823724,4893.0,153705.0,1.0405541270094383,1,2.2064540364681973,2.2064540364681973,0.1822823,0.1870309
ta059,PFSP,XH,Taillard,extension,50,20,1000,501+,1.0,True,3,3,0,0,1.242035421648413,10.6951871657754,7.295150809671869,204.231258,4554.0,145636.0,1.050815844793858,1000,1.130971902793787,1.3514154959557323,192.437645,211.402533
ta059,PFSP,XT,Taillard,extension,50,20,1000,501+,1.0,True,3,3,0,0,1.4463879864456741,12.51823043266893,8.040726715487656,208.578921,4629.0,146648.0,1.0486414691480046,1000,1.360483571743898,1.4698798378075861,190.9642604,212.1383226
ta059,PFSP,XE,Taillard,extension,50,20,1000,501+,1.0,True,3,3,0,0,0.3325076753099676,2.9168692270296503,1.9840275833615806,184.0276043,4234.0,138427.0,1.0604935064509473,1000,0.2681502220946985,0.45221909498336377,175.3712894,228.3611052
ta059,PFSP,XHT,Taillard,extension,50,20,1000,501+,1.0,True,3,3,0,0,1.2725879763591852,11.351482741857065,6.9444649093079125,224.1580624,4581.0,145160.0,1.0504907559898706,1000,1.1366352185950168,1.2944983269738808,185.4130369,226.775931
ta059,PFSP,XHE,Taillard,extension,50,20,1000,501+,1.0,True,3,3,0,0,0.6077285070194005,5.031599416626165,3.9489000545184005,206.0527459,4321.0,141094.0,1.0575650701267238,1000,0.3352568076718687,0.6202569381386858,197.9721506,228.7987462
ta059,PFSP,XTE,Taillard,extension,50,20,1000,501+,1.0,True,3,3,0,0,0.5488746419297086,4.715605250364607,4.487453401505892,205.5534303,4308.0,141825.0,1.0581912937860272,1000,0.529538516898509,0.7849850542250958,179.4652414,205.6301476
ta059,PFSP,XHTE,Taillard,extension,50,20,1000,501+,1.0,True,3,3,0,0,0.7807398004418098,6.562955760816713,4.911812810349647,204.0841158,4384.0,142401.0,1.055724175478553,1000,0.7210959148533092,0.8440065235783334,197.6755658,207.5189438
ta059,PFSP,NSGA-II,Taillard,extension,50,20,1000,501+,1.0,True,3,3,0,0,0.5020035983850146,4.715605250364607,2.3980727010181724,1.0369740999303758,4308,138989,1.0586900164503619,1000,0.39792495541326467,0.7061139667875027,1.0210856999037787,1.1182406999869272
ta059,PFSP,SPEA2,Taillard,extension,50,20,1000,501+,1.0,True,3,3,0,0,0.50120639413469,5.201750121536208,1.6222906567256556,1.0540141999954358,4328,137936,1.0586984989546475,1000,0.35590063130707117,0.6017886121524874,1.0120366000337526,1.1971117000794038
ta059,PFSP,MOEA/D,Taillard,extension,50,20,1000,501+,1.0,True,3,3,0,0,0.19857657308767207,2.503646086533795,0.07809391898860873,1.27341919997707,4217,135840,1.06191857555729,1000,0.0,0.30938394951881554,1.1869071000255644,1.3863506000488997
ta059,PFSP,SMS-EMOA,Taillard,extension,50,20,1000,501+,1.0,True,3,3,0,0,0.49026952880659724,4.958677685950419,3.045662840555785,1.1674818999599665,4318,139868,1.0588148706460672,1000,0.48734688408071936,0.6403592920370849,1.005147600080818,1.188225300051272
ta060,PFSP,XG,Taillard,extension,50,20,1000,501+,1.0,True,3,3,0,0,1.890667438109106,17.178804742317922,11.251859031749678,0.1893087,4843.0,150358.0,1.0450387792103193,1,1.890667438109106,1.890667438109106,0.1837261,0.1913524
ta060,PFSP,XH,Taillard,extension,50,20,1000,501+,1.0,True,3,3,0,0,1.136588741498823,9.121703363174461,9.052097283778892,217.6222366,4510.0,147385.0,1.0530710576894027,1000,1.1113142477060967,1.2177300819109393,201.7534297,221.1806126
ta060,PFSP,XT,Taillard,extension,50,20,1000,501+,1.0,True,3,3,0,0,1.198011583809,10.766997338495043,7.866016529659414,185.2839465,4578.0,145782.0,1.0524167952408945,1000,1.1975365691048956,1.2897589499835882,166.0441524,211.2765887
ta060,PFSP,XE,Taillard,extension,50,20,1000,501+,1.0,True,3,3,0,0,0.32452788626069484,2.4679409629808857,3.552322957284826,215.3897201,4235.0,139952.0,1.0617209492200295,1000,0.02509573456052072,0.41894984835706417,214.272352,219.0149499
ta060,PFSP,XHT,Taillard,extension,50,20,1000,501+,1.0,True,3,3,0,0,0.99047941005449,7.66997338495039,9.214138260168259,223.7169229,4450.0,147604.0,1.0546273817757734,1000,0.9707231948741457,1.059829066325646,203.06037,224.5319462
ta060,PFSP,XHE,Taillard,extension,50,20,1000,501+,1.0,True,3,3,0,0,0.6581484291652839,4.08903943866441,7.555253013296248,201.7937226,4302.0,145362.0,1.0581672974340839,1000,0.4774183239506957,0.7467096596629252,187.6310702,228.8791175
ta060,PFSP,XTE,Taillard,extension,50,20,1000,501+,1.0,True,3,3,0,0,0.43769396775008573,3.169610452455851,4.666632137387072,186.3491532,4264.0,141458.0,1.0605155293016635,1000,0.29620866778696797,0.6648350540408021,181.5017067,196.1588324
ta060,PFSP,XHTE,Taillard,extension,50,20,1000,501+,1.0,True,3,3,0,0,0.6720466392456048,3.7744979433825376,7.652181633876176,224.066186,4289.0,145493.0,1.058019256792931,1000,0.3702814453098058,0.7327204612868288,221.879796,227.3292908
ta060,PFSP,NSGA-II,Taillard,extension,50,20,1000,501+,1.0,True,3,3,0,0,0.5494656825270283,4.645535930316957,3.817951772461914,1.032727099955082,4325,140311,1.059324961867245,1000,0.45488934848331164,0.5642840343631383,1.0031489999964833,1.068544500041753
ta060,PFSP,SPEA2,Taillard,extension,50,20,1000,501+,1.0,True,3,3,0,0,0.45712425876487384,4.742317928865236,3.5286457369904767,1.065220299991779,4329,139920,1.0603085621653925,1000,0.45662525890917127,0.7113693086123751,1.0212031999835745,1.0884571000933647
ta060,PFSP,MOEA/D,Taillard,extension,50,20,1000,501+,1.0,True,3,3,0,0,0.1038010462924066,0.6048874909266866,1.0691744789161683,1.2751252999296412,4158,136596,1.0640720824033472,1000,0.0,0.11783268717935336,1.1816677999449894,1.2844649000326172
ta060,PFSP,SMS-EMOA,Taillard,extension,50,20,1000,501+,1.0,True,3,3,0,0,0.5408765591973785,5.298814420517783,4.135374507032874,1.1145422999979928,4352,140740,1.059416451297705,1000,0.42056373363112964,0.7435691941222289,1.0979166000615805,1.1188129999209195
ta064,PFSP,XG,Taillard,extension,100,5,500,151-500,1.0,True,3,3,0,0,2.9180671182441387,7.579944729569688,11.599387794145777,0.169282,5450.0,291665.0,0.8545078989056912,1,2.9180671182441387,2.9180671182441387,0.1660505,0.1698962
ta064,PFSP,XH,Taillard,extension,100,5,500,151-500,1.0,True,3,3,0,0,1.9218026674552524,3.2964863797868116,11.308590013391996,156.1682051,5233.0,290905.0,0.8632769439517446,1000,1.7299277680665304,2.01973418039878,151.5037819,180.1338052
ta064,PFSP,XT,Taillard,extension,100,5,500,151-500,1.0,True,3,3,0,0,2.560460406178733,6.632451638373471,10.346278936292318,145.2194513,5402.0,288390.0,0.8576555263899295,1000,2.559937222562969,2.579397111580517,143.1967979,158.2386665
ta064,PFSP,XE,Taillard,extension,100,5,500,151-500,1.0,True,3,3,0,0,0.0567508409035522,0.5527043031977819,0.418595752821882,149.6298785,5094.0,262444.0,0.87969299038129,1000,0.0,0.32572802056239913,147.4913268,149.6950874
ta064,PFSP,XHT,Taillard,extension,100,5,500,151-500,1.0,True,3,3,0,0,1.940143455178145,3.9281484405842892,10.390663860723159,164.0021828,5265.0,288506.0,0.8631155097124773,1000,1.7756845724354098,2.02166567262817,153.8963626,176.2905968
ta064,PFSP,XHE,Taillard,extension,100,5,500,151-500,1.0,True,3,3,0,0,0.7162819471352999,1.9542045005921826,3.845035393150953,173.885586,5165.0,271399.0,0.8738878470027022,1000,0.6836594734064949,1.2167929470929928,147.998001,192.5212829
ta064,PFSP,XTE,Taillard,extension,100,5,500,151-500,1.0,True,3,3,0,0,0.7473498821813696,1.3620213185945529,5.079012818060069,152.9621935,5135.0,274624.0,0.8736143893663375,1000,0.24177277061780966,0.9629609421714869,141.2946526,158.9095883
ta064,PFSP,XHTE,Taillard,extension,100,5,500,151-500,1.0,True,3,3,0,0,0.9826283740488773,2.2700355309909215,5.275301320068881,153.1015025,5181.0,275137.0,0.8715434857102651,1000,0.37858153014754814,0.9953773146710865,147.3033437,164.6244046
ta064,PFSP,NSGA-II,Taillard,extension,100,5,500,151-500,1.0,True,3,3,0,0,0.9973113764899733,2.2502960915909975,4.929787641094308,0.5251954999985173,5180,274234,0.8714142470229714,1000,0.8665369324976635,1.1028961856841435,0.48134529998060316,0.5317286000354216
ta064,PFSP,SPEA2,Taillard,extension,100,5,500,151-500,1.0,True,3,3,0,0,0.9493580823642933,2.427951046190291,4.115171226324854,0.5371674000052735,5189,272105,0.87183632832474,1000,0.8874477473749587,0.9710747896218619,0.5036808999720961,0.5481870999792591
ta064,PFSP,MOEA/D,Taillard,extension,100,5,500,151-500,1.0,True,3,3,0,0,0.3123547822491357,0.7303592577970752,2.428544097952945,0.716776099987328,5103,267697,0.8774431836418913,1000,0.00046127575393795084,0.4517984781260309,0.6438589999452233,0.7597751999273896
ta064,PFSP,SMS-EMOA,Taillard,extension,100,5,500,151-500,1.0,True,3,3,0,0,0.9166622617907905,1.7173312277931396,5.8580447675530944,0.48330590000841767,5153,276660,0.8721241144875401,1000,0.816388544198654,1.252999286227452,0.4655104000121355,0.5144345000153407
ta069,PFSP,XG,Taillard,extension,100,5,500,151-500,1.0,True,3,3,0,0,4.113876123511673,9.118870996924189,18.070070438745912,0.1442377,6031.0,333398.0,0.8414368134116,1,4.113876123511673,4.113876123511673,0.1370798,0.1491231
ta069,PFSP,XH,Taillard,extension,100,5,500,151-500,1.0,True,3,3,0,0,3.3662018283063477,7.020083227790841,15.729903354782504,157.0441805,5915.0,326790.0,0.8479979366585644,1000,3.3622479934162564,3.5307352164701045,149.8553216,177.3451668
ta069,PFSP,XT,Taillard,extension,100,5,500,151-500,1.0,True,3,3,0,0,3.5433954638281473,7.580966166093717,16.16372670191555,146.1402104,5946.0,328015.0,0.8464429958391573,1000,3.516317163591498,3.6119154720732904,144.7945748,167.1755871
ta069,PFSP,XE,Taillard,extension,100,5,500,151-500,1.0,True,3,3,0,0,0.10670839971057555,0.5970689343224089,0.33466372493120566,158.4286234,5560.0,283318.0,0.8766012178531042,1000,0.0,0.5707420750084569,141.0908333,158.8116476
ta069,PFSP,XHT,Taillard,extension,100,5,500,151-500,1.0,True,3,3,0,0,3.3386805388327945,7.020083227790841,15.502544506734006,160.0786853,5915.0,326148.0,0.8482394463283622,1000,3.188334872650478,3.412647554844128,146.3202909,171.434061
ta069,PFSP,XHE,Taillard,extension,100,5,500,151-500,1.0,True,3,3,0,0,1.6148952609041811,3.528134611905198,7.875044710365375,153.7375241,5722.0,304610.0,0.8633663107027573,1000,1.5928796139504375,1.9350829004434633,144.2200103,156.4038963
ta069,PFSP,XTE,Taillard,extension,100,5,500,151-500,1.0,True,3,3,0,0,1.6751845861136316,3.238646643748866,9.369876015058098,158.0150906,5706.0,308831.0,0.8628372491906627,1000,1.531938088048601,2.135960040717466,136.3144637,158.0427698
ta069,PFSP,XHTE,Taillard,extension,100,5,500,151-500,1.0,True,3,3,0,0,1.7393184865515554,3.184367649719566,9.290548317296633,160.6732999,5703.0,308607.0,0.8622744500844474,1000,1.420324894505487,1.8149911554180664,153.9164825,168.9914292
ta069,PFSP,NSGA-II,Taillard,extension,100,5,500,151-500,1.0,True,3,3,0,0,0.8709376291753723,1.5559978288402387,4.839697846465496,0.4759714000392705,5613,296039,0.8698948188293499,1000,0.8257326034838863,1.0753793864978989,0.46661450003739446,0.5227433999534696
ta069,PFSP,SPEA2,Taillard,extension,100,5,500,151-500,1.0,True,3,3,0,0,0.8657244645611573,1.5198118328207055,5.270688061535633,0.49910749995615333,5611,297256,0.8699405663102516,1000,0.7700899582469445,0.9972744243542775,0.4943074999609962,0.5708503000205383
ta069,PFSP,MOEA/D,Taillard,extension,100,5,500,151-500,1.0,True,3,3,0,0,0.3885027128891716,0.32567396417586547,2.9719555339922765,0.7056877999566495,5545,290765,0.8741283667320814,1000,0.36806420129501527,0.3916441887464206,0.6867008999688551,0.792029200005345
ta069,PFSP,SMS-EMOA,Taillard,extension,100,5,500,151-500,1.0,True,3,3,0,0,1.064886065506776,1.791206802967249,5.523545098150318,0.46979979996103793,5626,297970,0.8681928483289774,1000,0.780192006578917,1.1629961198692973,0.4697701999684796,0.5021060999715701
ta075,PFSP,XG,Taillard,extension,100,10,1000,501+,1.0,False,3,3,0,0,2.983214494287312,16.51031894934334,16.095202152695308,0.2690248,6831.0,378374.0,0.9855429148820068,1,2.983214494287312,2.983214494287312,0.2685027,0.2759781
ta075,PFSP,XH,Taillard,extension,100,10,1000,501+,1.0,False,3,0,3,0,,,,,,,,,,,,
ta075,PFSP,XT,Taillard,extension,100,10,1000,501+,1.0,False,3,0,3,0,,,,,,,,,,,,
ta075,PFSP,XE,Taillard,extension,100,10,1000,501+,1.0,False,3,0,3,0,,,,,,,,,,,,
ta075,PFSP,XHT,Taillard,extension,100,10,1000,501+,1.0,False,3,0,3,0,,,,,,,,,,,,
ta075,PFSP,XHE,Taillard,extension,100,10,1000,501+,1.0,False,3,0,3,0,,,,,,,,,,,,
ta075,PFSP,XTE,Taillard,extension,100,10,1000,501+,1.0,False,3,0,3,0,,,,,,,,,,,,
ta075,PFSP,XHTE,Taillard,extension,100,10,1000,501+,1.0,False,3,0,3,0,,,,,,,,,,,,
ta075,PFSP,NSGA-II,Taillard,extension,100,10,1000,501+,1.0,False,3,3,0,0,0.6021026870251855,2.4049121610097313,4.632774602122636,1.086126699927263,6004,341016,1.00973138761852,1000,0.48790215477203525,0.6643958158164653,1.024075899971649,1.1374463000101969
ta075,PFSP,SPEA2,Taillard,extension,100,10,1000,501+,1.0,False,3,3,0,0,0.7614593220481747,4.025243049633298,4.723595271188685,1.0483392999740317,6099,341312,1.0081125666921444,1000,0.5999407064172901,0.793944303360905,1.0368704999564216,1.0924455999629572
ta075,PFSP,MOEA/D,Taillard,extension,100,10,1000,501+,1.0,False,3,3,0,0,0.15063225526698032,0.4775712092785156,1.4706198203837229,1.388167499913834,5891,330710,1.0143176402239706,1000,0.0,0.3659766706605394,1.3249102999689057,1.422444999916479
ta075,PFSP,SMS-EMOA,Taillard,extension,100,10,1000,501+,1.0,False,3,3,0,0,0.7637585407969327,3.735289101142758,4.907998048582929,1.1806710000382736,6082,341913,1.0080892101282695,1000,0.5688817451801276,0.8062025401402884,1.0826995000243187,1.208646300015971
ta077,PFSP,XG,Taillard,extension,100,10,1000,501+,1.0,False,3,3,0,0,1.8048828275501916,8.970613507475523,13.79011625018629,0.2978185,6341.0,366477.0,0.9951848658841824,1,1.8048828275501916,1.8048828275501916,0.2795317,0.3002111
ta077,PFSP,XH,Taillard,extension,100,10,1000,501+,1.0,False,3,0,3,0,,,,,,,,,,,,
ta077,PFSP,XT,Taillard,extension,100,10,1000,501+,1.0,False,3,0,3,0,,,,,,,,,,,,
ta077,PFSP,XE,Taillard,extension,100,10,1000,501+,1.0,False,3,0,3,0,,,,,,,,,,,,
ta077,PFSP,XHT,Taillard,extension,100,10,1000,501+,1.0,False,3,0,3,0,,,,,,,,,,,,
ta077,PFSP,XHE,Taillard,extension,100,10,1000,501+,1.0,False,3,0,3,0,,,,,,,,,,,,
ta077,PFSP,XTE,Taillard,extension,100,10,1000,501+,1.0,False,3,0,3,0,,,,,,,,,,,,
ta077,PFSP,XHTE,Taillard,extension,100,10,1000,501+,1.0,False,3,0,3,0,,,,,,,,,,,,
ta077,PFSP,NSGA-II,Taillard,extension,100,10,1000,501+,1.0,False,3,3,0,0,0.7155324296393095,4.193160336827639,5.132209747131,1.1308541999896988,6063,338593,1.0062251809310285,1000,0.6840887111408511,0.7566789970829157,1.0553570000920445,1.14671110000927
ta077,PFSP,SPEA2,Taillard,extension,100,10,1000,501+,1.0,False,3,3,0,0,0.5657222994002176,3.711978003093308,4.89871578319836,1.1545846000080928,6035,337841,1.0077434720504155,1000,0.49666144478895946,0.6786948193908016,1.0949468000326306,1.1845485999947414
ta077,PFSP,MOEA/D,Taillard,extension,100,10,1000,501+,1.0,False,3,3,0,0,0.04019688502151508,0.996734834163937,2.3430125689303916,1.2942415000870824,5877,329610,1.0130695509236523,1000,0.0,0.1392850807382051,1.2389025000156835,1.3902242999756709
ta077,PFSP,SMS-EMOA,Taillard,extension,100,10,1000,501+,1.0,False,3,3,0,0,0.6698628616868207,3.54012716961678,6.22360773014059,1.0991375000448897,6025,342108,1.0066880314694924,1000,0.6228021973094466,0.6740199405712799,1.093980100005865,1.1754634999670088
ta085,PFSP,XG,Taillard,extension,100,20,2000,501+,1.0,False,3,3,0,0,1.252789661430287,12.746651303471124,9.671357955913518,0.6281062,7828.0,464592.0,1.0754274979136438,1,1.252789661430287,1.252789661430287,0.5722479,0.6303353
ta085,PFSP,XH,Taillard,extension,100,20,2000,501+,1.0,False,3,0,3,0,,,,,,,,,,,,
ta085,PFSP,XT,Taillard,extension,100,20,2000,501+,1.0,False,3,0,3,0,,,,,,,,,,,,
ta085,PFSP,XE,Taillard,extension,100,20,2000,501+,1.0,False,3,0,3,0,,,,,,,,,,,,
ta085,PFSP,XHT,Taillard,extension,100,20,2000,501+,1.0,False,3,0,3,0,,,,,,,,,,,,
ta085,PFSP,XHE,Taillard,extension,100,20,2000,501+,1.0,False,3,0,3,0,,,,,,,,,,,,
ta085,PFSP,XTE,Taillard,extension,100,20,2000,501+,1.0,False,3,0,3,0,,,,,,,,,,,,
ta085,PFSP,XHTE,Taillard,extension,100,20,2000,501+,1.0,False,3,0,3,0,,,,,,,,,,,,
ta085,PFSP,NSGA-II,Taillard,extension,100,20,2000,501+,1.0,False,3,3,0,0,0.44994965179981916,4.68097364251765,2.8667066394096663,2.5212257000384852,7268,435766,1.0841709978041376,1000,0.31509579211386196,0.4654249500688601,2.4243646999821067,2.5920817999867722
ta085,PFSP,SPEA2,Taillard,extension,100,20,2000,501+,1.0,False,3,3,0,0,0.38054178847712894,4.27768975946996,2.2340671636506215,2.502821100060828,7240,433086,1.0849268989028393,1000,0.2982654949597152,0.4211118185828422,2.3632286998908967,2.532850999967195
ta085,PFSP,MOEA/D,Taillard,extension,100,20,2000,501+,1.0,False,3,3,0,0,0.1816888483728074,1.4835085697825212,1.6908942406201666,2.7833418999798596,7046,430785,1.087092549143448,1000,0.0,0.1874711641374649,2.768775500007905,3.016683299909346
ta085,PFSP,SMS-EMOA,Taillard,extension,100,20,2000,501+,1.0,False,3,3,0,0,0.4553872627494959,4.89701857986462,3.051305173008001,2.6441214999649674,7283,436548,1.0841117783454999,1000,0.4472161502059868,0.5335979689958137,2.53854149999097,2.740770500036888
ta088,PFSP,XG,Taillard,extension,100,20,2000,501+,1.0,False,3,3,0,0,1.1591777582521279,10.066833751044268,11.837167203850063,0.6112877,7905.0,481270.0,1.0763048932007038,1,1.1591777582521279,1.1591777582521279,0.5758672,0.6136329
ta088,PFSP,XH,Taillard,extension,100,20,2000,501+,1.0,False,3,0,3,0,,,,,,,,,,,,
ta088,PFSP,XT,Taillard,extension,100,20,2000,501+,1.0,False,3,0,3,0,,,,,,,,,,,,
ta088,PFSP,XE,Taillard,extension,100,20,2000,501+,1.0,False,3,0,3,0,,,,,,,,,,,,
ta088,PFSP,XHT,Taillard,extension,100,20,2000,501+,1.0,False,3,0,3,0,,,,,,,,,,,,
ta088,PFSP,XHE,Taillard,extension,100,20,2000,501+,1.0,False,3,0,3,0,,,,,,,,,,,,
ta088,PFSP,XTE,Taillard,extension,100,20,2000,501+,1.0,False,3,0,3,0,,,,,,,,,,,,
ta088,PFSP,XHTE,Taillard,extension,100,20,2000,501+,1.0,False,3,0,3,0,,,,,,,,,,,,
ta088,PFSP,NSGA-II,Taillard,extension,100,20,2000,501+,1.0,False,3,3,0,0,0.36378673515760074,2.868281815650242,4.031315429285831,2.6378654999425635,7388,447679,1.0849661247723181,1000,0.3106540097789545,0.38732998772132987,2.5146099999547005,2.72773679997772
ta088,PFSP,SPEA2,Taillard,extension,100,20,2000,501+,1.0,False,3,3,0,0,0.32837091934694307,2.6594263436368726,3.6976188097069373,2.5579085000790656,7373,446243,1.0853517773295225,1000,0.3211005163492153,0.37120958767553613,2.5385910000186414,2.577032499946654
ta088,PFSP,MOEA/D,Taillard,extension,100,20,2000,501+,1.0,False,3,3,0,0,0.14613625849383416,0.5847953216374213,2.1330092417232382,2.770892700063996,7224,439510,1.0873361806634734,1000,0.0,0.19099061546598017,2.762767400010489,3.0568321000318974
ta088,PFSP,SMS-EMOA,Taillard,extension,100,20,2000,501+,1.0,False,3,3,0,0,0.33076569253295274,3.14675577833472,3.2712028647715385,2.5732337000081316,7408,444408,1.0853256999857717,1000,0.329785235917035,0.3800893065605937,2.3754766000201926,2.594144699978642
ta091,PFSP,XG,Taillard,extension,200,10,2000,501+,1.0,False,3,3,0,0,1.7033560214843924,10.126695217701641,9.75199219787819,1.0101388,12343.0,1330170.0,1.0100515543801585,1,1.7033560214843924,1.7033560214843924,0.9726623,1.0887002
ta091,PFSP,XH,Taillard,extension,200,10,2000,501+,1.0,False,3,0,3,0,,,,,,,,,,,,
ta091,PFSP,XT,Taillard,extension,200,10,2000,501+,1.0,False,3,0,3,0,,,,,,,,,,,,
ta091,PFSP,XE,Taillard,extension,200,10,2000,501+,1.0,False,3,0,3,0,,,,,,,,,,,,
ta091,PFSP,XHT,Taillard,extension,200,10,2000,501+,1.0,False,3,0,3,0,,,,,,,,,,,,
ta091,PFSP,XHE,Taillard,extension,200,10,2000,501+,1.0,False,3,0,3,0,,,,,,,,,,,,
ta091,PFSP,XTE,Taillard,extension,200,10,2000,501+,1.0,False,3,0,3,0,,,,,,,,,,,,
ta091,PFSP,XHTE,Taillard,extension,200,10,2000,501+,1.0,False,3,0,3,0,,,,,,,,,,,,
ta091,PFSP,NSGA-II,Taillard,extension,200,10,2000,501+,1.0,False,3,3,0,0,0.4165876368710131,2.4625267665952855,2.389977375826957,2.570754599990323,11484,1240944,1.0232738003735218,1000,0.38778027147386984,0.41980060503734595,2.495700499974191,2.5797151000006124
ta091,PFSP,SPEA2,Taillard,extension,200,10,2000,501+,1.0,False,3,3,0,0,0.42477360639986417,2.3286937901498828,2.777608174405799,2.6636312999762595,11469,1245642,1.023189685078105,1000,0.42162788873725265,0.4913177974677274,2.6446619000053033,2.759793100063689
ta091,PFSP,MOEA/D,Taillard,extension,200,10,2000,501+,1.0,False,3,3,0,0,0.07210358477375278,0.21413276231263545,0.8258400730046356,2.9508577999658883,11232,1221987,1.0268135616328793,1000,0.0,0.1630102440136172,2.8007399999769405,3.0411711999913678
ta091,PFSP,SMS-EMOA,Taillard,extension,200,10,2000,501+,1.0,False,3,3,0,0,0.5381863103672169,2.962169878658094,3.4369435748833777,2.5712284001056105,11540,1253633,1.0220243077743416,1000,0.49306658674684867,0.5676103656089282,2.5119383999845013,2.6649856000440195
ta093,PFSP,XG,Taillard,extension,200,10,2000,501+,1.0,False,3,3,0,0,1.009081278979429,5.6490702388296565,7.184131041930586,1.0955712,11988.0,1319039.0,1.015651226453123,1,1.009081278979429,1.009081278979429,0.9998262,1.1135101
ta093,PFSP,XH,Taillard,extension,200,10,2000,501+,1.0,False,3,0,3,0,,,,,,,,,,,,
ta093,PFSP,XT,Taillard,extension,200,10,2000,501+,1.0,False,3,0,3,0,,,,,,,,,,,,
ta093,PFSP,XE,Taillard,extension,200,10,2000,501+,1.0,False,3,0,3,0,,,,,,,,,,,,
ta093,PFSP,XHT,Taillard,extension,200,10,2000,501+,1.0,False,3,0,3,0,,,,,,,,,,,,
ta093,PFSP,XHE,Taillard,extension,200,10,2000,501+,1.0,False,3,0,3,0,,,,,,,,,,,,
ta093,PFSP,XTE,Taillard,extension,200,10,2000,501+,1.0,False,3,0,3,0,,,,,,,,,,,,
ta093,PFSP,XHTE,Taillard,extension,200,10,2000,501+,1.0,False,3,0,3,0,,,,,,,,,,,,
ta093,PFSP,NSGA-II,Taillard,extension,200,10,2000,501+,1.0,False,3,3,0,0,0.3608313213120051,2.5909932140653957,2.104452276031199,2.690306399948895,11641,1256527,1.0223022998350018,1000,0.3146704851064386,0.4495442248095616,2.5144487998913974,2.715434300014749
ta093,PFSP,SPEA2,Taillard,extension,200,10,2000,501+,1.0,False,3,3,0,0,0.38500034303229347,2.652683528685995,2.1095716093152417,2.623686199891381,11648,1256590,1.0220543245977827,1000,0.24367958096379594,0.41284384589395096,2.6053875000216067,2.7212861999869347
ta093,PFSP,MOEA/D,Taillard,extension,200,10,2000,501+,1.0,False,3,3,0,0,0.06641994504855697,1.0311095443729545,0.5426493281078137,3.104354100069031,11464,1237307,1.0253229736427318,1000,0.0,0.11515809830239254,2.906318199937232,3.3916590999579057
ta093,PFSP,SMS-EMOA,Taillard,extension,200,10,2000,501+,1.0,False,3,3,0,0,0.4067552115673445,2.961135101789014,2.1096528685737193,2.654128000023775,11683,1256591,1.0218311186795588,1000,0.38843060614154323,0.4409630871655579,2.625495900050737,2.707244799938053
ta106,PFSP,XG,Taillard,extension,200,20,4000,501+,1.0,False,3,3,0,0,0.5986379561632393,6.502296350012093,6.2769618602872335,2.27543,13218.0,1522748.0,1.0980409856436883,1,0.5986379561632393,0.5986379561632393,2.1242189,2.416502
ta106,PFSP,XH,Taillard,extension,200,20,4000,501+,1.0,False,3,0,3,0,,,,,,,,,,,,
ta106,PFSP,XT,Taillard,extension,200,20,4000,501+,1.0,False,3,0,3,0,,,,,,,,,,,,
ta106,PFSP,XE,Taillard,extension,200,20,4000,501+,1.0,False,3,0,3,0,,,,,,,,,,,,
ta106,PFSP,XHT,Taillard,extension,200,20,4000,501+,1.0,False,3,0,3,0,,,,,,,,,,,,
ta106,PFSP,XHE,Taillard,extension,200,20,4000,501+,1.0,False,3,0,3,0,,,,,,,,,,,,
ta106,PFSP,XTE,Taillard,extension,200,20,4000,501+,1.0,False,3,0,3,0,,,,,,,,,,,,
ta106,PFSP,XHTE,Taillard,extension,200,20,4000,501+,1.0,False,3,0,3,0,,,,,,,,,,,,
ta106,PFSP,NSGA-II,Taillard,extension,200,20,4000,501+,1.0,False,3,3,0,0,0.3034186588075527,3.8272500201434134,2.229393827936832,5.631597599945962,12886,1464754,1.1013021370161062,1000,0.2930988205427587,0.3375733328153441,5.6106619000202045,6.337023700005375
ta106,PFSP,SPEA2,Taillard,extension,200,20,4000,501+,1.0,False,3,3,0,0,0.3227313889271888,3.7950205462895736,2.4927921407638554,6.058727200026624,12882,1468528,1.1010887981967983,1000,0.27665689838782814,0.32669072831993384,5.919544199947268,6.067768199951388
ta106,PFSP,MOEA/D,Taillard,extension,200,20,4000,501+,1.0,False,3,3,0,0,0.06926377354729008,1.0635726371766907,0.17064358104452726,6.807947300025262,12543,1435256,1.1038887380014235,1000,0.0,0.1328966330058412,6.6314558000303805,6.935557799995877
ta106,PFSP,SMS-EMOA,Taillard,extension,200,20,4000,501+,1.0,False,3,3,0,0,0.3884125798230498,4.85053581500281,2.8427336194375874,5.917406899970956,13013,1473542,1.1003632483843346,1000,0.3421834891185971,0.4016719830774118,5.816336899995804,6.020064300042577
ta109,PFSP,XG,Taillard,extension,200,20,4000,501+,1.0,False,3,3,0,0,0.9876622824954939,10.680386057270486,10.165391711352711,2.575601,13876.0,1583557.0,1.0927531978984817,1,0.9876622824954939,0.9876622824954939,2.5352366,2.6451491000000003
ta109,PFSP,XH,Taillard,extension,200,20,4000,501+,1.0,False,3,0,3,0,,,,,,,,,,,,
ta109,PFSP,XT,Taillard,extension,200,20,4000,501+,1.0,False,3,0,3,0,,,,,,,,,,,,
ta109,PFSP,XE,Taillard,extension,200,20,4000,501+,1.0,False,3,0,3,0,,,,,,,,,,,,
ta109,PFSP,XHT,Taillard,extension,200,20,4000,501+,1.0,False,3,0,3,0,,,,,,,,,,,,
ta109,PFSP,XHE,Taillard,extension,200,20,4000,501+,1.0,False,3,0,3,0,,,,,,,,,,,,
ta109,PFSP,XTE,Taillard,extension,200,20,4000,501+,1.0,False,3,0,3,0,,,,,,,,,,,,
ta109,PFSP,XHTE,Taillard,extension,200,20,4000,501+,1.0,False,3,0,3,0,,,,,,,,,,,,
ta109,PFSP,NSGA-II,Taillard,extension,200,20,4000,501+,1.0,False,3,3,0,0,0.23726850727574522,2.9672170375687923,1.78178367593409,5.929232400027104,12909,1463048,1.1010349455721307,1000,0.23606920668244324,0.2563031854670439,5.560649699997157,5.938310300000012
ta109,PFSP,SPEA2,Taillard,extension,200,20,4000,501+,1.0,False,3,3,0,0,0.2154752136827809,2.6641142219031577,1.9486084945695037,5.9994353000074625,12871,1465446,1.1012754680344363,1000,0.18505034159596034,0.2299048004242521,5.819718100014143,6.577535200049169
ta109,PFSP,MOEA/D,Taillard,extension,200,20,4000,501+,1.0,False,3,3,0,0,0.04272334252445331,0.6460875807609456,0.10741347788700839,6.6294971000170335,12618,1438980,1.1031820502241207,1000,0.0,0.09932079492255275,6.528523800079711,7.118206100072712
ta109,PFSP,SMS-EMOA,Taillard,extension,200,20,4000,501+,1.0,False,3,3,0,0,0.23193659727749338,2.544468373614106,2.3608007591294555,5.952035999973305,12856,1471371,1.1010937913870646,1000,0.22659319404566558,0.2900645734355001,5.637584200012498,5.969213300035335
ta117,PFSP,XG,Taillard,extension,500,20,10000,501+,1.0,False,3,3,0,0,0.5954881668862488,7.280717173492701,6.77295460233116,20.0980381,30516.0,8234405.0,1.1080392401118402,1,0.5954881668862488,0.5954881668862488,19.3274304,21.1837508
ta117,PFSP,XH,Taillard,extension,500,20,10000,501+,1.0,False,3,0,3,0,,,,,,,,,,,,
ta117,PFSP,XT,Taillard,extension,500,20,10000,501+,1.0,False,3,0,3,0,,,,,,,,,,,,
ta117,PFSP,XE,Taillard,extension,500,20,10000,501+,1.0,False,3,0,3,0,,,,,,,,,,,,
ta117,PFSP,XHT,Taillard,extension,500,20,10000,501+,1.0,False,3,0,3,0,,,,,,,,,,,,
ta117,PFSP,XHE,Taillard,extension,500,20,10000,501+,1.0,False,3,0,3,0,,,,,,,,,,,,
ta117,PFSP,XTE,Taillard,extension,500,20,10000,501+,1.0,False,3,0,3,0,,,,,,,,,,,,
ta117,PFSP,XHTE,Taillard,extension,500,20,10000,501+,1.0,False,3,0,3,0,,,,,,,,,,,,
ta117,PFSP,NSGA-II,Taillard,extension,500,20,10000,501+,1.0,False,3,3,0,0,0.18116815869377856,2.4749516611003664,1.90937063589931,15.741236999980174,29149,7859322,1.1126575699901806,1000,0.17710490787965494,0.21320114961385084,15.218428599997424,16.51290039997548
ta117,PFSP,SPEA2,Taillard,extension,500,20,10000,501+,1.0,False,3,3,0,0,0.17289628585763772,2.3589383019862797,1.945547693420835,15.264109799987637,29116,7862112,1.1127497746549653,1000,0.17129888477547262,0.1970848078418408,14.769083800027147,16.046480800025165
ta117,PFSP,MOEA/D,Taillard,extension,500,20,10000,501+,1.0,False,3,3,0,0,0.044617965576887464,0.6187379152750916,0.367125817063374,21.224222799995914,28621,7740383,1.114179663599698,1000,0.0,0.10199166702179463,19.248089500004426,21.672766899922863
ta117,PFSP,SMS-EMOA,Taillard,extension,500,20,10000,501+,1.0,False,3,3,0,0,0.20095585547479367,2.2921427315872656,2.624548273031757,16.535807400010526,29097,7914477,1.1124370010833928,1000,0.17555911217710385,0.2382316725747624,16.211759800091386,17.77030279999599
ta118,PFSP,XG,Taillard,extension,500,20,10000,501+,1.0,False,3,3,0,0,0.4974047753653288,6.633940609119504,4.647159651961785,16.5697056,30846.0,8208969.0,1.1085280059502647,1,0.4974047753653288,0.4974047753653288,15.2091911,18.209536
ta118,PFSP,XH,Taillard,extension,500,20,10000,501+,1.0,False,3,0,3,0,,,,,,,,,,,,
ta118,PFSP,XT,Taillard,extension,500,20,10000,501+,1.0,False,3,0,3,0,,,,,,,,,,,,
ta118,PFSP,XE,Taillard,extension,500,20,10000,501+,1.0,False,3,0,3,0,,,,,,,,,,,,
ta118,PFSP,XHT,Taillard,extension,500,20,10000,501+,1.0,False,3,0,3,0,,,,,,,,,,,,
ta118,PFSP,XHE,Taillard,extension,500,20,10000,501+,1.0,False,3,0,3,0,,,,,,,,,,,,
ta118,PFSP,XTE,Taillard,extension,500,20,10000,501+,1.0,False,3,0,3,0,,,,,,,,,,,,
ta118,PFSP,XHTE,Taillard,extension,500,20,10000,501+,1.0,False,3,0,3,0,,,,,,,,,,,,
ta118,PFSP,NSGA-II,Taillard,extension,500,20,10000,501+,1.0,False,3,3,0,0,0.12827121922843743,1.8079994468835237,0.8257455676170533,16.229569800081663,29450,7909201,1.1126404100939955,1000,0.09404897332084827,0.12993225797163221,15.09480890003033,17.317359499982558
ta118,PFSP,SPEA2,Taillard,extension,500,20,10000,501+,1.0,False,3,3,0,0,0.14369081071138323,1.9255366958205178,1.4099693208910358,17.096182700013742,29484,7955030,1.1124686251374265,1000,0.075634564028082,0.14436511694591037,15.274583099992014,17.76116960006766
ta118,PFSP,MOEA/D,Taillard,extension,500,20,10000,501+,1.0,False,3,3,0,0,0.0025810898465206122,0.020741867459461716,0.10770705211573528,21.40369990002364,28933,7852875,1.1140406854152252,1000,0.0,0.005006262415807594,21.17941689991858,21.670609999913722
ta118,PFSP,SMS-EMOA,Taillard,extension,500,20,10000,501+,1.0,False,3,3,0,0,0.1462197613124938,2.1087565250458074,1.2986546115675068,15.35704880009871,29537,7946298,1.112440450871613,1000,0.11630242989659756,0.15985884354027258,14.687938499962911,17.530604499974288
