instance,problem_class,method,seed,status,valid,best_makespan,best_job_flowtime,hypervolume,seconds,process_seconds,evaluations,nominal_evaluations,jobs,machines,operations,operation_band,family,cohort,mean_flexibility,archive_size,first_valid_seconds,failed_evaluations,method_internal,source_json,hv_deficit_pct,makespan_gap_pct,flowtime_gap_pct
lar01_1,FJSP,XG,19,completed,True,107.0,826.0,1.0674125939070136,0.0182583,0.7865204999689013,1,1000,10,60,50,1-150,Behnke-Geiger,extension,22.24,1,0.0182364,0,F,../runs/FJSP-lar01_1-F-19.json,1.9194966794008006,20.2247191011236,14.563106796116498
lar01_1,FJSP,XG,42,completed,True,107.0,826.0,1.0674125939070136,0.0181934,0.7550425999797881,1,1000,10,60,50,1-150,Behnke-Geiger,extension,22.24,1,0.0181728,0,F,../runs/FJSP-lar01_1-F-42.json,1.9194966794008006,20.2247191011236,14.563106796116498
lar01_1,FJSP,XG,73,completed,True,107.0,826.0,1.0674125939070136,0.0176955,0.6746263999957591,1,1000,10,60,50,1-150,Behnke-Geiger,extension,22.24,1,0.0176772,0,F,../runs/FJSP-lar01_1-F-73.json,1.9194966794008006,20.2247191011236,14.563106796116498
lar01_1,FJSP,XH,19,completed,True,89.0,737.0,1.087133531092428,7.0690415,7.6888468998949975,1000,1000,10,60,50,1-150,Behnke-Geiger,extension,22.24,1,0.0185166,0,T,../runs/FJSP-lar01_1-T-19.json,0.10741440105749289,0.0,2.219140083217752
lar01_1,FJSP,XH,42,completed,True,89.0,721.0,1.0883025247310614,16.0043573,16.70488549990114,1000,1000,10,60,50,1-150,Behnke-Geiger,extension,22.24,2,0.0180192,0,T,../runs/FJSP-lar01_1-T-42.json,0.0,0.0,0.0
lar01_1,FJSP,XH,73,completed,True,89.0,721.0,1.0883025247310614,14.543948499999999,15.15282929991372,1000,1000,10,60,50,1-150,Behnke-Geiger,extension,22.24,2,0.01839,0,T,../runs/FJSP-lar01_1-T-73.json,0.0,0.0,0.0
lar01_1,FJSP,XT,19,completed,True,93.0,752.0,1.0830770113247128,15.1618731,15.838688199990429,1000,1000,10,60,50,1-150,Behnke-Geiger,extension,22.24,4,0.018048,0,B,../runs/FJSP-lar01_1-B-19.json,0.48015264943356284,4.494382022471921,4.299583911234395
lar01_1,FJSP,XT,42,completed,True,92.0,751.0,1.083885424876624,15.6719981,16.419115599943325,1000,1000,10,60,50,1-150,Behnke-Geiger,extension,22.24,4,0.0190924,0,B,../runs/FJSP-lar01_1-B-42.json,0.4058705878247193,3.370786516853941,4.160887656033285
lar01_1,FJSP,XT,73,completed,True,94.0,759.0,1.0818340243975724,14.4882566,15.3264072999591,1000,1000,10,60,50,1-150,Behnke-Geiger,extension,22.24,3,0.0176004,0,B,../runs/FJSP-lar01_1-B-73.json,0.5943660137228357,5.617977528089879,5.270457697642161
lar01_1,FJSP,XE,19,completed,True,104.0,812.0,1.0706280713621292,2.4861139,3.2115392999257892,1000,1000,10,60,50,1-150,Behnke-Geiger,extension,22.24,1,0.0190749,0,G,../runs/FJSP-lar01_1-G-19.json,1.624038625960167,16.85393258426966,12.621359223300965
lar01_1,FJSP,XE,42,completed,True,96.0,811.0,1.0765797609310075,2.3507265999999998,3.0353461999911815,1000,1000,10,60,50,1-150,Behnke-Geiger,extension,22.24,1,0.0182187,0,G,../runs/FJSP-lar01_1-G-42.json,1.0771603973767085,7.86516853932584,12.482662968099856
lar01_1,FJSP,XE,73,completed,True,105.0,801.0,1.0706885562443853,2.6032714,3.332279899972491,1000,1000,10,60,50,1-150,Behnke-Geiger,extension,22.24,1,0.018457,0,G,../runs/FJSP-lar01_1-G-73.json,1.618480899052288,17.97752808988764,11.09570041608876
lar01_1,FJSP,XHT,19,completed,True,89.0,729.0,1.0877171339730956,6.767315,7.553843699977733,1000,1000,10,60,50,1-150,Behnke-Geiger,extension,22.24,2,0.018197,0,T-B,../runs/FJSP-lar01_1-T-B-19.json,0.05378934116784251,0.0,1.109570041608876
lar01_1,FJSP,XHT,42,completed,True,89.0,721.0,1.0883025247310614,16.0576717,16.832944000023417,1000,1000,10,60,50,1-150,Behnke-Geiger,extension,22.24,2,0.0192241,0,T-B,../runs/FJSP-lar01_1-T-B-42.json,0.0,0.0,0.0
lar01_1,FJSP,XHT,73,completed,True,89.0,724.0,1.088082233416321,11.5100649,12.297065799939446,1000,1000,10,60,50,1-150,Behnke-Geiger,extension,22.24,3,0.0175977,0,T-B,../runs/FJSP-lar01_1-T-B-73.json,0.020241735154924445,0.0,0.4160887656033285
lar01_1,FJSP,XHE,19,completed,True,89.0,737.0,1.087133531092428,4.8986192,5.598820600076579,1000,1000,10,60,50,1-150,Behnke-Geiger,extension,22.24,1,0.0179904,0,T-G,../runs/FJSP-lar01_1-T-G-19.json,0.10741440105749289,0.0,2.219140083217752
lar01_1,FJSP,XHE,42,completed,True,89.0,721.0,1.0883025247310614,9.2905754,10.09263850003481,1000,1000,10,60,50,1-150,Behnke-Geiger,extension,22.24,2,0.0255427,0,T-G,../runs/FJSP-lar01_1-T-G-42.json,0.0,0.0,0.0
lar01_1,FJSP,XHE,73,completed,True,89.0,724.0,1.088082233416321,7.8611492,8.645701300003566,1000,1000,10,60,50,1-150,Behnke-Geiger,extension,22.24,3,0.0199242,0,T-G,../runs/FJSP-lar01_1-T-G-73.json,0.020241735154924445,0.0,0.4160887656033285
lar01_1,FJSP,XTE,19,completed,True,93.0,756.0,1.0827913681284056,8.8575269,9.536138499970548,1000,1000,10,60,50,1-150,Behnke-Geiger,extension,22.24,3,0.0185224,0,B-G,../runs/FJSP-lar01_1-B-G-19.json,0.5063993216424478,4.494382022471921,4.854368932038833
lar01_1,FJSP,XTE,42,completed,True,94.0,751.0,1.0824078436163593,8.9350388,9.678048199974,1000,1000,10,60,50,1-150,Behnke-Geiger,extension,22.24,6,0.0181141,0,B-G,../runs/FJSP-lar01_1-B-G-42.json,0.5416399374942871,5.617977528089879,4.160887656033285
lar01_1,FJSP,XTE,73,completed,True,92.0,759.0,1.0833078809134666,9.4280105,10.148051699972712,1000,1000,10,60,50,1-150,Behnke-Geiger,extension,22.24,2,0.0174674,0,B-G,../runs/FJSP-lar01_1-B-G-73.json,0.45893891671610065,3.370786516853941,5.270457697642161
lar01_1,FJSP,XHTE,19,completed,True,89.0,729.0,1.0877171339730956,5.3110856,5.95865829999093,1000,1000,10,60,50,1-150,Behnke-Geiger,extension,22.24,2,0.0176258,0,T-B-G,../runs/FJSP-lar01_1-T-B-G-19.json,0.05378934116784251,0.0,1.109570041608876
lar01_1,FJSP,XHTE,42,completed,True,89.0,723.0,1.0881566240108944,11.4866186,12.286303899949417,1000,1000,10,60,50,1-150,Behnke-Geiger,extension,22.24,2,0.0190441,0,T-B-G,../runs/FJSP-lar01_1-T-B-G-42.json,0.013406264972415372,0.0,0.277392510402219
lar01_1,FJSP,XHTE,73,completed,True,89.0,724.0,1.0880818361102547,8.8729264,9.56769820000045,1000,1000,10,60,50,1-150,Behnke-Geiger,extension,22.24,2,0.0183322,0,T-B-G,../runs/FJSP-lar01_1-T-B-G-73.json,0.02027824210563134,0.0,0.4160887656033285
lar01_1,FJSP,NSGA-II,19,completed,True,139,1063,1.0271666664183505,0.15112170006614178,0.9007505000336096,1000,1000,10,60,50,1-150,Behnke-Geiger,extension,22.24,3,0.00837399996817112,0,NSGA-II,../runs/FJSP-lar01_1-NSGA-II-19.json,5.617542633912254,56.17977528089888,47.43411927877948
lar01_1,FJSP,NSGA-II,42,completed,True,134,1046,1.0319959862154662,0.14786329993512481,0.8889502000529319,1000,1000,10,60,50,1-150,Behnke-Geiger,extension,22.24,2,0.00887459993828088,0,NSGA-II,../runs/FJSP-lar01_1-NSGA-II-42.json,5.173794715721125,50.56179775280898,45.07628294036061
lar01_1,FJSP,NSGA-II,73,completed,True,132,1055,1.0328075782159072,0.14908360003028065,0.9277027000207454,1000,1000,10,60,50,1-150,Behnke-Geiger,extension,22.24,1,0.009057900053448975,0,NSGA-II,../runs/FJSP-lar01_1-NSGA-II-73.json,5.0992205985066485,48.314606741573044,46.3245492371706
lar01_1,FJSP,SPEA2,19,completed,True,133,1051,1.0323646117500291,0.17454839998390526,0.8942807000130415,1000,1000,10,60,50,1-150,Behnke-Geiger,extension,22.24,3,0.009519399958662689,0,SPEA2,../runs/FJSP-lar01_1-SPEA2-19.json,5.139923110520717,49.43820224719102,45.76976421636616
lar01_1,FJSP,SPEA2,42,completed,True,136,1056,1.0298195435847237,0.15800639998633415,0.8442800999619067,1000,1000,10,60,50,1-150,Behnke-Geiger,extension,22.24,5,0.007609699969179928,0,SPEA2,../runs/FJSP-lar01_1-SPEA2-42.json,5.37377979167969,52.80898876404494,46.463245492371705
lar01_1,FJSP,SPEA2,73,completed,True,138,1041,1.0294581192226113,0.17384299996774644,0.8732590000145137,1000,1000,10,60,50,1-150,Behnke-Geiger,extension,22.24,2,0.008961499901488423,0,SPEA2,../runs/FJSP-lar01_1-SPEA2-73.json,5.406989708398546,55.0561797752809,44.382801664355064
lar01_1,FJSP,MOEA/D,19,completed,True,120,979,1.0469113674728503,0.30868260003626347,1.1048038000008091,1000,1000,10,60,50,1-150,Behnke-Geiger,extension,22.24,2,0.008212100015953183,0,MOEA-D,../runs/FJSP-lar01_1-MOEA-D-19.json,3.8032767835799675,34.8314606741573,35.78363384188628
lar01_1,FJSP,MOEA/D,42,completed,True,122,972,1.0459647013425468,0.3206696999259293,1.0947047000518069,1000,1000,10,60,50,1-150,Behnke-Geiger,extension,22.24,2,0.009517099941149354,0,MOEA-D,../runs/FJSP-lar01_1-MOEA-D-42.json,3.890262351360163,37.07865168539326,34.812760055478506
lar01_1,FJSP,MOEA/D,73,completed,True,120,975,1.0471962160570252,0.31968790001701564,1.0274024999234825,1000,1000,10,60,50,1-150,Behnke-Geiger,extension,22.24,2,0.009048599982634187,0,MOEA-D,../runs/FJSP-lar01_1-MOEA-D-73.json,3.777103125272474,34.8314606741573,35.22884882108184
lar01_1,FJSP,SMS-EMOA,19,completed,True,136,1063,1.0293238893681393,0.14379050000570714,0.9230413999175653,1000,1000,10,60,50,1-150,Behnke-Geiger,extension,22.24,4,0.008293700055219233,0,SMS-EMOA,../runs/FJSP-lar01_1-SMS-EMOA-19.json,5.4193235816940355,52.80898876404494,47.43411927877948
lar01_1,FJSP,SMS-EMOA,42,completed,True,131,1028,1.0354298628151817,0.13686239998787642,0.7826226999750361,1000,1000,10,60,50,1-150,Behnke-Geiger,extension,22.24,3,0.007970599923282862,0,SMS-EMOA,../runs/FJSP-lar01_1-SMS-EMOA-42.json,4.858268791478315,47.19101123595506,42.57975034674064
lar01_1,FJSP,SMS-EMOA,73,completed,True,129,1039,1.0361090128384491,0.1311746999854222,0.7982615000801161,1000,1000,10,60,50,1-150,Behnke-Geiger,extension,22.24,2,0.00802890001796186,0,SMS-EMOA,../runs/FJSP-lar01_1-SMS-EMOA-73.json,4.795864266281125,44.9438202247191,44.10540915395285
lar01_3,FJSP,XG,19,completed,True,108.0,804.0,1.0669956030748127,0.0165794,0.6852236000122502,1,1000,10,60,50,1-150,Behnke-Geiger,extension,19.28,1,0.0165582,0,F,../runs/FJSP-lar01_3-F-19.json,2.0058307329087754,22.72727272727273,13.399153737658676
lar01_3,FJSP,XG,42,completed,True,108.0,804.0,1.0669956030748127,0.0176238,0.7588234000140801,1,1000,10,60,50,1-150,Behnke-Geiger,extension,19.28,1,0.0175981,0,F,../runs/FJSP-lar01_3-F-42.json,2.0058307329087754,22.72727272727273,13.399153737658676
lar01_3,FJSP,XG,73,completed,True,108.0,804.0,1.0669956030748127,0.0166032,0.6456524999812245,1,1000,10,60,50,1-150,Behnke-Geiger,extension,19.28,1,0.0165792,0,F,../runs/FJSP-lar01_3-F-73.json,2.0058307329087754,22.72727272727273,13.399153737658676
lar01_3,FJSP,XH,19,completed,True,89.0,728.0,1.086685987102623,12.9395746,13.759646899998188,1000,1000,10,60,50,1-150,Behnke-Geiger,extension,19.28,3,0.0184388,0,T,../runs/FJSP-lar01_3-T-19.json,0.19744200122625566,1.1363636363636465,2.6798307475317307
lar01_3,FJSP,XH,42,completed,True,92.0,732.0,1.084151462235613,9.310401,9.993190000066534,1000,1000,10,60,50,1-150,Behnke-Geiger,extension,19.28,2,0.0170711,0,T,../runs/FJSP-lar01_3-T-42.json,0.4302158365763753,4.545454545454541,3.244005641748937
lar01_3,FJSP,XH,73,completed,True,88.0,714.0,1.0884659728981059,16.7579451,17.46824660000857,1000,1000,10,60,50,1-150,Behnke-Geiger,extension,19.28,2,0.0171064,0,T,../runs/FJSP-lar01_3-T-73.json,0.03396594862312696,0.0,0.7052186177715081
lar01_3,FJSP,XT,19,completed,True,92.0,757.0,1.0823176227061833,12.9676429,13.708935300004669,1000,1000,10,60,50,1-150,Behnke-Geiger,extension,19.28,3,0.0170439,0,B,../runs/FJSP-lar01_3-B-19.json,0.5986378813699567,4.545454545454541,6.7700987306064775
lar01_3,FJSP,XT,42,completed,True,93.0,742.0,1.0826724826945686,12.6936537,13.409970300039276,1000,1000,10,60,50,1-150,Behnke-Geiger,extension,19.28,4,0.01708,0,B,../runs/FJSP-lar01_3-B-42.json,0.5660471099855791,5.681818181818188,4.654442877291953
lar01_3,FJSP,XT,73,completed,True,93.0,757.0,1.081574617216603,14.0135915,14.715016799978912,1000,1000,10,60,50,1-150,Behnke-Geiger,extension,19.28,3,0.0169551,0,B,../runs/FJSP-lar01_3-B-73.json,0.6668764059735155,5.681818181818188,6.7700987306064775
lar01_3,FJSP,XE,19,completed,True,93.0,770.0,1.080621032801912,2.2907537,3.0938659999519587,1000,1000,10,60,50,1-150,Behnke-Geiger,extension,19.28,1,0.0172524,0,G,../runs/FJSP-lar01_3-G-19.json,0.7544547542576163,5.681818181818188,8.60366713681242
lar01_3,FJSP,XE,42,completed,True,98.0,775.0,1.0765375883482498,2.2689143,2.986125300056301,1000,1000,10,60,50,1-150,Behnke-Geiger,extension,19.28,1,0.0168344,0,G,../runs/FJSP-lar01_3-G-42.json,1.1294832415651546,11.363636363636353,9.30888575458393
lar01_3,FJSP,XE,73,completed,True,98.0,779.0,1.0762444734919843,2.1525316,2.8097036998951808,1000,1000,10,60,50,1-150,Behnke-Geiger,extension,19.28,1,0.0168576,0,G,../runs/FJSP-lar01_3-G-73.json,1.1564032651873668,11.363636363636353,9.873060648801136
lar01_3,FJSP,XHT,19,completed,True,90.0,728.0,1.0859412616929278,8.2565601,9.184877599938773,1000,1000,10,60,50,1-150,Behnke-Geiger,extension,19.28,3,0.0175896,0,T-B,../runs/FJSP-lar01_3-T-B-19.json,0.2658384853775231,2.2727272727272707,2.6798307475317307
lar01_3,FJSP,XHT,42,completed,True,90.0,732.0,1.085647843321348,7.8909103,8.672450000070967,1000,1000,10,60,50,1-150,Behnke-Geiger,extension,19.28,4,0.0180242,0,T-B,../runs/FJSP-lar01_3-T-B-42.json,0.2927863842140499,2.2727272727272707,3.244005641748937
lar01_3,FJSP,XHT,73,completed,True,88.0,709.0,1.088835806308667,16.1764672,16.84248110000044,1000,1000,10,60,50,1-150,Behnke-Geiger,extension,19.28,3,0.0179398,0,T-B,../runs/FJSP-lar01_3-T-B-73.json,0.0,0.0,0.0
lar01_3,FJSP,XHE,19,completed,True,90.0,728.0,1.0859412616929278,6.1632052,6.885960799991153,1000,1000,10,60,50,1-150,Behnke-Geiger,extension,19.28,3,0.0168328,0,T-G,../runs/FJSP-lar01_3-T-G-19.json,0.2658384853775231,2.2727272727272707,2.6798307475317307
lar01_3,FJSP,XHE,42,completed,True,92.0,723.0,1.0848182044438692,6.0064935,6.8112150999950245,1000,1000,10,60,50,1-150,Behnke-Geiger,extension,19.28,3,0.0167794,0,T-G,../runs/FJSP-lar01_3-T-G-42.json,0.3689814241522815,4.545454545454541,1.9746121297602226
lar01_3,FJSP,XHE,73,completed,True,88.0,715.0,1.0883904178191819,10.5033676,11.269297300023027,1000,1000,10,60,50,1-150,Behnke-Geiger,extension,19.28,4,0.0170743,0,T-G,../runs/FJSP-lar01_3-T-G-73.json,0.04090501863591722,0.0,0.8462623413258097
lar01_3,FJSP,XTE,19,completed,True,92.0,757.0,1.0823176227061833,8.7531361,9.484736500075087,1000,1000,10,60,50,1-150,Behnke-Geiger,extension,19.28,3,0.0165129,0,B-G,../runs/FJSP-lar01_3-B-G-19.json,0.5986378813699567,4.545454545454541,6.7700987306064775
lar01_3,FJSP,XTE,42,completed,True,93.0,760.0,1.081353061154289,7.7614533,8.51739010005258,1000,1000,10,60,50,1-150,Behnke-Geiger,extension,19.28,5,0.0170411,0,B-G,../runs/FJSP-lar01_3-B-G-42.json,0.6872243832378833,5.681818181818188,7.1932299012694045
lar01_3,FJSP,XTE,73,completed,True,93.0,758.0,1.081499770340079,8.0023835,8.75661060004495,1000,1000,10,60,50,1-150,Behnke-Geiger,extension,19.28,2,0.0171044,0,B-G,../runs/FJSP-lar01_3-B-G-73.json,0.6737504338196088,5.681818181818188,6.911142454160779
lar01_3,FJSP,XHTE,19,completed,True,91.0,728.0,1.0851970927279755,5.525329,6.241094999946654,1000,1000,10,60,50,1-150,Behnke-Geiger,extension,19.28,2,0.0171746,0,T-B-G,../runs/FJSP-lar01_3-T-B-G-19.json,0.3341838649692508,3.409090909090917,2.6798307475317307
lar01_3,FJSP,XHTE,42,completed,True,90.0,732.0,1.085648753867291,6.1240373,6.803881099913269,1000,1000,10,60,50,1-150,Behnke-Geiger,extension,19.28,4,0.0167751,0,T-B-G,../runs/FJSP-lar01_3-T-B-G-42.json,0.2927027585711617,2.2727272727272707,3.244005641748937
lar01_3,FJSP,XHTE,73,completed,True,89.0,721.0,1.0872074871157753,11.5857561,12.414491900010034,1000,1000,10,60,50,1-150,Behnke-Geiger,extension,19.28,2,0.017056,0,T-B-G,../runs/FJSP-lar01_3-T-B-G-73.json,0.14954680801799736,1.1363636363636465,1.6925246826516194
lar01_3,FJSP,NSGA-II,19,completed,True,127,1008,1.038253896630778,0.1583518999395892,0.9426833000034094,1000,1000,10,60,50,1-150,Behnke-Geiger,extension,19.28,1,0.009765999973751605,0,NSGA-II,../runs/FJSP-lar01_3-NSGA-II-19.json,4.645503884499358,44.31818181818181,42.17207334273625
lar01_3,FJSP,NSGA-II,42,completed,True,131,1043,1.0328220853930221,0.16055999998934567,0.8525875000050291,1000,1000,10,60,50,1-150,Behnke-Geiger,extension,19.28,1,0.02046410006005317,0,NSGA-II,../runs/FJSP-lar01_3-NSGA-II-42.json,5.144368011329514,48.86363636363635,47.108603667136805
lar01_3,FJSP,NSGA-II,73,completed,True,125,998,1.0404318213549333,0.18585310003254563,0.9065475999377668,1000,1000,10,60,50,1-150,Behnke-Geiger,extension,19.28,3,0.008688700036145747,0,NSGA-II,../runs/FJSP-lar01_3-NSGA-II-73.json,4.4454806384289665,42.04545454545454,40.76163610719323
lar01_3,FJSP,SPEA2,19,completed,True,132,1023,1.0335070688716719,0.16104759997688234,0.7988130999729037,1000,1000,10,60,50,1-150,Behnke-Geiger,extension,19.28,2,0.007518499973230064,0,SPEA2,../runs/FJSP-lar01_3-SPEA2-19.json,5.081458298526076,50.0,44.287729196050776
lar01_3,FJSP,SPEA2,42,completed,True,120,941,1.0482086020286967,0.1719122000504285,0.8736355000874028,1000,1000,10,60,50,1-150,Behnke-Geiger,extension,19.28,1,0.008529400103725493,0,SPEA2,../runs/FJSP-lar01_3-SPEA2-42.json,3.7312516767521786,36.36363636363635,32.72214386459802
lar01_3,FJSP,SPEA2,73,completed,True,133,1033,1.0320766517809268,0.16417270002420992,0.8429223999846727,1000,1000,10,60,50,1-150,Behnke-Geiger,extension,19.28,2,0.007694200030528009,0,SPEA2,../runs/FJSP-lar01_3-SPEA2-73.json,5.212829537647467,51.13636363636365,45.69816643159379
lar01_3,FJSP,MOEA/D,19,completed,True,117,951,1.0496897061769415,0.3018815000541508,0.947883200016804,1000,1000,10,60,50,1-150,Behnke-Geiger,extension,19.28,1,0.00710300006903708,0,MOEA-D,../runs/FJSP-lar01_3-MOEA-D-19.json,3.595225276842906,32.95454545454546,34.13258110014104
lar01_3,FJSP,MOEA/D,42,completed,True,118,915,1.051556861570712,0.30054259998723865,1.0407930000219494,1000,1000,10,60,50,1-150,Behnke-Geiger,extension,19.28,2,0.009748100070282817,0,MOEA-D,../runs/FJSP-lar01_3-MOEA-D-42.json,3.4237434626931185,34.09090909090908,29.055007052186177
lar01_3,FJSP,MOEA/D,73,completed,True,117,976,1.0478787314678608,0.3393471000017598,1.139523799996823,1000,1000,10,60,50,1-150,Behnke-Geiger,extension,19.28,2,0.009909800020977855,0,MOEA-D,../runs/FJSP-lar01_3-MOEA-D-73.json,3.761547388825992,32.95454545454546,37.658674188998596
lar01_3,FJSP,SMS-EMOA,19,completed,True,133,1031,1.0322134967189998,0.13673370005562901,0.8614573000231758,1000,1000,10,60,50,1-150,Behnke-Geiger,extension,19.28,2,0.008441200014203787,0,SMS-EMOA,../runs/FJSP-lar01_3-SMS-EMOA-19.json,5.200261532693906,51.13636363636365,45.41607898448519
lar01_3,FJSP,SMS-EMOA,42,completed,True,130,1021,1.0351244109273607,0.13648430001921952,0.9223925999831408,1000,1000,10,60,50,1-150,Behnke-Geiger,extension,19.28,2,0.008014300023205578,0,SMS-EMOA,../runs/FJSP-lar01_3-SMS-EMOA-42.json,4.93291964409186,47.72727272727273,44.00564174894217
lar01_3,FJSP,SMS-EMOA,73,completed,True,129,1018,1.036074049642965,0.16507789993193,0.9484345000237226,1000,1000,10,60,50,1-150,Behnke-Geiger,extension,19.28,1,0.009691699990071356,0,SMS-EMOA,../runs/FJSP-lar01_3-SMS-EMOA-73.json,4.845703673593638,46.59090909090908,43.58251057827927
lar02_2,FJSP,XG,19,completed,True,145.0,1959.0,1.1169535169076823,0.0425121,0.7334703999804333,1,1000,20,60,100,1-150,Behnke-Geiger,extension,18.76,1,0.0424812,0,F,../runs/FJSP-lar02_2-F-19.json,0.9822941060167567,15.999999999999993,11.878926327812689
lar02_2,FJSP,XG,42,completed,True,145.0,1959.0,1.1169535169076823,0.041313,0.8224038999760523,1,1000,20,60,100,1-150,Behnke-Geiger,extension,18.76,1,0.0412794,0,F,../runs/FJSP-lar02_2-F-42.json,0.9822941060167567,15.999999999999993,11.878926327812689
lar02_2,FJSP,XG,73,completed,True,145.0,1959.0,1.1169535169076823,0.0431501,0.7431079000234604,1,1000,20,60,100,1-150,Behnke-Geiger,extension,18.76,1,0.0430971,0,F,../runs/FJSP-lar02_2-F-73.json,0.9822941060167567,15.999999999999993,11.878926327812689
lar02_2,FJSP,XH,19,completed,True,126.0,1771.0,1.127655083839517,27.2138859,27.937579500023276,1000,1000,20,60,100,1-150,Behnke-Geiger,extension,18.76,3,0.0453597,0,T,../runs/FJSP-lar02_2-T-19.json,0.03360233771932952,0.8000000000000007,1.142204454597362
lar02_2,FJSP,XH,42,completed,True,127.0,1751.0,1.1276491463928784,44.4056599,45.110599800013006,1000,1000,20,60,100,1-150,Behnke-Geiger,extension,18.76,3,0.0425476,0,T,../runs/FJSP-lar02_2-T-42.json,0.034128691176404935,1.6000000000000014,0.0
lar02_2,FJSP,XH,73,completed,True,129.0,1783.0,1.1262938369933528,42.2682268,43.069021100061946,1000,1000,20,60,100,1-150,Behnke-Geiger,extension,18.76,1,0.0413876,0,T,../runs/FJSP-lar02_2-T-73.json,0.15427659839558627,3.200000000000003,1.827527127355788
lar02_2,FJSP,XT,19,completed,True,128.0,1838.0,1.1256438282540357,41.7254499,42.48165339999832,1000,1000,20,60,100,1-150,Behnke-Geiger,extension,18.76,1,0.0432659,0,B,../runs/FJSP-lar02_2-B-19.json,0.21189974314059778,2.400000000000002,4.968589377498578
lar02_2,FJSP,XT,42,completed,True,131.0,1863.0,1.1240400628424896,38.0283679,38.9124747000169,1000,1000,20,60,100,1-150,Behnke-Geiger,extension,18.76,2,0.0453259,0,B,../runs/FJSP-lar02_2-B-42.json,0.35407322613661973,4.800000000000004,6.39634494574528
lar02_2,FJSP,XT,73,completed,True,130.0,1862.0,1.1244370267987256,37.5043909,38.259568299981765,1000,1000,20,60,100,1-150,Behnke-Geiger,extension,18.76,5,0.0416202,0,B,../runs/FJSP-lar02_2-B-73.json,0.3188824508052468,4.0000000000000036,6.33923472301543
lar02_2,FJSP,XE,19,completed,True,137.0,1925.0,1.1206118856726077,4.5124103,5.307214299915358,1000,1000,20,60,100,1-150,Behnke-Geiger,extension,18.76,1,0.0412995,0,G,../runs/FJSP-lar02_2-G-19.json,0.6579804466444239,9.600000000000009,9.937178754997134
lar02_2,FJSP,XE,42,completed,True,142.0,1949.0,1.1182737897053365,4.5662208,5.269479900016449,1000,1000,20,60,100,1-150,Behnke-Geiger,extension,18.76,1,0.0408538,0,G,../runs/FJSP-lar02_2-G-42.json,0.8652521865464724,13.59999999999999,11.307824100513987
lar02_2,FJSP,XE,73,completed,True,134.0,1890.0,1.1224001463772635,4.4665964,5.190492399968207,1000,1000,20,60,100,1-150,Behnke-Geiger,extension,18.76,1,0.0415795,0,G,../runs/FJSP-lar02_2-G-73.json,0.499451492811509,7.200000000000006,7.93832095945175
lar02_2,FJSP,XHT,19,completed,True,125.0,1771.0,1.1280341296773604,20.5808472,21.36288299993612,1000,1000,20,60,100,1-150,Behnke-Geiger,extension,18.76,3,0.0463138,0,T-B,../runs/FJSP-lar02_2-T-B-19.json,0.0,0.0,1.142204454597362
lar02_2,FJSP,XHT,42,completed,True,127.0,1751.0,1.127650292326376,47.6574636,48.40186600002926,1000,1000,20,60,100,1-150,Behnke-Geiger,extension,18.76,2,0.0430017,0,T-B,../runs/FJSP-lar02_2-T-B-42.json,0.0340271044010132,1.6000000000000014,0.0
lar02_2,FJSP,XHT,73,completed,True,127.0,1778.0,1.1271450766919142,44.3348124,45.009689099970274,1000,1000,20,60,100,1-150,Behnke-Geiger,extension,18.76,4,0.0476263,0,T-B,../runs/FJSP-lar02_2-T-B-73.json,0.07881436935781583,1.6000000000000014,1.5419760137064475
lar02_2,FJSP,XHE,19,completed,True,127.0,1771.0,1.1272764409672988,12.5128555,13.29935149999801,1000,1000,20,60,100,1-150,Behnke-Geiger,extension,18.76,2,0.0496988,0,T-G,../runs/FJSP-lar02_2-T-G-19.json,0.06716895261655864,1.6000000000000014,1.142204454597362
lar02_2,FJSP,XHE,42,completed,True,127.0,1751.0,1.1276486363895089,23.2830517,24.07711760001257,1000,1000,20,60,100,1-150,Behnke-Geiger,extension,18.76,3,0.0461311,0,T-G,../runs/FJSP-lar02_2-T-G-42.json,0.034173902873113615,1.6000000000000014,0.0
lar02_2,FJSP,XHE,73,completed,True,129.0,1783.0,1.1262938369933528,24.4776463,25.27384800009895,1000,1000,20,60,100,1-150,Behnke-Geiger,extension,18.76,1,0.0435069,0,T-G,../runs/FJSP-lar02_2-T-G-73.json,0.15427659839558627,3.200000000000003,1.827527127355788
lar02_2,FJSP,XTE,19,completed,True,128.0,1833.0,1.1257373855388735,20.8687233,21.67267450003419,1000,1000,20,60,100,1-150,Behnke-Geiger,extension,18.76,1,0.0411416,0,B-G,../runs/FJSP-lar02_2-B-G-19.json,0.20360590855028615,2.400000000000002,4.683038263849237
lar02_2,FJSP,XTE,42,completed,True,132.0,1863.0,1.123660387370856,21.3084155,22.255032699904405,1000,1000,20,60,100,1-150,Behnke-Geiger,extension,18.76,4,0.0442144,0,B-G,../runs/FJSP-lar02_2-B-G-42.json,0.3877313807655325,5.600000000000005,6.39634494574528
lar02_2,FJSP,XTE,73,completed,True,129.0,1862.0,1.1248154555954548,20.6995433,21.469824600033462,1000,1000,20,60,100,1-150,Behnke-Geiger,extension,18.76,4,0.0427455,0,B-G,../runs/FJSP-lar02_2-B-G-73.json,0.28533481365728974,3.200000000000003,6.33923472301543
lar02_2,FJSP,XHTE,19,completed,True,125.0,1775.0,1.1279592082934355,13.1420875,13.864051799988374,1000,1000,20,60,100,1-150,Behnke-Geiger,extension,18.76,3,0.0437664,0,T-B-G,../runs/FJSP-lar02_2-T-B-G-19.json,0.006641765701387303,0.0,1.3706453455168521
lar02_2,FJSP,XHTE,42,completed,True,127.0,1751.0,1.127650348993417,30.795576,31.44994899991434,1000,1000,20,60,100,1-150,Behnke-Geiger,extension,18.76,2,0.0408366,0,T-B-G,../runs/FJSP-lar02_2-T-B-G-42.json,0.034022080879159144,1.6000000000000014,0.0
lar02_2,FJSP,XHTE,73,completed,True,128.0,1783.0,1.1266729457945752,30.4877022,31.267388900043443,1000,1000,20,60,100,1-150,Behnke-Geiger,extension,18.76,2,0.0421854,0,T-B-G,../runs/FJSP-lar02_2-T-B-G-73.json,0.12066867898531397,2.400000000000002,1.827527127355788
lar02_2,FJSP,NSGA-II,19,completed,True,194,2705,1.0847821278196892,0.24262030003592372,1.0144981999183074,1000,1000,20,60,100,1-150,Behnke-Geiger,extension,18.76,1,0.013100999989546835,0,NSGA-II,../runs/FJSP-lar02_2-NSGA-II-19.json,3.8342813147011934,55.2,54.48315248429469
lar02_2,FJSP,NSGA-II,42,completed,True,200,2670,1.0831812650199142,0.24772629991639405,0.9876642000162974,1000,1000,20,60,100,1-150,Behnke-Geiger,extension,18.76,1,0.012619799934327602,0,NSGA-II,../runs/FJSP-lar02_2-NSGA-II-42.json,3.9761974817441925,60.00000000000001,52.48429468874929
lar02_2,FJSP,NSGA-II,73,completed,True,187,2759,1.086404982468477,0.24825639999471605,0.9928102999692783,1000,1000,20,60,100,1-150,Behnke-Geiger,extension,18.76,1,0.011374399997293949,0,NSGA-II,../runs/FJSP-lar02_2-NSGA-II-73.json,3.690415574641359,49.6,57.56710451170759
lar02_2,FJSP,SPEA2,19,completed,True,190,2694,1.0864736629222767,0.2476477000163868,0.8886943999677896,1000,1000,20,60,100,1-150,Behnke-Geiger,extension,18.76,2,0.011998999980278313,0,SPEA2,../runs/FJSP-lar02_2-SPEA2-19.json,3.6843270661474414,52.0,53.85494003426614
lar02_2,FJSP,SPEA2,42,completed,True,187,2748,1.0866008287995506,0.26267169998027384,1.0339795000618324,1000,1000,20,60,100,1-150,Behnke-Geiger,extension,18.76,3,0.012666200054809451,0,SPEA2,../runs/FJSP-lar02_2-SPEA2-42.json,3.6730538365590593,49.6,56.938892061679034
lar02_2,FJSP,SPEA2,73,completed,True,200,2716,1.0823392255302902,0.24322939990088344,0.9876213999232277,1000,1000,20,60,100,1-150,Behnke-Geiger,extension,18.76,2,0.011365399928763509,0,SPEA2,../runs/FJSP-lar02_2-SPEA2-73.json,4.0508441140996165,60.00000000000001,55.11136493432325
lar02_2,FJSP,MOEA/D,19,completed,True,201,2662,1.0829537430721397,0.3809716999530792,1.0952117999549955,1000,1000,20,60,100,1-150,Behnke-Geiger,extension,18.76,1,0.014039600035175681,0,MOEA-D,../runs/FJSP-lar02_2-MOEA-D-19.json,3.9963672569122144,60.80000000000001,52.02741290691033
lar02_2,FJSP,MOEA/D,42,completed,True,178,2574,1.0931647308365924,0.3537310000974685,0.9979983000084758,1000,1000,20,60,100,1-150,Behnke-Geiger,extension,18.76,2,0.012318500084802508,0,MOEA-D,../runs/FJSP-lar02_2-MOEA-D-42.json,3.091165233692117,42.39999999999999,47.0017133066819
lar02_2,FJSP,MOEA/D,73,completed,True,193,2780,1.0837825149185432,0.4557663999730721,1.4540518000721931,1000,1000,20,60,100,1-150,Behnke-Geiger,extension,18.76,2,0.015375499962829053,0,MOEA-D,../runs/FJSP-lar02_2-MOEA-D-73.json,3.922896798474884,54.400000000000006,58.76641918903485
lar02_2,FJSP,SMS-EMOA,19,completed,True,200,2775,1.0812612534447266,0.21664330002386123,0.8906990999821573,1000,1000,20,60,100,1-150,Behnke-Geiger,extension,18.76,2,0.011088200029917061,0,SMS-EMOA,../runs/FJSP-lar02_2-SMS-EMOA-19.json,4.146406123900858,60.00000000000001,58.48086807538549
lar02_2,FJSP,SMS-EMOA,42,completed,True,197,2691,1.0839180574437572,0.22175040002912283,0.9122316000284627,1000,1000,20,60,100,1-150,Behnke-Geiger,extension,18.76,1,0.011188599979504943,0,SMS-EMOA,../runs/FJSP-lar02_2-SMS-EMOA-42.json,3.9108809807218536,57.60000000000001,53.683609366076524
lar02_2,FJSP,SMS-EMOA,73,completed,True,196,2798,1.08232713908006,0.22285729995928705,0.8756427000043914,1000,1000,20,60,100,1-150,Behnke-Geiger,extension,18.76,4,0.011883199913427234,0,SMS-EMOA,../runs/FJSP-lar02_2-SMS-EMOA-73.json,4.051915575495357,56.800000000000004,59.79440319817246
lar02_3,FJSP,XG,19,completed,True,147.0,1954.0,1.1155343204866857,0.0351121,0.6805800000438467,1,1000,20,60,100,1-150,Behnke-Geiger,extension,17.68,1,0.0350808,0,F,../runs/FJSP-lar02_3-F-19.json,0.713167717460006,11.363636363636353,6.659388646288211
lar02_3,FJSP,XG,42,completed,True,147.0,1954.0,1.1155343204866857,0.0361009,0.7291393000632524,1,1000,20,60,100,1-150,Behnke-Geiger,extension,17.68,1,0.0360648,0,F,../runs/FJSP-lar02_3-F-42.json,0.713167717460006,11.363636363636353,6.659388646288211
lar02_3,FJSP,XG,73,completed,True,147.0,1954.0,1.1155343204866857,0.0364472,0.8439099000534043,1,1000,20,60,100,1-150,Behnke-Geiger,extension,17.68,1,0.0364134,0,F,../runs/FJSP-lar02_3-F-73.json,0.713167717460006,11.363636363636353,6.659388646288211
lar02_3,FJSP,XH,19,completed,True,132.0,1876.0,1.122719109321847,33.4957337,34.25508799997624,1000,1000,20,60,100,1-150,Behnke-Geiger,extension,17.68,1,0.0363504,0,T,../runs/FJSP-lar02_3-T-19.json,0.07369395949359259,0.0,2.4017467248908186
lar02_3,FJSP,XH,42,completed,True,135.0,1883.0,1.1214423820968316,42.2054718,43.025503899902105,1000,1000,20,60,100,1-150,Behnke-Geiger,extension,17.68,5,0.0433041,0,T,../runs/FJSP-lar02_3-T-42.json,0.18732757840848047,2.2727272727272707,2.7838427947598277
lar02_3,FJSP,XH,73,completed,True,132.0,1876.0,1.122719109321847,41.5151349,42.20272719999775,1000,1000,20,60,100,1-150,Behnke-Geiger,extension,17.68,1,0.0362223,0,T,../runs/FJSP-lar02_3-T-73.json,0.07369395949359259,0.0,2.4017467248908186
lar02_3,FJSP,XT,19,completed,True,136.0,1927.0,1.1202327789529605,38.6070077,39.27973639999982,1000,1000,20,60,100,1-150,Behnke-Geiger,extension,17.68,4,0.0356476,0,B,../runs/FJSP-lar02_3-B-19.json,0.29498689669961164,3.0303030303030276,5.185589519650646
lar02_3,FJSP,XT,42,completed,True,137.0,1906.0,1.1202459477536235,39.2968042,40.05068600003142,1000,1000,20,60,100,1-150,Behnke-Geiger,extension,17.68,4,0.0364784,0,B,../runs/FJSP-lar02_3-B-42.json,0.2938148229419624,3.7878787878787845,4.039301310043664
lar02_3,FJSP,XT,73,completed,True,135.0,1869.0,1.121706148533831,35.156185,35.95378199999686,1000,1000,20,60,100,1-150,Behnke-Geiger,extension,17.68,1,0.0375832,0,B,../runs/FJSP-lar02_3-B-73.json,0.1638513540456854,2.2727272727272707,2.019650655021832
lar02_3,FJSP,XE,19,completed,True,140.0,1945.0,1.1183706433351148,4.6771237,5.51824000000488,1000,1000,20,60,100,1-150,Behnke-Geiger,extension,17.68,2,0.0419864,0,G,../runs/FJSP-lar02_3-G-19.json,0.46072410745232606,6.060606060606055,6.168122270742349
lar02_3,FJSP,XE,42,completed,True,136.0,1943.0,1.1199327927137972,4.1897526,4.920093199936673,1000,1000,20,60,100,1-150,Behnke-Geiger,extension,17.68,1,0.0347904,0,G,../runs/FJSP-lar02_3-G-42.json,0.32168682234768875,3.0303030303030276,6.0589519650654955
lar02_3,FJSP,XE,73,completed,True,142.0,1939.0,1.1177210358389793,4.0758391,4.732477999990806,1000,1000,20,60,100,1-150,Behnke-Geiger,extension,17.68,2,0.0341006,0,G,../runs/FJSP-lar02_3-G-73.json,0.5185416656697583,7.575757575757569,5.840611353711789
lar02_3,FJSP,XHT,19,completed,True,132.0,1876.0,1.122719109321847,33.5443784,34.36941789998673,1000,1000,20,60,100,1-150,Behnke-Geiger,extension,17.68,1,0.0388303,0,T-B,../runs/FJSP-lar02_3-T-B-19.json,0.07369395949359259,0.0,2.4017467248908186
lar02_3,FJSP,XHT,42,completed,True,135.0,1879.0,1.1215174906634326,43.8770581,44.65022800001316,1000,1000,20,60,100,1-150,Behnke-Geiger,extension,17.68,3,0.0386843,0,T-B,../runs/FJSP-lar02_3-T-B-42.json,0.1806426279608253,2.2727272727272707,2.565502183406121
lar02_3,FJSP,XHT,73,completed,True,132.0,1832.0,1.1235470956634166,36.7307032,37.53500609996263,1000,1000,20,60,100,1-150,Behnke-Geiger,extension,17.68,4,0.0407514,0,T-B,../runs/FJSP-lar02_3-T-B-73.json,0.0,0.0,0.0
lar02_3,FJSP,XHE,19,completed,True,132.0,1876.0,1.122719109321847,19.6437697,20.443943499936722,1000,1000,20,60,100,1-150,Behnke-Geiger,extension,17.68,1,0.0394037,0,T-G,../runs/FJSP-lar02_3-T-G-19.json,0.07369395949359259,0.0,2.4017467248908186
lar02_3,FJSP,XHE,42,completed,True,134.0,1883.0,1.1218237300827893,21.4053922,22.162466900073923,1000,1000,20,60,100,1-150,Behnke-Geiger,extension,17.68,5,0.0390471,0,T-G,../runs/FJSP-lar02_3-T-G-42.json,0.15338614529635253,1.5151515151515138,2.7838427947598277
lar02_3,FJSP,XHE,73,completed,True,136.0,1883.0,1.1210609701069825,22.8357362,23.532061700010672,1000,1000,20,60,100,1-150,Behnke-Geiger,extension,17.68,3,0.0374008,0,T-G,../runs/FJSP-lar02_3-T-G-73.json,0.22127470811236227,3.0303030303030276,2.7838427947598277
lar02_3,FJSP,XTE,19,completed,True,136.0,1927.0,1.1202324333319469,20.2538648,21.025287800002843,1000,1000,20,60,100,1-150,Behnke-Geiger,extension,17.68,5,0.03744,0,B-G,../runs/FJSP-lar02_3-B-G-19.json,0.29501765829518245,3.0303030303030276,5.185589519650646
lar02_3,FJSP,XTE,42,completed,True,139.0,1906.0,1.1194841478361885,20.2269142,20.979521300061606,1000,1000,20,60,100,1-150,Behnke-Geiger,extension,17.68,3,0.0378948,0,B-G,../runs/FJSP-lar02_3-B-G-42.json,0.36161793688131993,5.303030303030298,4.039301310043664
lar02_3,FJSP,XTE,73,completed,True,136.0,1917.0,1.120420463964209,22.4165768,23.215967199997976,1000,1000,20,60,100,1-150,Behnke-Geiger,extension,17.68,4,0.0376977,0,B-G,../runs/FJSP-lar02_3-B-G-73.json,0.2782822109794525,3.0303030303030276,4.639737991266379
lar02_3,FJSP,XHTE,19,completed,True,132.0,1876.0,1.122719109321847,25.7866409,26.50309799995739,1000,1000,20,60,100,1-150,Behnke-Geiger,extension,17.68,1,0.0401624,0,T-B-G,../runs/FJSP-lar02_3-T-B-G-19.json,0.07369395949359259,0.0,2.4017467248908186
lar02_3,FJSP,XHTE,42,completed,True,134.0,1862.0,1.1222189957149398,30.9955659,31.755834700074047,1000,1000,20,60,100,1-150,Behnke-Geiger,extension,17.68,3,0.0369633,0,T-B-G,../runs/FJSP-lar02_3-T-B-G-42.json,0.11820598830284412,1.5151515151515138,1.637554585152845
lar02_3,FJSP,XHTE,73,completed,True,132.0,1832.0,1.1235470956634166,26.2030189,26.96392290003132,1000,1000,20,60,100,1-150,Behnke-Geiger,extension,17.68,4,0.0360477,0,T-B-G,../runs/FJSP-lar02_3-T-B-G-73.json,0.0,0.0,0.0
lar02_3,FJSP,NSGA-II,19,completed,True,215,2929,1.0717726037743096,0.218228799989447,0.841764900018461,1000,1000,20,60,100,1-150,Behnke-Geiger,extension,17.68,4,0.011551499948836863,0,NSGA-II,../runs/FJSP-lar02_3-NSGA-II-19.json,4.608128318691962,62.87878787878789,59.879912663755455
lar02_3,FJSP,NSGA-II,42,completed,True,203,2916,1.076508862938867,0.2498414000729099,0.9888886000262573,1000,1000,20,60,100,1-150,Behnke-Geiger,extension,17.68,5,0.012510000029578805,0,NSGA-II,../runs/FJSP-lar02_3-NSGA-II-42.json,4.18658309082941,53.78787878787878,59.170305676855904
lar02_3,FJSP,NSGA-II,73,completed,True,198,2794,1.0806303423248136,0.21568879997357726,0.8013491999590769,1000,1000,20,60,100,1-150,Behnke-Geiger,extension,17.68,2,0.010594399995170534,0,NSGA-II,../runs/FJSP-lar02_3-NSGA-II-73.json,3.8197556207701377,50.0,52.5109170305677
lar02_3,FJSP,SPEA2,19,completed,True,199,2840,1.0794095064979952,0.2863943000556901,1.0418829000554979,1000,1000,20,60,100,1-150,Behnke-Geiger,extension,17.68,2,0.012527900049462914,0,SPEA2,../runs/FJSP-lar02_3-SPEA2-19.json,3.9284146909177586,50.75757575757576,55.021834061135365
lar02_3,FJSP,SPEA2,42,completed,True,201,2785,1.0796648532230761,0.2678681000834331,1.031237000017427,1000,1000,20,60,100,1-150,Behnke-Geiger,extension,17.68,2,0.012056800071150064,0,SPEA2,../runs/FJSP-lar02_3-SPEA2-42.json,3.9056878532029327,52.27272727272727,52.019650655021834
lar02_3,FJSP,SPEA2,73,completed,True,209,2899,1.0745751485690331,0.24272470001596957,0.9497848999453709,1000,1000,20,60,100,1-150,Behnke-Geiger,extension,17.68,2,0.012242699973285198,0,SPEA2,../runs/FJSP-lar02_3-SPEA2-73.json,4.358691084993382,58.33333333333333,58.24235807860263
lar02_3,FJSP,MOEA/D,19,completed,True,202,2865,1.0778275319139405,0.4496221999870613,1.2388133000349626,1000,1000,20,60,100,1-150,Behnke-Geiger,extension,17.68,1,0.015717700007371604,0,MOEA-D,../runs/FJSP-lar02_3-MOEA-D-19.json,4.06921649532459,53.03030303030303,56.386462882096076
lar02_3,FJSP,MOEA/D,42,completed,True,208,2838,1.0760686889762898,0.413539000088349,1.1038814999628812,1000,1000,20,60,100,1-150,Behnke-Geiger,extension,17.68,3,0.013339400058612227,0,MOEA-D,../runs/FJSP-lar02_3-MOEA-D-42.json,4.22576026144168,57.57575757575757,54.91266375545851
lar02_3,FJSP,MOEA/D,73,completed,True,189,2769,1.0844768833945104,0.3615787000162527,1.0599265999626368,1000,1000,20,60,100,1-150,Behnke-Geiger,extension,17.68,2,0.012413399992510676,0,MOEA-D,../runs/FJSP-lar02_3-MOEA-D-73.json,3.477398715167923,43.18181818181819,51.14628820960698
lar02_3,FJSP,SMS-EMOA,19,completed,True,207,2882,1.0756272349358846,0.2347728000022471,0.8971734999213368,1000,1000,20,60,100,1-150,Behnke-Geiger,extension,17.68,5,0.011148099903948605,0,SMS-EMOA,../runs/FJSP-lar02_3-SMS-EMOA-19.json,4.265051363889372,56.81818181818181,57.31441048034935
lar02_3,FJSP,SMS-EMOA,42,completed,True,206,2857,1.0764687933026331,0.24873309989925474,0.9965409999713302,1000,1000,20,60,100,1-150,Behnke-Geiger,extension,17.68,2,0.013068199972622097,0,SMS-EMOA,../runs/FJSP-lar02_3-SMS-EMOA-42.json,4.19014944210997,56.060606060606055,55.94978165938864
lar02_3,FJSP,SMS-EMOA,73,completed,True,206,2863,1.0763616699895358,0.22410200000740588,0.8714012000709772,1000,1000,20,60,100,1-150,Behnke-Geiger,extension,17.68,2,0.01146299997344613,0,SMS-EMOA,../runs/FJSP-lar02_3-SMS-EMOA-73.json,4.199683827763312,56.060606060606055,56.27729257641923
lar03_3,FJSP,XG,19,completed,True,239.0,7320.0,1.1505456473209772,0.1497689,0.8321050000376999,1,1000,50,60,250,151-500,Behnke-Geiger,extension,18.688,1,0.149699,0,F,../runs/FJSP-lar03_3-F-19.json,0.3240135754965401,7.17488789237668,6.954997077732328
lar03_3,FJSP,XG,42,completed,True,239.0,7320.0,1.1505456473209772,0.1558069,2.0669791999971494,1,1000,50,60,250,151-500,Behnke-Geiger,extension,18.688,1,0.155755,0,F,../runs/FJSP-lar03_3-F-42.json,0.3240135754965401,7.17488789237668,6.954997077732328
lar03_3,FJSP,XG,73,completed,True,239.0,7320.0,1.1505456473209772,0.1464585,0.8687688999343663,1,1000,50,60,250,151-500,Behnke-Geiger,extension,18.688,1,0.1463914,0,F,../runs/FJSP-lar03_3-F-73.json,0.3240135754965401,7.17488789237668,6.954997077732328
lar03_3,FJSP,XH,19,completed,True,225.0,6928.0,1.1538779073201244,167.8865946,168.65367569995578,1000,1000,50,60,250,151-500,Behnke-Geiger,extension,18.688,2,0.1553496,0,T,../runs/FJSP-lar03_3-T-19.json,0.035327678321306344,0.8968609865470878,1.2273524254821755
lar03_3,FJSP,XH,42,completed,True,223.0,6966.0,1.1540690198464534,214.7889436,215.658509699977,1000,1000,50,60,250,151-500,Behnke-Geiger,extension,18.688,5,0.1675332,0,T,../runs/FJSP-lar03_3-T-42.json,0.018770899696940457,0.0,1.7825832846288803
lar03_3,FJSP,XH,73,completed,True,223.0,6970.0,1.1540571939598565,224.4398037,225.29653309995774,1000,1000,50,60,250,151-500,Behnke-Geiger,extension,18.688,2,0.1645546,0,T,../runs/FJSP-lar03_3-T-73.json,0.019795419597246067,0.0,1.8410286382232632
lar03_3,FJSP,XT,19,completed,True,227.0,7066.0,1.1531529395295135,144.6827666,145.48543199989945,1000,1000,50,60,250,151-500,Behnke-Geiger,extension,18.688,2,0.1466684,0,B,../runs/FJSP-lar03_3-B-19.json,0.09813429518470418,1.7937219730941756,3.24371712448861
lar03_3,FJSP,XT,42,completed,True,229.0,7069.0,1.1528375618395001,171.3896609,172.14859799994156,1000,1000,50,60,250,151-500,Behnke-Geiger,extension,18.688,1,0.1425976,0,B,../runs/FJSP-lar03_3-B-42.json,0.12545662039757932,2.6905829596412634,3.287551139684397
lar03_3,FJSP,XT,73,completed,True,228.0,7108.0,1.1528724024902917,145.1392727,145.91364579997025,1000,1000,50,60,250,151-500,Behnke-Geiger,extension,18.688,6,0.1544375,0,B,../runs/FJSP-lar03_3-B-73.json,0.12243824712102613,2.2421524663677195,3.8573933372296976
lar03_3,FJSP,XE,19,completed,True,237.0,7309.0,1.1508852317556701,13.4907223,14.1833468999248,1000,1000,50,60,250,151-500,Behnke-Geiger,extension,18.688,1,0.1458264,0,G,../runs/FJSP-lar03_3-G-19.json,0.2945941312691436,6.278026905829592,6.794272355347752
lar03_3,FJSP,XE,42,completed,True,237.0,7303.0,1.1509033904388122,12.0639593,12.84772650001105,1000,1000,50,60,250,151-500,Behnke-Geiger,extension,18.688,1,0.1575839,0,G,../runs/FJSP-lar03_3-G-42.json,0.2930209779930748,6.278026905829592,6.706604324956156
lar03_3,FJSP,XE,73,completed,True,238.0,7315.0,1.1507138989286172,11.4709262,12.258793100016192,1000,1000,50,60,250,151-500,Behnke-Geiger,extension,18.688,2,0.1512282,0,G,../runs/FJSP-lar03_3-G-73.json,0.30943732204837815,6.726457399103136,6.881940385739327
lar03_3,FJSP,XHT,19,completed,True,224.0,6844.0,1.1542856896554747,159.2885353,160.00214329990558,1000,1000,50,60,250,151-500,Behnke-Geiger,extension,18.688,8,0.1529713,0,T-B,../runs/FJSP-lar03_3-T-B-19.json,0.0,0.4484304932735439,0.0
lar03_3,FJSP,XHT,42,timeout,False,,,,,240.54898569989018,,1000,50,60,250,151-500,Behnke-Geiger,extension,18.688,,,,T-B,../runs/FJSP-lar03_3-T-B-42.json,,,
lar03_3,FJSP,XHT,73,completed,True,223.0,6959.0,1.154090491725478,208.5451031,209.21473860007245,1000,1000,50,60,250,151-500,Behnke-Geiger,extension,18.688,4,0.1411064,0,T-B,../runs/FJSP-lar03_3-T-B-73.json,0.016910712117990112,0.0,1.6803039158386879
lar03_3,FJSP,XHE,19,completed,True,225.0,6928.0,1.153877921415917,77.3125796,78.09192859998439,1000,1000,50,60,250,151-500,Behnke-Geiger,extension,18.688,2,0.1532682,0,T-G,../runs/FJSP-lar03_3-T-G-19.json,0.03532645715113025,0.8968609865470878,1.2273524254821755
lar03_3,FJSP,XHE,42,completed,True,223.0,6966.0,1.1540690182355056,115.5534205,116.37365890003275,1000,1000,50,60,250,151-500,Behnke-Geiger,extension,18.688,4,0.1550023,0,T-G,../runs/FJSP-lar03_3-T-G-42.json,0.018771039259257716,0.0,1.7825832846288803
lar03_3,FJSP,XHE,73,completed,True,223.0,6970.0,1.154057175433958,111.092188,111.91984109999612,1000,1000,50,60,250,151-500,Behnke-Geiger,extension,18.688,3,0.150511,0,T-G,../runs/FJSP-lar03_3-T-G-73.json,0.019797024563739107,0.0,1.8410286382232632
lar03_3,FJSP,XTE,19,completed,True,227.0,7066.0,1.1531529495979367,88.9661338,89.71081410010811,1000,1000,50,60,250,151-500,Behnke-Geiger,extension,18.688,2,0.1397345,0,B-G,../runs/FJSP-lar03_3-B-G-19.json,0.09813342292029903,1.7937219730941756,3.24371712448861
lar03_3,FJSP,XTE,42,completed,True,229.0,7096.0,1.152755757955026,79.6166809,80.40662040002644,1000,1000,50,60,250,151-500,Behnke-Geiger,extension,18.688,2,0.1522186,0,B-G,../runs/FJSP-lar03_3-B-G-42.json,0.13254359073838762,2.6905829596412634,3.6820572764465265
lar03_3,FJSP,XTE,73,completed,True,229.0,7108.0,1.1527191751851067,88.231471,88.94030599994585,1000,1000,50,60,250,151-500,Behnke-Geiger,extension,18.688,6,0.1423258,0,B-G,../runs/FJSP-lar03_3-B-G-73.json,0.13571289018021737,2.6905829596412634,3.8573933372296976
lar03_3,FJSP,XHTE,19,completed,True,225.0,6844.0,1.154132420868386,103.5022264,104.30188340006862,1000,1000,50,60,250,151-500,Behnke-Geiger,extension,18.688,7,0.1558265,0,T-B-G,../runs/FJSP-lar03_3-T-B-G-19.json,0.013278236788538678,0.8968609865470878,0.0
lar03_3,FJSP,XHTE,42,completed,True,223.0,6982.0,1.1540205467520288,163.0202904,163.82391559996177,1000,1000,50,60,250,151-500,Behnke-Geiger,extension,18.688,3,0.1584851,0,T-B-G,../runs/FJSP-lar03_3-T-B-G-42.json,0.022970301531244353,0.0,2.0163646990064343
lar03_3,FJSP,XHTE,73,completed,True,223.0,6959.0,1.1540905110568507,134.7310468,135.49295869993512,1000,1000,50,60,250,151-500,Behnke-Geiger,extension,18.688,4,0.1477525,0,T-B-G,../runs/FJSP-lar03_3-T-B-G-73.json,0.016909037370316238,0.0,1.6803039158386879
lar03_3,FJSP,NSGA-II,19,completed,True,366,11232,1.1194583100123483,0.5909033000934869,1.334668600000441,1000,1000,50,60,250,151-500,Behnke-Geiger,extension,18.688,3,0.027967500034719706,0,NSGA-II,../runs/FJSP-lar03_3-NSGA-II-19.json,3.0172235483159726,64.1255605381166,64.114552893045
lar03_3,FJSP,NSGA-II,42,completed,True,374,11550,1.1173013248897126,0.5806694000493735,1.3704776000231504,1000,1000,50,60,250,151-500,Behnke-Geiger,extension,18.688,3,0.024034300004132092,0,NSGA-II,../runs/FJSP-lar03_3-NSGA-II-42.json,3.204091075303994,67.71300448430493,68.76095850379895
lar03_3,FJSP,NSGA-II,73,completed,True,376,11520,1.1170880813248294,0.5661219999892637,1.347054100013338,1000,1000,50,60,250,151-500,Behnke-Geiger,extension,18.688,3,0.024637799942865968,0,NSGA-II,../runs/FJSP-lar03_3-NSGA-II-73.json,3.2225651469133143,68.60986547085201,68.32261835184103
lar03_3,FJSP,SPEA2,19,completed,True,365,11559,1.1186375023915025,0.5864849000936374,1.2849672000156716,1000,1000,50,60,250,151-500,Behnke-Geiger,extension,18.688,2,0.025678400066681206,0,SPEA2,../runs/FJSP-lar03_3-SPEA2-19.json,3.088333120946196,63.677130044843054,68.89246054938631
lar03_3,FJSP,SPEA2,42,completed,True,382,11452,1.1163791244213253,0.5392046999186277,1.1911411000182852,1000,1000,50,60,250,151-500,Behnke-Geiger,extension,18.688,4,0.02300950000062585,0,SPEA2,../runs/FJSP-lar03_3-SPEA2-42.json,3.2839846819433083,71.30044843049328,67.32904734073641
lar03_3,FJSP,SPEA2,73,completed,True,374,11501,1.11744369170899,0.5867922999896109,1.3015819999855012,1000,1000,50,60,250,151-500,Behnke-Geiger,extension,18.688,4,0.024993599974550307,0,SPEA2,../runs/FJSP-lar03_3-SPEA2-73.json,3.1917573159449875,67.71300448430493,68.04500292226767
lar03_3,FJSP,MOEA/D,19,completed,True,348,10875,1.1232525529644874,0.6634872000431642,1.3394446999300271,1000,1000,50,60,250,151-500,Behnke-Geiger,extension,18.688,1,0.0225499999942258,0,MOEA-D,../runs/FJSP-lar03_3-MOEA-D-19.json,2.6885143746562368,56.05381165919283,58.89830508474576
lar03_3,FJSP,MOEA/D,42,completed,True,369,11462,1.1183209986490392,0.8046099001076072,1.5975813999539241,1000,1000,50,60,250,151-500,Behnke-Geiger,extension,18.688,3,0.0319352000951767,0,MOEA-D,../runs/FJSP-lar03_3-MOEA-D-42.json,3.115753000210031,65.4708520179372,67.4751607247224
lar03_3,FJSP,MOEA/D,73,completed,True,375,11548,1.1171566563080717,0.6800890000304207,1.3444170999573544,1000,1000,50,60,250,151-500,Behnke-Geiger,extension,18.688,2,0.023886000039055943,0,MOEA-D,../runs/FJSP-lar03_3-MOEA-D-73.json,3.216624244772981,68.16143497757847,68.73173582700176
lar03_3,FJSP,SMS-EMOA,19,completed,True,374,11438,1.117635135969726,0.5040363000007346,1.1565917000407353,1000,1000,50,60,250,151-500,Behnke-Geiger,extension,18.688,1,0.02234249992761761,0,SMS-EMOA,../runs/FJSP-lar03_3-SMS-EMOA-19.json,3.175171797953058,67.71300448430493,67.12448860315605
lar03_3,FJSP,SMS-EMOA,42,completed,True,368,11542,1.1182319833168646,0.5685323999496177,1.313049599993974,1000,1000,50,60,250,151-500,Behnke-Geiger,extension,18.688,4,0.025282499962486327,0,SMS-EMOA,../runs/FJSP-lar03_3-SMS-EMOA-42.json,3.123464724696645,65.02242152466368,68.64406779661016
lar03_3,FJSP,SMS-EMOA,73,completed,True,377,11729,1.116313921353009,0.5473723000613973,1.2721684999996796,1000,1000,50,60,250,151-500,Behnke-Geiger,extension,18.688,7,0.025026399991475046,0,SMS-EMOA,../runs/FJSP-lar03_3-SMS-EMOA-73.json,3.289633462734798,69.05829596412556,71.37638807714785
lar03_4,FJSP,XG,19,completed,True,260.0,7839.0,1.1456193403692585,0.1308225,0.9436083999462426,1,1000,50,60,250,151-500,Behnke-Geiger,extension,17.568,1,0.1307489,0,F,../runs/FJSP-lar03_4-F-19.json,0.44790197209637617,8.786610878661083,9.636363636363644
lar03_4,FJSP,XG,42,completed,True,260.0,7839.0,1.1456193403692585,0.1425106,0.9137777999276295,1,1000,50,60,250,151-500,Behnke-Geiger,extension,17.568,1,0.1424425,0,F,../runs/FJSP-lar03_4-F-42.json,0.44790197209637617,8.786610878661083,9.636363636363644
lar03_4,FJSP,XG,73,completed,True,260.0,7839.0,1.1456193403692585,0.1350907,0.896363899926655,1,1000,50,60,250,151-500,Behnke-Geiger,extension,17.568,1,0.1350289,0,F,../runs/FJSP-lar03_4-F-73.json,0.44790197209637617,8.786610878661083,9.636363636363644
lar03_4,FJSP,XH,19,completed,True,240.0,7268.0,1.15041579124539,106.0669398,106.87677150010131,1000,1000,50,60,250,151-500,Behnke-Geiger,extension,17.568,5,0.1298534,0,T,../runs/FJSP-lar03_4-T-19.json,0.031099696697667323,0.4184100418409997,1.6503496503496473
lar03_4,FJSP,XH,42,completed,True,243.0,7310.0,1.1498283105755864,132.2271286,132.9655515999766,1000,1000,50,60,250,151-500,Behnke-Geiger,extension,17.568,1,0.1232157,0,T,../runs/FJSP-lar03_4-T-42.json,0.0821506271148631,1.673640167364021,2.237762237762242
lar03_4,FJSP,XH,73,completed,True,239.0,7303.0,1.150463507071443,121.3070837,122.08260899991728,1000,1000,50,60,250,151-500,Behnke-Geiger,extension,17.568,1,0.1329317,0,T,../runs/FJSP-lar03_4-T-73.json,0.026953283988551124,0.0,2.139860139860139
lar03_4,FJSP,XT,19,completed,True,245.0,7452.0,1.1490910824426466,147.8033092,148.67675350001082,1000,1000,50,60,250,151-500,Behnke-Geiger,extension,17.568,1,0.1461452,0,B,../runs/FJSP-lar03_4-B-19.json,0.14621432154909852,2.5104602510460206,4.223776223776232
lar03_4,FJSP,XT,42,completed,True,244.0,7405.0,1.1493868337430266,148.852718,149.60031939996406,1000,1000,50,60,250,151-500,Behnke-Geiger,extension,17.568,2,0.1338954,0,B,../runs/FJSP-lar03_4-B-42.json,0.12051410734197354,2.092050209205021,3.566433566433558
lar03_4,FJSP,XT,73,completed,True,246.0,7512.0,1.1487557849190981,148.2382852,148.95722930005286,1000,1000,50,60,250,151-500,Behnke-Geiger,extension,17.568,4,0.12793,0,B,../runs/FJSP-lar03_4-B-73.json,0.1753510258247437,2.9288702928870203,5.062937062937056
lar03_4,FJSP,XE,19,completed,True,259.0,7778.0,1.1459570961126075,12.8918819,13.638764500035904,1000,1000,50,60,250,151-500,Behnke-Geiger,extension,17.568,1,0.1272852,0,G,../runs/FJSP-lar03_4-G-19.json,0.4185516532893119,8.368200836820083,8.783216783216785
lar03_4,FJSP,XE,42,completed,True,260.0,7749.0,1.145891483397752,13.1224454,13.845396799966693,1000,1000,50,60,250,151-500,Behnke-Geiger,extension,17.568,1,0.136034,0,G,../runs/FJSP-lar03_4-G-42.json,0.4242532709130775,8.786610878661083,8.377622377622384
lar03_4,FJSP,XE,73,completed,True,254.0,7796.0,1.146668939781302,13.0794173,13.766085500014015,1000,1000,50,60,250,151-500,Behnke-Geiger,extension,17.568,4,0.1232406,0,G,../runs/FJSP-lar03_4-G-73.json,0.35669381954887003,6.2761506276150625,9.034965034965037
lar03_4,FJSP,XHT,19,completed,True,240.0,7307.0,1.1502975361101224,98.901443,99.74753339996096,1000,1000,50,60,250,151-500,Behnke-Geiger,extension,17.568,3,0.135993,0,T-B,../runs/FJSP-lar03_4-T-B-19.json,0.04137583852211746,0.4184100418409997,2.195804195804185
lar03_4,FJSP,XHT,42,completed,True,240.0,7150.0,1.1507736783690394,133.3521651,134.10187440004665,1000,1000,50,60,250,151-500,Behnke-Geiger,extension,17.568,3,0.1297626,0,T-B,../runs/FJSP-lar03_4-T-B-42.json,0.0,0.4184100418409997,0.0
lar03_4,FJSP,XHT,73,completed,True,239.0,7317.0,1.1504210547672933,121.7203823,122.52136309992056,1000,1000,50,60,250,151-500,Behnke-Geiger,extension,17.568,1,0.1332184,0,T-B,../runs/FJSP-lar03_4-T-B-73.json,0.030642306856198953,0.0,2.3356643356643447
lar03_4,FJSP,XHE,19,completed,True,240.0,7307.0,1.1502975361101224,59.3138899,60.148522799951024,1000,1000,50,60,250,151-500,Behnke-Geiger,extension,17.568,3,0.1327805,0,T-G,../runs/FJSP-lar03_4-T-G-19.json,0.04137583852211746,0.4184100418409997,2.195804195804185
lar03_4,FJSP,XHE,42,completed,True,241.0,7265.0,1.1502717131707663,78.6670903,79.3869625000516,1000,1000,50,60,250,151-500,Behnke-Geiger,extension,17.568,1,0.1217535,0,T-G,../runs/FJSP-lar03_4-T-G-42.json,0.04361980185231262,0.8368200836819994,1.6083916083916128
lar03_4,FJSP,XHE,73,completed,True,239.0,7317.0,1.1504210547672933,73.1229804,73.8847020000685,1000,1000,50,60,250,151-500,Behnke-Geiger,extension,17.568,1,0.1412591,0,T-G,../runs/FJSP-lar03_4-T-G-73.json,0.030642306856198953,0.0,2.3356643356643447
lar03_4,FJSP,XTE,19,completed,True,244.0,7446.0,1.1492626911954074,75.7985754,76.67583830002695,1000,1000,50,60,250,151-500,Behnke-Geiger,extension,17.568,2,0.1490184,0,B-G,../runs/FJSP-lar03_4-B-G-19.json,0.1313018538774302,2.092050209205021,4.139860139860141
lar03_4,FJSP,XTE,42,completed,True,246.0,7403.0,1.149085962543796,78.7349454,79.50691930006724,1000,1000,50,60,250,151-500,Behnke-Geiger,extension,17.568,3,0.1374351,0,B-G,../runs/FJSP-lar03_4-B-G-42.json,0.14665923082595178,2.9288702928870203,3.5384615384615348
lar03_4,FJSP,XTE,73,completed,True,246.0,7518.0,1.1487376752254341,85.2417497,85.9634671000531,1000,1000,50,60,250,151-500,Behnke-Geiger,extension,17.568,2,0.125466,0,B-G,../runs/FJSP-lar03_4-B-G-73.json,0.1769247230689941,2.9288702928870203,5.1468531468531475
lar03_4,FJSP,XHTE,19,completed,True,240.0,7360.0,1.1501369124171048,73.5989759,74.33891209994908,1000,1000,50,60,250,151-500,Behnke-Geiger,extension,17.568,3,0.1240624,0,T-B-G,../runs/FJSP-lar03_4-T-B-G-19.json,0.055333725814543655,0.4184100418409997,2.9370629370629286
lar03_4,FJSP,XHTE,42,completed,True,240.0,7150.0,1.1507734942887888,100.3962429,101.10092900006566,1000,1000,50,60,250,151-500,Behnke-Geiger,extension,17.568,3,0.1278894,0,T-B-G,../runs/FJSP-lar03_4-T-B-G-42.json,1.599621664016837e-05,0.4184100418409997,0.0
lar03_4,FJSP,XHTE,73,completed,True,242.0,7232.0,1.150218026185962,111.5771985,112.37971570005175,1000,1000,50,60,250,151-500,Behnke-Geiger,extension,17.568,4,0.1221089,0,T-B-G,../runs/FJSP-lar03_4-T-B-G-73.json,0.048285096672084915,1.2552301255230214,1.146853146853144
lar03_4,FJSP,NSGA-II,19,completed,True,392,12043,1.1128968456959036,0.515376599971205,1.196828500018455,1000,1000,50,60,250,151-500,Behnke-Geiger,extension,17.568,7,0.022969699930399656,0,NSGA-II,../runs/FJSP-lar03_4-NSGA-II-19.json,3.2914232733249227,64.01673640167364,68.43356643356644
lar03_4,FJSP,NSGA-II,42,completed,True,381,11694,1.115603929413437,0.5830051999073476,1.3412947000470012,1000,1000,50,60,250,151-500,Behnke-Geiger,extension,17.568,2,0.025534899905323982,0,NSGA-II,../runs/FJSP-lar03_4-NSGA-II-42.json,3.056182950364972,59.41422594142261,63.55244755244755
lar03_4,FJSP,NSGA-II,73,completed,True,378,11699,1.1160387117934616,0.5567792999790981,1.2438923000590876,1000,1000,50,60,250,151-500,Behnke-Geiger,extension,17.568,3,0.024683000054210424,0,NSGA-II,../runs/FJSP-lar03_4-NSGA-II-73.json,3.018401205075072,58.15899581589959,63.62237762237761
lar03_4,FJSP,SPEA2,19,completed,True,377,11664,1.1162912640307336,0.596234199940227,1.4029828000348061,1000,1000,50,60,250,151-500,Behnke-Geiger,extension,17.568,6,0.026524799992330372,0,SPEA2,../runs/FJSP-lar03_4-SPEA2-19.json,2.9964549056402445,57.74058577405859,63.13286713286714
lar03_4,FJSP,SPEA2,42,completed,True,375,11719,1.1164358165873742,0.6061638999963179,1.3365584999555722,1000,1000,50,60,250,151-500,Behnke-Geiger,extension,17.568,7,0.02411320002283901,0,SPEA2,../runs/FJSP-lar03_4-SPEA2-42.json,2.983893568918894,56.90376569037656,63.90209790209791
lar03_4,FJSP,SPEA2,73,completed,True,386,11963,1.1140460696226708,0.6033404000336304,1.3123663000296801,1000,1000,50,60,250,151-500,Behnke-Geiger,extension,17.568,3,0.0246595999924466,0,SPEA2,../runs/FJSP-lar03_4-SPEA2-73.json,3.1915579437324038,61.50627615062763,67.31468531468532
lar03_4,FJSP,MOEA/D,19,completed,True,372,12044,1.1159275509896731,0.7451717000221834,1.52465050003957,1000,1000,50,60,250,151-500,Behnke-Geiger,extension,17.568,1,0.024063400109298527,0,MOEA-D,../runs/FJSP-lar03_4-MOEA-D-19.json,3.0280608632579087,55.64853556485356,68.44755244755245
lar03_4,FJSP,MOEA/D,42,completed,True,370,11801,1.116953862024894,0.6907639999408275,1.2935400999849662,1000,1000,50,60,250,151-500,Behnke-Geiger,extension,17.568,2,0.021620400017127395,0,MOEA-D,../runs/FJSP-lar03_4-MOEA-D-42.json,2.938876425473802,54.81171548117154,65.04895104895105
lar03_4,FJSP,MOEA/D,73,completed,True,378,12091,1.114878193754416,0.6825938000110909,1.353372700046748,1000,1000,50,60,250,151-500,Behnke-Geiger,extension,17.568,2,0.022866599960252643,0,MOEA-D,../runs/FJSP-lar03_4-MOEA-D-73.json,3.1192479711125376,58.15899581589959,69.1048951048951
lar03_4,FJSP,SMS-EMOA,19,completed,True,388,11714,1.1144806684888455,0.5492773000150919,1.2719153999350965,1000,1000,50,60,250,151-500,Behnke-Geiger,extension,17.568,3,0.027656099991872907,0,SMS-EMOA,../runs/FJSP-lar03_4-SMS-EMOA-19.json,3.1537921454400153,62.34309623430963,63.832167832167826
lar03_4,FJSP,SMS-EMOA,42,completed,True,383,11292,1.1164966851293765,0.5901175000471994,1.3182986999163404,1000,1000,50,60,250,151-500,Behnke-Geiger,extension,17.568,1,0.024677000008523464,0,SMS-EMOA,../runs/FJSP-lar03_4-SMS-EMOA-42.json,2.978604210711766,60.25104602510461,57.930069930069926
lar03_4,FJSP,SMS-EMOA,73,completed,True,380,11401,1.1166234019684977,0.5921318000182509,1.2932910999516025,1000,1000,50,60,250,151-500,Behnke-Geiger,extension,17.568,3,0.023973300005309284,0,SMS-EMOA,../runs/FJSP-lar03_4-SMS-EMOA-73.json,2.9675927632392463,58.99581589958159,59.454545454545446
lar04_2,FJSP,XG,19,completed,True,434.0,23710.0,1.1575211228617386,0.3618877,1.1948393000056967,1,1000,100,60,500,151-500,Behnke-Geiger,extension,18.696,1,0.3617556,0,F,../runs/FJSP-lar04_2-F-19.json,0.2768775833332904,6.633906633906639,6.509141547998731
lar04_2,FJSP,XG,42,completed,True,434.0,23710.0,1.1575211228617386,0.3238724,1.2210281000006944,1,1000,100,60,500,151-500,Behnke-Geiger,extension,18.696,1,0.3237369,0,F,../runs/FJSP-lar04_2-F-42.json,0.2768775833332904,6.633906633906639,6.509141547998731
lar04_2,FJSP,XG,73,completed,True,434.0,23710.0,1.1575211228617386,0.349321,1.130474100005813,1,1000,100,60,500,151-500,Behnke-Geiger,extension,18.696,1,0.3492093,0,F,../runs/FJSP-lar04_2-F-73.json,0.2768775833332904,6.633906633906639,6.509141547998731
lar04_2,FJSP,XH,19,timeout,False,,,,,240.42776610003784,,1000,100,60,500,151-500,Behnke-Geiger,extension,18.696,,,,T,../runs/FJSP-lar04_2-T-19.json,,,
lar04_2,FJSP,XH,42,timeout,False,,,,,240.33274099999107,,1000,100,60,500,151-500,Behnke-Geiger,extension,18.696,,,,T,../runs/FJSP-lar04_2-T-42.json,,,
lar04_2,FJSP,XH,73,timeout,False,,,,,240.53407129994594,,1000,100,60,500,151-500,Behnke-Geiger,extension,18.696,,,,T,../runs/FJSP-lar04_2-T-73.json,,,
lar04_2,FJSP,XT,19,timeout,False,,,,,240.46384179999586,,1000,100,60,500,151-500,Behnke-Geiger,extension,18.696,,,,B,../runs/FJSP-lar04_2-B-19.json,,,
lar04_2,FJSP,XT,42,timeout,False,,,,,240.4822850000346,,1000,100,60,500,151-500,Behnke-Geiger,extension,18.696,,,,B,../runs/FJSP-lar04_2-B-42.json,,,
lar04_2,FJSP,XT,73,timeout,False,,,,,240.5375944999978,,1000,100,60,500,151-500,Behnke-Geiger,extension,18.696,,,,B,../runs/FJSP-lar04_2-B-73.json,,,
lar04_2,FJSP,XE,19,completed,True,420.0,23130.0,1.159055426717562,31.1712339,32.06292830000166,1000,1000,100,60,500,151-500,Behnke-Geiger,extension,18.696,1,0.3864613,0,G,../runs/FJSP-lar04_2-G-19.json,0.1446937568642337,3.194103194103204,3.9036880643277483
lar04_2,FJSP,XE,42,completed,True,420.0,23220.0,1.158986252997394,28.6024263,29.48334569996223,1000,1000,100,60,500,151-500,Behnke-Geiger,extension,18.696,3,0.3467155,0,G,../runs/FJSP-lar04_2-G-42.json,0.15065323287557497,3.194103194103204,4.307982570414626
lar04_2,FJSP,XE,73,completed,True,418.0,23329.0,1.1590580752855688,31.0372376,31.9726625001058,1000,1000,100,60,500,151-500,Behnke-Geiger,extension,18.696,2,0.4822045,0,G,../runs/FJSP-lar04_2-G-73.json,0.14446557660352521,2.7027027027026973,4.797628138897614
lar04_2,FJSP,XHT,19,timeout,False,,,,,240.37309969996568,,1000,100,60,500,151-500,Behnke-Geiger,extension,18.696,,,,T-B,../runs/FJSP-lar04_2-T-B-19.json,,,
lar04_2,FJSP,XHT,42,timeout,False,,,,,240.4004592000274,,1000,100,60,500,151-500,Behnke-Geiger,extension,18.696,,,,T-B,../runs/FJSP-lar04_2-T-B-42.json,,,
lar04_2,FJSP,XHT,73,timeout,False,,,,,240.37975190009456,,1000,100,60,500,151-500,Behnke-Geiger,extension,18.696,,,,T-B,../runs/FJSP-lar04_2-T-B-73.json,,,
lar04_2,FJSP,XHE,19,completed,True,407.0,22261.0,1.1607349377061646,221.2583803,222.05628629995044,1000,1000,100,60,500,151-500,Behnke-Geiger,extension,18.696,2,0.3356066,0,T-G,../runs/FJSP-lar04_2-T-G-19.json,0.0,0.0,0.0
lar04_2,FJSP,XHE,42,timeout,False,,,,,240.44462630001362,,1000,100,60,500,151-500,Behnke-Geiger,extension,18.696,,,,T-G,../runs/FJSP-lar04_2-T-G-42.json,,,
lar04_2,FJSP,XHE,73,timeout,False,,,,,240.4979953999864,,1000,100,60,500,151-500,Behnke-Geiger,extension,18.696,,,,T-G,../runs/FJSP-lar04_2-T-G-73.json,,,
lar04_2,FJSP,XTE,19,completed,True,410.0,22854.0,1.1600455320359444,185.9192953,186.76338220003527,1000,1000,100,60,500,151-500,Behnke-Geiger,extension,18.696,3,0.3409753,0,B-G,../runs/FJSP-lar04_2-B-G-19.json,0.059393893284764854,0.7371007371007376,2.663851578994647
lar04_2,FJSP,XTE,42,completed,True,409.0,22659.0,1.1602732797198976,183.7348698,184.62495740002487,1000,1000,100,60,500,151-500,Behnke-Geiger,extension,18.696,2,0.3427036,0,B-G,../runs/FJSP-lar04_2-B-G-42.json,0.03977290346575124,0.49140049140048436,1.7878801491397533
lar04_2,FJSP,XTE,73,completed,True,411.0,22839.0,1.1599792450273,207.426841,208.22367760003544,1000,1000,100,60,500,151-500,Behnke-Geiger,extension,18.696,3,0.3188453,0,B-G,../runs/FJSP-lar04_2-B-G-73.json,0.06510467242055729,0.9828009828009909,2.5964691613135082
lar04_2,FJSP,XHTE,19,timeout,False,,,,,240.31648320006207,,1000,100,60,500,151-500,Behnke-Geiger,extension,18.696,,,,T-B-G,../runs/FJSP-lar04_2-T-B-G-19.json,,,
lar04_2,FJSP,XHTE,42,timeout,False,,,,,240.26296079996973,,1000,100,60,500,151-500,Behnke-Geiger,extension,18.696,,,,T-B-G,../runs/FJSP-lar04_2-T-B-G-42.json,,,
lar04_2,FJSP,XHTE,73,timeout,False,,,,,240.33404590003192,,1000,100,60,500,151-500,Behnke-Geiger,extension,18.696,,,,T-B-G,../runs/FJSP-lar04_2-T-B-G-73.json,,,
lar04_2,FJSP,NSGA-II,19,completed,True,632,36626,1.1323407834653572,1.2199932999210432,1.918796099955216,1000,1000,100,60,500,151-500,Behnke-Geiger,extension,18.696,4,0.046794299967586994,0,NSGA-II,../runs/FJSP-lar04_2-NSGA-II-19.json,2.4462220717608285,55.28255528255528,64.52989533264453
lar04_2,FJSP,NSGA-II,42,completed,True,656,37236,1.1300302905621105,1.1912592999869958,1.8819605000317097,1000,1000,100,60,500,151-500,Behnke-Geiger,extension,18.696,3,0.042476499918848276,0,NSGA-II,../runs/FJSP-lar04_2-NSGA-II-42.json,2.645276380215833,61.17936117936118,67.27011365167783
lar04_2,FJSP,NSGA-II,73,completed,True,645,37074,1.131000449948105,1.2154593999730423,1.9110314000863582,1000,1000,100,60,500,151-500,Behnke-Geiger,extension,18.696,3,0.043463599984534085,0,NSGA-II,../runs/FJSP-lar04_2-NSGA-II-73.json,2.5616949048523296,58.476658476658486,66.54238354072145
lar04_2,FJSP,SPEA2,19,completed,True,640,36591,1.1317507807367928,1.3173625000054017,2.061052000033669,1000,1000,100,60,500,151-500,Behnke-Geiger,extension,18.696,3,0.04708659998141229,0,SPEA2,../runs/FJSP-lar04_2-SPEA2-19.json,2.497052171674108,57.24815724815724,64.37266969138852
lar04_2,FJSP,SPEA2,42,completed,True,641,36024,1.1321028218769205,1.212041400023736,1.8787179000210017,1000,1000,100,60,500,151-500,Behnke-Geiger,extension,18.696,4,0.044410399976186454,0,SPEA2,../runs/FJSP-lar04_2-SPEA2-42.json,2.466723013078831,57.49385749385749,61.825614303041185
lar04_2,FJSP,SPEA2,73,completed,True,653,36049,1.131156617622839,1.3266321000410244,2.0695604999782518,1000,1000,100,60,500,151-500,Behnke-Geiger,extension,18.696,4,0.05179339996539056,0,SPEA2,../runs/FJSP-lar04_2-SPEA2-73.json,2.5482406984128625,60.44226044226044,61.93791833250977
lar04_2,FJSP,MOEA/D,19,completed,True,630,36383,1.132680296526011,1.4911494000116363,2.2365952999098226,1000,1000,100,60,500,151-500,Behnke-Geiger,extension,18.696,3,0.04388180002570152,0,MOEA-D,../runs/FJSP-lar04_2-MOEA-D-19.json,2.4169722361933044,54.791154791154796,63.43830016620997
lar04_2,FJSP,MOEA/D,42,completed,True,636,37390,1.1314550896824025,1.389310700003989,2.1293631000444293,1000,1000,100,60,500,151-500,Behnke-Geiger,extension,18.696,2,0.04534620000049472,0,MOEA-D,../runs/FJSP-lar04_2-MOEA-D-42.json,2.5225266400290103,56.26535626535627,67.96190647320427
lar04_2,FJSP,MOEA/D,73,completed,True,625,36862,1.1327029739208099,1.373578600003384,1.9672990000108257,1000,1000,100,60,500,151-500,Behnke-Geiger,extension,18.696,2,0.03914089989848435,0,MOEA-D,../runs/FJSP-lar04_2-MOEA-D-73.json,2.415018526171986,53.56265356265357,65.59004537082791
lar04_2,FJSP,SMS-EMOA,19,completed,True,648,36750,1.1310146262731866,1.2016474000411108,1.8473557999823242,1000,1000,100,60,500,151-500,Behnke-Geiger,extension,18.696,2,0.05007510003633797,0,SMS-EMOA,../runs/FJSP-lar04_2-SMS-EMOA-19.json,2.560473581652589,59.21375921375922,65.08692331880867
lar04_2,FJSP,SMS-EMOA,42,completed,True,648,36721,1.131036308728876,1.1514964000089094,1.8553542000008747,1000,1000,100,60,500,151-500,Behnke-Geiger,extension,18.696,3,0.042435600073076785,0,SMS-EMOA,../runs/FJSP-lar04_2-SMS-EMOA-42.json,2.558605587937146,59.21375921375922,64.95665064462513
lar04_2,FJSP,SMS-EMOA,73,completed,True,621,36341,1.1334059174188165,1.2008824999211356,1.9229379000607878,1000,1000,100,60,500,151-500,Behnke-Geiger,extension,18.696,2,0.045382199925370514,0,SMS-EMOA,../runs/FJSP-lar04_2-SMS-EMOA-73.json,2.354458317706498,52.579852579852584,63.24962939670276
lar04_4,FJSP,XG,19,completed,True,439.0,23576.0,1.157388431800928,0.3886422,1.273940399987623,1,1000,100,60,500,151-500,Behnke-Geiger,extension,18.224,1,0.3885174,0,F,../runs/FJSP-lar04_4-F-19.json,0.26019244963362276,7.073170731707323,4.452616188914971
lar04_4,FJSP,XG,42,completed,True,439.0,23576.0,1.157388431800928,0.3389818,1.0935516000026837,1,1000,100,60,500,151-500,Behnke-Geiger,extension,18.224,1,0.3388792,0,F,../runs/FJSP-lar04_4-F-42.json,0.26019244963362276,7.073170731707323,4.452616188914971
lar04_4,FJSP,XG,73,completed,True,439.0,23576.0,1.157388431800928,0.3309277,1.174851999967359,1,1000,100,60,500,151-500,Behnke-Geiger,extension,18.224,1,0.3308319,0,F,../runs/FJSP-lar04_4-F-73.json,0.26019244963362276,7.073170731707323,4.452616188914971
lar04_4,FJSP,XH,19,timeout,False,,,,,240.46317109989468,,1000,100,60,500,151-500,Behnke-Geiger,extension,18.224,,,,T,../runs/FJSP-lar04_4-T-19.json,,,
lar04_4,FJSP,XH,42,timeout,False,,,,,240.39114880003035,,1000,100,60,500,151-500,Behnke-Geiger,extension,18.224,,,,T,../runs/FJSP-lar04_4-T-42.json,,,
lar04_4,FJSP,XH,73,timeout,False,,,,,240.3667882999871,,1000,100,60,500,151-500,Behnke-Geiger,extension,18.224,,,,T,../runs/FJSP-lar04_4-T-73.json,,,
lar04_4,FJSP,XT,19,timeout,False,,,,,240.34091599995736,,1000,100,60,500,151-500,Behnke-Geiger,extension,18.224,,,,B,../runs/FJSP-lar04_4-B-19.json,,,
lar04_4,FJSP,XT,42,timeout,False,,,,,240.4266290999949,,1000,100,60,500,151-500,Behnke-Geiger,extension,18.224,,,,B,../runs/FJSP-lar04_4-B-42.json,,,
lar04_4,FJSP,XT,73,timeout,False,,,,,240.4435176999541,,1000,100,60,500,151-500,Behnke-Geiger,extension,18.224,,,,B,../runs/FJSP-lar04_4-B-73.json,,,
lar04_4,FJSP,XE,19,completed,True,438.0,23570.0,1.1574705696474692,33.0802713,33.90501360001508,1000,1000,100,60,500,151-500,Behnke-Geiger,extension,18.224,2,0.3290335,0,G,../runs/FJSP-lar04_4-G-19.json,0.2531140887467087,6.829268292682933,4.4260334056975825
lar04_4,FJSP,XE,42,completed,True,424.0,23431.0,1.1586627058137002,29.883954,30.78435480000917,1000,1000,100,60,500,151-500,Behnke-Geiger,extension,18.224,1,0.3705858,0,G,../runs/FJSP-lar04_4-G-42.json,0.15037983935672905,3.4146341463414664,3.810198927827746
lar04_4,FJSP,XE,73,completed,True,424.0,23455.0,1.1586443257567782,28.3079258,29.038711500004865,1000,1000,100,60,500,151-500,Behnke-Geiger,extension,18.224,1,0.3368688,0,G,../runs/FJSP-lar04_4-G-73.json,0.15196377029106367,3.4146341463414664,3.916530060697365
lar04_4,FJSP,XHT,19,timeout,False,,,,,240.3334356000414,,1000,100,60,500,151-500,Behnke-Geiger,extension,18.224,,,,T-B,../runs/FJSP-lar04_4-T-B-19.json,,,
lar04_4,FJSP,XHT,42,timeout,False,,,,,240.49253490008414,,1000,100,60,500,151-500,Behnke-Geiger,extension,18.224,,,,T-B,../runs/FJSP-lar04_4-T-B-42.json,,,
lar04_4,FJSP,XHT,73,timeout,False,,,,,240.3503223999869,,1000,100,60,500,151-500,Behnke-Geiger,extension,18.224,,,,T-B,../runs/FJSP-lar04_4-T-B-73.json,,,
lar04_4,FJSP,XHE,19,completed,True,410.0,22571.0,1.1604077250865685,214.5535712,215.38059509999584,1000,1000,100,60,500,151-500,Behnke-Geiger,extension,18.224,1,0.3458701,0,T-G,../runs/FJSP-lar04_4-T-G-19.json,0.0,0.0,0.0
lar04_4,FJSP,XHE,42,completed,True,418.0,22600.0,1.1597646910242754,209.5841919,210.44338519999292,1000,1000,100,60,500,151-500,Behnke-Geiger,extension,18.224,2,0.3483414,0,T-G,../runs/FJSP-lar04_4-T-G-42.json,0.055414493405336884,1.9512195121951237,0.12848345221745383
lar04_4,FJSP,XHE,73,completed,True,413.0,22823.0,1.1599810120654406,218.4112706,219.22005139989778,1000,1000,100,60,500,151-500,Behnke-Geiger,extension,18.224,6,0.3582931,0,T-G,../runs/FJSP-lar04_4-T-G-73.json,0.03677268014534718,0.7317073170731714,1.1164768951309245
lar04_4,FJSP,XTE,19,completed,True,420.0,23202.0,1.1591482120486225,209.6178325,210.42668690008577,1000,1000,100,60,500,151-500,Behnke-Geiger,extension,18.224,4,0.3446086,0,B-G,../runs/FJSP-lar04_4-B-G-19.json,0.10854055955651365,2.4390243902439046,2.795622701696865
lar04_4,FJSP,XTE,42,completed,True,420.0,23146.0,1.1591910656817315,198.8196155,199.70011330000125,1000,1000,100,60,500,151-500,Behnke-Geiger,extension,18.224,6,0.3422677,0,B-G,../runs/FJSP-lar04_4-B-G-42.json,0.10484757887545548,2.4390243902439046,2.547516725001109
lar04_4,FJSP,XTE,73,completed,True,415.0,22936.0,1.159740007695112,198.6130587,199.4560098000802,1000,1000,100,60,500,151-500,Behnke-Geiger,extension,18.224,2,0.3754333,0,B-G,../runs/FJSP-lar04_4-B-G-73.json,0.05754161895178411,1.2195121951219523,1.6171193123920125
lar04_4,FJSP,XHTE,19,timeout,False,,,,,240.4136240000371,,1000,100,60,500,151-500,Behnke-Geiger,extension,18.224,,,,T-B-G,../runs/FJSP-lar04_4-T-B-G-19.json,,,
lar04_4,FJSP,XHTE,42,timeout,False,,,,,240.48478939989582,,1000,100,60,500,151-500,Behnke-Geiger,extension,18.224,,,,T-B-G,../runs/FJSP-lar04_4-T-B-G-42.json,,,
lar04_4,FJSP,XHTE,73,timeout,False,,,,,240.44467929995153,,1000,100,60,500,151-500,Behnke-Geiger,extension,18.224,,,,T-B-G,../runs/FJSP-lar04_4-T-B-G-73.json,,,
lar04_4,FJSP,NSGA-II,19,completed,True,652,36683,1.1309836576400834,1.274517299956642,1.9929281999357045,1000,1000,100,60,500,151-500,Behnke-Geiger,extension,18.224,4,0.044979099999181926,0,NSGA-II,../runs/FJSP-lar04_4-NSGA-II-19.json,2.535666284390692,59.024390243902445,62.52270612733153
lar04_4,FJSP,NSGA-II,42,completed,True,642,36695,1.1317451705207677,1.1605448999907821,1.8132049000123516,1000,1000,100,60,500,151-500,Behnke-Geiger,extension,18.224,4,0.04445589997339994,0,NSGA-II,../runs/FJSP-lar04_4-NSGA-II-42.json,2.4700416884645082,56.585365853658544,62.57587169376633
lar04_4,FJSP,NSGA-II,73,completed,True,660,37055,1.130090362149089,1.2418765999609604,1.9635659999912605,1000,1000,100,60,500,151-500,Behnke-Geiger,extension,18.224,2,0.04976089997217059,0,NSGA-II,../runs/FJSP-lar04_4-NSGA-II-73.json,2.6126474584799775,60.97560975609757,64.1708386868105
lar04_4,FJSP,SPEA2,19,completed,True,654,37084,1.1305293477697937,1.1626980999717489,1.7991159000666812,1000,1000,100,60,500,151-500,Behnke-Geiger,extension,18.224,2,0.04365380003582686,0,SPEA2,../runs/FJSP-lar04_4-SPEA2-19.json,2.5748171673491527,59.51219512195123,64.29932213902796
lar04_4,FJSP,SPEA2,42,completed,True,624,36275,1.1334455874774716,1.1883178000571206,1.9009982999414206,1000,1000,100,60,500,151-500,Behnke-Geiger,extension,18.224,4,0.04331910004839301,0,SPEA2,../runs/FJSP-lar04_4-SPEA2-42.json,2.3235055253605363,52.19512195121951,60.71507686854814
lar04_4,FJSP,SPEA2,73,completed,True,655,37108,1.130433107057488,1.2974593000253662,2.008356799953617,1000,1000,100,60,500,151-500,Behnke-Geiger,extension,18.224,7,0.04669099999591708,0,SPEA2,../runs/FJSP-lar04_4-SPEA2-73.json,2.583110865350746,59.75609756097562,64.40565327189758
lar04_4,FJSP,MOEA/D,19,completed,True,646,37266,1.131007376514625,1.3317397999344394,1.9845273999962956,1000,1000,100,60,500,151-500,Behnke-Geiger,extension,18.224,2,0.04138969990890473,0,MOEA-D,../runs/FJSP-lar04_4-MOEA-D-19.json,2.5336222722707524,57.560975609756106,65.10566656328918
lar04_4,FJSP,MOEA/D,42,completed,True,618,35759,1.1342982272356956,1.4723408999852836,2.2139555999310687,1000,1000,100,60,500,151-500,Behnke-Geiger,extension,18.224,1,0.04231129994150251,0,MOEA-D,../runs/FJSP-lar04_4-MOEA-D-42.json,2.250027924359521,50.73170731707317,58.428957511851486
lar04_4,FJSP,MOEA/D,73,completed,True,627,36919,1.1327294851985412,1.3984038999769837,2.062261899933219,1000,1000,100,60,500,151-500,Behnke-Geiger,extension,18.224,2,0.041442399960942566,0,MOEA-D,../runs/FJSP-lar04_4-MOEA-D-73.json,2.385216789724698,52.926829268292686,63.568295600549376
lar04_4,FJSP,SMS-EMOA,19,completed,True,637,37251,1.1317085899974653,1.2339499000227079,1.9870341999921948,1000,1000,100,60,500,151-500,Behnke-Geiger,extension,18.224,4,0.04550050001125783,0,SMS-EMOA,../runs/FJSP-lar04_4-SMS-EMOA-19.json,2.473194073829721,55.365853658536594,65.03920960524567
lar04_4,FJSP,SMS-EMOA,42,completed,True,647,36480,1.1315217381063136,1.1768740999978036,1.87918039993383,1000,1000,100,60,500,151-500,Behnke-Geiger,extension,18.224,4,0.042554000043310225,0,SMS-EMOA,../runs/FJSP-lar04_4-SMS-EMOA-42.json,2.4892963357426745,57.804878048780495,61.623321961809395
lar04_4,FJSP,SMS-EMOA,73,completed,True,642,37073,1.1314604271596447,1.237282000016421,1.9595220000483096,1000,1000,100,60,500,151-500,Behnke-Geiger,extension,18.224,1,0.04436629998963326,0,SMS-EMOA,../runs/FJSP-lar04_4-SMS-EMOA-73.json,2.494579905072958,56.585365853658544,64.25058703646272
med01_2,FJSP,XG,19,completed,True,115.0,815.0,1.060285509766243,0.0115837,0.6978799999924377,1,1000,10,40,50,1-150,Behnke-Geiger,extension,13.12,1,0.0115654,0,F,../runs/FJSP-med01_2-F-19.json,2.1340441093195217,26.37362637362637,9.543010752688176
med01_2,FJSP,XG,42,completed,True,115.0,815.0,1.060285509766243,0.0113712,0.6805335000390187,1,1000,10,40,50,1-150,Behnke-Geiger,extension,13.12,1,0.0113508,0,F,../runs/FJSP-med01_2-F-42.json,2.1340441093195217,26.37362637362637,9.543010752688176
med01_2,FJSP,XG,73,completed,True,115.0,815.0,1.060285509766243,0.0115423,0.6771639999933541,1,1000,10,40,50,1-150,Behnke-Geiger,extension,13.12,1,0.0115205,0,F,../runs/FJSP-med01_2-F-73.json,2.1340441093195217,26.37362637362637,9.543010752688176
med01_2,FJSP,XH,19,completed,True,91.0,749.0,1.0830392994894242,7.986627,8.639231199980713,1000,1000,10,40,50,1-150,Behnke-Geiger,extension,13.12,1,0.0117481,0,T,../runs/FJSP-med01_2-T-19.json,0.033834910114660666,0.0,0.6720430107526987
med01_2,FJSP,XH,42,completed,True,91.0,744.0,1.0834058688913406,8.1625547,8.963997500017285,1000,1000,10,40,50,1-150,Behnke-Geiger,extension,13.12,4,0.0126369,0,T,../runs/FJSP-med01_2-T-42.json,0.0,0.0,0.0
med01_2,FJSP,XH,73,completed,True,93.0,752.0,1.081321657816443,11.585515000000001,12.30826680001337,1000,1000,10,40,50,1-150,Behnke-Geiger,extension,13.12,1,0.0114617,0,T,../runs/FJSP-med01_2-T-73.json,0.19237583390888657,2.19780219780219,1.0752688172043001
med01_2,FJSP,XT,19,completed,True,96.0,789.0,1.0763491332775734,9.0040839,9.683766499976628,1000,1000,10,40,50,1-150,Behnke-Geiger,extension,13.12,2,0.0117223,0,B,../runs/FJSP-med01_2-B-19.json,0.6513473681832971,5.494505494505497,6.048387096774199
med01_2,FJSP,XT,42,completed,True,93.0,792.0,1.078365855116567,8.7435831,9.49070570000913,1000,1000,10,40,50,1-150,Behnke-Geiger,extension,13.12,2,0.0127259,0,B,../runs/FJSP-med01_2-B-42.json,0.46520089280401855,2.19780219780219,6.451612903225801
med01_2,FJSP,XT,73,completed,True,96.0,786.0,1.0765715274006096,8.6706966,9.490119900088757,1000,1000,10,40,50,1-150,Behnke-Geiger,extension,13.12,1,0.0114502,0,B,../runs/FJSP-med01_2-B-73.json,0.6308200543278075,5.494505494505497,5.645161290322576
med01_2,FJSP,XE,19,completed,True,109.0,800.0,1.0658491948450877,1.7270989,2.4009271000977606,1000,1000,10,40,50,1-150,Behnke-Geiger,extension,13.12,1,0.012696,0,G,../runs/FJSP-med01_2-G-19.json,1.6205075632660937,19.780219780219777,7.526881720430101
med01_2,FJSP,XE,42,completed,True,108.0,795.0,1.0669601435928144,1.8256942999999999,2.6242361000040546,1000,1000,10,40,50,1-150,Behnke-Geiger,extension,13.12,1,0.0115715,0,G,../runs/FJSP-med01_2-G-42.json,1.5179653138998828,18.681318681318682,6.854838709677424
med01_2,FJSP,XE,73,completed,True,107.0,800.0,1.0673387710306712,1.8650787,2.673810499953106,1000,1000,10,40,50,1-150,Behnke-Geiger,extension,13.12,2,0.0131702,0,G,../runs/FJSP-med01_2-G-73.json,1.4830174288340325,17.582417582417587,7.526881720430101
med01_2,FJSP,XHT,19,completed,True,91.0,749.0,1.0830392994894242,7.6871943,8.322953899973072,1000,1000,10,40,50,1-150,Behnke-Geiger,extension,13.12,1,0.0117559,0,T-B,../runs/FJSP-med01_2-T-B-19.json,0.033834910114660666,0.0,0.6720430107526987
med01_2,FJSP,XHT,42,completed,True,91.0,744.0,1.083405817797968,8.107605,8.939930699998513,1000,1000,10,40,50,1-150,Behnke-Geiger,extension,13.12,2,0.0126914,0,T-B,../runs/FJSP-med01_2-T-B-42.json,4.7159955607334325e-06,0.0,0.0
med01_2,FJSP,XHT,73,completed,True,91.0,752.0,1.0828161389657989,10.9912047,11.72118400002364,1000,1000,10,40,50,1-150,Behnke-Geiger,extension,13.12,2,0.0131609,0,T-B,../runs/FJSP-med01_2-T-B-73.json,0.05443296390347241,0.0,1.0752688172043001
med01_2,FJSP,XHE,19,completed,True,91.0,749.0,1.0830392994894242,3.9780037999999998,4.748578099999577,1000,1000,10,40,50,1-150,Behnke-Geiger,extension,13.12,1,0.0113725,0,T-G,../runs/FJSP-med01_2-T-G-19.json,0.033834910114660666,0.0,0.6720430107526987
med01_2,FJSP,XHE,42,completed,True,96.0,744.0,1.0796647099608065,5.1008083,5.8454814000288025,1000,1000,10,40,50,1-150,Behnke-Geiger,extension,13.12,2,0.0120312,0,T-G,../runs/FJSP-med01_2-T-G-42.json,0.34531462658241585,5.494505494505497,0.0
med01_2,FJSP,XHE,73,completed,True,93.0,752.0,1.081321657816443,6.4257939,7.094388599973172,1000,1000,10,40,50,1-150,Behnke-Geiger,extension,13.12,1,0.0112925,0,T-G,../runs/FJSP-med01_2-T-G-73.json,0.19237583390888657,2.19780219780219,1.0752688172043001
med01_2,FJSP,XTE,19,completed,True,96.0,797.0,1.0757605784996025,5.3428592,6.096194299985655,1000,1000,10,40,50,1-150,Behnke-Geiger,extension,13.12,1,0.0112005,0,B-G,../runs/FJSP-med01_2-B-G-19.json,0.7056718641889614,5.494505494505497,7.123655913978499
med01_2,FJSP,XTE,42,completed,True,96.0,791.0,1.076200461781902,5.5417974,6.289375699940138,1000,1000,10,40,50,1-150,Behnke-Geiger,extension,13.12,2,0.0128275,0,B-G,../runs/FJSP-med01_2-B-G-42.json,0.6650699720513686,5.494505494505497,6.317204301075274
med01_2,FJSP,XTE,73,completed,True,96.0,798.0,1.0756834837096447,5.7423449,6.421693400014192,1000,1000,10,40,50,1-150,Behnke-Geiger,extension,13.12,3,0.0131803,0,B-G,../runs/FJSP-med01_2-B-G-73.json,0.7127878298830215,5.494505494505497,7.258064516129026
med01_2,FJSP,XHTE,19,completed,True,91.0,753.0,1.0827433871125145,3.9957082,4.71597640006803,1000,1000,10,40,50,1-150,Behnke-Geiger,extension,13.12,1,0.0125774,0,T-B-G,../runs/FJSP-med01_2-T-B-G-19.json,0.061148069975291985,0.0,1.2096774193548487
med01_2,FJSP,XHTE,42,completed,True,94.0,744.0,1.0811596509505157,5.9497245,6.653954299981706,1000,1000,10,40,50,1-150,Behnke-Geiger,extension,13.12,3,0.0121716,0,T-B-G,../runs/FJSP-med01_2-T-B-G-42.json,0.2073293126170217,3.296703296703307,0.0
med01_2,FJSP,XHTE,73,completed,True,91.0,752.0,1.0828161389657989,7.975821,8.620193699956872,1000,1000,10,40,50,1-150,Behnke-Geiger,extension,13.12,2,0.0127663,0,T-B-G,../runs/FJSP-med01_2-T-B-G-73.json,0.05443296390347241,0.0,1.0752688172043001
med01_2,FJSP,NSGA-II,19,completed,True,131,1060,1.0307331285851584,0.13768819998949766,0.8068245999747887,1000,1000,10,40,50,1-150,Behnke-Geiger,extension,13.12,2,0.007895200047641993,0,NSGA-II,../runs/FJSP-med01_2-NSGA-II-19.json,4.8617735807618185,43.956043956043956,42.4731182795699
med01_2,FJSP,NSGA-II,42,completed,True,138,1093,1.0232586433381141,0.1558743000496179,0.8648231000406668,1000,1000,10,40,50,1-150,Behnke-Geiger,extension,13.12,3,0.010685899993404746,0,NSGA-II,../runs/FJSP-med01_2-NSGA-II-42.json,5.551679871807947,51.64835164835164,46.908602150537625
med01_2,FJSP,NSGA-II,73,completed,True,146,1059,1.0198071122996564,0.14557669998612255,1.0079136999556795,1000,1000,10,40,50,1-150,Behnke-Geiger,extension,13.12,5,0.011407400015741587,0,NSGA-II,../runs/FJSP-med01_2-NSGA-II-73.json,5.8702614059831015,60.439560439560445,42.33870967741935
med01_2,FJSP,SPEA2,19,completed,True,129,1025,1.0347329477146192,0.16044200002215803,0.8598798000020906,1000,1000,10,40,50,1-150,Behnke-Geiger,extension,13.12,1,0.0074133999878540635,0,SPEA2,../runs/FJSP-med01_2-SPEA2-19.json,4.492584226678487,41.758241758241766,37.76881720430107
med01_2,FJSP,SPEA2,42,completed,True,127,1000,1.0379896648325853,0.17278079991228878,0.9525042999302968,1000,1000,10,40,50,1-150,Behnke-Geiger,extension,13.12,2,0.00905849994160235,0,SPEA2,../runs/FJSP-med01_2-SPEA2-42.json,4.191984311957819,39.560439560439555,34.408602150537625
med01_2,FJSP,SPEA2,73,completed,True,133,1047,1.0302110922690109,0.15783909999299794,0.8620653999969363,1000,1000,10,40,50,1-150,Behnke-Geiger,extension,13.12,3,0.009159100009128451,0,SPEA2,../runs/FJSP-med01_2-SPEA2-73.json,4.909958322153496,46.153846153846146,40.7258064516129
med01_2,FJSP,MOEA/D,19,completed,True,115,896,1.0543899017014606,0.3266392999794334,1.0500575999030843,1000,1000,10,40,50,1-150,Behnke-Geiger,extension,13.12,2,0.009990400052629411,0,MOEA-D,../runs/FJSP-med01_2-MOEA-D-19.json,2.67821764890126,26.37362637362637,20.430107526881724
med01_2,FJSP,MOEA/D,42,completed,True,132,1018,1.0330344149630009,0.2669820999726653,0.8955623999936506,1000,1000,10,40,50,1-150,Behnke-Geiger,extension,13.12,1,0.0082601000322029,0,MOEA-D,../runs/FJSP-med01_2-MOEA-D-42.json,4.649361368134852,45.05494505494505,36.8279569892473
med01_2,FJSP,MOEA/D,73,completed,True,131,1071,1.0299512518131764,0.3069490999914706,1.0775934000266716,1000,1000,10,40,50,1-150,Behnke-Geiger,extension,13.12,2,0.009355999995023012,0,MOEA-D,../runs/FJSP-med01_2-MOEA-D-73.json,4.933941989151746,43.956043956043956,43.9516129032258
med01_2,FJSP,SMS-EMOA,19,completed,True,129,1036,1.0338812263022552,0.1304221999598667,0.7692091000499204,1000,1000,10,40,50,1-150,Behnke-Geiger,extension,13.12,3,0.007521299994550645,0,SMS-EMOA,../runs/FJSP-med01_2-SMS-EMOA-19.json,4.571199400993131,41.758241758241766,39.247311827957
med01_2,FJSP,SMS-EMOA,42,completed,True,136,1056,1.02737356561743,0.1448328000260517,0.8687131000915542,1000,1000,10,40,50,1-150,Behnke-Geiger,extension,13.12,1,0.007832700037397444,0,SMS-EMOA,../runs/FJSP-med01_2-SMS-EMOA-42.json,5.171866322936658,49.45054945054945,41.93548387096775
med01_2,FJSP,SMS-EMOA,73,completed,True,124,1047,1.0367870136996664,0.1523035999853164,0.9511445999378338,1000,1000,10,40,50,1-150,Behnke-Geiger,extension,13.12,3,0.00833679991774261,0,SMS-EMOA,../runs/FJSP-med01_2-SMS-EMOA-73.json,4.302990830147491,36.26373626373627,40.7258064516129
med01_3,FJSP,XG,19,completed,True,112.0,787.0,1.0637503495046985,0.0106516,0.795012200018391,1,1000,10,40,50,1-150,Behnke-Geiger,extension,13.92,1,0.010628,0,F,../runs/FJSP-med01_3-F-19.json,2.277723972444523,28.735632183908045,11.473087818696893
med01_3,FJSP,XG,42,completed,True,112.0,787.0,1.0637503495046985,0.0120469,0.749061799957417,1,1000,10,40,50,1-150,Behnke-Geiger,extension,13.92,1,0.0120264,0,F,../runs/FJSP-med01_3-F-42.json,2.277723972444523,28.735632183908045,11.473087818696893
med01_3,FJSP,XG,73,completed,True,112.0,787.0,1.0637503495046985,0.0102672,0.6705630000215024,1,1000,10,40,50,1-150,Behnke-Geiger,extension,13.92,1,0.0102478,0,F,../runs/FJSP-med01_3-F-73.json,2.277723972444523,28.735632183908045,11.473087818696893
med01_3,FJSP,XH,19,completed,True,87.0,712.0,1.088097195641489,9.0526344,9.762896100059152,1000,1000,10,40,50,1-150,Behnke-Geiger,extension,13.92,1,0.0111117,0,T,../runs/FJSP-med01_3-T-19.json,0.0410814936075643,0.0,0.8498583569405138
med01_3,FJSP,XH,42,completed,True,87.0,712.0,1.088097195641489,9.9695614,10.669104399974458,1000,1000,10,40,50,1-150,Behnke-Geiger,extension,13.92,1,0.0115585,0,T,../runs/FJSP-med01_3-T-42.json,0.0410814936075643,0.0,0.8498583569405138
med01_3,FJSP,XH,73,completed,True,87.0,712.0,1.088097195641489,9.8558409,10.467558500007726,1000,1000,10,40,50,1-150,Behnke-Geiger,extension,13.92,1,0.0104442,0,T,../runs/FJSP-med01_3-T-73.json,0.0410814936075643,0.0,0.8498583569405138
med01_3,FJSP,XT,19,completed,True,93.0,742.0,1.0813388988780188,9.314359,10.157169300015084,1000,1000,10,40,50,1-150,Behnke-Geiger,extension,13.92,4,0.011472,0,B,../runs/FJSP-med01_3-B-19.json,0.661937827148118,6.896551724137923,5.099150141643061
med01_3,FJSP,XT,42,completed,True,89.0,738.0,1.0846527150765344,9.1132597,9.836238600080833,1000,1000,10,40,50,1-150,Behnke-Geiger,extension,13.92,1,0.0106957,0,B,../runs/FJSP-med01_3-B-42.json,0.35751145360408687,2.298850574712641,4.532577903682711
med01_3,FJSP,XT,73,completed,True,91.0,743.0,1.0827724185621752,8.6468113,9.298928599921055,1000,1000,10,40,50,1-150,Behnke-Geiger,extension,13.92,3,0.0109127,0,B,../runs/FJSP-med01_3-B-73.json,0.5302463956658232,4.597701149425282,5.240793201133154
med01_3,FJSP,XE,19,completed,True,104.0,771.0,1.0709296333986433,1.8431616,2.5955158999422565,1000,1000,10,40,50,1-150,Behnke-Geiger,extension,13.92,2,0.0122598,0,G,../runs/FJSP-med01_3-G-19.json,1.6181933197016773,19.54022988505748,9.206798866855515
med01_3,FJSP,XE,42,completed,True,103.0,768.0,1.0719004579609808,1.7159969,2.397936000023037,1000,1000,10,40,50,1-150,Behnke-Geiger,extension,13.92,3,0.0109036,0,G,../runs/FJSP-med01_3-G-42.json,1.529007745380373,18.39080459770115,8.78186968838528
med01_3,FJSP,XE,73,completed,True,105.0,755.0,1.0713561505849716,1.9094362999999999,2.694404900074005,1000,1000,10,40,50,1-150,Behnke-Geiger,extension,13.92,2,0.010912,0,G,../runs/FJSP-med01_3-G-73.json,1.5790109774986738,20.68965517241379,6.940509915014159
med01_3,FJSP,XHT,19,completed,True,87.0,712.0,1.088097195641489,8.8116361,9.550981199950911,1000,1000,10,40,50,1-150,Behnke-Geiger,extension,13.92,1,0.0108023,0,T-B,../runs/FJSP-med01_3-T-B-19.json,0.0410814936075643,0.0,0.8498583569405138
med01_3,FJSP,XHT,42,completed,True,87.0,710.0,1.0882462590722635,9.7549004,10.506922899978235,1000,1000,10,40,50,1-150,Behnke-Geiger,extension,13.92,2,0.013345,0,T-B,../runs/FJSP-med01_3-T-B-42.json,0.027387662405031765,0.0,0.56657223796035
med01_3,FJSP,XHT,73,completed,True,87.0,706.0,1.088544385933812,9.6902321,10.331120299990289,1000,1000,10,40,50,1-150,Behnke-Geiger,extension,13.92,2,0.0105546,0,T-B,../runs/FJSP-med01_3-T-B-73.json,0.0,0.0,0.0
med01_3,FJSP,XHE,19,completed,True,87.0,712.0,1.088097195641489,4.0084969,4.770199999911711,1000,1000,10,40,50,1-150,Behnke-Geiger,extension,13.92,1,0.0119081,0,T-G,../runs/FJSP-med01_3-T-G-19.json,0.0410814936075643,0.0,0.8498583569405138
med01_3,FJSP,XHE,42,completed,True,87.0,712.0,1.088097195641489,5.7418084,6.526066099992022,1000,1000,10,40,50,1-150,Behnke-Geiger,extension,13.92,1,0.0112104,0,T-G,../runs/FJSP-med01_3-T-G-42.json,0.0410814936075643,0.0,0.8498583569405138
med01_3,FJSP,XHE,73,completed,True,87.0,712.0,1.088097195641489,5.5862891999999995,6.33353290008381,1000,1000,10,40,50,1-150,Behnke-Geiger,extension,13.92,1,0.0114067,0,T-G,../runs/FJSP-med01_3-T-G-73.json,0.0410814936075643,0.0,0.8498583569405138
med01_3,FJSP,XTE,19,completed,True,93.0,742.0,1.0813437570579278,5.6549077,6.489297699998133,1000,1000,10,40,50,1-150,Behnke-Geiger,extension,13.92,2,0.0127477,0,B-G,../runs/FJSP-med01_3-B-G-19.json,0.6614915265680255,6.896551724137923,5.099150141643061
med01_3,FJSP,XTE,42,completed,True,89.0,738.0,1.0846527150765344,5.2747598,6.008744699996896,1000,1000,10,40,50,1-150,Behnke-Geiger,extension,13.92,1,0.0114902,0,B-G,../runs/FJSP-med01_3-B-G-42.json,0.35751145360408687,2.298850574712641,4.532577903682711
med01_3,FJSP,XTE,73,completed,True,93.0,743.0,1.0812658659628165,5.3529118,6.118398000020534,1000,1000,10,40,50,1-150,Behnke-Geiger,extension,13.92,3,0.0105442,0,B-G,../runs/FJSP-med01_3-B-G-73.json,0.6686470542725309,6.896551724137923,5.240793201133154
med01_3,FJSP,XHTE,19,completed,True,92.0,735.0,1.0826147757924132,4.2176856,4.944583600037731,1000,1000,10,40,50,1-150,Behnke-Geiger,extension,13.92,3,0.01122,0,T-B-G,../runs/FJSP-med01_3-T-B-G-19.json,0.5447283747012421,5.747126436781613,4.107648725212454
med01_3,FJSP,XHTE,42,completed,True,87.0,710.0,1.0882462590722635,7.0659434,7.868267700076103,1000,1000,10,40,50,1-150,Behnke-Geiger,extension,13.92,2,0.0109572,0,T-B-G,../runs/FJSP-med01_3-T-B-G-42.json,0.027387662405031765,0.0,0.56657223796035
med01_3,FJSP,XHTE,73,completed,True,87.0,706.0,1.088544385933812,7.2507417,7.984504199936055,1000,1000,10,40,50,1-150,Behnke-Geiger,extension,13.92,2,0.0104939,0,T-B-G,../runs/FJSP-med01_3-T-B-G-73.json,0.0,0.0,0.0
med01_3,FJSP,NSGA-II,19,completed,True,134,1007,1.0313216885172785,0.13968739996198565,0.8573318999260664,1000,1000,10,40,50,1-150,Behnke-Geiger,extension,13.92,5,0.009840999962761998,0,NSGA-II,../runs/FJSP-med01_3-NSGA-II-19.json,5.256808831680737,54.022988505747115,42.63456090651558
med01_3,FJSP,NSGA-II,42,completed,True,140,1073,1.0221988225632481,0.15558260004036129,0.8713135999860242,1000,1000,10,40,50,1-150,Behnke-Geiger,extension,13.92,2,0.008684100001119077,0,NSGA-II,../runs/FJSP-med01_3-NSGA-II-42.json,6.094888203722537,60.91954022988506,51.98300283286119
med01_3,FJSP,NSGA-II,73,completed,True,128,1061,1.0318931241766292,0.15946449991315603,1.018629200058058,1000,1000,10,40,50,1-150,Behnke-Geiger,extension,13.92,1,0.00882160000037402,0,NSGA-II,../runs/FJSP-med01_3-NSGA-II-73.json,5.2043134381318135,47.12643678160919,50.283286118980165
med01_3,FJSP,SPEA2,19,completed,True,129,1038,1.0328059606766518,0.14973910001572222,0.8108249999349937,1000,1000,10,40,50,1-150,Behnke-Geiger,extension,13.92,3,0.007796000107191503,0,SPEA2,../runs/FJSP-med01_3-SPEA2-19.json,5.120454983500267,48.27586206896552,47.025495750708224
med01_3,FJSP,SPEA2,42,completed,True,133,1031,1.0303794910384674,0.1555702000623569,0.7986994000384584,1000,1000,10,40,50,1-150,Behnke-Geiger,extension,13.92,1,0.008030100027099252,0,SPEA2,../runs/FJSP-med01_3-SPEA2-42.json,5.343364556094565,52.87356321839081,46.033994334277615
med01_3,FJSP,SPEA2,73,completed,True,130,1005,1.0344734172282433,0.14993249997496605,0.808669799938798,1000,1000,10,40,50,1-150,Behnke-Geiger,extension,13.92,1,0.007530999951995909,0,SPEA2,../runs/FJSP-med01_3-SPEA2-73.json,4.967272754724073,49.42528735632183,42.35127478753542
med01_3,FJSP,MOEA/D,19,completed,True,119,928,1.0482094402704873,0.2706734000239521,0.9563114999327809,1000,1000,10,40,50,1-150,Behnke-Geiger,extension,13.92,2,0.008682200103066862,0,MOEA-D,../runs/FJSP-med01_3-MOEA-D-19.json,3.7054020198471815,36.7816091954023,31.444759206798878
med01_3,FJSP,MOEA/D,42,completed,True,124,988,1.0401367991106432,0.31492719997186214,0.9598642999771982,1000,1000,10,40,50,1-150,Behnke-Geiger,extension,13.92,3,0.008208199986256659,0,MOEA-D,../runs/FJSP-med01_3-MOEA-D-42.json,4.447001651810655,42.52873563218391,39.94334277620397
med01_3,FJSP,MOEA/D,73,completed,True,119,1001,1.0428925603176633,0.34028480004053563,1.1258755999151617,1000,1000,10,40,50,1-150,Behnke-Geiger,extension,13.92,1,0.013688000035472214,0,MOEA-D,../runs/FJSP-med01_3-MOEA-D-73.json,4.193841446068925,36.7816091954023,41.78470254957507
med01_3,FJSP,SMS-EMOA,19,completed,True,135,1034,1.0286779238619845,0.14025309996213764,0.9001139999600127,1000,1000,10,40,50,1-150,Behnke-Geiger,extension,13.92,2,0.00890600006096065,0,SMS-EMOA,../runs/FJSP-med01_3-SMS-EMOA-19.json,5.499680384688288,55.172413793103445,46.45892351274787
med01_3,FJSP,SMS-EMOA,42,completed,True,136,1048,1.0269100425297475,0.13606230006553233,0.8104651001049206,1000,1000,10,40,50,1-150,Behnke-Geiger,extension,13.92,2,0.00703169999178499,0,SMS-EMOA,../runs/FJSP-med01_3-SMS-EMOA-42.json,5.662088216199956,56.32183908045978,48.44192634560906
med01_3,FJSP,SMS-EMOA,73,completed,True,133,1028,1.0305793637955,0.14326600008644164,0.848120899987407,1000,1000,10,40,50,1-150,Behnke-Geiger,extension,13.92,3,0.007085000048391521,0,SMS-EMOA,../runs/FJSP-med01_3-SMS-EMOA-73.json,5.325003085527502,52.87356321839081,45.60906515580736
med02_3,FJSP,XG,19,completed,True,135.0,2024.0,1.1191407171985093,0.0346085,0.9371188000077382,1,1000,20,40,100,1-150,Behnke-Geiger,extension,13.84,1,0.034574,0,F,../runs/FJSP-med02_3-F-19.json,0.8837638204713061,11.570247933884303,15.393386545039899
med02_3,FJSP,XG,42,completed,True,135.0,2024.0,1.1191407171985093,0.0314224,0.7610835999948904,1,1000,20,40,100,1-150,Behnke-Geiger,extension,13.84,1,0.031379,0,F,../runs/FJSP-med02_3-F-42.json,0.8837638204713061,11.570247933884303,15.393386545039899
med02_3,FJSP,XG,73,completed,True,135.0,2024.0,1.1191407171985093,0.0335697,0.9172700999770314,1,1000,20,40,100,1-150,Behnke-Geiger,extension,13.84,1,0.0335358,0,F,../runs/FJSP-med02_3-F-73.json,0.8837638204713061,11.570247933884303,15.393386545039899
med02_3,FJSP,XH,19,completed,True,122.0,1794.0,1.1283998574483252,20.7905782,21.64029719994869,1000,1000,20,40,100,1-150,Behnke-Geiger,extension,13.84,1,0.0382323,0,T,../runs/FJSP-med02_3-T-19.json,0.06373188193417034,0.8264462809917328,2.2805017103762815
med02_3,FJSP,XH,42,completed,True,122.0,1772.0,1.1288140320431377,34.5609698,35.36628970003221,1000,1000,20,40,100,1-150,Behnke-Geiger,extension,13.84,1,0.0340394,0,T,../runs/FJSP-med02_3-T-42.json,0.027050679715245884,0.8264462809917328,1.026225769669331
med02_3,FJSP,XH,73,completed,True,123.0,1754.0,1.1287696230813822,34.8268685,35.62231270002667,1000,1000,20,40,100,1-150,Behnke-Geiger,extension,13.84,4,0.0343825,0,T,../runs/FJSP-med02_3-T-73.json,0.030983741102608153,1.6528925619834656,0.0
med02_3,FJSP,XT,19,completed,True,128.0,1861.0,1.1248569822125385,28.8510842,29.59193510003388,1000,1000,20,40,100,1-150,Behnke-Geiger,extension,13.84,2,0.0321952,0,B,../runs/FJSP-med02_3-B-19.json,0.3775051664089535,5.785123966942152,6.10034207525656
med02_3,FJSP,XT,42,completed,True,125.0,1851.0,1.1261853837286868,31.5490291,32.233087999979034,1000,1000,20,40,100,1-150,Behnke-Geiger,extension,13.84,3,0.0317447,0,B,../runs/FJSP-med02_3-B-42.json,0.25985583385191857,3.305785123966931,5.530216647662489
med02_3,FJSP,XT,73,completed,True,127.0,1862.0,1.1252176694477622,28.6278449,29.43172459991183,1000,1000,20,40,100,1-150,Behnke-Geiger,extension,13.84,3,0.0321338,0,B,../runs/FJSP-med02_3-B-73.json,0.34556105013833216,4.958677685950419,6.157354618015964
med02_3,FJSP,XE,19,completed,True,133.0,1987.0,1.120593027160514,3.289465,3.964954200084321,1000,1000,20,40,100,1-150,Behnke-Geiger,extension,13.84,1,0.0312757,0,G,../runs/FJSP-med02_3-G-19.json,0.7551405874963835,9.917355371900815,13.283922462941856
med02_3,FJSP,XE,42,completed,True,132.0,1985.0,1.1210094116619058,3.2238891,3.8586991000920534,1000,1000,20,40,100,1-150,Behnke-Geiger,extension,13.84,3,0.0305948,0,G,../runs/FJSP-med02_3-G-42.json,0.7182636658124353,9.090909090909083,13.169897377423023
med02_3,FJSP,XE,73,completed,True,135.0,1976.0,1.1200404082688102,3.7834724,4.650019900058396,1000,1000,20,40,100,1-150,Behnke-Geiger,extension,13.84,1,0.0318014,0,G,../runs/FJSP-med02_3-G-73.json,0.8040830517867525,11.570247933884303,12.656784492588379
med02_3,FJSP,XHT,19,completed,True,122.0,1794.0,1.1283998574483252,21.6428892,22.449620100087486,1000,1000,20,40,100,1-150,Behnke-Geiger,extension,13.84,1,0.0359711,0,T-B,../runs/FJSP-med02_3-T-B-19.json,0.06373188193417034,0.8264462809917328,2.2805017103762815
med02_3,FJSP,XHT,42,completed,True,122.0,1772.0,1.1288140320431377,38.8790494,39.650510699953884,1000,1000,20,40,100,1-150,Behnke-Geiger,extension,13.84,1,0.032264,0,T-B,../runs/FJSP-med02_3-T-B-42.json,0.027050679715245884,0.8264462809917328,1.026225769669331
med02_3,FJSP,XHT,73,completed,True,123.0,1770.0,1.128469662554886,29.8412967,30.595396999968216,1000,1000,20,40,100,1-150,Behnke-Geiger,extension,13.84,3,0.0341581,0,T-B,../runs/FJSP-med02_3-T-B-73.json,0.05754962145334552,1.6528925619834656,0.9122006841505215
med02_3,FJSP,XHE,19,completed,True,122.0,1787.0,1.1285316402739474,16.0565067,16.83002990006935,1000,1000,20,40,100,1-150,Behnke-Geiger,extension,13.84,1,0.0322147,0,T-G,../runs/FJSP-med02_3-T-G-19.json,0.05206059031905852,0.8264462809917328,1.8814139110604255
med02_3,FJSP,XHE,42,completed,True,122.0,1765.0,1.1289458148687597,20.5562783,21.25577930000145,1000,1000,20,40,100,1-150,Behnke-Geiger,extension,13.84,1,0.0344087,0,T-G,../runs/FJSP-med02_3-T-G-42.json,0.015379388100145164,0.8264462809917328,0.6271379703534752
med02_3,FJSP,XHE,73,completed,True,123.0,1792.0,1.1280525668191927,18.8520406,19.54498170001898,1000,1000,20,40,100,1-150,Behnke-Geiger,extension,13.84,4,0.0319736,0,T-G,../runs/FJSP-med02_3-T-G-73.json,0.09448953330994936,1.6528925619834656,2.166476624857472
med02_3,FJSP,XTE,19,completed,True,128.0,1863.0,1.1248173359804798,17.2934001,18.009116200031713,1000,1000,20,40,100,1-150,Behnke-Geiger,extension,13.84,7,0.0311669,0,B-G,../runs/FJSP-med02_3-B-G-19.json,0.3810164186044629,5.785123966942152,6.214367160775369
med02_3,FJSP,XTE,42,completed,True,128.0,1851.0,1.125043859025233,27.4393245,28.232858099974692,1000,1000,20,40,100,1-150,Behnke-Geiger,extension,13.84,4,0.0327857,0,B-G,../runs/FJSP-med02_3-B-G-42.json,0.36095449854488537,5.785123966942152,5.530216647662489
med02_3,FJSP,XTE,73,completed,True,128.0,1868.0,1.1247245580059835,17.9205287,18.62489740003366,1000,1000,20,40,100,1-150,Behnke-Geiger,extension,13.84,4,0.0304473,0,B-G,../runs/FJSP-med02_3-B-G-73.json,0.3892332616619365,5.785123966942152,6.4994298745724155
med02_3,FJSP,XHTE,19,completed,True,123.0,1817.0,1.1275850826733673,23.367289,24.13678390008863,1000,1000,20,40,100,1-150,Behnke-Geiger,extension,13.84,2,0.0356668,0,T-B-G,../runs/FJSP-med02_3-T-B-G-19.json,0.13589207393397418,1.6528925619834656,3.5917901938426366
med02_3,FJSP,XHTE,42,completed,True,122.0,1765.0,1.1289458148687597,26.0771544,26.812481999979354,1000,1000,20,40,100,1-150,Behnke-Geiger,extension,13.84,1,0.0336118,0,T-B-G,../runs/FJSP-med02_3-T-B-G-42.json,0.015379388100145164,0.8264462809917328,0.6271379703534752
med02_3,FJSP,XHTE,73,completed,True,121.0,1776.0,1.1291194665336322,20.7172668,21.513190499972552,1000,1000,20,40,100,1-150,Behnke-Geiger,extension,13.84,1,0.0362754,0,T-B-G,../runs/FJSP-med02_3-T-B-G-73.json,0.0,0.0,1.2542759407069504
med02_3,FJSP,NSGA-II,19,completed,True,201,2785,1.0801663945348756,0.21481649996712804,0.9010908000636846,1000,1000,20,40,100,1-150,Behnke-Geiger,extension,13.84,3,0.011401399970054626,0,NSGA-II,../runs/FJSP-med02_3-NSGA-II-19.json,4.335508637455455,66.11570247933885,58.7799315849487
med02_3,FJSP,NSGA-II,42,completed,True,199,2800,1.0806432707836635,0.22410660004243255,0.9206049999920651,1000,1000,20,40,100,1-150,Behnke-Geiger,extension,13.84,2,0.011733100051060319,0,NSGA-II,../runs/FJSP-med02_3-NSGA-II-42.json,4.293274289105065,64.46280991735537,59.635119726339795
med02_3,FJSP,NSGA-II,73,completed,True,193,2783,1.0831925453500773,0.2084000000031665,0.8938565000426024,1000,1000,20,40,100,1-150,Behnke-Geiger,extension,13.84,4,0.011569599970243871,0,NSGA-II,../runs/FJSP-med02_3-NSGA-II-73.json,4.067498838236261,59.50413223140496,58.665906499429866
med02_3,FJSP,SPEA2,19,completed,True,185,2714,1.0874590265539328,0.2365242000669241,0.8707062000175938,1000,1000,20,40,100,1-150,Behnke-Geiger,extension,13.84,2,0.011858500074595213,0,SPEA2,../runs/FJSP-med02_3-SPEA2-19.json,3.689639689553481,52.892561983471076,54.73204104903078
med02_3,FJSP,SPEA2,42,completed,True,201,2756,1.0806924754967082,0.2409694999223575,0.8981138999806717,1000,1000,20,40,100,1-150,Behnke-Geiger,extension,13.84,5,0.01154899992980063,0,SPEA2,../runs/FJSP-med02_3-SPEA2-42.json,4.288916493982131,66.11570247933885,57.12656784492589
med02_3,FJSP,SPEA2,73,completed,True,194,2771,1.0830290897369403,0.257412499981001,0.9630235000513494,1000,1000,20,40,100,1-150,Behnke-Geiger,extension,13.84,4,0.011869999929331243,0,SPEA2,../runs/FJSP-med02_3-SPEA2-73.json,4.081975217218425,60.33057851239669,57.98175598631698
med02_3,FJSP,MOEA/D,19,completed,True,190,2693,1.085979732870557,0.4488763998961076,1.2363407000666484,1000,1000,20,40,100,1-150,Behnke-Geiger,extension,13.84,3,0.0137178999138996,0,MOEA-D,../runs/FJSP-med02_3-MOEA-D-19.json,3.8206527246858246,57.024793388429764,53.53477765108323
med02_3,FJSP,MOEA/D,42,completed,True,191,2753,1.084499832097903,0.35634890000801533,0.9922904999693856,1000,1000,20,40,100,1-150,Behnke-Geiger,extension,13.84,3,0.012178600067272782,0,MOEA-D,../runs/FJSP-med02_3-MOEA-D-42.json,3.9517195264297755,57.851239669421496,56.95553021664765
med02_3,FJSP,MOEA/D,73,completed,True,187,2688,1.0871973786951799,0.3563156999880448,0.9968642999883741,1000,1000,20,40,100,1-150,Behnke-Geiger,extension,13.84,2,0.012668600073084235,0,MOEA-D,../runs/FJSP-med02_3-MOEA-D-73.json,3.712812424282441,54.54545454545454,53.24971493728621
med02_3,FJSP,SMS-EMOA,19,completed,True,197,2753,1.0822492708578353,0.2113785999827087,0.8844647000078112,1000,1000,20,40,100,1-150,Behnke-Geiger,extension,13.84,5,0.01146889990195632,0,SMS-EMOA,../runs/FJSP-med02_3-SMS-EMOA-19.json,4.151039554714897,62.809917355371894,56.95553021664765
med02_3,FJSP,SMS-EMOA,42,completed,True,192,2698,1.0851342784959834,0.23282999999355525,1.00011090002954,1000,1000,20,40,100,1-150,Behnke-Geiger,extension,13.84,2,0.012789900065399706,0,SMS-EMOA,../runs/FJSP-med02_3-SMS-EMOA-42.json,3.8955300427759076,58.67768595041323,53.81984036488028
med02_3,FJSP,SMS-EMOA,73,completed,True,193,2835,1.0822393821609229,0.22366340004373342,1.0240809000097215,1000,1000,20,40,100,1-150,Behnke-Geiger,extension,13.84,5,0.014188200002536178,0,SMS-EMOA,../runs/FJSP-med02_3-SMS-EMOA-73.json,4.151915343079682,59.50413223140496,61.63055872291905
med02_5,FJSP,XG,19,completed,True,140.0,1869.0,1.1195759007140669,0.0292877,0.7171738999895751,1,1000,20,40,100,1-150,Behnke-Geiger,extension,12.96,1,0.029258,0,F,../runs/FJSP-med02_5-F-19.json,0.5752471600433684,10.236220472440948,5.236486486486491
med02_5,FJSP,XG,42,completed,True,140.0,1869.0,1.1195759007140669,0.0305127,0.7763145000208169,1,1000,20,40,100,1-150,Behnke-Geiger,extension,12.96,1,0.0304828,0,F,../runs/FJSP-med02_5-F-42.json,0.5752471600433684,10.236220472440948,5.236486486486491
med02_5,FJSP,XG,73,completed,True,140.0,1869.0,1.1195759007140669,0.0313754,0.841551800025627,1,1000,20,40,100,1-150,Behnke-Geiger,extension,12.96,1,0.0313429,0,F,../runs/FJSP-med02_5-F-73.json,0.5752471600433684,10.236220472440948,5.236486486486491
med02_5,FJSP,XH,19,completed,True,129.0,1789.0,1.1252892121698035,35.8367701,36.50346040003933,1000,1000,20,40,100,1-150,Behnke-Geiger,extension,12.96,6,0.0309526,0,T,../runs/FJSP-med02_5-T-19.json,0.06787237730464524,1.5748031496062964,0.7319819819819884
med02_5,FJSP,XH,42,completed,True,129.0,1781.0,1.1254398976758355,29.5653371,30.358900399995036,1000,1000,20,40,100,1-150,Behnke-Geiger,extension,12.96,3,0.03072,0,T,../runs/FJSP-med02_5-T-42.json,0.05449064125241376,1.5748031496062964,0.28153153153154253
med02_5,FJSP,XH,73,completed,True,129.0,1791.0,1.125251211124125,32.750219799999996,33.49041740002576,1000,1000,20,40,100,1-150,Behnke-Geiger,extension,12.96,2,0.0333944,0,T,../runs/FJSP-med02_5-T-73.json,0.07124708782836331,1.5748031496062964,0.8445945945946054
med02_5,FJSP,XT,19,completed,True,136.0,1865.0,1.121180718656921,26.3108213,27.067658299929462,1000,1000,20,40,100,1-150,Behnke-Geiger,extension,12.96,3,0.0317645,0,B,../runs/FJSP-med02_5-B-19.json,0.4327301344271284,7.086614173228356,5.011261261261257
med02_5,FJSP,XT,42,completed,True,135.0,1861.0,1.1216383457799262,26.5452908,27.382688499987125,1000,1000,20,40,100,1-150,Behnke-Geiger,extension,12.96,4,0.0333588,0,B,../runs/FJSP-med02_5-B-42.json,0.3920902246464353,6.299212598425208,4.786036036036045
med02_5,FJSP,XT,73,completed,True,134.0,1868.0,1.1218883244237963,29.119835,29.880822999984957,1000,1000,20,40,100,1-150,Behnke-Geiger,extension,12.96,5,0.0301146,0,B,../runs/FJSP-med02_5-B-73.json,0.36989068920967316,5.5118110236220375,5.180180180180183
med02_5,FJSP,XE,19,completed,True,139.0,1859.0,1.120146295920825,3.1937831,3.9433075999841094,1000,1000,20,40,100,1-150,Behnke-Geiger,extension,12.96,2,0.0301574,0,G,../runs/FJSP-med02_5-G-19.json,0.5245927984973142,9.4488188976378,4.673423423423428
med02_5,FJSP,XE,42,completed,True,139.0,1860.0,1.1201279257897652,3.6091628,4.419877800042741,1000,1000,20,40,100,1-150,Behnke-Geiger,extension,12.96,1,0.0347316,0,G,../runs/FJSP-med02_5-G-42.json,0.5262241713583138,9.4488188976378,4.729729729729737
med02_5,FJSP,XE,73,completed,True,139.0,1863.0,1.1200713552033825,3.3575942,4.092521099955775,1000,1000,20,40,100,1-150,Behnke-Geiger,extension,12.96,2,0.0323939,0,G,../runs/FJSP-med02_5-G-73.json,0.5312479634616674,9.4488188976378,4.89864864864864
med02_5,FJSP,XHT,19,completed,True,127.0,1789.0,1.1260534914441687,38.2330138,38.940755099989474,1000,1000,20,40,100,1-150,Behnke-Geiger,extension,12.96,8,0.0304479,0,T-B,../runs/FJSP-med02_5-T-B-19.json,0.0,0.0,0.7319819819819884
med02_5,FJSP,XHT,42,completed,True,129.0,1791.0,1.1252515005897379,30.5678204,31.27495899994392,1000,1000,20,40,100,1-150,Behnke-Geiger,extension,12.96,3,0.0340006,0,T-B,../runs/FJSP-med02_5-T-B-42.json,0.07122138162390934,1.5748031496062964,0.8445945945946054
med02_5,FJSP,XHT,73,completed,True,129.0,1791.0,1.1252513397755086,32.8023165,33.50583949999418,1000,1000,20,40,100,1-150,Behnke-Geiger,extension,12.96,3,0.0327945,0,T-B,../runs/FJSP-med02_5-T-B-73.json,0.07123566284860106,1.5748031496062964,0.8445945945946054
med02_5,FJSP,XHE,19,completed,True,129.0,1789.0,1.1252890384904357,17.8793386,18.593233400024474,1000,1000,20,40,100,1-150,Behnke-Geiger,extension,12.96,6,0.0309513,0,T-G,../runs/FJSP-med02_5-T-G-19.json,0.06788780102733316,1.5748031496062964,0.7319819819819884
med02_5,FJSP,XHE,42,completed,True,129.0,1791.0,1.1252515005897379,16.782593,17.62995780003257,1000,1000,20,40,100,1-150,Behnke-Geiger,extension,12.96,3,0.0343401,0,T-G,../runs/FJSP-med02_5-T-G-42.json,0.07122138162390934,1.5748031496062964,0.8445945945946054
med02_5,FJSP,XHE,73,completed,True,129.0,1791.0,1.125251211124125,18.5662412,19.263665799982846,1000,1000,20,40,100,1-150,Behnke-Geiger,extension,12.96,2,0.0312985,0,T-G,../runs/FJSP-med02_5-T-G-73.json,0.07124708782836331,1.5748031496062964,0.8445945945946054
med02_5,FJSP,XTE,19,completed,True,136.0,1865.0,1.1211800368045879,14.6794447,15.474240400013514,1000,1000,20,40,100,1-150,Behnke-Geiger,extension,12.96,4,0.0289354,0,B-G,../runs/FJSP-med02_5-B-G-19.json,0.43279068681990607,7.086614173228356,5.011261261261257
med02_5,FJSP,XTE,42,completed,True,135.0,1861.0,1.1216384229707563,16.1881898,16.885143199935555,1000,1000,20,40,100,1-150,Behnke-Geiger,extension,12.96,4,0.0287533,0,B-G,../runs/FJSP-med02_5-B-G-42.json,0.39208336965858015,6.299212598425208,4.786036036036045
med02_5,FJSP,XTE,73,completed,True,136.0,1868.0,1.121124141637969,16.4311695,17.132628899998963,1000,1000,20,40,100,1-150,Behnke-Geiger,extension,12.96,4,0.0297518,0,B-G,../runs/FJSP-med02_5-B-G-73.json,0.4377544977794856,7.086614173228356,5.180180180180183
med02_5,FJSP,XHTE,19,completed,True,129.0,1789.0,1.125288761889961,23.0173877,23.788019999978133,1000,1000,20,40,100,1-150,Behnke-Geiger,extension,12.96,6,0.0338758,0,T-B-G,../runs/FJSP-med02_5-T-B-G-19.json,0.06791236473383533,1.5748031496062964,0.7319819819819884
med02_5,FJSP,XHTE,42,completed,True,133.0,1776.0,1.1240070621890499,20.113875,20.88367130002007,1000,1000,20,40,100,1-150,Behnke-Geiger,extension,12.96,5,0.0315498,0,T-B-G,../runs/FJSP-med02_5-T-B-G-42.json,0.18173463966567605,4.724409448818889,0.0
med02_5,FJSP,XHTE,73,completed,True,129.0,1791.0,1.1252513397755086,21.8369334,22.57498100004159,1000,1000,20,40,100,1-150,Behnke-Geiger,extension,12.96,3,0.0323773,0,T-B-G,../runs/FJSP-med02_5-T-B-G-73.json,0.07123566284860106,1.5748031496062964,0.8445945945946054
med02_5,FJSP,NSGA-II,19,completed,True,209,2864,1.074890527964694,0.23551570007111877,0.9739830000326037,1000,1000,20,40,100,1-150,Behnke-Geiger,extension,12.96,2,0.013025200110860169,0,NSGA-II,../runs/FJSP-med02_5-NSGA-II-19.json,4.543564215040785,64.56692913385827,61.261261261261254
med02_5,FJSP,NSGA-II,42,completed,True,209,2931,1.0736501703858927,0.20926090003922582,0.8016335000284016,1000,1000,20,40,100,1-150,Behnke-Geiger,extension,12.96,4,0.010776999988593161,0,NSGA-II,../runs/FJSP-med02_5-NSGA-II-42.json,4.65371507272434,64.56692913385827,65.03378378378379
med02_5,FJSP,NSGA-II,73,completed,True,196,2874,1.0795820644018534,0.22627880005165935,0.951928999973461,1000,1000,20,40,100,1-150,Behnke-Geiger,extension,12.96,3,0.011541300103999674,0,NSGA-II,../runs/FJSP-med02_5-NSGA-II-73.json,4.126928906611305,54.33070866141732,61.82432432432432
med02_5,FJSP,SPEA2,19,completed,True,204,2869,1.0766791038247543,0.23540040000807494,0.8776774000143632,1000,1000,20,40,100,1-150,Behnke-Geiger,extension,12.96,1,0.011697800015099347,0,SPEA2,../runs/FJSP-med02_5-SPEA2-19.json,4.38472843382347,60.629921259842526,61.5427927927928
med02_5,FJSP,SPEA2,42,completed,True,202,2800,1.0787018200568539,0.2675862000323832,1.0016433999408036,1000,1000,20,40,100,1-150,Behnke-Geiger,extension,12.96,2,0.0116779999807477,0,SPEA2,../runs/FJSP-med02_5-SPEA2-42.json,4.205099646428523,59.05511811023623,57.657657657657666
med02_5,FJSP,SPEA2,73,completed,True,207,2826,1.07633830245014,0.24558210000395775,0.9537936000851914,1000,1000,20,40,100,1-150,Behnke-Geiger,extension,12.96,2,0.011872599949128926,0,SPEA2,../runs/FJSP-med02_5-SPEA2-73.json,4.414993547976898,62.99212598425197,59.12162162162162
med02_5,FJSP,MOEA/D,19,completed,True,191,2742,1.0839175555619596,0.36736100004054606,1.067211400019005,1000,1000,20,40,100,1-150,Behnke-Geiger,extension,12.96,2,0.012552700005471706,0,MOEA-D,../runs/FJSP-med02_5-MOEA-D-19.json,3.7419124581878904,50.39370078740157,54.39189189189189
med02_5,FJSP,MOEA/D,42,completed,True,189,2631,1.0867218971344705,0.3521529999561608,1.0580827000085264,1000,1000,20,40,100,1-150,Behnke-Geiger,extension,12.96,2,0.011713200015947223,0,MOEA-D,../runs/FJSP-med02_5-MOEA-D-42.json,3.4928708634662797,48.818897637795274,48.14189189189189
med02_5,FJSP,MOEA/D,73,completed,True,204,2847,1.077083413954867,0.3785767999943346,1.0279394999379292,1000,1000,20,40,100,1-150,Behnke-Geiger,extension,12.96,3,0.010536300018429756,0,MOEA-D,../runs/FJSP-med02_5-MOEA-D-73.json,4.348823378407829,60.629921259842526,60.304054054054056
med02_5,FJSP,SMS-EMOA,19,completed,True,198,2914,1.0781006951806162,0.27722809999249876,1.1430006000446156,1000,1000,20,40,100,1-150,Behnke-Geiger,extension,12.96,3,0.015426900004968047,0,SMS-EMOA,../runs/FJSP-med02_5-SMS-EMOA-19.json,4.258482978641876,55.905511811023615,64.07657657657657
med02_5,FJSP,SMS-EMOA,42,completed,True,205,2837,1.0768767033443187,0.23772750003263354,1.0046884999610484,1000,1000,20,40,100,1-150,Behnke-Geiger,extension,12.96,4,0.013114400091581047,0,SMS-EMOA,../runs/FJSP-med02_5-SMS-EMOA-42.json,4.3671804646492,61.417322834645674,59.740990990990994
med02_5,FJSP,SMS-EMOA,73,completed,True,203,2855,1.0773060747639507,0.21003509999718517,0.8878547999775037,1000,1000,20,40,100,1-150,Behnke-Geiger,extension,12.96,5,0.011245999950915575,0,SMS-EMOA,../runs/FJSP-med02_5-SMS-EMOA-73.json,4.329049823174847,59.84251968503938,60.7545045045045
med03_1,FJSP,XG,19,completed,True,256.0,8010.0,1.145733151239301,0.0991508,0.8057657000608742,1,1000,50,40,250,151-500,Behnke-Geiger,extension,12.928,1,0.0990792,0,F,../runs/FJSP-med03_1-F-19.json,0.4293629982331626,8.47457627118644,8.654367878459034
med03_1,FJSP,XG,42,completed,True,256.0,8010.0,1.145733151239301,0.1094975,0.977891799993813,1,1000,50,40,250,151-500,Behnke-Geiger,extension,12.928,1,0.1094131,0,F,../runs/FJSP-med03_1-F-42.json,0.4293629982331626,8.47457627118644,8.654367878459034
med03_1,FJSP,XG,73,completed,True,256.0,8010.0,1.145733151239301,0.1014382,0.8987357000587508,1,1000,50,40,250,151-500,Behnke-Geiger,extension,12.928,1,0.1013762,0,F,../runs/FJSP-med03_1-F-73.json,0.4293629982331626,8.47457627118644,8.654367878459034
med03_1,FJSP,XH,19,completed,True,242.0,7372.0,1.1498107321602986,114.5491715,115.36334659997374,1000,1000,50,40,250,151-500,Behnke-Geiger,extension,12.928,3,0.1028386,0,T,../runs/FJSP-med03_1-T-19.json,0.07499834596590427,2.5423728813559254,0.0
med03_1,FJSP,XH,42,completed,True,236.0,7391.0,1.1506737184165754,131.179767,131.98614589998033,1000,1000,50,40,250,151-500,Behnke-Geiger,extension,12.928,1,0.0958104,0,T,../runs/FJSP-med03_1-T-42.json,0.0,0.0,0.2577319587628857
med03_1,FJSP,XH,73,completed,True,237.0,7410.0,1.150462615264486,132.4680955,133.29613619996235,1000,1000,50,40,250,151-500,Behnke-Geiger,extension,12.928,2,0.0981361,0,T,../runs/FJSP-med03_1-T-73.json,0.018346047946593558,0.4237288135593209,0.5154639175257714
med03_1,FJSP,XT,19,completed,True,248.0,7690.0,1.1479272406541374,115.6056115,116.4019482000731,1000,1000,50,40,250,151-500,Behnke-Geiger,extension,12.928,5,0.1001893,0,B,../runs/FJSP-med03_1-B-19.json,0.23868432193074884,5.084745762711873,4.313619099294619
med03_1,FJSP,XT,42,completed,True,250.0,7680.0,1.1476510177114094,98.3376731,99.14098559995182,1000,1000,50,40,250,151-500,Behnke-Geiger,extension,12.928,2,0.0993937,0,B,../runs/FJSP-med03_1-B-42.json,0.26268964492606184,5.932203389830515,4.177970699945743
med03_1,FJSP,XT,73,completed,True,247.0,7676.0,1.1481230833359397,115.4261937,116.14135659998283,1000,1000,50,40,250,151-500,Behnke-Geiger,extension,12.928,1,0.0904485,0,B,../runs/FJSP-med03_1-B-73.json,0.22166449444466219,4.661016949152552,4.123711340206193
med03_1,FJSP,XE,19,completed,True,256.0,7949.0,1.1459176517665526,10.2119524,11.063516700058244,1000,1000,50,40,250,151-500,Behnke-Geiger,extension,12.928,1,0.095219,0,G,../runs/FJSP-med03_1-G-19.json,0.41332886759311016,8.47457627118644,7.826912642430828
med03_1,FJSP,XE,42,completed,True,250.0,7908.0,1.1469607767925698,8.4580525,9.205372800002806,1000,1000,50,40,250,151-500,Behnke-Geiger,extension,12.928,3,0.0985887,0,G,../runs/FJSP-med03_1-G-42.json,0.32267545217899984,5.932203389830515,7.2707542051003715
med03_1,FJSP,XE,73,completed,True,252.0,7982.0,1.146430541731836,8.7290751,9.532872000010684,1000,1000,50,40,250,151-500,Behnke-Geiger,extension,12.928,2,0.0983132,0,G,../runs/FJSP-med03_1-G-73.json,0.36875585292575064,6.779661016949157,8.27455236028214
med03_1,FJSP,XHT,19,completed,True,243.0,7372.0,1.1496573123041307,129.4595856,130.1923985000467,1000,1000,50,40,250,151-500,Behnke-Geiger,extension,12.928,2,0.0946384,0,T-B,../runs/FJSP-med03_1-T-B-19.json,0.0883313919642914,2.9661016949152463,0.0
med03_1,FJSP,XHT,42,completed,True,236.0,7391.0,1.1506737184165754,115.5257516,116.16580379998777,1000,1000,50,40,250,151-500,Behnke-Geiger,extension,12.928,1,0.0952243,0,T-B,../runs/FJSP-med03_1-T-B-42.json,0.0,0.0,0.2577319587628857
med03_1,FJSP,XHT,73,completed,True,241.0,7410.0,1.1498488646756375,135.1181987,135.84644499991555,1000,1000,50,40,250,151-500,Behnke-Geiger,extension,12.928,2,0.0929344,0,T-B,../runs/FJSP-med03_1-T-B-73.json,0.071684416506268,2.1186440677966045,0.5154639175257714
med03_1,FJSP,XHE,19,completed,True,243.0,7372.0,1.1496573131128143,60.9900715,61.748750699916855,1000,1000,50,40,250,151-500,Behnke-Geiger,extension,12.928,2,0.0939928,0,T-G,../runs/FJSP-med03_1-T-G-19.json,0.08833132168516444,2.9661016949152463,0.0
med03_1,FJSP,XHE,42,completed,True,236.0,7391.0,1.1506737184165754,70.4693927,71.20894150005188,1000,1000,50,40,250,151-500,Behnke-Geiger,extension,12.928,1,0.1023783,0,T-G,../runs/FJSP-med03_1-T-G-42.json,0.0,0.0,0.2577319587628857
med03_1,FJSP,XHE,73,completed,True,241.0,7410.0,1.1498488646756375,74.0063994,74.73461360007059,1000,1000,50,40,250,151-500,Behnke-Geiger,extension,12.928,2,0.0924303,0,T-G,../runs/FJSP-med03_1-T-G-73.json,0.071684416506268,2.1186440677966045,0.5154639175257714
med03_1,FJSP,XTE,19,completed,True,249.0,7699.0,1.1477468193707032,54.5575319,55.37366349995136,1000,1000,50,40,250,151-500,Behnke-Geiger,extension,12.928,3,0.0917409,0,B-G,../runs/FJSP-med03_1-B-G-19.json,0.25436394340351276,5.508474576271194,4.435702658708629
med03_1,FJSP,XTE,42,completed,True,245.0,7669.0,1.148450890238578,60.386033,61.131848499993794,1000,1000,50,40,250,151-500,Behnke-Geiger,extension,12.928,1,0.0978923,0,B-G,../runs/FJSP-med03_1-B-G-42.json,0.1931762360103506,3.813559322033888,4.028757460661958
med03_1,FJSP,XTE,73,completed,True,249.0,7732.0,1.1476467261880876,54.7669328,55.57796700007748,1000,1000,50,40,250,151-500,Behnke-Geiger,extension,12.928,3,0.0968238,0,B-G,../runs/FJSP-med03_1-B-G-73.json,0.2630626023729099,5.508474576271194,4.883342376559963
med03_1,FJSP,XHTE,19,completed,True,243.0,7372.0,1.1496573131128143,98.30478600000001,99.1597488000989,1000,1000,50,40,250,151-500,Behnke-Geiger,extension,12.928,2,0.100957,0,T-B-G,../runs/FJSP-med03_1-T-B-G-19.json,0.08833132168516444,2.9661016949152463,0.0
med03_1,FJSP,XHTE,42,completed,True,236.0,7391.0,1.1506737184165754,84.2090715,84.90193679998629,1000,1000,50,40,250,151-500,Behnke-Geiger,extension,12.928,1,0.0951574,0,T-B-G,../runs/FJSP-med03_1-T-B-G-42.json,0.0,0.0,0.2577319587628857
med03_1,FJSP,XHTE,73,completed,True,241.0,7474.0,1.149654577497172,82.0832287,82.88398100004997,1000,1000,50,40,250,151-500,Behnke-Geiger,extension,12.928,8,0.0965153,0,T-B-G,../runs/FJSP-med03_1-T-B-G-73.json,0.08856906202792114,2.1186440677966045,1.3836136733586635
med03_1,FJSP,NSGA-II,19,completed,True,388,12253,1.1129056434789182,0.5261091000866145,1.1741327999625355,1000,1000,50,40,250,151-500,Behnke-Geiger,extension,12.928,4,0.023639500024728477,0,NSGA-II,../runs/FJSP-med03_1-NSGA-II-19.json,3.28225754470427,64.40677966101696,66.20998372219206
med03_1,FJSP,NSGA-II,42,completed,True,396,12415,1.1112153893178813,0.5800268000457436,1.308208099915646,1000,1000,50,40,250,151-500,Behnke-Geiger,extension,12.928,2,0.02591600001323968,0,NSGA-II,../runs/FJSP-med03_1-NSGA-II-42.json,3.429150111553092,67.79661016949152,68.40748779164404
med03_1,FJSP,NSGA-II,73,completed,True,387,12111,1.1134768838234104,0.5296375999459997,1.1810573999537155,1000,1000,50,40,250,151-500,Behnke-Geiger,extension,12.928,3,0.02396340004634112,0,NSGA-II,../runs/FJSP-med03_1-NSGA-II-73.json,3.232613554809527,63.98305084745763,64.28377645143787
med03_1,FJSP,SPEA2,19,completed,True,385,12068,1.113910091664514,0.5600411000195891,1.3128082000184804,1000,1000,50,40,250,151-500,Behnke-Geiger,extension,12.928,5,0.024266100022941828,0,SPEA2,../runs/FJSP-med03_1-SPEA2-19.json,3.194965363652469,63.13559322033899,63.70048833423765
med03_1,FJSP,SPEA2,42,completed,True,378,12197,1.114586821457916,0.580990899936296,1.3371155000058934,1000,1000,50,40,250,151-500,Behnke-Geiger,extension,12.928,2,0.024414899991825223,0,SPEA2,../runs/FJSP-med03_1-SPEA2-42.json,3.1361537489809077,60.16949152542372,65.4503526858383
med03_1,FJSP,SPEA2,73,completed,True,393,12075,1.1126734393802216,0.6620936999097466,1.4842167000751942,1000,1000,50,40,250,151-500,Behnke-Geiger,extension,12.928,3,0.027920300024561584,0,SPEA2,../runs/FJSP-med03_1-SPEA2-73.json,3.3024373832614695,66.52542372881356,63.79544221378188
med03_1,FJSP,MOEA/D,19,completed,True,370,11817,1.116932887632635,0.6577641000039876,1.2833406999707222,1000,1000,50,40,250,151-500,Behnke-Geiger,extension,12.928,3,0.022657699999399483,0,MOEA-D,../runs/FJSP-med03_1-MOEA-D-19.json,2.9322674398412962,56.779661016949156,60.29571351058058
med03_1,FJSP,MOEA/D,42,completed,True,372,11901,1.1163795662660696,0.7813101999927312,1.5409355000592768,1000,1000,50,40,250,151-500,Behnke-Geiger,extension,12.928,2,0.026709600002504885,0,MOEA-D,../runs/FJSP-med03_1-MOEA-D-42.json,2.980354170050692,57.6271186440678,61.435160065111226
med03_1,FJSP,MOEA/D,73,completed,True,376,11595,1.116683903829783,0.7301815999671817,1.4540069000795484,1000,1000,50,40,250,151-500,Behnke-Geiger,extension,12.928,1,0.024020100012421608,0,MOEA-D,../runs/FJSP-med03_1-MOEA-D-73.json,2.953905528803169,59.32203389830508,57.28431904503526
med03_1,FJSP,SMS-EMOA,19,completed,True,392,12361,1.11197900446533,0.5316563999513164,1.2433307999745011,1000,1000,50,40,250,151-500,Behnke-Geiger,extension,12.928,4,0.025115499971434474,0,SMS-EMOA,../runs/FJSP-med03_1-SMS-EMOA-19.json,3.3627876722945094,66.10169491525424,67.67498643516005
med03_1,FJSP,SMS-EMOA,42,completed,True,385,12176,1.1135911065724182,0.581875600037165,1.3208796000108123,1000,1000,50,40,250,151-500,Behnke-Geiger,extension,12.928,2,0.025087099988013506,0,SMS-EMOA,../runs/FJSP-med03_1-SMS-EMOA-42.json,3.2226869572710815,63.13559322033899,65.16549104720563
med03_1,FJSP,SMS-EMOA,73,completed,True,383,12018,1.114359839556321,0.5332650999771431,1.183394099934958,1000,1000,50,40,250,151-500,Behnke-Geiger,extension,12.928,5,0.023478599963709712,0,SMS-EMOA,../runs/FJSP-med03_1-SMS-EMOA-73.json,3.1558797493198454,62.28813559322033,63.02224633749323
med03_2,FJSP,XG,19,completed,True,249.0,7611.0,1.1472376621619733,0.100026,0.8358837000560015,1,1000,50,40,250,151-500,Behnke-Geiger,extension,12.208,1,0.0999519,0,F,../runs/FJSP-med03_2-F-19.json,0.337034285850224,6.41025641025641,7.880935506732811
med03_2,FJSP,XG,42,completed,True,249.0,7611.0,1.1472376621619733,0.0924658,0.7671006000600755,1,1000,50,40,250,151-500,Behnke-Geiger,extension,12.208,1,0.0923783,0,F,../runs/FJSP-med03_2-F-42.json,0.337034285850224,6.41025641025641,7.880935506732811
med03_2,FJSP,XG,73,completed,True,249.0,7611.0,1.1472376621619733,0.0971652,0.8294350999640301,1,1000,50,40,250,151-500,Behnke-Geiger,extension,12.208,1,0.0970993,0,F,../runs/FJSP-med03_2-F-73.json,0.337034285850224,6.41025641025641,7.880935506732811
med03_2,FJSP,XH,19,completed,True,239.0,7214.0,1.1500080986004924,140.1619203,140.87027219997253,1000,1000,50,40,250,151-500,Behnke-Geiger,extension,12.208,2,0.0932297,0,T,../runs/FJSP-med03_2-T-19.json,0.09636060428277471,2.136752136752129,2.2537207654145908
med03_2,FJSP,XH,42,completed,True,239.0,7141.0,1.150232015926847,118.6285169,119.41181930003222,1000,1000,50,40,250,151-500,Behnke-Geiger,extension,12.208,4,0.0977871,0,T,../runs/FJSP-med03_2-T-42.json,0.07690843185562679,2.136752136752129,1.218993621545006
med03_2,FJSP,XH,73,completed,True,235.0,7055.0,1.1511173222081759,131.618793,132.35869719996117,1000,1000,50,40,250,151-500,Behnke-Geiger,extension,12.208,5,0.0918784,0,T,../runs/FJSP-med03_2-T-73.json,0.0,0.42735042735042583,0.0
med03_2,FJSP,XT,19,completed,True,240.0,7335.0,1.1494814600577097,95.4711895,96.27014529996086,1000,1000,50,40,250,151-500,Behnke-Geiger,extension,12.208,3,0.0981659,0,B,../runs/FJSP-med03_2-B-19.json,0.14211080998487446,2.564102564102555,3.968816442239542
med03_2,FJSP,XT,42,completed,True,239.0,7329.0,1.149655252184577,108.6463887,109.41971910011489,1000,1000,50,40,250,151-500,Behnke-Geiger,extension,12.208,2,0.0984272,0,B,../runs/FJSP-med03_2-B-42.json,0.1270131198090274,2.136752136752129,3.8837703756201325
med03_2,FJSP,XT,73,completed,True,239.0,7349.0,1.149593858979403,101.1741466,101.97620490007102,1000,1000,50,40,250,151-500,Behnke-Geiger,extension,12.208,4,0.1011229,0,B,../runs/FJSP-med03_2-B-73.json,0.13234647758147977,2.136752136752129,4.16725726435152
med03_2,FJSP,XE,19,completed,True,244.0,7605.0,1.14803221858882,9.7267467,10.496914699906483,1000,1000,50,40,250,151-500,Behnke-Geiger,extension,12.208,1,0.0969723,0,G,../runs/FJSP-med03_2-G-19.json,0.2680094860737281,4.2735042735042805,7.795889440113402
med03_2,FJSP,XE,42,completed,True,246.0,7605.0,1.1477217296655144,9.2190676,9.970928399940021,1000,1000,50,40,250,151-500,Behnke-Geiger,extension,12.208,2,0.0957556,0,G,../runs/FJSP-med03_2-G-42.json,0.2949823164981713,5.128205128205132,7.795889440113402
med03_2,FJSP,XE,73,completed,True,240.0,7600.0,1.1486684156757743,8.7338389,9.522392299957573,1000,1000,50,40,250,151-500,Behnke-Geiger,extension,12.208,2,0.0982112,0,G,../runs/FJSP-med03_2-G-73.json,0.21274169757986572,2.564102564102555,7.725017717930549
med03_2,FJSP,XHT,19,completed,True,239.0,7266.0,1.1498483263282784,119.4424622,120.13389990001451,1000,1000,50,40,250,151-500,Behnke-Geiger,extension,12.208,5,0.0907486,0,T-B,../runs/FJSP-med03_2-T-B-19.json,0.11024035998895565,2.136752136752129,2.9907866761162305
med03_2,FJSP,XHT,42,completed,True,239.0,7137.0,1.1502443713617383,119.6867299,120.46906070003752,1000,1000,50,40,250,151-500,Behnke-Geiger,extension,12.208,3,0.0971612,0,T-B,../runs/FJSP-med03_2-T-B-42.json,0.07583508905617542,2.136752136752129,1.1622962437987328
med03_2,FJSP,XHT,73,completed,True,234.0,7150.0,1.1509814814642043,121.5322757,122.28240250004455,1000,1000,50,40,250,151-500,Behnke-Geiger,extension,12.208,7,0.0959253,0,T-B,../runs/FJSP-med03_2-T-B-73.json,0.011800773157588651,0.0,1.3465627214741316
med03_2,FJSP,XHE,19,completed,True,239.0,7326.0,1.1496645398044183,60.555719,61.37650090001989,1000,1000,50,40,250,151-500,Behnke-Geiger,extension,12.208,1,0.1061272,0,T-G,../runs/FJSP-med03_2-T-G-19.json,0.1262062846010048,2.136752136752129,3.8412473423104165
med03_2,FJSP,XHE,42,completed,True,239.0,7134.0,1.1502534595331728,72.5851465,73.489863099996,1000,1000,50,40,250,151-500,Behnke-Geiger,extension,12.208,4,0.1071232,0,T-G,../runs/FJSP-med03_2-T-G-42.json,0.07504558035369424,2.136752136752129,1.1197732104890168
med03_2,FJSP,XHE,73,completed,True,237.0,7198.0,1.150367611195856,65.9297085,66.71382860001177,1000,1000,50,40,250,151-500,Behnke-Geiger,extension,12.208,4,0.0986033,0,T-G,../runs/FJSP-med03_2-T-G-73.json,0.06512898362798225,1.2820512820512775,2.026931254429476
med03_2,FJSP,XTE,19,completed,True,240.0,7359.0,1.1494077450045896,61.0184296,61.7428783000214,1000,1000,50,40,250,151-500,Behnke-Geiger,extension,12.208,4,0.0941223,0,B-G,../runs/FJSP-med03_2-B-G-19.json,0.1485145927877074,2.564102564102555,4.3090007087172255
med03_2,FJSP,XTE,42,completed,True,239.0,7350.0,1.1495907737488995,58.0750191,58.83319689997006,1000,1000,50,40,250,151-500,Behnke-Geiger,extension,12.208,4,0.0949123,0,B-G,../runs/FJSP-med03_2-B-G-42.json,0.1326144980902555,2.136752136752129,4.1814316087881
med03_2,FJSP,XTE,73,completed,True,239.0,7359.0,1.1495631397781916,61.3877164,62.119949999963865,1000,1000,50,40,250,151-500,Behnke-Geiger,extension,12.208,6,0.0931342,0,B-G,../runs/FJSP-med03_2-B-G-73.json,0.13501511965807733,2.136752136752129,4.3090007087172255
med03_2,FJSP,XHTE,19,completed,True,239.0,7266.0,1.1498483188645126,80.4022501,81.13663530000485,1000,1000,50,40,250,151-500,Behnke-Geiger,extension,12.208,4,0.096988,0,T-B-G,../runs/FJSP-med03_2-T-B-G-19.json,0.11024100838209483,2.136752136752129,2.9907866761162305
med03_2,FJSP,XHTE,42,completed,True,239.0,7122.0,1.1502903885874876,86.7316794,87.9433964000782,1000,1000,50,40,250,151-500,Behnke-Geiger,extension,12.208,3,0.0974241,0,T-B-G,../runs/FJSP-med03_2-T-B-G-42.json,0.07183747518472172,2.136752136752129,0.9496810772501751
med03_2,FJSP,XHTE,73,completed,True,236.0,7251.0,1.1503603416953425,82.7892197,83.52350250002928,1000,1000,50,40,250,151-500,Behnke-Geiger,extension,12.208,4,0.0972633,0,T-B-G,../runs/FJSP-med03_2-T-B-G-73.json,0.0657605005353612,0.8547008547008517,2.778171509567673
med03_2,FJSP,NSGA-II,19,completed,True,390,12031,1.1120603478633158,0.5594048999482766,1.2944359999382868,1000,1000,50,40,250,151-500,Behnke-Geiger,extension,12.208,4,0.024604500038549304,0,NSGA-II,../runs/FJSP-med03_2-NSGA-II-19.json,3.3929620892106382,66.66666666666667,70.53153791637136
med03_2,FJSP,NSGA-II,42,completed,True,373,12043,1.1146349945913616,0.578787500038743,1.2923713000491261,1000,1000,50,40,250,151-500,Behnke-Geiger,extension,12.208,1,0.029049200005829334,0,NSGA-II,../runs/FJSP-med03_2-NSGA-II-42.json,3.1692970745006765,59.40170940170941,70.7016300496102
med03_2,FJSP,NSGA-II,73,completed,True,390,11793,1.1127779586704338,0.5790785000426695,1.4096640000352636,1000,1000,50,40,250,151-500,Behnke-Geiger,extension,12.208,3,0.026971900020726025,0,NSGA-II,../runs/FJSP-med03_2-NSGA-II-73.json,3.330621718401039,66.66666666666667,67.15804394046776
med03_2,FJSP,SPEA2,19,completed,True,378,11456,1.1156296908601524,0.5644766999175772,1.2185495999874547,1000,1000,50,40,250,151-500,Behnke-Geiger,extension,12.208,5,0.023159999982453883,0,SPEA2,../runs/FJSP-med03_2-SPEA2-19.json,3.0828857027316636,61.53846153846154,62.381289865343724
med03_2,FJSP,SPEA2,42,completed,True,369,11866,1.1157821780823411,0.6044661999912933,1.3464183000614867,1000,1000,50,40,250,151-500,Behnke-Geiger,extension,12.208,1,0.026577700045891106,0,SPEA2,../runs/FJSP-med03_2-SPEA2-42.json,3.069638814751885,57.692307692307686,68.19277108433735
med03_2,FJSP,SPEA2,73,completed,True,382,11776,1.1140560466609757,0.5869066999293864,1.2341475000139326,1000,1000,50,40,250,151-500,Behnke-Geiger,extension,12.208,5,0.02324909996241331,0,SPEA2,../runs/FJSP-med03_2-SPEA2-73.json,3.2195915075021175,63.24786324786324,66.91708008504607
med03_2,FJSP,MOEA/D,19,completed,True,358,11751,1.1178172084375801,0.6763361999765038,1.320228400058113,1000,1000,50,40,250,151-500,Behnke-Geiger,extension,12.208,3,0.02266719995532185,0,MOEA-D,../runs/FJSP-med03_2-MOEA-D-19.json,2.8928514173269915,52.99145299145298,66.56272147413182
med03_2,FJSP,MOEA/D,42,completed,True,360,11477,1.1183375311832506,0.6661536999745294,1.2905300999991596,1000,1000,50,40,250,151-500,Behnke-Geiger,extension,12.208,2,0.02319569990504533,0,MOEA-D,../runs/FJSP-med03_2-MOEA-D-42.json,2.847649878297731,53.846153846153854,62.67895109851169
med03_2,FJSP,MOEA/D,73,completed,True,368,11226,1.1178653437141879,0.8732425000052899,1.666870699962601,1000,1000,50,40,250,151-500,Behnke-Geiger,extension,12.208,1,0.02559620002284646,0,MOEA-D,../runs/FJSP-med03_2-MOEA-D-73.json,2.888669803891153,57.26495726495726,59.12119064493267
med03_2,FJSP,SMS-EMOA,19,completed,True,385,11911,1.1131901720864494,0.5154780999291688,1.1883480999385938,1000,1000,50,40,250,151-500,Behnke-Geiger,extension,12.208,3,0.023463499965146184,0,SMS-EMOA,../runs/FJSP-med03_2-SMS-EMOA-19.json,3.2948118658288617,64.52991452991452,68.830616583983
med03_2,FJSP,SMS-EMOA,42,completed,True,386,12081,1.1125258426150966,0.5082717000041157,1.1732593000633642,1000,1000,50,40,250,151-500,Behnke-Geiger,extension,12.208,4,0.023688500048592687,0,SMS-EMOA,../runs/FJSP-med03_2-SMS-EMOA-42.json,3.3525235741435733,64.95726495726495,71.24025513819984
med03_2,FJSP,SMS-EMOA,73,completed,True,373,11763,1.115478657206344,0.5116192999994382,1.1760845000389963,1000,1000,50,40,250,151-500,Behnke-Geiger,extension,12.208,1,0.023243800038471818,0,SMS-EMOA,../runs/FJSP-med03_2-SMS-EMOA-73.json,3.0960063161473927,59.40170940170941,66.73281360737067
med04_3,FJSP,XG,19,completed,True,444.0,24031.0,1.1565238576446142,0.2444089,0.9487007999559864,1,1000,100,40,500,151-500,Behnke-Geiger,extension,12.712,1,0.2443004,0,F,../runs/FJSP-med04_3-F-19.json,0.34220309448529385,9.629629629629633,5.835461992424906
med04_3,FJSP,XG,42,completed,True,444.0,24031.0,1.1565238576446142,0.2551725,0.9812036999501288,1,1000,100,40,500,151-500,Behnke-Geiger,extension,12.712,1,0.2550641,0,F,../runs/FJSP-med04_3-F-42.json,0.34220309448529385,9.629629629629633,5.835461992424906
med04_3,FJSP,XG,73,completed,True,444.0,24031.0,1.1565238576446142,0.2722336,1.1126838999334723,1,1000,100,40,500,151-500,Behnke-Geiger,extension,12.712,1,0.2721421,0,F,../runs/FJSP-med04_3-F-73.json,0.34220309448529385,9.629629629629633,5.835461992424906
med04_3,FJSP,XH,19,timeout,False,,,,,240.4543324999977,,1000,100,40,500,151-500,Behnke-Geiger,extension,12.712,,,,T,../runs/FJSP-med04_3-T-19.json,,,
med04_3,FJSP,XH,42,timeout,False,,,,,240.49221860000398,,1000,100,40,500,151-500,Behnke-Geiger,extension,12.712,,,,T,../runs/FJSP-med04_3-T-42.json,,,
med04_3,FJSP,XH,73,timeout,False,,,,,240.40913209994324,,1000,100,40,500,151-500,Behnke-Geiger,extension,12.712,,,,T,../runs/FJSP-med04_3-T-73.json,,,
med04_3,FJSP,XT,19,timeout,False,,,,,240.3133630999364,,1000,100,40,500,151-500,Behnke-Geiger,extension,12.712,,,,B,../runs/FJSP-med04_3-B-19.json,,,
med04_3,FJSP,XT,42,timeout,False,,,,,240.36975830001757,,1000,100,40,500,151-500,Behnke-Geiger,extension,12.712,,,,B,../runs/FJSP-med04_3-B-42.json,,,
med04_3,FJSP,XT,73,timeout,False,,,,,240.35247949999757,,1000,100,40,500,151-500,Behnke-Geiger,extension,12.712,,,,B,../runs/FJSP-med04_3-B-73.json,,,
med04_3,FJSP,XE,19,completed,True,428.0,23977.0,1.1578085821241828,21.5427988,22.37559430010151,1000,1000,100,40,500,151-500,Behnke-Geiger,extension,12.712,3,0.296277,0,G,../runs/FJSP-med04_3-G-19.json,0.23149823490277166,5.679012345679002,5.597639390469489
med04_3,FJSP,XE,42,completed,True,410.0,23468.0,1.1595985793512256,19.3367947,20.184917000005953,1000,1000,100,40,500,151-500,Behnke-Geiger,extension,12.712,2,0.2826489,0,G,../runs/FJSP-med04_3-G-42.json,0.07725396321315303,1.2345679012345734,3.3559411609266343
med04_3,FJSP,XE,73,completed,True,415.0,23463.0,1.159213776557031,23.8390884,24.622608600067906,1000,1000,100,40,500,151-500,Behnke-Geiger,extension,12.712,1,0.2688886,0,G,../runs/FJSP-med04_3-G-73.json,0.11041246527001558,2.4691358024691468,3.3339205496344615
med04_3,FJSP,XHT,19,timeout,False,,,,,240.48822250007652,,1000,100,40,500,151-500,Behnke-Geiger,extension,12.712,,,,T-B,../runs/FJSP-med04_3-T-B-19.json,,,
med04_3,FJSP,XHT,42,timeout,False,,,,,240.3892588999588,,1000,100,40,500,151-500,Behnke-Geiger,extension,12.712,,,,T-B,../runs/FJSP-med04_3-T-B-42.json,,,
med04_3,FJSP,XHT,73,timeout,False,,,,,240.46864310000092,,1000,100,40,500,151-500,Behnke-Geiger,extension,12.712,,,,T-B,../runs/FJSP-med04_3-T-B-73.json,,,
med04_3,FJSP,XHE,19,completed,True,406.0,22706.0,1.1604951078149073,170.4199304,171.23092569992878,1000,1000,100,40,500,151-500,Behnke-Geiger,extension,12.712,3,0.2438415,0,T-G,../runs/FJSP-med04_3-T-G-19.json,0.0,0.24691358024691024,0.0
med04_3,FJSP,XHE,42,completed,True,405.0,22914.0,1.1604131378573703,174.8364606,175.62310130009428,1000,1000,100,40,500,151-500,Behnke-Geiger,extension,12.712,3,0.2450086,0,T-G,../runs/FJSP-med04_3-T-G-42.json,0.007063360886661041,0.0,0.9160574297542468
med04_3,FJSP,XHE,73,completed,True,406.0,22790.0,1.160430586877952,170.767892,171.97406120004598,1000,1000,100,40,500,151-500,Behnke-Geiger,extension,12.712,4,0.2709958,0,T-G,../runs/FJSP-med04_3-T-G-73.json,0.005559776729835431,0.24691358024691024,0.36994626970845434
med04_3,FJSP,XTE,19,completed,True,423.0,23340.0,1.1586862132327216,163.0569968,163.84841259999666,1000,1000,100,40,500,151-500,Behnke-Geiger,extension,12.712,4,0.2535489,0,B-G,../runs/FJSP-med04_3-B-G-19.json,0.15587265900600666,4.444444444444451,2.792213511847086
med04_3,FJSP,XTE,42,completed,True,426.0,23580.0,1.1582688081397474,140.4098817,141.21811010001693,1000,1000,100,40,500,151-500,Behnke-Geiger,extension,12.712,4,0.2714963,0,B-G,../runs/FJSP-med04_3-B-G-42.json,0.19184050498513017,5.185185185185182,3.8492028538712253
med04_3,FJSP,XTE,73,completed,True,420.0,23381.0,1.1588879175637121,152.8732435,153.78394170000684,1000,1000,100,40,500,151-500,Behnke-Geiger,extension,12.712,4,0.277418,0,B-G,../runs/FJSP-med04_3-B-G-73.json,0.1384917730692825,3.703703703703698,2.972782524442885
med04_3,FJSP,XHTE,19,completed,True,411.0,22750.0,1.1600724821486663,205.1199924,205.8339280000655,1000,1000,100,40,500,151-500,Behnke-Geiger,extension,12.712,4,0.2630358,0,T-B-G,../runs/FJSP-med04_3-T-B-G-19.json,0.03641770339184447,1.4814814814814836,0.19378137937109408
med04_3,FJSP,XHTE,42,completed,True,405.0,22914.0,1.1604131378573703,193.9304529,194.73795610002708,1000,1000,100,40,500,151-500,Behnke-Geiger,extension,12.712,3,0.2666543,0,T-B-G,../runs/FJSP-med04_3-T-B-G-42.json,0.007063360886661041,0.0,0.9160574297542468
med04_3,FJSP,XHTE,73,completed,True,406.0,22790.0,1.160430586877952,216.1191302,216.99808060005307,1000,1000,100,40,500,151-500,Behnke-Geiger,extension,12.712,4,0.2848272,0,T-B-G,../runs/FJSP-med04_3-T-B-G-73.json,0.005559776729835431,0.24691358024691024,0.36994626970845434
med04_3,FJSP,NSGA-II,19,completed,True,668,38147,1.1284573333231889,1.2335489999968559,2.008423799998127,1000,1000,100,40,500,151-500,Behnke-Geiger,extension,12.712,5,0.0467938999645412,0,NSGA-II,../runs/FJSP-med04_3-NSGA-II-19.json,2.760698797950323,64.93827160493828,68.00405179247775
med04_3,FJSP,NSGA-II,42,completed,True,654,38557,1.129225668567379,1.1397093000123277,1.8233868998941034,1000,1000,100,40,500,151-500,Behnke-Geiger,extension,12.712,1,0.04218760004732758,0,NSGA-II,../runs/FJSP-med04_3-NSGA-II-42.json,2.694491259545717,61.481481481481495,69.80974191843565
med04_3,FJSP,NSGA-II,73,completed,True,657,37658,1.1296724150364148,1.165483899996616,1.8664613999426365,1000,1000,100,40,500,151-500,Behnke-Geiger,extension,12.712,6,0.043241299921646714,0,NSGA-II,../runs/FJSP-med04_3-NSGA-II-73.json,2.6559950637386476,62.22222222222222,65.85043600810359
med04_3,FJSP,SPEA2,19,completed,True,645,36696,1.1313237584206408,1.2980865999124944,2.0294334000209346,1000,1000,100,40,500,151-500,Behnke-Geiger,extension,12.712,3,0.047360199969261885,0,SPEA2,../runs/FJSP-med04_3-SPEA2-19.json,2.5136986100004477,59.25925925925925,61.613670395490175
med04_3,FJSP,SPEA2,42,completed,True,671,38347,1.128074953795164,1.1794626000337303,1.865209799958393,1000,1000,100,40,500,151-500,Behnke-Geiger,extension,12.712,4,0.04318389995023608,0,SPEA2,../runs/FJSP-med04_3-SPEA2-42.json,2.793648486876188,65.67901234567901,68.88487624416453
med04_3,FJSP,SPEA2,73,completed,True,652,37077,1.1304983364857903,1.239774499903433,1.9011918000178412,1000,1000,100,40,500,151-500,Behnke-Geiger,extension,12.712,1,0.04363889992237091,0,SPEA2,../runs/FJSP-med04_3-SPEA2-73.json,2.5848253152568446,60.98765432098765,63.2916409759535
med04_3,FJSP,MOEA/D,19,completed,True,657,38663,1.1289146804774235,1.3741143000079319,2.066892199916765,1000,1000,100,40,500,151-500,Behnke-Geiger,extension,12.712,1,0.04240749997552484,0,MOEA-D,../runs/FJSP-med04_3-MOEA-D-19.json,2.7212891398522565,62.22222222222222,70.27657887782965
med04_3,FJSP,MOEA/D,42,completed,True,652,37128,1.1304597852507883,1.4818207999924198,2.2027329000411555,1000,1000,100,40,500,151-500,Behnke-Geiger,extension,12.712,1,0.04190330009441823,0,MOEA-D,../runs/FJSP-med04_3-MOEA-D-42.json,2.5881472797134375,60.98765432098765,63.51625121113362
med04_3,FJSP,MOEA/D,73,completed,True,675,39149,1.1271622551649285,1.547152900020592,2.2715819999575615,1000,1000,100,40,500,151-500,Behnke-Geiger,extension,12.712,3,0.043777600047178566,0,MOEA-D,../runs/FJSP-med04_3-MOEA-D-73.json,2.8722958352440653,66.66666666666667,72.41698229542853
med04_3,FJSP,SMS-EMOA,19,completed,True,658,37941,1.1293825503221224,1.1782960999989882,1.870994700002484,1000,1000,100,40,500,151-500,Behnke-Geiger,extension,12.712,4,0.04600839992053807,0,SMS-EMOA,../runs/FJSP-med04_3-SMS-EMOA-19.json,2.680972740278642,62.46913580246913,67.09680260724038
med04_3,FJSP,SMS-EMOA,42,completed,True,667,38542,1.128235622356284,1.249657699954696,1.965188300004229,1000,1000,100,40,500,151-500,Behnke-Geiger,extension,12.712,3,0.045687199919484556,0,SMS-EMOA,../runs/FJSP-med04_3-SMS-EMOA-42.json,2.779803658058033,64.69135802469135,69.74368008455916
med04_3,FJSP,SMS-EMOA,73,completed,True,648,38260,1.1299118719767094,1.1742553999647498,1.8329762000357732,1000,1000,100,40,500,151-500,Behnke-Geiger,extension,12.712,3,0.042367200017906725,0,SMS-EMOA,../runs/FJSP-med04_3-SMS-EMOA-73.json,2.635361031015715,60.00000000000001,68.50171760768077
med04_5,FJSP,XG,19,completed,True,465.0,25526.0,1.1535550953100144,0.2519932,1.091418799944222,1,1000,100,40,500,151-500,Behnke-Geiger,extension,12.04,1,0.251892,0,F,../runs/FJSP-med04_5-F-19.json,0.3398285544458868,7.14285714285714,8.37685220566382
med04_5,FJSP,XG,42,completed,True,465.0,25526.0,1.1535550953100144,0.2676737,1.1108770000282675,1,1000,100,40,500,151-500,Behnke-Geiger,extension,12.04,1,0.267561,0,F,../runs/FJSP-med04_5-F-42.json,0.3398285544458868,7.14285714285714,8.37685220566382
med04_5,FJSP,XG,73,completed,True,465.0,25526.0,1.1535550953100144,0.2364439,0.9332739000674337,1,1000,100,40,500,151-500,Behnke-Geiger,extension,12.04,1,0.2363509,0,F,../runs/FJSP-med04_5-F-73.json,0.3398285544458868,7.14285714285714,8.37685220566382
med04_5,FJSP,XH,19,timeout,False,,,,,240.42575210006908,,1000,100,40,500,151-500,Behnke-Geiger,extension,12.04,,,,T,../runs/FJSP-med04_5-T-19.json,,,
med04_5,FJSP,XH,42,timeout,False,,,,,240.3870907999808,,1000,100,40,500,151-500,Behnke-Geiger,extension,12.04,,,,T,../runs/FJSP-med04_5-T-42.json,,,
med04_5,FJSP,XH,73,timeout,False,,,,,240.26837960002013,,1000,100,40,500,151-500,Behnke-Geiger,extension,12.04,,,,T,../runs/FJSP-med04_5-T-73.json,,,
med04_5,FJSP,XT,19,timeout,False,,,,,240.45220759999938,,1000,100,40,500,151-500,Behnke-Geiger,extension,12.04,,,,B,../runs/FJSP-med04_5-B-19.json,,,
med04_5,FJSP,XT,42,timeout,False,,,,,240.51102179998998,,1000,100,40,500,151-500,Behnke-Geiger,extension,12.04,,,,B,../runs/FJSP-med04_5-B-42.json,,,
med04_5,FJSP,XT,73,timeout,False,,,,,240.4091731000226,,1000,100,40,500,151-500,Behnke-Geiger,extension,12.04,,,,B,../runs/FJSP-med04_5-B-73.json,,,
med04_5,FJSP,XE,19,completed,True,456.0,25271.0,1.1544520813166543,21.1895937,21.923745000036433,1000,1000,100,40,500,151-500,Behnke-Geiger,extension,12.04,3,0.2406907,0,G,../runs/FJSP-med04_5-G-19.json,0.2623343978430226,5.069124423963123,7.294187576954103
med04_5,FJSP,XE,42,completed,True,463.0,25171.0,1.1539836040140934,22.5446562,23.315434699994512,1000,1000,100,40,500,151-500,Behnke-Geiger,extension,12.04,2,0.2460647,0,G,../runs/FJSP-med04_5-G-42.json,0.30280799852442364,6.682027649769595,6.869613212754211
med04_5,FJSP,XE,73,completed,True,462.0,25398.0,1.153887116883905,17.6303863,18.458795199985616,1000,1000,100,40,500,151-500,Behnke-Geiger,extension,12.04,3,0.2504786,0,G,../runs/FJSP-med04_5-G-73.json,0.3111439020074491,6.451612903225801,7.833397019487953
med04_5,FJSP,XHT,19,timeout,False,,,,,240.45228430000134,,1000,100,40,500,151-500,Behnke-Geiger,extension,12.04,,,,T-B,../runs/FJSP-med04_5-T-B-19.json,,,
med04_5,FJSP,XHT,42,timeout,False,,,,,240.50954040000215,,1000,100,40,500,151-500,Behnke-Geiger,extension,12.04,,,,T-B,../runs/FJSP-med04_5-T-B-42.json,,,
med04_5,FJSP,XHT,73,timeout,False,,,,,240.47772119997535,,1000,100,40,500,151-500,Behnke-Geiger,extension,12.04,,,,T-B,../runs/FJSP-med04_5-T-B-73.json,,,
med04_5,FJSP,XHE,19,completed,True,440.0,23574.0,1.1570044173492096,180.8485109,181.57099769997876,1000,1000,100,40,500,151-500,Behnke-Geiger,extension,12.04,1,0.2526901,0,T-G,../runs/FJSP-med04_5-T-G-19.json,0.0418280279043004,1.382488479262678,0.08916061648198692
med04_5,FJSP,XHE,42,completed,True,434.0,23553.0,1.1574885719920915,179.5082162,180.26690769998822,1000,1000,100,40,500,151-500,Behnke-Geiger,extension,12.04,4,0.2425298,0,T-G,../runs/FJSP-med04_5-T-G-42.json,0.0,0.0,0.0
med04_5,FJSP,XHE,73,completed,True,439.0,23758.0,1.1569407729965617,173.9831232,174.84871689998545,1000,1000,100,40,500,151-500,Behnke-Geiger,extension,12.04,2,0.2530352,0,T-G,../runs/FJSP-med04_5-T-G-73.json,0.04732651438510427,1.1520737327188835,0.8703774466097824
med04_5,FJSP,XTE,19,completed,True,452.0,24623.0,1.1552618583199696,155.4326795,156.23105240007862,1000,1000,100,40,500,151-500,Behnke-Geiger,extension,12.04,3,0.2370631,0,B-G,../runs/FJSP-med04_5-B-G-19.json,0.1923745707734792,4.147465437788012,4.542945696938827
med04_5,FJSP,XTE,42,completed,True,450.0,24603.0,1.1554332195283317,187.2850479,188.1315079999622,1000,1000,100,40,500,151-500,Behnke-Geiger,extension,12.04,2,0.274347,0,B-G,../runs/FJSP-med04_5-B-G-42.json,0.17757000055926841,3.686635944700467,4.458030824098835
med04_5,FJSP,XTE,73,completed,True,454.0,24704.0,1.1550438243875014,167.784428,168.58813419996295,1000,1000,100,40,500,151-500,Behnke-Geiger,extension,12.04,2,0.2448339,0,B-G,../runs/FJSP-med04_5-B-G-73.json,0.21121138158475272,4.608294930875578,4.886850931940723
med04_5,FJSP,XHTE,19,timeout,False,,,,,240.43841040006373,,1000,100,40,500,151-500,Behnke-Geiger,extension,12.04,,,,T-B-G,../runs/FJSP-med04_5-T-B-G-19.json,,,
med04_5,FJSP,XHTE,42,completed,True,434.0,23553.0,1.1574885575206288,202.7708381,203.62077439995483,1000,1000,100,40,500,151-500,Behnke-Geiger,extension,12.04,4,0.2803854,0,T-B-G,../runs/FJSP-med04_5-T-B-G-42.json,1.2502467061636935e-06,0.0,0.0
med04_5,FJSP,XHTE,73,completed,True,439.0,24075.0,1.1566968274170426,219.9964088,220.82020680001006,1000,1000,100,40,500,151-500,Behnke-Geiger,extension,12.04,5,0.2705221,0,T-B-G,../runs/FJSP-med04_5-T-B-G-73.json,0.06840193451640442,1.1520737327188835,2.216278181123421
med04_5,FJSP,NSGA-II,19,completed,True,674,38438,1.1274965096413527,1.263043100014329,1.8957985000452027,1000,1000,100,40,500,151-500,Behnke-Geiger,extension,12.04,3,0.04364459996577352,0,NSGA-II,../runs/FJSP-med04_5-NSGA-II-19.json,2.5911324808262304,55.29953917050692,63.19789411115357
med04_5,FJSP,NSGA-II,42,completed,True,669,38561,1.1277888062975243,1.3530817000428215,2.118859500042163,1000,1000,100,40,500,151-500,Behnke-Geiger,extension,12.04,4,0.04912760003935546,0,NSGA-II,../runs/FJSP-med04_5-NSGA-II-42.json,2.565879820606143,54.147465437788014,63.720120579119445
med04_5,FJSP,NSGA-II,73,completed,True,680,38837,1.1267301207550213,1.1485492000356317,1.799044999992475,1000,1000,100,40,500,151-500,Behnke-Geiger,extension,12.04,4,0.04293300001882017,0,NSGA-II,../runs/FJSP-med04_5-NSGA-II-73.json,2.657343837454351,56.682027649769594,64.89194582431112
med04_5,FJSP,SPEA2,19,completed,True,661,38572,1.1283990153180956,1.2175310999155045,1.8727176999673247,1000,1000,100,40,500,151-500,Behnke-Geiger,extension,12.04,1,0.04443619993980974,0,SPEA2,../runs/FJSP-med04_5-SPEA2-19.json,2.513161458167268,52.30414746543779,63.76682375918141
med04_5,FJSP,SPEA2,42,completed,True,669,38624,1.1277410629963787,1.2477748999372125,1.9275573999620974,1000,1000,100,40,500,151-500,Behnke-Geiger,extension,12.04,3,0.0452128000324592,0,SPEA2,../runs/FJSP-med04_5-SPEA2-42.json,2.570004552573335,54.147465437788014,63.98760242856536
med04_5,FJSP,SPEA2,73,completed,True,681,39022,1.1265134199088171,1.2999247000552714,2.0902076000347733,1000,1000,100,40,500,151-500,Behnke-Geiger,extension,12.04,7,0.04727680003270507,0,SPEA2,../runs/FJSP-med04_5-SPEA2-73.json,2.6760654776888826,56.91244239631337,65.67740839808091
med04_5,FJSP,MOEA/D,19,completed,True,655,39045,1.1285036763350997,1.6519228999968618,2.482515300041996,1000,1000,100,40,500,151-500,Behnke-Geiger,extension,12.04,2,0.05321889999322593,0,MOEA-D,../runs/FJSP-med04_5-MOEA-D-19.json,2.504119380384673,50.92165898617511,65.7750605018469
med04_5,FJSP,MOEA/D,42,completed,True,663,38203,1.12852407767441,1.3776935999048874,2.0701587999938056,1000,1000,100,40,500,151-500,Behnke-Geiger,extension,12.04,4,0.042572899954393506,0,MOEA-D,../runs/FJSP-med04_5-MOEA-D-42.json,2.5023568282693476,52.76497695852535,62.200144355283825
med04_5,FJSP,MOEA/D,73,completed,True,662,38018,1.1287416618504102,1.3322225000010803,2.0067894000094384,1000,1000,100,40,500,151-500,Behnke-Geiger,extension,12.04,1,0.041302200057543814,0,MOEA-D,../runs/FJSP-med04_5-MOEA-D-73.json,2.483558873692082,52.53456221198156,61.414681781514034
med04_5,FJSP,SMS-EMOA,19,completed,True,675,38690,1.127227981377458,1.2124286000616848,1.9222415999975055,1000,1000,100,40,500,151-500,Behnke-Geiger,extension,12.04,3,0.048241600045003,0,SMS-EMOA,../runs/FJSP-med04_5-SMS-EMOA-19.json,2.61433169595392,55.52995391705069,64.26782150893729
med04_5,FJSP,SMS-EMOA,42,completed,True,681,38759,1.1267128028746862,1.2638494999846444,2.058145600021817,1000,1000,100,40,500,151-500,Behnke-Geiger,extension,12.04,4,0.05624299996998161,0,SMS-EMOA,../runs/FJSP-med04_5-SMS-EMOA-42.json,2.6588399973952903,56.91244239631337,64.56077782023522
med04_5,FJSP,SMS-EMOA,73,completed,True,677,38259,1.1273995080221315,1.17204220010899,1.791380700073205,1000,1000,100,40,500,151-500,Behnke-Geiger,extension,12.04,2,0.04178300010971725,0,SMS-EMOA,../runs/FJSP-med04_5-SMS-EMOA-73.json,2.5995128330446815,55.990783410138256,62.437905999235774
mk01,FJSP,XG,19,completed,True,47.0,344.0,0.8825407650815303,0.0021533,0.7242782999528572,1,1000,10,6,55,1-150,Brandimarte,legacy,2.090909090909091,1,0.0021336,0,F,../runs/FJSP-mk01-F-19.json,4.344594658161882,14.634146341463406,15.82491582491583
mk01,FJSP,XG,42,completed,True,47.0,344.0,0.8825407650815303,0.0019368,0.666715900064446,1,1000,10,6,55,1-150,Brandimarte,legacy,2.090909090909091,1,0.0019186,0,F,../runs/FJSP-mk01-F-42.json,4.344594658161882,14.634146341463406,15.82491582491583
mk01,FJSP,XG,73,completed,True,47.0,344.0,0.8825407650815303,0.0019167,0.8597553999861702,1,1000,10,6,55,1-150,Brandimarte,legacy,2.090909090909091,1,0.0019002,0,F,../runs/FJSP-mk01-F-73.json,4.344594658161882,14.634146341463406,15.82491582491583
mk01,FJSP,XH,19,completed,True,41.0,319.0,0.9145514291028584,2.3917669,3.2204876000760123,1000,1000,10,6,55,1-150,Brandimarte,legacy,2.090909090909091,2,0.0025656,0,T,../runs/FJSP-mk01-T-19.json,0.8750744236618258,0.0,7.407407407407418
mk01,FJSP,XH,42,completed,True,41.0,308.0,0.9185572571145145,2.2240132,3.106154900044203,1000,1000,10,6,55,1-150,Brandimarte,legacy,2.090909090909091,3,0.0022008,0,T,../runs/FJSP-mk01-T-42.json,0.4408971965631281,0.0,3.703703703703698
mk01,FJSP,XH,73,completed,True,42.0,319.0,0.910727571455143,2.4061068,3.1537858999799937,1000,1000,10,6,55,1-150,Brandimarte,legacy,2.090909090909091,1,0.0022315,0,T,../runs/FJSP-mk01-T-73.json,1.2895285403823231,2.4390243902439046,7.407407407407418
mk01,FJSP,XT,19,completed,True,43.0,317.0,0.9075885051770105,1.7042264,2.4245403999229893,1000,1000,10,6,55,1-150,Brandimarte,legacy,2.090909090909091,3,0.0024412,0,B,../runs/FJSP-mk01-B-19.json,1.6297605943678684,4.878048780487809,6.734006734006726
mk01,FJSP,XT,42,completed,True,43.0,321.0,0.9061104222208447,1.7494467999999999,2.572398200049065,1000,1000,10,6,55,1-150,Brandimarte,legacy,2.090909090909091,5,0.0024113,0,B,../runs/FJSP-mk01-B-42.json,1.7899646664005564,4.878048780487809,8.080808080808088
mk01,FJSP,XT,73,completed,True,42.0,317.0,0.9114356128712259,1.7217316999999999,2.50254140002653,1000,1000,10,6,55,1-150,Brandimarte,legacy,2.090909090909091,2,0.0024579,0,B,../runs/FJSP-mk01-B-73.json,1.2127864890982054,2.4390243902439046,6.734006734006726
mk01,FJSP,XE,19,completed,True,45.0,332.0,0.8944956289912581,0.7283586,1.4725588998990133,1000,1000,10,6,55,1-150,Brandimarte,legacy,2.090909090909091,1,0.002061,0,G,../runs/FJSP-mk01-G-19.json,3.0488501460249506,9.756097560975618,11.784511784511785
mk01,FJSP,XE,42,completed,True,44.0,331.0,0.8986766073532149,0.7704519,1.5319110999116674,1000,1000,10,6,55,1-150,Brandimarte,legacy,2.090909090909091,1,0.0022065,0,G,../runs/FJSP-mk01-G-42.json,2.5956890051891723,7.317073170731714,11.44781144781144
mk01,FJSP,XE,73,completed,True,46.0,322.0,0.8942972285944574,0.7505392,1.5126946000382304,1000,1000,10,6,55,1-150,Brandimarte,legacy,2.090909090909091,1,0.0021762,0,G,../runs/FJSP-mk01-G-73.json,3.070354048311208,12.195121951219523,8.417508417508412
mk01,FJSP,XHT,19,completed,True,41.0,301.0,0.921190402380805,2.1891541,2.9869124999968335,1000,1000,10,6,55,1-150,Brandimarte,legacy,2.090909090909091,2,0.0020746,0,T-B,../runs/FJSP-mk01-T-B-19.json,0.15550009340757898,0.0,1.3468013468013407
mk01,FJSP,XHT,42,completed,True,41.0,308.0,0.9186130572261146,1.9928443,2.6701267999596894,1000,1000,10,6,55,1-150,Brandimarte,legacy,2.090909090909091,2,0.0021045,0,T-B,../runs/FJSP-mk01-T-B-42.json,0.4348492240451307,0.0,3.703703703703698
mk01,FJSP,XHT,73,completed,True,41.0,307.0,0.918953127906256,2.1758097,2.8933874999638647,1000,1000,10,6,55,1-150,Brandimarte,legacy,2.090909090909091,3,0.0023458,0,T-B,../runs/FJSP-mk01-T-B-73.json,0.3979901915325712,0.0,3.367003367003374
mk01,FJSP,XHE,19,completed,True,41.0,308.0,0.9186084072168147,1.4642186,2.213651299942285,1000,1000,10,6,55,1-150,Brandimarte,legacy,2.090909090909091,2,0.0023213,0,T-G,../runs/FJSP-mk01-T-G-19.json,0.4353532217549527,0.0,3.703703703703698
mk01,FJSP,XHE,42,completed,True,41.0,304.0,0.9200973401946806,1.4037673,2.0839638001052663,1000,1000,10,6,55,1-150,Brandimarte,legacy,2.090909090909091,2,0.0020741,0,T-G,../runs/FJSP-mk01-T-G-42.json,0.2739731550659874,0.0,2.3569023569023573
mk01,FJSP,XHE,73,completed,True,42.0,308.0,0.9147752495504993,1.5184681,2.2727985000237823,1000,1000,10,6,55,1-150,Brandimarte,legacy,2.090909090909091,1,0.0021888,0,T-G,../runs/FJSP-mk01-T-G-73.json,0.8508153338951274,2.4390243902439046,3.703703703703698
mk01,FJSP,XTE,19,completed,True,43.0,314.0,0.9087125674251351,1.2137572,1.9138076000381261,1000,1000,10,6,55,1-150,Brandimarte,legacy,2.090909090909091,3,0.0019563,0,B-G,../runs/FJSP-mk01-B-G-19.json,1.507927547977228,4.878048780487809,5.723905723905731
mk01,FJSP,XTE,42,completed,True,43.0,323.0,0.9054054808109617,1.1371893,1.7704990999773145,1000,1000,10,6,55,1-150,Brandimarte,legacy,2.090909090909091,3,0.0019356,0,B-G,../runs/FJSP-mk01-B-G-42.json,1.8663707192114631,4.878048780487809,8.754208754208758
mk01,FJSP,XTE,73,completed,True,42.0,314.0,0.9125674251348503,1.1876496,1.9070343000348657,1000,1000,10,6,55,1-150,Brandimarte,legacy,2.090909090909091,1,0.0021815,0,B-G,../runs/FJSP-mk01-B-G-73.json,1.090113446524521,2.4390243902439046,5.723905723905731
mk01,FJSP,XHTE,19,completed,True,41.0,297.0,0.9226250852501707,1.9340874000000001,2.747827499988489,1000,1000,10,6,55,1-150,Brandimarte,legacy,2.090909090909091,4,0.0021597,0,T-B-G,../runs/FJSP-mk01-T-B-G-19.json,0.0,0.0,0.0
mk01,FJSP,XHTE,42,completed,True,41.0,308.0,0.9186130572261146,1.6608491,2.3728267999831587,1000,1000,10,6,55,1-150,Brandimarte,legacy,2.090909090909091,2,0.0022539,0,T-B-G,../runs/FJSP-mk01-T-B-G-42.json,0.4348492240451307,0.0,3.703703703703698
mk01,FJSP,XHTE,73,completed,True,41.0,306.0,0.9193257486514975,1.6879619,2.4197701999219134,1000,1000,10,6,55,1-150,Brandimarte,legacy,2.090909090909091,2,0.0021129,0,T-B-G,../runs/FJSP-mk01-T-B-G-73.json,0.3576031750511688,0.0,3.0303030303030276
mk01,FJSP,NSGA-II,19,completed,True,45,349,0.8882494264988532,0.1388376000104472,0.8266570999985561,1000,1000,10,6,55,1-150,Brandimarte,legacy,2.090909090909091,3,0.008117999997921288,0,NSGA-II,../runs/FJSP-mk01-NSGA-II-19.json,3.7258534697218404,9.756097560975618,17.508417508417516
mk01,FJSP,NSGA-II,42,completed,True,45,341,0.8908723417446835,0.14164539997000247,0.8801244999049231,1000,1000,10,6,55,1-150,Brandimarte,legacy,2.090909090909091,5,0.00813669990748167,0,NSGA-II,../runs/FJSP-mk01-NSGA-II-42.json,3.4415651615279264,9.756097560975618,14.814814814814813
mk01,FJSP,NSGA-II,73,completed,True,45,342,0.8905493210986424,0.1707057999446988,0.9092808000277728,1000,1000,10,6,55,1-150,Brandimarte,legacy,2.090909090909091,5,0.009834199910983443,0,NSGA-II,../runs/FJSP-mk01-NSGA-II-73.json,3.4765762024377422,9.756097560975618,15.15151515151516
mk01,FJSP,SPEA2,19,completed,True,44,340,0.8952904705809414,0.17614610004238784,0.909118700074032,1000,1000,10,6,55,1-150,Brandimarte,legacy,2.090909090909091,2,0.008791300002485514,0,SPEA2,../runs/FJSP-mk01-SPEA2-19.json,2.9627001374905815,7.317073170731714,14.478114478114467
mk01,FJSP,SPEA2,42,completed,True,46,342,0.886970363940728,0.18688169994857162,0.9651067000813782,1000,1000,10,6,55,1-150,Brandimarte,legacy,2.090909090909091,3,0.009859399986453354,0,SPEA2,../runs/FJSP-mk01-SPEA2-42.json,3.864486439773629,12.195121951219523,15.15151515151516
mk01,FJSP,SPEA2,73,completed,True,44,338,0.8960016120032243,0.176348099950701,0.9071590000530705,1000,1000,10,6,55,1-150,Brandimarte,legacy,2.090909090909091,2,0.009622099925763905,0,SPEA2,../runs/FJSP-mk01-SPEA2-73.json,2.8856220877332306,7.317073170731714,13.804713804713797
mk01,FJSP,MOEA/D,19,completed,True,43,319,0.9068913137826277,0.29853600007481873,0.9733326999703422,1000,1000,10,6,55,1-150,Brandimarte,legacy,2.090909090909091,1,0.0090658999979496,0,MOEA-D,../runs/FJSP-mk01-MOEA-D-19.json,1.7053266509957088,4.878048780487809,7.407407407407418
mk01,FJSP,MOEA/D,42,completed,True,45,310,0.90244528489057,0.32475279993377626,1.0899727999931201,1000,1000,10,6,55,1-150,Brandimarte,legacy,2.090909090909091,2,0.010550100007094443,0,MOEA-D,../runs/FJSP-mk01-MOEA-D-42.json,2.1872156612920413,9.756097560975618,4.377104377104368
mk01,FJSP,MOEA/D,73,completed,True,42,304,0.9161820323640648,0.27044439991004765,0.8873515999875963,1000,1000,10,6,55,1-150,Brandimarte,legacy,2.090909090909091,2,0.009188899886794388,0,MOEA-D,../runs/FJSP-mk01-MOEA-D-73.json,0.6983392267465693,2.4390243902439046,2.3569023569023573
mk01,FJSP,SMS-EMOA,19,completed,True,47,342,0.8829341558683118,0.14520809997338802,0.8413653000025079,1000,1000,10,6,55,1-150,Brandimarte,legacy,2.090909090909091,6,0.00885700003709644,0,SMS-EMOA,../runs/FJSP-mk01-SMS-EMOA-19.json,4.301956451909894,14.634146341463406,15.15151515151516
mk01,FJSP,SMS-EMOA,42,completed,True,44,349,0.8918578337156676,0.1334146000444889,0.7549143999349326,1000,1000,10,6,55,1-150,Brandimarte,legacy,2.090909090909091,5,0.007995199994184077,0,SMS-EMOA,../runs/FJSP-mk01-SMS-EMOA-42.json,3.334751246890333,7.317073170731714,17.508417508417516
mk01,FJSP,SMS-EMOA,73,completed,True,47,338,0.8841735383470768,0.13396859995555133,0.752456699963659,1000,1000,10,6,55,1-150,Brandimarte,legacy,2.090909090909091,5,0.008334600017406046,0,SMS-EMOA,../runs/FJSP-mk01-SMS-EMOA-73.json,4.167624262315361,14.634146341463406,13.804713804713797
mk02,FJSP,XG,19,completed,True,44.0,262.0,0.9692120397742545,0.0031003,0.7072740000439808,1,1000,10,6,58,1-150,Brandimarte,legacy,4.103448275862069,1,0.003083,0,F,../runs/FJSP-mk02-F-19.json,5.656125642616683,51.72413793103448,11.965811965811968
mk02,FJSP,XG,42,completed,True,44.0,262.0,0.9692120397742545,0.0030338,0.7082710999529809,1,1000,10,6,58,1-150,Brandimarte,legacy,4.103448275862069,1,0.0030132,0,F,../runs/FJSP-mk02-F-42.json,5.656125642616683,51.72413793103448,11.965811965811968
mk02,FJSP,XG,73,completed,True,44.0,262.0,0.9692120397742545,0.0033986,0.8137064001057297,1,1000,10,6,58,1-150,Brandimarte,legacy,4.103448275862069,1,0.0033733,0,F,../runs/FJSP-mk02-F-73.json,5.656125642616683,51.72413793103448,11.965811965811968
mk02,FJSP,XH,19,completed,True,30.0,243.0,1.0220005374899221,4.3962742,5.117272000061348,1000,1000,10,6,58,1-150,Brandimarte,legacy,4.103448275862069,1,0.003161,0,T,../runs/FJSP-mk02-T-19.json,0.5176510966731995,3.4482758620689724,3.8461538461538547
mk02,FJSP,XH,42,completed,True,29.0,237.0,1.027316312819135,3.8071003,4.483450000057928,1000,1000,10,6,58,1-150,Brandimarte,legacy,4.103448275862069,2,0.0030887,0,T,../runs/FJSP-mk02-T-42.json,0.00020927879386123394,0.0,1.2820512820512775
mk02,FJSP,XH,73,completed,True,29.0,246.0,1.0243359312012903,3.9661207000000003,4.659882599953562,1000,1000,10,6,58,1-150,Brandimarte,legacy,4.103448275862069,3,0.0030969,0,T,../runs/FJSP-mk02-T-73.json,0.29032200681619047,0.0,5.128205128205132
mk02,FJSP,XT,19,completed,True,32.0,240.0,1.0162886320881486,2.4265504,3.1130629999097437,1000,1000,10,6,58,1-150,Brandimarte,legacy,4.103448275862069,1,0.0032371,0,B,../runs/FJSP-mk02-B-19.json,1.0736525323257085,10.344827586206895,2.564102564102555
mk02,FJSP,XT,42,completed,True,31.0,237.0,1.0205987637731793,2.4262006,3.083741399925202,1000,1000,10,6,58,1-150,Brandimarte,legacy,4.103448275862069,2,0.0029854,0,B,../runs/FJSP-mk02-B-42.json,0.6541008702858675,6.896551724137923,1.2820512820512775
mk02,FJSP,XT,73,completed,True,34.0,245.0,1.0079494759473264,2.6568954,3.4124689999734983,1000,1000,10,6,58,1-150,Brandimarte,legacy,4.103448275862069,4,0.0032052,0,B,../runs/FJSP-mk02-B-73.json,1.8853926541050225,17.24137931034482,4.700854700854706
mk02,FJSP,XE,19,completed,True,37.0,250.0,0.9963079817253427,0.9074924,1.6003548000007868,1000,1000,10,6,58,1-150,Brandimarte,legacy,4.103448275862069,2,0.0030721,0,G,../runs/FJSP-mk02-G-19.json,3.018585003290908,27.586206896551737,6.8376068376068355
mk02,FJSP,XE,42,completed,True,36.0,247.0,1.0006331631281915,0.9787825,1.7318641000892967,1000,1000,10,6,58,1-150,Brandimarte,legacy,4.103448275862069,2,0.0031391,0,G,../runs/FJSP-mk02-G-42.json,2.5975683896938495,24.13793103448276,5.555555555555558
mk02,FJSP,XE,73,completed,True,38.0,262.0,0.9890970169309327,0.9001449,1.53772270004265,1000,1000,10,6,58,1-150,Brandimarte,legacy,4.103448275862069,2,0.0039384,0,G,../runs/FJSP-mk02-G-73.json,3.7205060779793686,31.034482758620683,11.965811965811968
mk02,FJSP,XHT,19,completed,True,29.0,239.0,1.0266229508196723,3.9823836,4.7316525999922305,1000,1000,10,6,58,1-150,Brandimarte,legacy,4.103448275862069,3,0.0033739,0,T-B,../runs/FJSP-mk02-T-B-19.json,0.06770168982161984,0.0,2.136752136752129
mk02,FJSP,XHT,42,completed,True,29.0,237.0,1.027316312819135,3.7070469,4.421762400073931,1000,1000,10,6,58,1-150,Brandimarte,legacy,4.103448275862069,2,0.0032964,0,T-B,../runs/FJSP-mk02-T-B-42.json,0.00020927879386123394,0.0,1.2820512820512775
mk02,FJSP,XHT,73,completed,True,29.0,244.0,1.0249669443697933,3.8364238,4.572554299957119,1000,1000,10,6,58,1-150,Brandimarte,legacy,4.103448275862069,5,0.0036227,0,T-B,../runs/FJSP-mk02-T-B-73.json,0.2288986808111071,0.0,4.2735042735042805
mk02,FJSP,XHE,19,completed,True,30.0,239.0,1.0233141628594464,2.2245065,2.889108599978499,1000,1000,10,6,58,1-150,Brandimarte,legacy,4.103448275862069,1,0.0031538,0,T-G,../runs/FJSP-mk02-T-G-19.json,0.38978175360980805,3.4482758620689724,2.136752136752129
mk02,FJSP,XHE,42,completed,True,29.0,237.0,1.027318462778823,2.2804664,2.9364959000376984,1000,1000,10,6,58,1-150,Brandimarte,legacy,4.103448275862069,2,0.0031203,0,T-G,../runs/FJSP-mk02-T-G-42.json,0.0,0.0,1.2820512820512775
mk02,FJSP,XHE,73,completed,True,29.0,247.0,1.0240032249395328,2.4672987,3.203230499988422,1000,1000,10,6,58,1-150,Brandimarte,legacy,4.103448275862069,3,0.0033394,0,T-G,../runs/FJSP-mk02-T-G-73.json,0.3227079001698052,0.0,5.555555555555558
mk02,FJSP,XTE,19,completed,True,31.0,237.0,1.0206084385917766,1.8479898000000001,2.6184405999956653,1000,1000,10,6,58,1-150,Brandimarte,legacy,4.103448275862069,3,0.0031913,0,B-G,../runs/FJSP-mk02-B-G-19.json,0.6531591157133754,6.896551724137923,1.2820512820512775
mk02,FJSP,XTE,42,completed,True,31.0,234.0,1.0216011824778286,1.8777591,2.6114950000774115,1000,1000,10,6,58,1-150,Brandimarte,legacy,4.103448275862069,1,0.0032993,0,B-G,../runs/FJSP-mk02-B-G-42.json,0.5565246326372453,6.896551724137923,0.0
mk02,FJSP,XTE,73,completed,True,32.0,246.0,1.0143063692555767,1.7186593000000001,2.4376872000284493,1000,1000,10,6,58,1-150,Brandimarte,legacy,4.103448275862069,3,0.0031374,0,B-G,../runs/FJSP-mk02-B-G-73.json,1.2666075802871823,10.344827586206895,5.128205128205132
mk02,FJSP,XHTE,19,completed,True,30.0,239.0,1.023301263101317,2.6009614,3.296478300006129,1000,1000,10,6,58,1-150,Brandimarte,legacy,4.103448275862069,2,0.0034089,0,T-B-G,../runs/FJSP-mk02-T-B-G-19.json,0.3910374263730976,3.4482758620689724,2.136752136752129
mk02,FJSP,XHTE,42,completed,True,29.0,237.0,1.027307712980382,3.1048835,3.9913011000026017,1000,1000,10,6,58,1-150,Brandimarte,legacy,4.103448275862069,3,0.0037556,0,T-B-G,../runs/FJSP-mk02-T-B-G-42.json,0.0010463939693949875,0.0,1.2820512820512775
mk02,FJSP,XHTE,73,completed,True,29.0,244.0,1.024972319269014,2.9305535000000003,3.7029987999703735,1000,1000,10,6,58,1-150,Brandimarte,legacy,4.103448275862069,4,0.0036402,0,T-B-G,../runs/FJSP-mk02-T-B-G-73.json,0.22837548382638184,0.0,4.2735042735042805
mk02,FJSP,NSGA-II,19,completed,True,38,323,0.969552270894921,0.1440627999836579,0.7867490999633446,1000,1000,10,6,58,1-150,Brandimarte,legacy,4.103448275862069,3,0.0074908999959006906,0,NSGA-II,../runs/FJSP-mk02-NSGA-II-19.json,5.623007273484459,31.034482758620683,38.034188034188034
mk02,FJSP,NSGA-II,42,completed,True,41,337,0.9554334856221448,0.14775010000448674,0.8118171999230981,1000,1000,10,6,58,1-150,Brandimarte,legacy,4.103448275862069,2,0.009021800011396408,0,NSGA-II,../runs/FJSP-mk02-NSGA-II-42.json,6.997341112923683,41.37931034482758,44.01709401709402
mk02,FJSP,NSGA-II,73,completed,True,38,322,0.969973125503897,0.140041199978441,0.7908111999277025,1000,1000,10,6,58,1-150,Brandimarte,legacy,4.103448275862069,1,0.008113999967463315,0,NSGA-II,../runs/FJSP-mk02-NSGA-II-73.json,5.58204094958159,31.034482758620683,37.60683760683761
mk02,FJSP,SPEA2,19,completed,True,40,336,0.9589449072829885,0.19559020001906902,0.9865020998986438,1000,1000,10,6,58,1-150,Brandimarte,legacy,4.103448275862069,2,0.00919790007174015,0,SPEA2,../runs/FJSP-mk02-SPEA2-19.json,6.655536522811911,37.93103448275863,43.58974358974359
mk02,FJSP,SPEA2,42,completed,True,39,311,0.9701177102929323,0.1732944999821484,0.8836908000521362,1000,1000,10,6,58,1-150,Brandimarte,legacy,4.103448275862069,3,0.009462599991820753,0,SPEA2,../runs/FJSP-mk02-SPEA2-42.json,5.56796695069286,34.48275862068966,32.9059829059829
mk02,FJSP,SPEA2,73,completed,True,42,330,0.9543579682880947,0.17294189997483045,0.8994937000097707,1000,1000,10,6,58,1-150,Brandimarte,legacy,4.103448275862069,2,0.008144499966874719,0,SPEA2,../runs/FJSP-mk02-SPEA2-73.json,7.102032829564397,44.827586206896555,41.025641025641036
mk02,FJSP,MOEA/D,19,completed,True,35,294,0.9887992475141092,0.31789200007915497,1.058968500001356,1000,1000,10,6,58,1-150,Brandimarte,legacy,4.103448275862069,1,0.010420000064186752,0,MOEA-D,../runs/FJSP-mk02-MOEA-D-19.json,3.7494911909323747,20.68965517241379,25.64102564102564
mk02,FJSP,MOEA/D,42,completed,True,36,281,0.9896941682343458,0.35533139994367957,1.1478627000469714,1000,1000,10,6,58,1-150,Brandimarte,legacy,4.103448275862069,1,0.010499499971047044,0,MOEA-D,../runs/FJSP-mk02-MOEA-D-42.json,3.6623788929779577,24.13793103448276,20.08547008547008
mk02,FJSP,MOEA/D,73,completed,True,38,315,0.9722117710292933,0.2879432999761775,0.9077168999938294,1000,1000,10,6,58,1-150,Brandimarte,legacy,4.103448275862069,1,0.008713799994438887,0,MOEA-D,../runs/FJSP-mk02-MOEA-D-73.json,5.364129405449402,31.034482758620683,34.61538461538463
mk02,FJSP,SMS-EMOA,19,completed,True,42,342,0.9506202633700619,0.1365300000179559,0.8253515999531373,1000,1000,10,6,58,1-150,Brandimarte,legacy,4.103448275862069,2,0.00859480001963675,0,SMS-EMOA,../runs/FJSP-mk02-SMS-EMOA-19.json,7.465864012732526,44.827586206896555,46.153846153846146
mk02,FJSP,SMS-EMOA,42,completed,True,40,335,0.959258263907552,0.13902589993085712,0.8280550000490621,1000,1000,10,6,58,1-150,Brandimarte,legacy,4.103448275862069,4,0.00791149993892759,0,SMS-EMOA,../runs/FJSP-mk02-SMS-EMOA-42.json,6.625034138603237,37.93103448275863,43.162393162393165
mk02,FJSP,SMS-EMOA,73,completed,True,40,340,0.9576925557645796,0.14608179999049753,0.8433160999557003,1000,1000,10,6,58,1-150,Brandimarte,legacy,4.103448275862069,2,0.00823350006248802,0,SMS-EMOA,../runs/FJSP-mk02-SMS-EMOA-73.json,6.7774414202495965,37.93103448275863,45.299145299145295
mk03,FJSP,XG,19,completed,True,293.0,2759.0,0.9831584404989008,0.0073196,0.7356052999384701,1,1000,15,8,150,1-150,Brandimarte,legacy,3.006666666666667,1,0.0072785,0,F,../runs/FJSP-mk03-F-19.json,6.239927443611881,43.627450980392155,40.981093510475205
mk03,FJSP,XG,42,completed,True,293.0,2759.0,0.9831584404989008,0.0074075,0.7365178000181913,1,1000,15,8,150,1-150,Brandimarte,legacy,3.006666666666667,1,0.0073678,0,F,../runs/FJSP-mk03-F-42.json,6.239927443611881,43.627450980392155,40.981093510475205
mk03,FJSP,XG,73,completed,True,293.0,2759.0,0.9831584404989008,0.0078914,0.7610417000250891,1,1000,15,8,150,1-150,Brandimarte,legacy,3.006666666666667,1,0.0078506,0,F,../runs/FJSP-mk03-F-73.json,6.239927443611881,43.627450980392155,40.981093510475205
mk03,FJSP,XH,19,completed,True,204.0,1957.0,1.0485896754267343,10.197863,10.893776599899866,1000,1000,15,8,150,1-150,Brandimarte,legacy,3.006666666666667,2,0.0082314,0,T,../runs/FJSP-mk03-T-19.json,0.0,0.0,0.0
mk03,FJSP,XH,42,completed,True,204.0,2058.0,1.0455434618291763,9.5651745,10.30486340005882,1000,1000,15,8,150,1-150,Brandimarte,legacy,3.006666666666667,1,0.0074861,0,T,../runs/FJSP-mk03-T-42.json,0.2905057782796039,0.0,5.16096065406233
mk03,FJSP,XH,73,completed,True,204.0,1957.0,1.0485896754267343,9.8156155,10.502051999908872,1000,1000,15,8,150,1-150,Brandimarte,legacy,3.006666666666667,2,0.007413,0,T,../runs/FJSP-mk03-T-73.json,0.0,0.0,0.0
mk03,FJSP,XT,19,completed,True,231.0,2304.0,1.0254260073391919,8.0638833,8.789516299962997,1000,1000,15,8,150,1-150,Brandimarte,legacy,3.006666666666667,3,0.0069287,0,B,../runs/FJSP-mk03-B-19.json,2.2090307229198802,13.235294117647056,17.731221257026064
mk03,FJSP,XT,42,completed,True,234.0,2336.0,1.0230676552808073,7.1468219,7.900821699993685,1000,1000,15,8,150,1-150,Brandimarte,legacy,3.006666666666667,3,0.0073166,0,B,../runs/FJSP-mk03-B-42.json,2.433937768416472,14.705882352941169,19.366377107818078
mk03,FJSP,XT,73,completed,True,233.0,2304.0,1.0244946121557723,7.4051591,8.078959699952975,1000,1000,15,8,150,1-150,Brandimarte,legacy,3.006666666666667,2,0.0068725,0,B,../runs/FJSP-mk03-B-73.json,2.2978543309761568,14.215686274509798,17.731221257026064
mk03,FJSP,XE,19,completed,True,263.0,2602.0,1.0016448050623628,2.1714051,2.8702538000652567,1000,1000,15,8,150,1-150,Brandimarte,legacy,3.006666666666667,1,0.0069707,0,G,../runs/FJSP-mk03-G-19.json,4.476953327360089,28.921568627450988,32.95861011752683
mk03,FJSP,XE,42,completed,True,270.0,2610.0,0.9981564025963121,2.1676719,2.8721550999907777,1000,1000,15,8,150,1-150,Brandimarte,legacy,3.006666666666667,4,0.0071388,0,G,../runs/FJSP-mk03-G-42.json,4.809628972352586,32.35294117647059,33.367399080224835
mk03,FJSP,XE,73,completed,True,272.0,2624.0,0.9968264903341032,2.1685035,2.874569399980828,1000,1000,15,8,150,1-150,Brandimarte,legacy,3.006666666666667,1,0.0070389,0,G,../runs/FJSP-mk03-G-73.json,4.936457635019675,33.33333333333333,34.08277976494634
mk03,FJSP,XHT,19,completed,True,204.0,2071.0,1.0451430868139648,9.7343568,10.371022600098513,1000,1000,15,8,150,1-150,Brandimarte,legacy,3.006666666666667,2,0.0069804,0,T-B,../runs/FJSP-mk03-T-B-19.json,0.32868801720433716,0.0,5.825242718446599
mk03,FJSP,XHT,42,completed,True,204.0,2114.0,1.0438376705179429,9.9358235,10.630078500020318,1000,1000,15,8,150,1-150,Brandimarte,legacy,3.006666666666667,1,0.0071703,0,T-B,../runs/FJSP-mk03-T-B-42.json,0.453180592957636,0.0,8.022483392948399
mk03,FJSP,XHT,73,completed,True,204.0,2071.0,1.0451430868139648,10.0574105,10.802598500042222,1000,1000,15,8,150,1-150,Brandimarte,legacy,3.006666666666667,2,0.0088623,0,T-B,../runs/FJSP-mk03-T-B-73.json,0.32868801720433716,0.0,5.825242718446599
mk03,FJSP,XHE,19,completed,True,204.0,2071.0,1.0451430868139648,6.1919909,6.928056100034155,1000,1000,15,8,150,1-150,Brandimarte,legacy,3.006666666666667,2,0.0089375,0,T-G,../runs/FJSP-mk03-T-G-19.json,0.32868801720433716,0.0,5.825242718446599
mk03,FJSP,XHE,42,completed,True,204.0,2117.0,1.0437462888405553,5.8895745,6.598680300056003,1000,1000,15,8,150,1-150,Brandimarte,legacy,3.006666666666667,1,0.0069249,0,T-G,../runs/FJSP-mk03-T-G-42.json,0.46189531517253357,0.0,8.175779253960137
mk03,FJSP,XHE,73,completed,True,204.0,2071.0,1.0451436352822814,6.1604302,6.872908500023186,1000,1000,15,8,150,1-150,Brandimarte,legacy,3.006666666666667,2,0.0080462,0,T-G,../runs/FJSP-mk03-T-G-73.json,0.3286357118718053,0.0,5.825242718446599
mk03,FJSP,XTE,19,completed,True,221.0,2304.0,1.0300874395613628,4.5811287,5.286273600067943,1000,1000,15,8,150,1-150,Brandimarte,legacy,3.006666666666667,3,0.0071569,0,B-G,../runs/FJSP-mk03-B-G-19.json,1.7644877018116567,8.333333333333325,17.731221257026064
mk03,FJSP,XTE,42,completed,True,229.0,2291.0,1.0267553917006462,4.6321185,5.42205329996068,1000,1000,15,8,150,1-150,Brandimarte,legacy,3.006666666666667,2,0.0071322,0,B-G,../runs/FJSP-mk03-B-G-42.json,2.082252404135332,12.254901960784315,17.066939192641794
mk03,FJSP,XTE,73,completed,True,230.0,2304.0,1.0258938439573362,4.7561338,5.4384112999541685,1000,1000,15,8,150,1-150,Brandimarte,legacy,3.006666666666667,3,0.0072991,0,B-G,../runs/FJSP-mk03-B-G-73.json,2.1644149280949043,12.745098039215685,17.731221257026064
mk03,FJSP,XHTE,19,completed,True,204.0,2087.0,1.0446601056144305,7.5907207,8.306830100016668,1000,1000,15,8,150,1-150,Brandimarte,legacy,3.006666666666667,1,0.0070344,0,T-B-G,../runs/FJSP-mk03-T-B-G-19.json,0.37474809302358025,0.0,6.642820643842606
mk03,FJSP,XHTE,42,completed,True,204.0,2114.0,1.0438376705179429,7.2955293,8.024791300063953,1000,1000,15,8,150,1-150,Brandimarte,legacy,3.006666666666667,1,0.0069685,0,T-B-G,../runs/FJSP-mk03-T-B-G-42.json,0.453180592957636,0.0,8.022483392948399
mk03,FJSP,XHTE,73,completed,True,204.0,2085.0,1.0447210267326887,7.0907188,7.886560900020413,1000,1000,15,8,150,1-150,Brandimarte,legacy,3.006666666666667,1,0.0071682,0,T-B-G,../runs/FJSP-mk03-T-B-G-73.json,0.36893827821365965,0.0,6.540623403168122
mk03,FJSP,NSGA-II,19,completed,True,240,2942,1.002095940820269,0.3624434999655932,1.672290000016801,1000,1000,15,8,150,1-150,Brandimarte,legacy,3.006666666666667,4,0.019190100021660328,0,NSGA-II,../runs/FJSP-mk03-NSGA-II-19.json,4.433930229910398,17.647058823529417,50.332141032192126
mk03,FJSP,NSGA-II,42,completed,True,237,2986,1.002164602197644,0.37801510002464056,1.0909402000252157,1000,1000,15,8,150,1-150,Brandimarte,legacy,3.006666666666667,1,0.017480500042438507,0,NSGA-II,../runs/FJSP-mk03-NSGA-II-42.json,4.42738225609528,16.176470588235304,52.580480327031175
mk03,FJSP,NSGA-II,73,completed,True,239,2977,1.0014917344110739,0.35642540000844747,1.1087288000853732,1000,1000,15,8,150,1-150,Brandimarte,legacy,3.006666666666667,6,0.015901600010693073,0,NSGA-II,../runs/FJSP-mk03-NSGA-II-73.json,4.491551091850443,17.156862745098046,52.12059274399592
mk03,FJSP,SPEA2,19,completed,True,240,2925,1.002609643101383,0.39975039998535067,1.1242836999008432,1000,1000,15,8,150,1-150,Brandimarte,legacy,3.006666666666667,4,0.017541100038215518,0,SPEA2,../runs/FJSP-mk03-SPEA2-19.json,4.384940401653237,17.647058823529417,49.46346448645886
mk03,FJSP,SPEA2,42,completed,True,230,2836,1.009862444146215,0.4779984999913722,1.75292730005458,1000,1000,15,8,150,1-150,Brandimarte,legacy,3.006666666666667,4,0.021789700025692582,0,SPEA2,../runs/FJSP-mk03-SPEA2-42.json,3.693268414526296,12.745098039215685,44.91568727644353
mk03,FJSP,SPEA2,73,completed,True,230,2832,1.0099124781683904,0.38151139998808503,1.4391680000117049,1000,1000,15,8,150,1-150,Brandimarte,legacy,3.006666666666667,3,0.017141900025308132,0,SPEA2,../runs/FJSP-mk03-SPEA2-73.json,3.6884968605669255,12.745098039215685,44.711292795094536
mk03,FJSP,MOEA/D,19,completed,True,226,2809,1.0125384416301164,0.5257523999316618,1.254503299947828,1000,1000,15,8,150,1-150,Brandimarte,legacy,3.006666666666667,2,0.02012759994249791,0,MOEA-D,../runs/FJSP-mk03-MOEA-D-19.json,3.438068735699351,10.784313725490202,43.53602452733776
mk03,FJSP,MOEA/D,42,completed,True,219,2936,1.0119103220023211,0.4937315999995917,1.2233068000059575,1000,1000,15,8,150,1-150,Brandimarte,legacy,3.006666666666667,5,0.01658639998640865,0,MOEA-D,../runs/FJSP-mk03-MOEA-D-42.json,3.4979701101373273,7.352941176470584,50.02554931016863
mk03,FJSP,MOEA/D,73,completed,True,232,2989,1.004363987570337,0.4841630000155419,1.1594444999936968,1000,1000,15,8,150,1-150,Brandimarte,legacy,3.006666666666667,1,0.016750299953855574,0,MOEA-D,../runs/FJSP-mk03-MOEA-D-73.json,4.217635257413654,13.725490196078427,52.73377618804291
mk03,FJSP,SMS-EMOA,19,completed,True,229,2721,1.013778713601843,0.36608930001966655,1.0647802000166848,1000,1000,15,8,150,1-150,Brandimarte,legacy,3.006666666666667,2,0.01673459995072335,0,SMS-EMOA,../runs/FJSP-mk03-SMS-EMOA-19.json,3.319788725816375,12.254901960784315,39.039345937659675
mk03,FJSP,SMS-EMOA,42,completed,True,235,3008,1.0023877053971,0.3877220000140369,1.1291120999958366,1000,1000,15,8,150,1-150,Brandimarte,legacy,3.006666666666667,4,0.01716869999654591,0,SMS-EMOA,../runs/FJSP-mk03-SMS-EMOA-42.json,4.406105754458434,15.19607843137254,53.70464997445068
mk03,FJSP,SMS-EMOA,73,completed,True,236,2910,1.004863799891335,0.3376692000310868,1.0170954000204802,1000,1000,15,8,150,1-150,Brandimarte,legacy,3.006666666666667,5,0.016492700087837875,0,SMS-EMOA,../runs/FJSP-mk03-SMS-EMOA-73.json,4.1699700617026,15.686274509803933,48.69698518140011
mk04,FJSP,XG,19,completed,True,79.0,920.0,0.9355061505164244,0.0048678,0.7693530999822542,1,1000,15,8,90,1-150,Brandimarte,legacy,1.9111111111111112,1,0.0048397,0,F,../runs/FJSP-mk04-F-19.json,5.001228037824168,19.696969696969703,30.311614730878176
mk04,FJSP,XG,42,completed,True,79.0,920.0,0.9355061505164244,0.0039421,0.6579766999930143,1,1000,15,8,90,1-150,Brandimarte,legacy,1.9111111111111112,1,0.0039162,0,F,../runs/FJSP-mk04-F-42.json,5.001228037824168,19.696969696969703,30.311614730878176
mk04,FJSP,XG,73,completed,True,79.0,920.0,0.9355061505164244,0.0041208,0.7363402000628412,1,1000,15,8,90,1-150,Brandimarte,legacy,1.9111111111111112,1,0.004088,0,F,../runs/FJSP-mk04-F-73.json,5.001228037824168,19.696969696969703,30.311614730878176
mk04,FJSP,XH,19,completed,True,68.0,741.0,0.9778784500245975,4.0938547,4.790328000090085,1000,1000,15,8,90,1-150,Brandimarte,legacy,1.9111111111111112,2,0.0039512,0,T,../runs/FJSP-mk04-T-19.json,0.6984060667790115,3.0303030303030276,4.957507082152968
mk04,FJSP,XH,42,completed,True,66.0,716.0,0.9847560459927842,4.1141273,4.90192970004864,1000,1000,15,8,90,1-150,Brandimarte,legacy,1.9111111111111112,3,0.0041464,0,T,../runs/FJSP-mk04-T-42.json,0.0,0.0,1.4164305949008416
mk04,FJSP,XH,73,completed,True,68.0,733.0,0.9788623897141592,4.206178,4.930546600022353,1000,1000,15,8,90,1-150,Brandimarte,legacy,1.9111111111111112,1,0.0040041,0,T,../runs/FJSP-mk04-T-73.json,0.5984889661361126,3.0303030303030276,3.82436260623229
mk04,FJSP,XT,19,completed,True,68.0,757.0,0.9759220057103857,3.6935189,4.474683900014497,1000,1000,15,8,90,1-150,Brandimarte,legacy,1.9111111111111112,2,0.0042992,0,B,../runs/FJSP-mk04-B-19.json,0.8970790601739775,3.0303030303030276,7.223796033994345
mk04,FJSP,XT,42,completed,True,68.0,755.0,0.9761268363106195,3.4640635,4.169151099980809,1000,1000,15,8,90,1-150,Brandimarte,legacy,1.9111111111111112,4,0.0040201,0,B,../runs/FJSP-mk04-B-42.json,0.8762789238288105,3.0303030303030276,6.940509915014159
mk04,FJSP,XT,73,completed,True,68.0,758.0,0.9758017231213441,3.7081648,4.4627800999442115,1000,1000,15,8,90,1-150,Brandimarte,legacy,1.9111111111111112,1,0.0046443,0,B,../runs/FJSP-mk04-B-73.json,0.9092935156760462,3.0303030303030276,7.365439093484416
mk04,FJSP,XE,19,completed,True,73.0,818.0,0.9590335106959549,1.1492761,1.745495800045319,1000,1000,15,8,90,1-150,Brandimarte,legacy,1.9111111111111112,1,0.0039855,0,G,../runs/FJSP-mk04-G-19.json,2.6120718325620573,10.606060606060597,15.86402266288951
mk04,FJSP,XE,42,completed,True,74.0,795.0,0.9599200141032468,1.2134103,1.9557921999366954,1000,1000,15,8,90,1-150,Brandimarte,legacy,1.9111111111111112,2,0.0049965,0,G,../runs/FJSP-mk04-G-42.json,2.522049190822573,12.12121212121211,12.60623229461757
mk04,FJSP,XE,73,completed,True,73.0,758.0,0.9661180098698906,1.1854286,1.8841666000662372,1000,1000,15,8,90,1-150,Brandimarte,legacy,1.9111111111111112,3,0.0039966,0,G,../runs/FJSP-mk04-G-73.json,1.8926551605076614,10.606060606060597,7.365439093484416
mk04,FJSP,XHT,19,completed,True,67.0,706.0,0.9840336119439256,4.1130786,4.821420999942347,1000,1000,15,8,90,1-150,Brandimarte,legacy,1.9111111111111112,4,0.0041866,0,T-B,../runs/FJSP-mk04-T-B-19.json,0.07336172768863669,1.5151515151515138,0.0
mk04,FJSP,XHT,42,completed,True,67.0,714.0,0.9830916008257072,3.8344191,4.5552331999642774,1000,1000,15,8,90,1-150,Brandimarte,legacy,1.9111111111111112,3,0.0042046,0,T-B,../runs/FJSP-mk04-T-B-42.json,0.16902106606504486,1.5151515151515138,1.1331444759206777
mk04,FJSP,XHT,73,completed,True,66.0,716.0,0.9847272200999857,4.0504917,4.796728200046346,1000,1000,15,8,90,1-150,Brandimarte,legacy,1.9111111111111112,5,0.0040738,0,T-B,../runs/FJSP-mk04-T-B-73.json,0.002927211558212406,0.0,1.4164305949008416
mk04,FJSP,XHE,19,completed,True,68.0,734.0,0.9787337690569528,2.7642822000000002,3.539817899931222,1000,1000,15,8,90,1-150,Brandimarte,legacy,1.9111111111111112,2,0.0040427,0,T-G,../runs/FJSP-mk04-T-G-19.json,0.6115501357252473,3.0303030303030276,3.966005665722383
mk04,FJSP,XHE,42,completed,True,67.0,716.0,0.9828503209560668,2.5823406,3.316227800096385,1000,1000,15,8,90,1-150,Brandimarte,legacy,1.9111111111111112,2,0.0045022,0,T-G,../runs/FJSP-mk04-T-G-42.json,0.19352255256235296,1.5151515151515138,1.4164305949008416
mk04,FJSP,XHE,73,completed,True,68.0,728.0,0.9794745230327223,2.7268543,3.505355400033295,1000,1000,15,8,90,1-150,Brandimarte,legacy,1.9111111111111112,1,0.0042786,0,T-G,../runs/FJSP-mk04-T-G-73.json,0.5363280562281081,3.0303030303030276,3.116147308781869
mk04,FJSP,XTE,19,completed,True,67.0,742.0,0.9796612719365642,2.6211276,3.4242416999768466,1000,1000,15,8,90,1-150,Brandimarte,legacy,1.9111111111111112,2,0.0047337,0,B-G,../runs/FJSP-mk04-B-G-19.json,0.5173640798603829,1.5151515151515138,5.099150141643061
mk04,FJSP,XTE,42,completed,True,70.0,759.0,0.971864987617969,2.4454678,3.2613865999737754,1000,1000,15,8,90,1-150,Brandimarte,legacy,1.9111111111111112,2,0.0043756,0,B-G,../runs/FJSP-mk04-B-G-42.json,1.3090611047550382,6.060606060606055,7.507082152974509
mk04,FJSP,XTE,73,completed,True,68.0,746.0,0.9772517846443756,2.4099591,3.194640400004573,1000,1000,15,8,90,1-150,Brandimarte,legacy,1.9111111111111112,2,0.0046492,0,B-G,../runs/FJSP-mk04-B-G-73.json,0.762042678381647,3.0303030303030276,5.665722379603388
mk04,FJSP,XHTE,19,completed,True,67.0,706.0,0.9840383765543054,3.1191403,3.8999873999273404,1000,1000,15,8,90,1-150,Brandimarte,legacy,1.9111111111111112,3,0.0039753,0,T-B-G,../runs/FJSP-mk04-T-B-G-19.json,0.07287789106745768,1.5151515151515138,0.0
mk04,FJSP,XHTE,42,completed,True,67.0,714.0,0.9830918390562261,2.7492395,3.4252997000003234,1000,1000,15,8,90,1-150,Brandimarte,legacy,1.9111111111111112,3,0.00417,0,T-B-G,../runs/FJSP-mk04-T-B-G-42.json,0.16899687423399534,1.5151515151515138,1.1331444759206777
mk04,FJSP,XHTE,73,completed,True,66.0,716.0,0.9847257907168716,3.0670746,3.7460769000463188,1000,1000,15,8,90,1-150,Brandimarte,legacy,1.9111111111111112,5,0.004201,0,T-B-G,../runs/FJSP-mk04-T-B-G-73.json,0.003072362544587204,0.0,1.4164305949008416
mk04,FJSP,NSGA-II,19,completed,True,74,847,0.9535864651712938,0.2404712000861764,0.9400691000046209,1000,1000,15,8,90,1-150,Brandimarte,legacy,1.9111111111111112,2,0.012732800096273422,0,NSGA-II,../runs/FJSP-mk04-NSGA-II-19.json,3.165208373010475,12.12121212121211,19.971671388101985
mk04,FJSP,NSGA-II,42,completed,True,76,832,0.9516673992255126,0.2144700000062585,0.8749280000338331,1000,1000,15,8,90,1-150,Brandimarte,legacy,1.9111111111111112,3,0.010592499980702996,0,NSGA-II,../runs/FJSP-mk04-NSGA-II-42.json,3.360085668112167,15.15151515151516,17.8470254957507
mk04,FJSP,NSGA-II,73,completed,True,76,803,0.9551501150057832,0.24381500005256385,1.0635220999829471,1000,1000,15,8,90,1-150,Brandimarte,legacy,1.9111111111111112,3,0.011800300097092986,0,NSGA-II,../runs/FJSP-mk04-NSGA-II-73.json,3.0064228706667917,15.15151515151516,13.739376770538247
mk04,FJSP,SPEA2,19,completed,True,78,774,0.9547103652907666,0.23031580005772412,0.8746114999521524,1000,1000,15,8,90,1-150,Brandimarte,legacy,1.9111111111111112,6,0.010922900051809847,0,SPEA2,../runs/FJSP-mk04-SPEA2-19.json,3.0510785716199362,18.181818181818187,9.631728045325772
mk04,FJSP,SPEA2,42,completed,True,75,797,0.9577360834664448,0.24010180006735027,1.9762983999680728,1000,1000,15,8,90,1-150,Brandimarte,legacy,1.9111111111111112,2,0.011011500027962029,0,SPEA2,../runs/FJSP-mk04-SPEA2-42.json,2.743822963696474,13.636363636363647,12.889518413597735
mk04,FJSP,SPEA2,73,completed,True,79,787,0.9514012957357929,0.24877599999308586,0.9813384000444785,1000,1000,15,8,90,1-150,Brandimarte,legacy,1.9111111111111112,3,0.013620499987155199,0,SPEA2,../runs/FJSP-mk04-SPEA2-73.json,3.387107943405887,19.696969696969703,11.473087818696893
mk04,FJSP,MOEA/D,19,completed,True,75,761,0.9621432051295797,0.46971239999402314,1.2994265999877825,1000,1000,15,8,90,1-150,Brandimarte,legacy,1.9111111111111112,2,0.013918999931775033,0,MOEA-D,../runs/FJSP-mk04-MOEA-D-19.json,2.296288604190011,13.636363636363647,7.790368271954673
mk04,FJSP,MOEA/D,42,completed,True,69,722,0.9783016903646476,0.39103629998862743,1.1353058000095189,1000,1000,15,8,90,1-150,Brandimarte,legacy,1.9111111111111112,1,0.0113667999394238,0,MOEA-D,../runs/FJSP-mk04-MOEA-D-42.json,0.6554268597183,4.545454545454541,2.2662889518413554
mk04,FJSP,MOEA/D,73,completed,True,73,719,0.9710358262965997,0.41886969993356615,1.0533978000748903,1000,1000,15,8,90,1-150,Brandimarte,legacy,1.9111111111111112,1,0.009754300001077354,0,MOEA-D,../runs/FJSP-mk04-MOEA-D-73.json,1.3932607727584423,10.606060606060597,1.8413597733710985
mk04,FJSP,SMS-EMOA,19,completed,True,77,814,0.9519277137136208,0.23420269996859133,0.9948811000213027,1000,1000,15,8,90,1-150,Brandimarte,legacy,1.9111111111111112,3,0.011586999986320734,0,SMS-EMOA,../runs/FJSP-mk04-SMS-EMOA-19.json,3.3336512543131858,16.666666666666675,15.297450424929181
mk04,FJSP,SMS-EMOA,42,completed,True,77,806,0.9527649034034805,0.2394808999961242,1.0304472000570968,1000,1000,15,8,90,1-150,Brandimarte,legacy,1.9111111111111112,5,0.012344100046902895,0,SMS-EMOA,../runs/FJSP-mk04-SMS-EMOA-42.json,3.24863632160306,16.666666666666675,14.164305949008504
mk04,FJSP,SMS-EMOA,73,completed,True,79,761,0.9543168561194869,0.22083690005820245,0.8935941000236198,1000,1000,15,8,90,1-150,Brandimarte,legacy,1.9111111111111112,8,0.012432400020770729,0,SMS-EMOA,../runs/FJSP-mk04-SMS-EMOA-73.json,3.091038638164434,19.696969696969703,7.790368271954673
mk05,FJSP,XG,19,completed,True,215.0,2252.0,0.7422863360958875,0.0035155,0.6484116000356153,1,1000,15,4,106,1-150,Brandimarte,legacy,1.7075471698113207,1,0.0034854,0,F,../runs/FJSP-mk05-F-19.json,8.679906065950915,22.857142857142865,17.413972888425434
mk05,FJSP,XG,42,completed,True,215.0,2252.0,0.7422863360958875,0.0035039,0.7222368000075221,1,1000,15,4,106,1-150,Brandimarte,legacy,1.7075471698113207,1,0.0034748,0,F,../runs/FJSP-mk05-F-42.json,8.679906065950915,22.857142857142865,17.413972888425434
mk05,FJSP,XG,73,completed,True,215.0,2252.0,0.7422863360958875,0.0036152,0.7038706999737769,1,1000,15,4,106,1-150,Brandimarte,legacy,1.7075471698113207,1,0.0035859,0,F,../runs/FJSP-mk05-F-73.json,8.679906065950915,22.857142857142865,17.413972888425434
mk05,FJSP,XH,19,completed,True,175.0,1997.0,0.8082136348750314,5.2108298,5.937584000057541,1000,1000,15,4,106,1-150,Brandimarte,legacy,1.7075471698113207,7,0.0036921,0,T,../runs/FJSP-mk05-T-19.json,0.5691719400949036,0.0,4.118873826903013
mk05,FJSP,XH,42,completed,True,176.0,1927.0,0.8121905063066385,4.8355822,5.683488699956797,1000,1000,15,4,106,1-150,Brandimarte,legacy,1.7075471698113207,8,0.0038279,0,T,../runs/FJSP-mk05-T-42.json,0.07991563152790482,0.5714285714285783,0.4692387904066786
mk05,FJSP,XH,73,completed,True,176.0,1918.0,0.8128400925999517,4.9507371,5.624751500086859,1000,1000,15,4,106,1-150,Brandimarte,legacy,1.7075471698113207,7,0.003674,0,T,../runs/FJSP-mk05-T-73.json,0.0,0.5714285714285783,0.0
mk05,FJSP,XT,19,completed,True,187.0,2109.0,0.785723841556455,3.2769385,3.972895700018853,1000,1000,15,4,106,1-150,Brandimarte,legacy,1.7075471698113207,5,0.0036055,0,B,../runs/FJSP-mk05-B-19.json,3.3359883807850377,6.8571428571428505,9.958289885297189
mk05,FJSP,XT,42,completed,True,186.0,2141.0,0.7846416712183141,3.2786435,4.03292909997981,1000,1000,15,4,106,1-150,Brandimarte,legacy,1.7075471698113207,4,0.0035443,0,B,../runs/FJSP-mk05-B-42.json,3.469122849420747,6.2857142857142945,11.626694473409804
mk05,FJSP,XT,73,completed,True,188.0,2123.0,0.7835946176137195,3.3847233,4.076123500009999,1000,1000,15,4,106,1-150,Brandimarte,legacy,1.7075471698113207,3,0.0039747,0,B,../runs/FJSP-mk05-B-73.json,3.5979370668943744,7.428571428571429,10.688216892596447
mk05,FJSP,XE,19,completed,True,207.0,2142.0,0.7596163031831095,1.3742048,2.1171791999367997,1000,1000,15,4,106,1-150,Brandimarte,legacy,1.7075471698113207,2,0.0036755,0,G,../runs/FJSP-mk05-G-19.json,6.547879453952687,18.285714285714285,11.678832116788328
mk05,FJSP,XE,42,completed,True,202.0,2182.0,0.7626625529921657,1.3921896999999999,2.123715699999593,1000,1000,15,4,106,1-150,Brandimarte,legacy,1.7075471698113207,2,0.0037148,0,G,../runs/FJSP-mk05-G-42.json,6.173113268476715,15.428571428571436,13.764337851929099
mk05,FJSP,XE,73,completed,True,204.0,2141.0,0.7632608226334396,1.4217971,2.127470900071785,1000,1000,15,4,106,1-150,Brandimarte,legacy,1.7075471698113207,1,0.0037537,0,G,../runs/FJSP-mk05-G-73.json,6.099510890011306,16.57142857142857,11.626694473409804
mk05,FJSP,XHT,19,completed,True,175.0,2000.0,0.8079525760632397,5.3751605,6.198669100063853,1000,1000,15,4,106,1-150,Brandimarte,legacy,1.7075471698113207,8,0.004147,0,T-B,../runs/FJSP-mk05-T-B-19.json,0.6012888120563553,0.0,4.275286757038588
mk05,FJSP,XHT,42,completed,True,177.0,2058.0,0.8014953584471528,4.7690945,5.449965600040741,1000,1000,15,4,106,1-150,Brandimarte,legacy,1.7075471698113207,4,0.0040487,0,T-B,../runs/FJSP-mk05-T-B-42.json,1.3956907706793364,1.1428571428571344,7.299270072992692
mk05,FJSP,XHT,73,completed,True,177.0,2084.0,0.7995490684483196,4.8418713,5.585404000012204,1000,1000,15,4,106,1-150,Brandimarte,legacy,1.7075471698113207,5,0.003629,0,T-B,../runs/FJSP-mk05-T-B-73.json,1.6351339301091006,1.1428571428571344,8.654848800834202
mk05,FJSP,XHE,19,completed,True,175.0,2000.0,0.8078672362003358,2.9364699,3.658725699991919,1000,1000,15,4,106,1-150,Brandimarte,legacy,1.7075471698113207,5,0.0036434,0,T-G,../runs/FJSP-mk05-T-G-19.json,0.6117877851853581,0.0,4.275286757038588
mk05,FJSP,XHE,42,completed,True,177.0,2058.0,0.8015007696934137,3.0971329,3.9224671000847593,1000,1000,15,4,106,1-150,Brandimarte,legacy,1.7075471698113207,5,0.004034,0,T-G,../runs/FJSP-mk05-T-G-42.json,1.3950250497939964,1.1428571428571344,7.299270072992692
mk05,FJSP,XHE,73,completed,True,177.0,2084.0,0.7995110769901974,3.1645716999999998,3.937378600006923,1000,1000,15,4,106,1-150,Brandimarte,legacy,1.7075471698113207,6,0.0037564,0,T-G,../runs/FJSP-mk05-T-G-73.json,1.6398078454914922,1.1428571428571344,8.654848800834202
mk05,FJSP,XTE,19,completed,True,186.0,2109.0,0.7870222588232908,2.3859857,3.292069699964486,1000,1000,15,4,106,1-150,Brandimarte,legacy,1.7075471698113207,2,0.0041581,0,B-G,../runs/FJSP-mk05-B-G-19.json,3.1762500412694905,6.2857142857142945,9.958289885297189
mk05,FJSP,XTE,42,completed,True,186.0,2142.0,0.7845877954977305,2.4671084,3.2108883999753743,1000,1000,15,4,106,1-150,Brandimarte,legacy,1.7075471698113207,3,0.0037405,0,B-G,../runs/FJSP-mk05-B-G-42.json,3.4757509329852776,6.2857142857142945,11.678832116788328
mk05,FJSP,XTE,73,completed,True,188.0,2109.0,0.7846351100822229,2.4058691,3.163154299953021,1000,1000,15,4,106,1-150,Brandimarte,legacy,1.7075471698113207,3,0.0036175,0,B-G,../runs/FJSP-mk05-B-G-73.json,3.4699300359942065,7.428571428571429,9.958289885297189
mk05,FJSP,XHTE,19,completed,True,175.0,2086.0,0.8017142659052594,3.7109792,4.442793200025335,1000,1000,15,4,106,1-150,Brandimarte,legacy,1.7075471698113207,7,0.0038504,0,T-B-G,../runs/FJSP-mk05-T-B-G-19.json,1.3687595870308544,0.0,8.75912408759123
mk05,FJSP,XHTE,42,completed,True,177.0,2063.0,0.8011230534309839,3.3076052000000002,3.990224299952388,1000,1000,15,4,106,1-150,Brandimarte,legacy,1.7075471698113207,6,0.0036518,0,T-B-G,../runs/FJSP-mk05-T-B-G-42.json,1.441493754508305,1.1428571428571344,7.5599582898852935
mk05,FJSP,XHTE,73,completed,True,177.0,2084.0,0.7995497448541022,3.4509464,4.2409240999259055,1000,1000,15,4,106,1-150,Brandimarte,legacy,1.7075471698113207,5,0.0039057,0,T-B-G,../runs/FJSP-mk05-T-B-G-73.json,1.6350507149984428,1.1428571428571344,8.654848800834202
mk05,FJSP,NSGA-II,19,completed,True,193,2280,0.7659321068969153,0.2702764000277966,0.913828199962154,1000,1000,15,4,106,1-150,Brandimarte,legacy,1.7075471698113207,3,0.011932299938052893,0,NSGA-II,../runs/FJSP-mk05-NSGA-II-19.json,5.770875001132936,10.285714285714276,18.873826903023993
mk05,FJSP,NSGA-II,42,completed,True,194,2368,0.7583495191600396,0.27618080005049706,0.912363399984315,1000,1000,15,4,106,1-150,Brandimarte,legacy,1.7075471698113207,5,0.012736800010316074,0,NSGA-II,../runs/FJSP-mk05-NSGA-II-42.json,6.703726100126106,10.857142857142854,23.461939520333686
mk05,FJSP,NSGA-II,73,completed,True,195,2368,0.7571513226833243,0.26940009999088943,0.8900667999405414,1000,1000,15,4,106,1-150,Brandimarte,legacy,1.7075471698113207,5,0.013250899966806173,0,NSGA-II,../runs/FJSP-mk05-NSGA-II-73.json,6.851134734078046,11.428571428571432,23.461939520333686
mk05,FJSP,SPEA2,19,completed,True,194,2345,0.7599571891506769,0.29471020004712045,0.9328991000074893,1000,1000,15,4,106,1-150,Brandimarte,legacy,1.7075471698113207,5,0.011900500045157969,0,SPEA2,../runs/FJSP-mk05-SPEA2-19.json,6.505941812014148,10.857142857142854,22.262773722627728
mk05,FJSP,SPEA2,42,completed,True,189,2344,0.7659027283390916,0.3395235000643879,1.1146441999590024,1000,1000,15,4,106,1-150,Brandimarte,legacy,1.7075471698113207,3,0.01504000008571893,0,SPEA2,../runs/FJSP-mk05-SPEA2-42.json,5.7744893107728235,8.000000000000007,22.210636079249223
mk05,FJSP,SPEA2,73,completed,True,192,2362,0.7611690490242004,0.35157050006091595,1.1241864999756217,1000,1000,15,4,106,1-150,Brandimarte,legacy,1.7075471698113207,6,0.014504500082693994,0,SPEA2,../runs/FJSP-mk05-SPEA2-73.json,6.3568522328267925,9.714285714285719,23.14911366006256
mk05,FJSP,MOEA/D,19,completed,True,189,2286,0.7702447123387125,0.47031409991905093,1.2713941000401974,1000,1000,15,4,106,1-150,Brandimarte,legacy,1.7075471698113207,5,0.013999299961142242,0,MOEA-D,../runs/FJSP-mk05-MOEA-D-19.json,5.240314872386964,8.000000000000007,19.186652763295097
mk05,FJSP,MOEA/D,42,completed,True,185,2378,0.7681864320891414,0.4098032000474632,1.077332199900411,1000,1000,15,4,106,1-150,Brandimarte,legacy,1.7075471698113207,2,0.01266030000988394,0,MOEA-D,../runs/FJSP-mk05-MOEA-D-42.json,5.4935356803059605,5.714285714285716,23.983315954118865
mk05,FJSP,MOEA/D,73,completed,True,183,2301,0.776190488269151,0.4968750999541953,1.1837280000327155,1000,1000,15,4,106,1-150,Brandimarte,legacy,1.7075471698113207,6,0.011839799932204187,0,MOEA-D,../runs/FJSP-mk05-MOEA-D-73.json,4.508833245856902,4.571428571428582,19.968717413972882
mk05,FJSP,SMS-EMOA,19,completed,True,192,2398,0.7584574058823631,0.267613900010474,0.9294952000491321,1000,1000,15,4,106,1-150,Brandimarte,legacy,1.7075471698113207,7,0.012495300034061074,0,SMS-EMOA,../runs/FJSP-mk05-SMS-EMOA-19.json,6.6904532899749185,9.714285714285719,25.02606882168925
mk05,FJSP,SMS-EMOA,42,completed,True,197,2389,0.7533269356619732,0.29593570006545633,1.087563099921681,1000,1000,15,4,106,1-150,Brandimarte,legacy,1.7075471698113207,6,0.01364410005044192,0,SMS-EMOA,../runs/FJSP-mk05-SMS-EMOA-42.json,7.321631582863941,12.571428571428566,24.556830031282594
mk05,FJSP,SMS-EMOA,73,completed,True,187,2379,0.7656910696962882,0.2619615999283269,0.9340909000020474,1000,1000,15,4,106,1-150,Brandimarte,legacy,1.7075471698113207,4,0.011921099969185889,0,SMS-EMOA,../runs/FJSP-mk05-SMS-EMOA-73.json,5.800528705818698,6.8571428571428505,24.03545359749739
mk06,FJSP,XG,19,completed,True,69.0,653.0,1.0805668371073778,0.0079417,0.7736065000062808,1,1000,10,10,150,1-150,Brandimarte,extension,3.2666666666666666,1,0.0079042,0,F,../runs/FJSP-mk06-F-19.json,0.883325026252002,6.153846153846154,10.677966101694913
mk06,FJSP,XG,42,completed,True,69.0,653.0,1.0805668371073778,0.0076062,0.677171399933286,1,1000,10,10,150,1-150,Brandimarte,extension,3.2666666666666666,1,0.0075714,0,F,../runs/FJSP-mk06-F-42.json,0.883325026252002,6.153846153846154,10.677966101694913
mk06,FJSP,XG,73,completed,True,69.0,653.0,1.0805668371073778,0.0076678,0.715571100008674,1,1000,10,10,150,1-150,Brandimarte,extension,3.2666666666666666,1,0.0076311,0,F,../runs/FJSP-mk06-F-73.json,0.883325026252002,6.153846153846154,10.677966101694913
mk06,FJSP,XH,19,completed,True,66.0,602.0,1.0881586721856995,10.0776651,10.792286100098863,1000,1000,10,10,150,1-150,Brandimarte,extension,3.2666666666666666,3,0.0076609,0,T,../runs/FJSP-mk06-T-19.json,0.18695213743870065,1.538461538461533,2.033898305084736
mk06,FJSP,XH,42,completed,True,65.0,590.0,1.0901968184400619,9.6117562,10.31153159996029,1000,1000,10,10,150,1-150,Brandimarte,extension,3.2666666666666666,2,0.0079313,0,T,../runs/FJSP-mk06-T-42.json,0.0,0.0,0.0
mk06,FJSP,XH,73,completed,True,69.0,625.0,1.0831802613424237,8.3442974,9.105542099918239,1000,1000,10,10,150,1-150,Brandimarte,extension,3.2666666666666666,2,0.008386,0,T,../runs/FJSP-mk06-T-73.json,0.6436046206480417,6.153846153846154,5.932203389830515
mk06,FJSP,XT,19,completed,True,67.0,618.0,1.0857209642074508,8.4617724,9.149976199958473,1000,1000,10,10,150,1-150,Brandimarte,extension,3.2666666666666666,1,0.0080352,0,B,../runs/FJSP-mk06-B-19.json,0.41055469589569293,3.076923076923066,4.745762711864399
mk06,FJSP,XT,42,completed,True,67.0,617.0,1.0858114601087576,7.9176453,8.683747999952175,1000,1000,10,10,150,1-150,Brandimarte,extension,3.2666666666666666,3,0.0080863,0,B,../runs/FJSP-mk06-B-42.json,0.4022538184966673,3.076923076923066,4.5762711864406835
mk06,FJSP,XT,73,completed,True,67.0,618.0,1.0857209642074508,7.8329903,8.558145900024101,1000,1000,10,10,150,1-150,Brandimarte,extension,3.2666666666666666,1,0.0079249,0,B,../runs/FJSP-mk06-B-73.json,0.41055469589569293,3.076923076923066,4.745762711864399
mk06,FJSP,XE,19,completed,True,69.0,646.0,1.0812213294375457,2.177303,2.785321499919519,1000,1000,10,10,150,1-150,Brandimarte,extension,3.2666666666666666,1,0.0076204,0,G,../runs/FJSP-mk06-G-19.json,0.8232906985877086,6.153846153846154,9.49152542372882
mk06,FJSP,XE,42,completed,True,69.0,653.0,1.0805668371073778,2.3973529,3.156071500037797,1000,1000,10,10,150,1-150,Brandimarte,extension,3.2666666666666666,1,0.0079963,0,G,../runs/FJSP-mk06-G-42.json,0.883325026252002,6.153846153846154,10.677966101694913
mk06,FJSP,XE,73,completed,True,69.0,644.0,1.0814083272461652,2.4045932,3.15345119999256,1000,1000,10,10,150,1-150,Brandimarte,extension,3.2666666666666666,1,0.0082013,0,G,../runs/FJSP-mk06-G-73.json,0.8061380335407597,6.153846153846154,9.152542372881346
mk06,FJSP,XHT,19,completed,True,66.0,602.0,1.0881574547520496,10.0665847,10.793552899966016,1000,1000,10,10,150,1-150,Brandimarte,extension,3.2666666666666666,2,0.0081574,0,T-B,../runs/FJSP-mk06-T-B-19.json,0.18706380843509507,1.538461538461533,2.033898305084736
mk06,FJSP,XHT,42,completed,True,65.0,598.0,1.0894467169872577,8.6713248,9.432001500041224,1000,1000,10,10,150,1-150,Brandimarte,extension,3.2666666666666666,2,0.0081165,0,T-B,../runs/FJSP-mk06-T-B-42.json,0.06880422324818669,0.0,1.3559322033898313
mk06,FJSP,XHT,73,completed,True,66.0,609.0,1.0875054784514244,8.9763155,9.694107400020584,1000,1000,10,10,150,1-150,Brandimarte,extension,3.2666666666666666,1,0.0079238,0,T-B,../runs/FJSP-mk06-T-B-73.json,0.24686734937352517,1.538461538461533,3.220338983050852
mk06,FJSP,XHE,19,completed,True,65.0,602.0,1.0890997483970457,5.7294024,6.435909799998626,1000,1000,10,10,150,1-150,Brandimarte,extension,3.2666666666666666,2,0.0083437,0,T-G,../runs/FJSP-mk06-T-G-19.json,0.10063045722201736,0.0,2.033898305084736
mk06,FJSP,XHE,42,completed,True,65.0,598.0,1.0894484213943674,5.1623739,5.937464999966323,1000,1000,10,10,150,1-150,Brandimarte,extension,3.2666666666666666,2,0.008239,0,T-G,../runs/FJSP-mk06-T-G-42.json,0.0686478838532456,0.0,1.3559322033898313
mk06,FJSP,XHE,73,completed,True,69.0,619.0,1.0837451505559617,5.3979038,6.096108100027777,1000,1000,10,10,150,1-150,Brandimarte,extension,3.2666666666666666,2,0.0077235,0,T-G,../runs/FJSP-mk06-T-G-73.json,0.5917892783187328,6.153846153846154,4.915254237288136
mk06,FJSP,XTE,19,completed,True,67.0,616.0,1.0859079620160703,5.1166245,5.878750199917704,1000,1000,10,10,150,1-150,Brandimarte,extension,3.2666666666666666,2,0.0078892,0,B-G,../runs/FJSP-mk06-B-G-19.json,0.39340203084874403,3.076923076923066,4.406779661016946
mk06,FJSP,XTE,42,completed,True,67.0,616.0,1.0859049590130674,5.3073178,6.140072499983944,1000,1000,10,10,150,1-150,Brandimarte,extension,3.2666666666666666,3,0.0089663,0,B-G,../runs/FJSP-mk06-B-G-42.json,0.3936774859731873,3.076923076923066,4.406779661016946
mk06,FJSP,XTE,73,completed,True,67.0,617.0,1.0858144631117606,5.6097746,6.418217500089668,1000,1000,10,10,150,1-150,Brandimarte,extension,3.2666666666666666,2,0.0079084,0,B-G,../runs/FJSP-mk06-B-G-73.json,0.40197836337221293,3.076923076923066,4.5762711864406835
mk06,FJSP,XHTE,19,completed,True,66.0,617.0,1.0867548900251605,6.8899355,7.639809799962677,1000,1000,10,10,150,1-150,Brandimarte,extension,3.2666666666666666,2,0.0088208,0,T-B-G,../runs/FJSP-mk06-T-B-G-19.json,0.3157162410202585,1.538461538461533,4.5762711864406835
mk06,FJSP,XHTE,42,completed,True,67.0,621.0,1.0854396558720885,6.4500636,7.226227600011043,1000,1000,10,10,150,1-150,Brandimarte,extension,3.2666666666666666,2,0.0081609,0,T-B-G,../runs/FJSP-mk06-T-B-G-42.json,0.43635814079703295,3.076923076923066,5.254237288135588
mk06,FJSP,XHTE,73,completed,True,67.0,614.0,1.0860921191461732,6.2628371,7.082573099993169,1000,1000,10,10,150,1-150,Brandimarte,extension,3.2666666666666666,4,0.0090274,0,T-B-G,../runs/FJSP-mk06-T-B-G-73.json,0.3765099314600784,3.076923076923066,4.067796610169494
mk06,FJSP,NSGA-II,19,completed,True,114,995,1.007610664718773,0.3284944000188261,1.036426999955438,1000,1000,10,10,150,1-150,Brandimarte,extension,3.2666666666666666,4,0.0164269000524655,0,NSGA-II,../runs/FJSP-mk06-NSGA-II-19.json,7.57534349067901,75.38461538461539,68.64406779661016
mk06,FJSP,NSGA-II,42,completed,True,114,1002,1.006997159321484,0.35677299997769296,1.1066220999928191,1000,1000,10,10,150,1-150,Brandimarte,extension,3.2666666666666666,3,0.01710219995584339,0,NSGA-II,../runs/FJSP-mk06-NSGA-II-42.json,7.631618228131176,75.38461538461539,69.83050847457628
mk06,FJSP,NSGA-II,73,completed,True,115,1035,1.0031288044801558,0.32207420002669096,0.9365847000153735,1000,1000,10,10,150,1-150,Brandimarte,extension,3.2666666666666666,1,0.01575840008445084,0,NSGA-II,../runs/FJSP-mk06-NSGA-II-73.json,7.986449096823611,76.92307692307692,75.42372881355932
mk06,FJSP,SPEA2,19,completed,True,104,979,1.0181825338852368,0.34285670006647706,1.040108000044711,1000,1000,10,10,150,1-150,Brandimarte,extension,3.2666666666666666,1,0.015728500089608133,0,SPEA2,../runs/FJSP-mk06-SPEA2-19.json,6.60562233687938,60.00000000000001,65.9322033898305
mk06,FJSP,SPEA2,42,completed,True,110,952,1.0151479587695804,0.3687854999443516,1.0626001000637189,1000,1000,10,10,150,1-150,Brandimarte,extension,3.2666666666666666,1,0.015318499994464219,0,SPEA2,../runs/FJSP-mk06-SPEA2-42.json,6.883973462504434,69.23076923076923,61.35593220338984
mk06,FJSP,SPEA2,73,completed,True,117,1015,1.0030890349809272,0.3922191000310704,1.1822876000078395,1000,1000,10,10,150,1-150,Brandimarte,extension,3.2666666666666666,2,0.015193400089628994,0,SPEA2,../runs/FJSP-mk06-SPEA2-73.json,7.990097016039299,80.0,72.03389830508475
mk06,FJSP,MOEA/D,19,completed,True,110,965,1.0139717555393233,0.511223700013943,1.284046999993734,1000,1000,10,10,150,1-150,Brandimarte,extension,3.2666666666666666,3,0.01715980004519224,0,MOEA-D,../runs/FJSP-mk06-MOEA-D-19.json,6.991862534492377,69.23076923076923,63.55932203389831
mk06,FJSP,MOEA/D,42,completed,True,111,1018,1.0082875578280983,0.4833050000015646,1.1641611000522971,1000,1000,10,10,150,1-150,Brandimarte,extension,3.2666666666666666,2,0.015228800009936094,0,MOEA-D,../runs/FJSP-mk06-MOEA-D-42.json,7.513254416680992,70.76923076923076,72.54237288135594
mk06,FJSP,MOEA/D,73,completed,True,104,917,1.0238033438844252,0.6365558999823406,1.4659591999370605,1000,1000,10,10,150,1-150,Brandimarte,extension,3.2666666666666666,1,0.018111399956978858,0,MOEA-D,../runs/FJSP-mk06-MOEA-D-73.json,6.090044791236659,60.00000000000001,55.42372881355932
mk06,FJSP,SMS-EMOA,19,completed,True,116,1036,1.002130833536239,0.3432883999776095,1.0609460000414401,1000,1000,10,10,150,1-150,Brandimarte,extension,3.2666666666666666,2,0.01688010001089424,0,SMS-EMOA,../runs/FJSP-mk06-SMS-EMOA-19.json,8.07798953493869,78.46153846153847,75.59322033898306
mk06,FJSP,SMS-EMOA,42,completed,True,114,1030,1.0044850255661069,0.3347800000337884,0.9817344000330195,1000,1000,10,10,150,1-150,Brandimarte,extension,3.2666666666666666,1,0.01566499995533377,0,SMS-EMOA,../runs/FJSP-mk06-SMS-EMOA-42.json,7.86204760683471,75.38461538461539,74.57627118644068
mk06,FJSP,SMS-EMOA,73,completed,True,109,1038,1.0082983524064606,0.3734621999319643,1.1278936000308022,1000,1000,10,10,150,1-150,Brandimarte,extension,3.2666666666666666,2,0.018808300024829805,0,SMS-EMOA,../runs/FJSP-mk06-SMS-EMOA-73.json,7.512264267179569,67.6923076923077,75.9322033898305
mk07,FJSP,XG,19,completed,True,211.0,2253.0,0.9661763366285392,0.006401,0.7684481999604031,1,1000,20,5,100,1-150,Brandimarte,extension,2.83,1,0.0063685,0,F,../runs/FJSP-mk07-F-19.json,5.639940885365813,46.52777777777777,13.50125944584384
mk07,FJSP,XG,42,completed,True,211.0,2253.0,0.9661763366285392,0.0060693,0.7646973999217153,1,1000,20,5,100,1-150,Brandimarte,extension,2.83,1,0.0060386,0,F,../runs/FJSP-mk07-F-42.json,5.639940885365813,46.52777777777777,13.50125944584384
mk07,FJSP,XG,73,completed,True,211.0,2253.0,0.9661763366285392,0.0060611,0.7700861999765038,1,1000,20,5,100,1-150,Brandimarte,extension,2.83,1,0.0060363,0,F,../runs/FJSP-mk07-F-73.json,5.639940885365813,46.52777777777777,13.50125944584384
mk07,FJSP,XH,19,completed,True,148.0,2082.0,1.018372263340407,8.2410865,9.016206400003284,1000,1000,20,5,100,1-150,Brandimarte,extension,2.83,10,0.0059351,0,T,../runs/FJSP-mk07-T-19.json,0.5423095903773323,2.777777777777768,4.8866498740554265
mk07,FJSP,XH,42,completed,True,145.0,1985.0,1.0239251073960975,8.6763215,9.365454200073145,1000,1000,20,5,100,1-150,Brandimarte,extension,2.83,6,0.0057567,0,T,../runs/FJSP-mk07-T-42.json,0.0,0.694444444444442,0.0
mk07,FJSP,XH,73,completed,True,145.0,2144.0,1.0182753221882928,8.7261444,9.464525199960917,1000,1000,20,5,100,1-150,Brandimarte,extension,2.83,8,0.005899,0,T,../runs/FJSP-mk07-T-73.json,0.5517771921984105,0.694444444444442,8.01007556675064
mk07,FJSP,XT,19,completed,True,172.0,2124.0,0.9992712333730138,5.5781579,6.310799099970609,1000,1000,20,5,100,1-150,Brandimarte,extension,2.83,4,0.0057003,0,B,../runs/FJSP-mk07-B-19.json,2.4077809836873687,19.444444444444443,7.002518891687659
mk07,FJSP,XT,42,completed,True,177.0,2106.0,0.9962218052895817,5.6083646,6.253708699950948,1000,1000,20,5,100,1-150,Brandimarte,extension,2.83,6,0.0056067,0,B,../runs/FJSP-mk07-B-42.json,2.7055984765298913,22.916666666666675,6.095717884130991
mk07,FJSP,XT,73,completed,True,177.0,2092.0,0.9967267998550803,5.6336776,6.348619100055657,1000,1000,20,5,100,1-150,Brandimarte,extension,2.83,3,0.0057448,0,B,../runs/FJSP-mk07-B-73.json,2.6562789938986975,22.916666666666675,5.390428211586906
mk07,FJSP,XE,19,completed,True,181.0,2166.0,0.9911746027638323,1.5512755999999999,2.386386900092475,1000,1000,20,5,100,1-150,Brandimarte,extension,2.83,3,0.0105892,0,G,../runs/FJSP-mk07-G-19.json,3.198525399533536,25.694444444444443,9.118387909319893
mk07,FJSP,XE,42,completed,True,183.0,2214.0,0.9880308472646346,1.5157351000000001,2.2773926000809297,1000,1000,20,5,100,1-150,Brandimarte,extension,2.83,7,0.0059492,0,G,../runs/FJSP-mk07-G-42.json,3.5055552278373314,27.083333333333325,11.536523929471043
mk07,FJSP,XE,73,completed,True,188.0,2155.0,0.9863978831323431,1.3843122,2.0259997999528423,1000,1000,20,5,100,1-150,Brandimarte,extension,2.83,3,0.0060466,0,G,../runs/FJSP-mk07-G-73.json,3.6650360453791775,30.555555555555557,8.564231738035266
mk07,FJSP,XHT,19,completed,True,149.0,2044.0,1.0190246105274057,7.7877794,8.52056370000355,1000,1000,20,5,100,1-150,Brandimarte,extension,2.83,7,0.0067646,0,T-B,../runs/FJSP-mk07-T-B-19.json,0.47859915078692916,3.472222222222232,2.972292191435777
mk07,FJSP,XHT,42,completed,True,144.0,2157.0,1.0185284664354852,9.0680592,9.779771300032735,1000,1000,20,5,100,1-150,Brandimarte,extension,2.83,8,0.0060053,0,T-B,../runs/FJSP-mk07-T-B-42.json,0.5270542661402589,0.0,8.664987405541558
mk07,FJSP,XHT,73,completed,True,144.0,2144.0,1.0189959111847215,8.6977113,9.472907799994573,1000,1000,20,5,100,1-150,Brandimarte,extension,2.83,10,0.0058752,0,T-B,../runs/FJSP-mk07-T-B-73.json,0.4814020259656715,0.0,8.01007556675064
mk07,FJSP,XHE,19,completed,True,149.0,2083.0,1.0175922571295484,4.5642319,5.183812699979171,1000,1000,20,5,100,1-150,Brandimarte,extension,2.83,10,0.005781,0,T-G,../runs/FJSP-mk07-T-G-19.json,0.6184876433642628,3.472222222222232,4.937027707808572
mk07,FJSP,XHE,42,completed,True,145.0,2157.0,1.0177932560426484,4.4182374,5.156136599951424,1000,1000,20,5,100,1-150,Brandimarte,extension,2.83,6,0.0061599,0,T-G,../runs/FJSP-mk07-T-G-42.json,0.5988574075542319,0.694444444444442,8.664987405541558
mk07,FJSP,XHE,73,completed,True,145.0,2144.0,1.0182706122871492,4.6096692,5.327942400006577,1000,1000,20,5,100,1-150,Brandimarte,extension,2.83,7,0.006327,0,T-G,../runs/FJSP-mk07-T-G-73.json,0.5522371771240264,0.694444444444442,8.01007556675064
mk07,FJSP,XTE,19,completed,True,178.0,2126.0,0.9947968531649503,3.6547971,4.397768100025132,1000,1000,20,5,100,1-150,Brandimarte,extension,2.83,4,0.0060858,0,B-G,../runs/FJSP-mk07-B-G-19.json,2.8447641356526665,23.611111111111114,7.103274559193951
mk07,FJSP,XTE,42,completed,True,168.0,2106.0,1.0028391905180896,3.5474024,4.281167200068012,1000,1000,20,5,100,1-150,Brandimarte,extension,2.83,4,0.0059217,0,B-G,../runs/FJSP-mk07-B-G-42.json,2.059322183399792,16.666666666666675,6.095717884130991
mk07,FJSP,XTE,73,completed,True,177.0,2130.0,0.9953898866518298,3.6677006,4.418374600005336,1000,1000,20,5,100,1-150,Brandimarte,extension,2.83,4,0.0066671,0,B-G,../runs/FJSP-mk07-B-G-73.json,2.7868464732576537,22.916666666666675,7.304785894206556
mk07,FJSP,XHTE,19,completed,True,147.0,2093.0,1.018722115832514,5.9199912999999995,6.594481099979021,1000,1000,20,5,100,1-150,Brandimarte,extension,2.83,6,0.0057471,0,T-B-G,../runs/FJSP-mk07-T-B-G-19.json,0.5081418090054579,2.083333333333326,5.440806045340052
mk07,FJSP,XHTE,42,completed,True,149.0,2158.0,1.0147445784379692,5.4011129,6.144408700056374,1000,1000,20,5,100,1-150,Brandimarte,extension,2.83,9,0.0067196,0,T-B-G,../runs/FJSP-mk07-T-B-G-42.json,0.8966016060954929,3.472222222222232,8.715365239294703
mk07,FJSP,XHTE,73,completed,True,145.0,2144.0,1.0182049842140677,6.1445408,6.930958000011742,1000,1000,20,5,100,1-150,Brandimarte,extension,2.83,8,0.0060453,0,T-B-G,../runs/FJSP-mk07-T-B-G-73.json,0.558646637406568,0.694444444444442,8.01007556675064
mk07,FJSP,NSGA-II,19,completed,True,193,2897,0.9571059468971587,0.2564909999491647,0.9782702000811696,1000,1000,20,5,100,1-150,Brandimarte,extension,2.83,1,0.01599380001425743,0,NSGA-II,../runs/FJSP-mk07-NSGA-II-19.json,6.525785920892591,34.02777777777777,45.94458438287155
mk07,FJSP,NSGA-II,42,completed,True,197,2903,0.9539863619895451,0.28827919997274876,1.0761583000421524,1000,1000,20,5,100,1-150,Brandimarte,extension,2.83,3,0.012009400059469044,0,NSGA-II,../runs/FJSP-mk07-NSGA-II-42.json,6.830455167215388,36.80555555555556,46.24685138539042
mk07,FJSP,NSGA-II,73,completed,True,206,3053,0.9424026706692201,0.26279209996573627,0.8919598000356928,1000,1000,20,5,100,1-150,Brandimarte,extension,2.83,3,0.011641499935649335,0,NSGA-II,../runs/FJSP-mk07-NSGA-II-73.json,7.96175776314284,43.05555555555556,53.803526448362724
mk07,FJSP,SPEA2,19,completed,True,197,2985,0.9512020599347862,0.2959972999524325,1.0564166000112891,1000,1000,20,5,100,1-150,Brandimarte,extension,2.83,2,0.012182799982838333,0,SPEA2,../runs/FJSP-mk07-SPEA2-19.json,7.102379552568094,36.80555555555556,50.377833753148614
mk07,FJSP,SPEA2,42,completed,True,200,2988,0.9489253661818747,0.2909471000311896,1.0513450000435114,1000,1000,20,5,100,1-150,Brandimarte,extension,2.83,6,0.013434499967843294,0,SPEA2,../runs/FJSP-mk07-SPEA2-42.json,7.324729188929801,38.888888888888886,50.52896725440805
mk07,FJSP,SPEA2,73,completed,True,194,2967,0.953955048910512,0.29388509993441403,0.9698477999772877,1000,1000,20,5,100,1-150,Brandimarte,extension,2.83,2,0.013124199933372438,0,SPEA2,../runs/FJSP-mk07-SPEA2-73.json,6.8335133087539575,34.72222222222223,49.47103274559195
mk07,FJSP,MOEA/D,19,completed,True,192,2937,0.9564049479840591,0.45345729996915907,1.145676999934949,1000,1000,20,5,100,1-150,Brandimarte,extension,2.83,5,0.013580700033344328,0,MOEA-D,../runs/FJSP-mk07-MOEA-D-19.json,6.594247853121438,33.33333333333333,47.95969773299748
mk07,FJSP,MOEA/D,42,completed,True,173,2608,0.9815694839811605,0.49172170006204396,1.242547700065188,1000,1000,20,5,100,1-150,Brandimarte,extension,2.83,4,0.014068200020119548,0,MOEA-D,../runs/FJSP-mk07-MOEA-D-42.json,4.136593888458295,20.138888888888886,31.38539042821158
mk07,FJSP,MOEA/D,73,completed,True,188,2886,0.9610683194451635,0.38327769993338734,1.0406133000506088,1000,1000,20,5,100,1-150,Brandimarte,extension,2.83,2,0.011947699938900769,0,MOEA-D,../runs/FJSP-mk07-MOEA-D-73.json,6.138807174167516,30.555555555555557,45.390428211586894
mk07,FJSP,SMS-EMOA,19,completed,True,199,2852,0.9542458982454327,0.2623902999330312,1.0045785999391228,1000,1000,20,5,100,1-150,Brandimarte,extension,2.83,4,0.012530999956652522,0,SMS-EMOA,../runs/FJSP-mk07-SMS-EMOA-19.json,6.805107975901015,38.19444444444444,43.67758186397985
mk07,FJSP,SMS-EMOA,42,completed,True,198,2925,0.9525043734796338,0.24753900000359863,0.8394929000642151,1000,1000,20,5,100,1-150,Brandimarte,extension,2.83,4,0.010700899991206825,0,SMS-EMOA,../runs/FJSP-mk07-SMS-EMOA-42.json,6.975191193239805,37.5,47.35516372795969
mk07,FJSP,SMS-EMOA,73,completed,True,204,3018,0.9450377827234616,0.26709749992005527,1.07769589999225,1000,1000,20,5,100,1-150,Brandimarte,extension,2.83,5,0.011906499974429607,0,SMS-EMOA,../runs/FJSP-mk07-SMS-EMOA-73.json,7.7044037794181115,41.66666666666667,52.04030226700252
mk08,FJSP,XG,19,completed,True,597.0,9283.0,0.8626055066728748,0.0103179,0.8231225000927225,1,1000,20,10,225,151-500,Brandimarte,extension,1.431111111111111,1,0.010258,0,F,../runs/FJSP-mk08-F-19.json,5.066198843325875,14.149139579349912,20.15273103805333
mk08,FJSP,XG,42,completed,True,597.0,9283.0,0.8626055066728748,0.008487,0.6943436999572441,1,1000,20,10,225,151-500,Brandimarte,extension,1.431111111111111,1,0.0084341,0,F,../runs/FJSP-mk08-F-42.json,5.066198843325875,14.149139579349912,20.15273103805333
mk08,FJSP,XG,73,completed,True,597.0,9283.0,0.8626055066728748,0.0091727,0.6888948999112472,1,1000,20,10,225,151-500,Brandimarte,extension,1.431111111111111,1,0.0091084,0,F,../runs/FJSP-mk08-F-73.json,5.066198843325875,14.149139579349912,20.15273103805333
mk08,FJSP,XH,19,completed,True,523.0,7954.0,0.9052088188439267,10.5865883,11.29082960006781,1000,1000,20,10,225,151-500,Brandimarte,extension,1.431111111111111,2,0.0086075,0,T,../runs/FJSP-mk08-T-19.json,0.3775035649219327,0.0,2.951074294589695
mk08,FJSP,XH,42,completed,True,523.0,7902.0,0.9059983077514105,10.8937096,11.561289599980228,1000,1000,20,10,225,151-500,Brandimarte,extension,1.431111111111111,1,0.0088004,0,T,../runs/FJSP-mk08-T-42.json,0.2906165900780633,0.0,2.278022262490298
mk08,FJSP,XH,73,completed,True,523.0,8080.0,0.9033267204016697,10.8838417,11.628304000012577,1000,1000,20,10,225,151-500,Brandimarte,extension,1.431111111111111,1,0.0098538,0,T,../runs/FJSP-mk08-T-73.json,0.5846373681405947,0.0,4.581931141599793
mk08,FJSP,XT,19,completed,True,539.0,8454.0,0.8927399409405867,8.6969091,9.627183300093748,1000,1000,20,10,225,151-500,Brandimarte,extension,1.431111111111111,3,0.0089861,0,B,../runs/FJSP-mk08-B-19.json,1.7497623394899353,3.0592734225621365,9.42272844939167
mk08,FJSP,XT,42,completed,True,540.0,8454.0,0.8924311008994136,8.6604492,9.402168200002052,1000,1000,20,10,225,151-500,Brandimarte,extension,1.431111111111111,2,0.0092207,0,B,../runs/FJSP-mk08-B-42.json,1.7837516414722865,3.2504780114722687,9.42272844939167
mk08,FJSP,XT,73,completed,True,540.0,8473.0,0.892125996081054,9.3428825,10.02798889996484,1000,1000,20,10,225,151-500,Brandimarte,extension,1.431111111111111,3,0.0084524,0,B,../runs/FJSP-mk08-B-73.json,1.817329864581263,3.2504780114722687,9.668651307274146
mk08,FJSP,XE,19,completed,True,553.0,8900.0,0.8817678223303077,2.9253324000000003,3.644692200003192,1000,1000,20,10,225,151-500,Brandimarte,extension,1.431111111111111,3,0.0085894,0,G,../runs/FJSP-mk08-G-19.json,2.9572957001721356,5.736137667304009,15.19544395547503
mk08,FJSP,XE,42,completed,True,562.0,8798.0,0.8805067710195732,3.0289684,3.7755291000939906,1000,1000,20,10,225,151-500,Brandimarte,extension,1.431111111111111,1,0.0091546,0,G,../runs/FJSP-mk08-G-42.json,3.0960803397965475,7.45697896749522,13.87522650789541
mk08,FJSP,XE,73,completed,True,562.0,8846.0,0.8797960640005219,2.9585882999999997,3.6853441999992356,1000,1000,20,10,225,151-500,Brandimarte,extension,1.431111111111111,1,0.008777,0,G,../runs/FJSP-mk08-G-73.json,3.1742969965479206,7.45697896749522,14.496505306756413
mk08,FJSP,XHT,19,completed,True,523.0,7954.0,0.9052088188439267,11.0298366,11.740552700008266,1000,1000,20,10,225,151-500,Brandimarte,extension,1.431111111111111,2,0.0085479,0,T-B,../runs/FJSP-mk08-T-B-19.json,0.3775035649219327,0.0,2.951074294589695
mk08,FJSP,XHT,42,completed,True,523.0,7726.0,0.9086389633227397,10.9616117,11.718044599983841,1000,1000,20,10,225,151-500,Brandimarte,extension,1.431111111111111,2,0.0086675,0,T-B,../runs/FJSP-mk08-T-B-42.json,0.0,0.0,0.0
mk08,FJSP,XHT,73,completed,True,523.0,7833.0,0.9070290625572189,11.4998857,12.217409900040366,1000,1000,20,10,225,151-500,Brandimarte,extension,1.431111111111111,2,0.0091367,0,T-B,../runs/FJSP-mk08-T-B-73.json,0.17717716612477563,0.0,1.3849339891276236
mk08,FJSP,XHE,19,completed,True,523.0,7954.0,0.9052124642302954,6.4735987,7.262579599977471,1000,1000,20,10,225,151-500,Brandimarte,extension,1.431111111111111,3,0.0093039,0,T-G,../runs/FJSP-mk08-T-G-19.json,0.3771023729726708,0.0,2.951074294589695
mk08,FJSP,XHE,42,completed,True,523.0,7898.0,0.9060583434221913,7.3086217,8.015350499888882,1000,1000,20,10,225,151-500,Brandimarte,extension,1.431111111111111,1,0.0093944,0,T-G,../runs/FJSP-mk08-T-G-42.json,0.28400938158227307,0.0,2.226249029251881
mk08,FJSP,XHE,73,completed,True,523.0,7997.0,0.9045724605703691,6.9859491,7.7753124999580905,1000,1000,20,10,225,151-500,Brandimarte,extension,1.431111111111111,1,0.0091792,0,T-G,../runs/FJSP-mk08-T-G-73.json,0.44753779185300324,0.0,3.507636551902671
mk08,FJSP,XTE,19,completed,True,539.0,8442.0,0.8929157015307198,5.7921721,6.616934100049548,1000,1000,20,10,225,151-500,Brandimarte,extension,1.431111111111111,2,0.0085528,0,B-G,../runs/FJSP-mk08-B-G-19.json,1.730419058249788,3.0592734225621365,9.26740874967642
mk08,FJSP,XTE,42,completed,True,533.0,8312.0,0.8967313253658967,5.8817212,6.591974799986929,1000,1000,20,10,225,151-500,Brandimarte,extension,1.431111111111111,1,0.0082857,0,B-G,../runs/FJSP-mk08-B-G-42.json,1.3104916735354188,1.9120458891013437,7.584778669427905
mk08,FJSP,XTE,73,completed,True,537.0,8473.0,0.8930495770469028,5.9397663000000005,6.690792600042187,1000,1000,20,10,225,151-500,Brandimarte,extension,1.431111111111111,2,0.0088938,0,B-G,../runs/FJSP-mk08-B-G-73.json,1.715685426787028,2.6768642447418722,9.668651307274146
mk08,FJSP,XHTE,19,completed,True,523.0,7956.0,0.9051824723591956,7.4566729,8.178164700046182,1000,1000,20,10,225,151-500,Brandimarte,extension,1.431111111111111,3,0.0088141,0,T-B-G,../runs/FJSP-mk08-T-B-G-19.json,0.3804031197280344,0.0,2.9769609112089146
mk08,FJSP,XHTE,42,completed,True,523.0,7743.0,0.9083829185503328,8.3125689,9.01705980009865,1000,1000,20,10,225,151-500,Brandimarte,extension,1.431111111111111,3,0.0086069,0,T-B-G,../runs/FJSP-mk08-T-B-G-42.json,0.028178933849654086,0.0,0.22003624126327725
mk08,FJSP,XHTE,73,completed,True,523.0,7828.0,0.9071089676608532,8.5681047,9.285505099920556,1000,1000,20,10,225,151-500,Brandimarte,extension,1.431111111111111,1,0.0085809,0,T-B-G,../runs/FJSP-mk08-T-B-G-73.json,0.16838323290601087,0.0,1.320217447579597
mk08,FJSP,NSGA-II,19,completed,True,538,8525,0.8919786871603158,0.5539143000496551,1.2186748000094667,1000,1000,20,10,225,151-500,Brandimarte,extension,1.431111111111111,5,0.02096310001797974,0,NSGA-II,../runs/FJSP-mk08-NSGA-II-19.json,1.8335419055220958,2.8680688336520044,10.341703339373542
mk08,FJSP,NSGA-II,42,completed,True,533,8611,0.8922473666757058,0.5431482000276446,1.1483035000273958,1000,1000,20,10,225,151-500,Brandimarte,extension,1.431111111111111,4,0.021632299991324544,0,NSGA-II,../runs/FJSP-mk08-NSGA-II-42.json,1.8039724586641825,1.9120458891013437,11.454827853999472
mk08,FJSP,NSGA-II,73,completed,True,536,8571,0.8919102307508803,0.601193799986504,1.3422595999436453,1000,1000,20,10,225,151-500,Brandimarte,extension,1.431111111111111,3,0.025533500011079013,0,NSGA-II,../runs/FJSP-mk08-NSGA-II-73.json,1.841075855990737,2.48565965583174,10.937095521615326
mk08,FJSP,SPEA2,19,completed,True,536,8550,0.8922367903816638,0.6321971999714151,1.396118599921465,1000,1000,20,10,225,151-500,Brandimarte,extension,1.431111111111111,4,0.028286400018259883,0,SPEA2,../runs/FJSP-mk08-SPEA2-19.json,1.8051364296657435,2.48565965583174,10.665286047113632
mk08,FJSP,SPEA2,42,completed,True,532,8569,0.89319566356885,0.6184911999152973,1.3653874999145046,1000,1000,20,10,225,151-500,Brandimarte,extension,1.431111111111111,3,0.021481899893842638,0,SPEA2,../runs/FJSP-mk08-SPEA2-42.json,1.6996079165938593,1.7208413001912115,10.911208904996128
mk08,FJSP,SPEA2,73,completed,True,532,8445,0.8950343881447466,0.5788378000725061,1.2901345998980105,1000,1000,20,10,225,151-500,Brandimarte,extension,1.431111111111111,3,0.02158699999563396,0,SPEA2,../runs/FJSP-mk08-SPEA2-73.json,1.4972476117735,1.7208413001912115,9.306238674605227
mk08,FJSP,MOEA/D,19,completed,True,524,8592,0.8953315904716872,0.7462330999551341,1.3789244999643415,1000,1000,20,10,225,151-500,Brandimarte,extension,1.431111111111111,2,0.020580099895596504,0,MOEA-D,../runs/FJSP-mk08-MOEA-D-19.json,1.4645390950867587,0.19120458891013214,11.208904996116997
mk08,FJSP,MOEA/D,42,completed,True,524,8040,0.9036123639458203,0.820009300019592,1.6040781999472529,1000,1000,20,10,225,151-500,Brandimarte,extension,1.431111111111111,2,0.027910200064070523,0,MOEA-D,../runs/FJSP-mk08-MOEA-D-42.json,0.5532009499722546,0.19120458891013214,4.0641988092156245
mk08,FJSP,MOEA/D,73,completed,True,527,8531,0.8953162575196482,0.8758349999552593,1.6742244999622926,1000,1000,20,10,225,151-500,Brandimarte,extension,1.431111111111111,3,0.02291719999630004,0,MOEA-D,../runs/FJSP-mk08-MOEA-D-73.json,1.4662265587172985,0.7648183556405286,10.419363189231156
mk08,FJSP,SMS-EMOA,19,completed,True,534,8473,0.8940077372546752,0.6119662000564858,1.3256267999531701,1000,1000,20,10,225,151-500,Brandimarte,extension,1.431111111111111,2,0.02485130005516112,0,SMS-EMOA,../runs/FJSP-mk08-SMS-EMOA-19.json,1.610235380459657,2.103250478011476,9.668651307274146
mk08,FJSP,SMS-EMOA,42,completed,True,538,8675,0.8897314466710614,0.5352246999973431,1.1575326999882236,1000,1000,20,10,225,151-500,Brandimarte,extension,1.431111111111111,4,0.0205839000409469,0,SMS-EMOA,../runs/FJSP-mk08-SMS-EMOA-42.json,2.0808613117950348,2.8680688336520044,12.283199585814142
mk08,FJSP,SMS-EMOA,73,completed,True,536,8596,0.891550653889882,0.610713699948974,1.3342592000262812,1000,1000,20,10,225,151-500,Brandimarte,extension,1.431111111111111,2,0.02247129997704178,0,SMS-EMOA,../runs/FJSP-mk08-SMS-EMOA-73.json,1.8806489840991092,2.48565965583174,11.260678229355413
mk09,FJSP,XG,19,completed,True,454.0,7030.0,0.9592329841425766,0.011615,0.7008745999773964,1,1000,20,10,240,151-500,Brandimarte,extension,2.525,1,0.0115536,0,F,../runs/FJSP-mk09-F-19.json,7.206963059326643,46.451612903225815,43.440114262395426
mk09,FJSP,XG,42,completed,True,454.0,7030.0,0.9592329841425766,0.0115009,0.7045457999920473,1,1000,20,10,240,151-500,Brandimarte,extension,2.525,1,0.0114386,0,F,../runs/FJSP-mk09-F-42.json,7.206963059326643,46.451612903225815,43.440114262395426
mk09,FJSP,XG,73,completed,True,454.0,7030.0,0.9592329841425766,0.0116649,0.7223140000132844,1,1000,20,10,240,151-500,Brandimarte,extension,2.525,1,0.0116013,0,F,../runs/FJSP-mk09-F-73.json,7.206963059326643,46.451612903225815,43.440114262395426
mk09,FJSP,XH,19,completed,True,310.0,4952.0,1.0333672711088187,19.8853452,20.573498799931258,1000,1000,20,10,240,151-500,Brandimarte,extension,2.525,6,0.0114661,0,T,../runs/FJSP-mk09-T-19.json,0.03545650904054343,0.0,1.0406039583758409
mk09,FJSP,XH,42,completed,True,311.0,4901.0,1.0337337970260163,18.7296893,19.387873800005764,1000,1000,20,10,240,151-500,Brandimarte,extension,2.525,6,0.0114351,0,T,../runs/FJSP-mk09-T-42.json,0.0,0.3225806451612856,0.0
mk09,FJSP,XH,73,completed,True,310.0,5206.0,1.0295574288347817,20.1966746,20.88870659994427,1000,1000,20,10,240,151-500,Brandimarte,extension,2.525,5,0.0112505,0,T,../runs/FJSP-mk09-T-73.json,0.4040080921461353,0.0,6.223219751071207
mk09,FJSP,XT,19,completed,True,357.0,5684.0,1.0080798511120028,13.2329933,14.049117399961688,1000,1000,20,10,240,151-500,Brandimarte,extension,2.525,4,0.0120616,0,B,../runs/FJSP-mk09-B-19.json,2.4816781639352636,15.161290322580644,15.976331360946737
mk09,FJSP,XT,42,completed,True,354.0,5697.0,1.0087952328316683,12.6150635,13.354360700002871,1000,1000,20,10,240,151-500,Brandimarte,extension,2.525,4,0.0128143,0,B,../runs/FJSP-mk09-B-42.json,2.412474494506678,14.193548387096765,16.241583350336676
mk09,FJSP,XT,73,completed,True,362.0,5643.0,1.007148286869067,11.3574369,12.122188700013794,1000,1000,20,10,240,151-500,Brandimarte,extension,2.525,9,0.0116027,0,B,../runs/FJSP-mk09-B-73.json,2.5717946180567886,16.774193548387096,15.139767394409297
mk09,FJSP,XE,19,completed,True,434.0,6714.0,0.9697701923172428,3.5731134,4.340793899958953,1000,1000,20,10,240,151-500,Brandimarte,extension,2.525,1,0.0138477,0,G,../runs/FJSP-mk09-G-19.json,6.187628274589896,39.99999999999999,36.99245052030198
mk09,FJSP,XE,42,completed,True,411.0,6619.0,0.9780343633734384,3.8395961,4.594216100056656,1000,1000,20,10,240,151-500,Brandimarte,extension,2.525,2,0.0125664,0,G,../runs/FJSP-mk09-G-42.json,5.3881796080210815,32.580645161290334,35.05407059783718
mk09,FJSP,XE,73,completed,True,438.0,6794.0,0.9674147496937316,3.5963407,4.285374199971557,1000,1000,20,10,240,151-500,Brandimarte,extension,2.525,1,0.0115728,0,G,../runs/FJSP-mk09-G-73.json,6.415486029679995,41.29032258064515,38.624770455009184
mk09,FJSP,XHT,19,completed,True,312.0,5029.0,1.0315993688599203,18.0726149,18.766981199965812,1000,1000,20,10,240,151-500,Brandimarte,extension,2.525,8,0.0115852,0,T-B,../runs/FJSP-mk09-T-B-19.json,0.20647754501561533,0.6451612903225712,2.611711895531532
mk09,FJSP,XHT,42,completed,True,311.0,5162.0,1.029910375674827,17.8607356,18.680269800010137,1000,1000,20,10,240,151-500,Brandimarte,extension,2.525,7,0.0119653,0,T-B,../runs/FJSP-mk09-T-B-42.json,0.36986517826824716,0.3225806451612856,5.3254437869822535
mk09,FJSP,XHT,73,completed,True,310.0,5197.0,1.0296925695322037,19.7343314,20.49500839994289,1000,1000,20,10,240,151-500,Brandimarte,extension,2.525,7,0.013218,0,T-B,../runs/FJSP-mk09-T-B-73.json,0.3909350265454248,0.0,6.0395837584166445
mk09,FJSP,XHE,19,completed,True,312.0,5029.0,1.0315965949717998,9.738540799999999,10.533036599983461,1000,1000,20,10,240,151-500,Brandimarte,extension,2.525,6,0.0115337,0,T-G,../runs/FJSP-mk09-T-G-19.json,0.20674588180875642,0.6451612903225712,2.611711895531532
mk09,FJSP,XHE,42,completed,True,311.0,5162.0,1.0299071633334227,10.2453631,11.011785999988206,1000,1000,20,10,240,151-500,Brandimarte,extension,2.525,6,0.0124157,0,T-G,../runs/FJSP-mk09-T-G-42.json,0.37017592958676904,0.3225806451612856,5.3254437869822535
mk09,FJSP,XHE,73,completed,True,310.0,5206.0,1.0295569948555114,11.2945177,12.116254900000058,1000,1000,20,10,240,151-500,Brandimarte,extension,2.525,5,0.0152602,0,T-G,../runs/FJSP-mk09-T-G-73.json,0.4040500738701991,0.0,6.223219751071207
mk09,FJSP,XTE,19,completed,True,357.0,5684.0,1.008078124142947,7.6877205,8.41011320007965,1000,1000,20,10,240,151-500,Brandimarte,extension,2.525,3,0.0120574,0,B-G,../runs/FJSP-mk09-B-G-19.json,2.4818452252290624,15.161290322580644,15.976331360946737
mk09,FJSP,XTE,42,completed,True,362.0,5690.0,1.0064873941549168,7.9790423,8.64387779997196,1000,1000,20,10,240,151-500,Brandimarte,extension,2.525,1,0.010762,0,B-G,../runs/FJSP-mk09-B-G-42.json,2.6357272007054067,16.774193548387096,16.098755356049786
mk09,FJSP,XTE,73,completed,True,362.0,5643.0,1.0071511099713317,7.4722223,8.267898399964906,1000,1000,20,10,240,151-500,Brandimarte,extension,2.525,8,0.0112943,0,B-G,../runs/FJSP-mk09-B-G-73.json,2.5715215204495823,16.774193548387096,15.139767394409297
mk09,FJSP,XHTE,19,completed,True,311.0,5088.0,1.0310170952935265,13.0418112,13.776285499916412,1000,1000,20,10,240,151-500,Brandimarte,extension,2.525,6,0.0111086,0,T-B-G,../runs/FJSP-mk09-T-B-G-19.json,0.2628047704646641,0.3225806451612856,3.8155478473780757
mk09,FJSP,XHTE,42,completed,True,311.0,5186.0,1.0295525745305714,13.4401219,14.138335299910977,1000,1000,20,10,240,151-500,Brandimarte,extension,2.525,5,0.0112,0,T-B-G,../runs/FJSP-mk09-T-B-G-42.json,0.4044776815340656,0.3225806451612856,5.815139767394406
mk09,FJSP,XHTE,73,completed,True,310.0,5206.0,1.0295559882025644,14.2509562,14.932292300043628,1000,1000,20,10,240,151-500,Brandimarte,extension,2.525,6,0.0116838,0,T-B-G,../runs/FJSP-mk09-T-B-G-73.json,0.40414745415804365,0.0,6.223219751071207
mk09,FJSP,NSGA-II,19,completed,True,392,6537,0.9849301266530474,0.623815199942328,1.3835357000352815,1000,1000,20,10,240,151-500,Brandimarte,extension,2.525,1,0.024728099931962788,0,NSGA-II,../runs/FJSP-mk09-NSGA-II-19.json,4.721106199040204,26.451612903225797,33.3809426647623
mk09,FJSP,NSGA-II,42,completed,True,388,6833,0.981768320121722,0.6237949000205845,1.3340094999875873,1000,1000,20,10,240,151-500,Brandimarte,extension,2.525,4,0.02508509997278452,0,NSGA-II,../runs/FJSP-mk09-NSGA-II-42.json,5.0269689405333935,25.161290322580655,39.42052642317895
mk09,FJSP,NSGA-II,73,completed,True,388,6867,0.9812673102922256,0.6278205999406055,1.331281700055115,1000,1000,20,10,240,151-500,Brandimarte,extension,2.525,2,0.024069499922916293,0,NSGA-II,../runs/FJSP-mk09-NSGA-II-73.json,5.075434979946802,25.161290322580655,40.1142623954295
mk09,FJSP,SPEA2,19,completed,True,385,6660,0.9852073503740142,0.6251930000726134,1.3635427999543026,1000,1000,20,10,240,151-500,Brandimarte,extension,2.525,3,0.023872400051914155,0,SPEA2,../runs/FJSP-mk09-SPEA2-19.json,4.6942884900938235,24.193548387096776,35.89063456437462
mk09,FJSP,SPEA2,42,completed,True,399,6841,0.9783665427394865,0.5954513000324368,1.2629536000313237,1000,1000,20,10,240,151-500,Brandimarte,extension,2.525,2,0.022583800018765032,0,SPEA2,../runs/FJSP-mk09-SPEA2-42.json,5.356045671121301,28.70967741935484,39.58375841664967
mk09,FJSP,SPEA2,73,completed,True,394,6743,0.9812922359139948,0.6878236000193283,1.4347100000595674,1000,1000,20,10,240,151-500,Brandimarte,extension,2.525,4,0.02292949997354299,0,SPEA2,../runs/FJSP-mk09-SPEA2-73.json,5.073023757459838,27.09677419354839,37.584166496633344
mk09,FJSP,MOEA/D,19,completed,True,371,6358,0.9938669083110969,0.8533793999813497,1.6111618999857455,1000,1000,20,10,240,151-500,Brandimarte,extension,2.525,2,0.023789500002749264,0,MOEA-D,../runs/FJSP-mk09-MOEA-D-19.json,3.856591399992315,19.67741935483871,29.72862681085493
mk09,FJSP,MOEA/D,42,completed,True,382,6479,0.988781099424293,0.931106899981387,1.905633700080216,1000,1000,20,10,240,151-500,Brandimarte,extension,2.525,4,0.02464650000911206,0,MOEA-D,../runs/FJSP-mk09-MOEA-D-42.json,4.348575787214193,23.225806451612897,32.19751071209957
mk09,FJSP,MOEA/D,73,completed,True,364,6559,0.9929943491424974,0.7426028000190854,1.4106165999546647,1000,1000,20,10,240,151-500,Brandimarte,extension,2.525,6,0.022267199936322868,0,MOEA-D,../runs/FJSP-mk09-MOEA-D-73.json,3.9409998977225635,17.419354838709666,33.82983064680678
mk09,FJSP,SMS-EMOA,19,completed,True,382,6809,0.9839035392933334,0.5798006999539211,1.2346533000236377,1000,1000,20,10,240,151-500,Brandimarte,extension,2.525,5,0.022101699956692755,0,SMS-EMOA,../runs/FJSP-mk09-SMS-EMOA-19.json,4.820414876251633,23.225806451612897,38.930830442766776
mk09,FJSP,SMS-EMOA,42,completed,True,395,6954,0.9779070620417661,0.6083414000459015,1.3254225000273436,1000,1000,20,10,240,151-500,Brandimarte,extension,2.525,1,0.023679899983108044,0,SMS-EMOA,../runs/FJSP-mk09-SMS-EMOA-42.json,5.400494319220284,27.419354838709676,41.889410324423594
mk09,FJSP,SMS-EMOA,73,completed,True,381,6662,0.9863831093836253,0.5560767999850214,1.232370600104332,1000,1000,20,10,240,151-500,Brandimarte,extension,2.525,2,0.02220589993521571,0,SMS-EMOA,../runs/FJSP-mk09-SMS-EMOA-73.json,4.5805494391898405,22.90322580645161,35.9314425627423
mk10,FJSP,XG,19,completed,True,327.0,4498.0,1.0304312259763428,0.0148252,0.8043808999937028,1,1000,20,15,240,151-500,Brandimarte,extension,2.9833333333333334,1,0.0147273,0,F,../runs/FJSP-mk10-F-19.json,3.818400042218817,47.297297297297305,12.029887920298886
mk10,FJSP,XG,42,completed,True,327.0,4498.0,1.0304312259763428,0.014773,0.623851599986665,1,1000,20,15,240,151-500,Brandimarte,extension,2.9833333333333334,1,0.0146703,0,F,../runs/FJSP-mk10-F-42.json,3.818400042218817,47.297297297297305,12.029887920298886
mk10,FJSP,XG,73,completed,True,327.0,4498.0,1.0304312259763428,0.0145816,0.6320638998877257,1,1000,20,15,240,151-500,Brandimarte,extension,2.9833333333333334,1,0.0144712,0,F,../runs/FJSP-mk10-F-73.json,3.818400042218817,47.297297297297305,12.029887920298886
mk10,FJSP,XH,19,completed,True,229.0,4168.0,1.0666870299975701,21.6545381,22.404912199941464,1000,1000,20,15,240,151-500,Brandimarte,extension,2.9833333333333334,5,0.0159576,0,T,../runs/FJSP-mk10-T-19.json,0.4342428557813638,3.153153153153143,3.810709838107096
mk10,FJSP,XH,42,completed,True,223.0,4059.0,1.0703246972045846,26.986803,27.697973600006662,1000,1000,20,15,240,151-500,Brandimarte,extension,2.9833333333333334,3,0.014618,0,T,../runs/FJSP-mk10-T-42.json,0.09469894128760759,0.45045045045044585,1.0958904109588996
mk10,FJSP,XH,73,completed,True,226.0,4070.0,1.069194428517158,27.6518369,28.450760000036098,1000,1000,20,15,240,151-500,Brandimarte,extension,2.9833333333333334,2,0.0156649,0,T,../runs/FJSP-mk10-T-73.json,0.20019948125413745,1.8018018018018056,1.3698630136986356
mk10,FJSP,XT,19,completed,True,297.0,4238.0,1.04396098168716,14.8107767,15.551796399988234,1000,1000,20,15,240,151-500,Brandimarte,extension,2.9833333333333334,2,0.0151542,0,B,../runs/FJSP-mk10-B-19.json,2.555517553315867,33.7837837837838,5.554171855541723
mk10,FJSP,XT,42,completed,True,297.0,4282.0,1.043279690231972,15.6176908,16.35813710000366,1000,1000,20,15,240,151-500,Brandimarte,extension,2.9833333333333334,1,0.0155543,0,B,../runs/FJSP-mk10-B-42.json,2.619110057643803,33.7837837837838,6.650062266500623
mk10,FJSP,XT,73,completed,True,290.0,4265.0,1.0457629571426212,14.4486072,15.257662700023502,1000,1000,20,15,240,151-500,Brandimarte,extension,2.9833333333333334,2,0.0145234,0,B,../runs/FJSP-mk10-B-73.json,2.387319154410894,30.630630630630627,6.226650062266503
mk10,FJSP,XE,19,completed,True,319.0,4422.0,1.0341347094508981,4.0244553,4.771204199991189,1000,1000,20,15,240,151-500,Brandimarte,extension,2.9833333333333334,1,0.0158985,0,G,../runs/FJSP-mk10-G-19.json,3.4727127639024746,43.69369369369369,10.136986301369856
mk10,FJSP,XE,42,completed,True,324.0,4436.0,1.0323341898674143,3.97842,4.709923499962315,1000,1000,20,15,240,151-500,Brandimarte,extension,2.9833333333333334,1,0.014584,0,G,../runs/FJSP-mk10-G-42.json,3.6407752700932217,45.945945945945944,10.485678704856793
mk10,FJSP,XE,73,completed,True,315.0,4425.0,1.035356771220455,3.955556,4.703498799935915,1000,1000,20,15,240,151-500,Brandimarte,extension,2.9833333333333334,1,0.0156838,0,G,../runs/FJSP-mk10-G-73.json,3.3586441552655,41.89189189189189,10.211706102117057
mk10,FJSP,XHT,19,completed,True,225.0,4148.0,1.0682725666055533,23.4188614,24.179141499917023,1000,1000,20,15,240,151-500,Brandimarte,extension,2.9833333333333334,5,0.0150308,0,T-B,../runs/FJSP-mk10-T-B-19.json,0.2862471003121314,1.3513513513513598,3.312577833125774
mk10,FJSP,XHT,42,completed,True,222.0,4015.0,1.071339244126371,24.8959619,25.71859589999076,1000,1000,20,15,240,151-500,Brandimarte,extension,2.9833333333333334,5,0.0159661,0,T-B,../runs/FJSP-mk10-T-B-42.json,0.0,0.0,0.0
mk10,FJSP,XHT,73,completed,True,225.0,4059.0,1.0696861333503225,23.7017974,24.388147299992852,1000,1000,20,15,240,151-500,Brandimarte,extension,2.9833333333333334,3,0.0151367,0,T-B,../runs/FJSP-mk10-T-B-73.json,0.15430320368750028,1.3513513513513598,1.0958904109588996
mk10,FJSP,XHE,19,completed,True,230.0,4163.0,1.0664485525045952,13.8775792,14.625893599935807,1000,1000,20,15,240,151-500,Brandimarte,extension,2.9833333333333334,2,0.0150289,0,T-G,../runs/FJSP-mk10-T-G-19.json,0.45650261096930045,3.603603603603611,3.6861768368617653
mk10,FJSP,XHE,42,completed,True,223.0,4059.0,1.0703246972045846,14.7998457,15.499924600007944,1000,1000,20,15,240,151-500,Brandimarte,extension,2.9833333333333334,3,0.0141186,0,T-G,../runs/FJSP-mk10-T-G-42.json,0.09469894128760759,0.45045045045044585,1.0958904109588996
mk10,FJSP,XHE,73,completed,True,226.0,4096.0,1.068783287439152,14.8242446,15.549315799959004,1000,1000,20,15,240,151-500,Brandimarte,extension,2.9833333333333334,1,0.0144543,0,T-G,../runs/FJSP-mk10-T-G-73.json,0.238575848054845,1.8018018018018056,2.017434620174341
mk10,FJSP,XTE,19,completed,True,303.0,4315.0,1.0408615859802124,9.041553,9.773133400012739,1000,1000,20,15,240,151-500,Brandimarte,extension,2.9833333333333334,2,0.0142691,0,B-G,../runs/FJSP-mk10-B-G-19.json,2.844818605614663,36.48648648648649,7.471980074719808
mk10,FJSP,XTE,42,completed,True,295.0,4232.0,1.044690404222737,9.7424991,10.440558000002056,1000,1000,20,15,240,151-500,Brandimarte,extension,2.9833333333333334,1,0.0142319,0,B-G,../runs/FJSP-mk10-B-G-42.json,2.4874324402598513,32.88288288288288,5.4047322540473175
mk10,FJSP,XTE,73,completed,True,289.0,4315.0,1.0453013678589718,9.8981862,10.738588300067931,1000,1000,20,15,240,151-500,Brandimarte,extension,2.9833333333333334,3,0.0163013,0,B-G,../runs/FJSP-mk10-B-G-73.json,2.430404412995424,30.180180180180184,7.471980074719808
mk10,FJSP,XHTE,19,completed,True,225.0,4148.0,1.0682725666055533,15.0506768,15.838083099923097,1000,1000,20,15,240,151-500,Brandimarte,extension,2.9833333333333334,5,0.0144448,0,T-B-G,../runs/FJSP-mk10-T-B-G-19.json,0.2862471003121314,1.3513513513513598,3.312577833125774
mk10,FJSP,XHTE,42,completed,True,222.0,4015.0,1.0713392063728024,16.4770573,17.25768809998408,1000,1000,20,15,240,151-500,Brandimarte,extension,2.9833333333333334,5,0.0150035,0,T-B-G,../runs/FJSP-mk10-T-B-G-42.json,3.523960190321418e-06,0.0,0.0
mk10,FJSP,XHTE,73,completed,True,225.0,4059.0,1.0696862749262037,19.1832798,19.914842600002885,1000,1000,20,15,240,151-500,Brandimarte,extension,2.9833333333333334,3,0.0141355,0,T-B-G,../runs/FJSP-mk10-T-B-G-73.json,0.15428998883683098,1.3513513513513598,1.0958904109588996
mk10,FJSP,NSGA-II,19,completed,True,324,5743,1.0122451315593877,0.6066520999884233,1.3253505000611767,1000,1000,20,15,240,151-500,Brandimarte,extension,2.9833333333333334,3,0.023843999952077866,0,NSGA-II,../runs/FJSP-mk10-NSGA-II-19.json,5.515910379552269,45.945945945945944,43.038605230386054
mk10,FJSP,NSGA-II,42,completed,True,333,5832,1.0080846387809375,0.5550471999449655,1.2114992999704555,1000,1000,20,15,240,151-500,Brandimarte,extension,2.9833333333333334,2,0.02343880000989884,0,NSGA-II,../runs/FJSP-mk10-NSGA-II-42.json,5.90425541603442,50.0,45.255292652552924
mk10,FJSP,NSGA-II,73,completed,True,328,5686,1.0118764514477314,0.552325600059703,1.1867754000704736,1000,1000,20,15,240,151-500,Brandimarte,extension,2.9833333333333334,2,0.02280030003748834,0,NSGA-II,../runs/FJSP-mk10-NSGA-II-73.json,5.550323392393675,47.74774774774775,41.618929016189284
mk10,FJSP,SPEA2,19,completed,True,336,5762,1.008215086797813,0.6551497000036761,1.3798646999057382,1000,1000,20,15,240,151-500,Brandimarte,extension,2.9833333333333334,4,0.025728899985551834,0,SPEA2,../runs/FJSP-mk10-SPEA2-19.json,5.8920792526397925,51.35135135135136,43.5118306351183
mk10,FJSP,SPEA2,42,completed,True,325,5626,1.0137348047786583,0.6486240000231192,1.4122842999640852,1000,1000,20,15,240,151-500,Brandimarte,extension,2.9833333333333334,1,0.02764069999102503,0,SPEA2,../runs/FJSP-mk10-SPEA2-42.json,5.376862619709821,46.39639639639639,40.124533001245325
mk10,FJSP,SPEA2,73,completed,True,339,5771,1.0071506839294861,0.5963952000020072,1.2682512999745086,1000,1000,20,15,240,151-500,Brandimarte,extension,2.9833333333333334,4,0.02259439998306334,0,SPEA2,../runs/FJSP-mk10-SPEA2-73.json,5.9914318035859555,52.702702702702695,43.735990037359905
mk10,FJSP,MOEA/D,19,completed,True,313,5510,1.0192558346960017,0.8145743000786752,3.301674999995157,1000,1000,20,15,240,151-500,Brandimarte,extension,2.9833333333333334,4,0.026825200067833066,0,MOEA-D,../runs/FJSP-mk10-MOEA-D-19.json,4.861523529163813,40.990990990990994,37.235367372353664
mk10,FJSP,MOEA/D,42,completed,True,334,5859,1.0073616933419225,0.7510953999590129,1.4382537000346929,1000,1000,20,15,240,151-500,Brandimarte,extension,2.9833333333333334,3,0.022903000004589558,0,MOEA-D,../runs/FJSP-mk10-MOEA-D-42.json,5.971735949672907,50.45045045045045,45.92777085927771
mk10,FJSP,MOEA/D,73,completed,True,318,5565,1.016846149489973,0.7594388000434265,1.4527204999467358,1000,1000,20,15,240,151-500,Brandimarte,extension,2.9833333333333334,4,0.023203699965961277,0,MOEA-D,../runs/FJSP-mk10-MOEA-D-73.json,5.086446234015685,43.24324324324324,38.605230386052305
mk10,FJSP,SMS-EMOA,19,completed,True,329,5649,1.0121201106179554,0.5547017999924719,1.2660419000312686,1000,1000,20,15,240,151-500,Brandimarte,extension,2.9833333333333334,3,0.022423399961553514,0,SMS-EMOA,../runs/FJSP-mk10-SMS-EMOA-19.json,5.527579973671748,48.19819819819819,40.697384806973844
mk10,FJSP,SMS-EMOA,42,completed,True,331,5860,1.0082727364966106,0.5734651000238955,1.2317796999122947,1000,1000,20,15,240,151-500,Brandimarte,extension,2.9833333333333334,2,0.02377670002169907,0,SMS-EMOA,../runs/FJSP-mk10-SMS-EMOA-42.json,5.886698165452553,49.09909909909911,45.95267745952678
mk10,FJSP,SMS-EMOA,73,completed,True,332,5626,1.0115145079884191,0.6048492999980226,1.4055976000381634,1000,1000,20,15,240,151-500,Brandimarte,extension,2.9833333333333334,4,0.023578800028190017,0,SMS-EMOA,../runs/FJSP-mk10-SMS-EMOA-73.json,5.584107598591348,49.54954954954955,40.124533001245325
mk11,FJSP,XG,19,completed,True,708.0,14914.0,0.8568271163159236,0.0101252,0.674085299950093,1,1000,30,5,179,151-500,Brandimarte,extension,1.5083798882681565,1,0.0100816,0,F,../runs/FJSP-mk11-F-19.json,4.182857895333047,14.935064935064934,10.843552582683014
mk11,FJSP,XG,42,completed,True,708.0,14914.0,0.8568271163159236,0.0103823,0.7014423999935389,1,1000,30,5,179,151-500,Brandimarte,extension,1.5083798882681565,1,0.010335,0,F,../runs/FJSP-mk11-F-42.json,4.182857895333047,14.935064935064934,10.843552582683014
mk11,FJSP,XG,73,completed,True,708.0,14914.0,0.8568271163159236,0.0107218,0.7699411000357941,1,1000,30,5,179,151-500,Brandimarte,extension,1.5083798882681565,1,0.0106708,0,F,../runs/FJSP-mk11-F-73.json,4.182857895333047,14.935064935064934,10.843552582683014
mk11,FJSP,XH,19,completed,True,619.0,13551.0,0.8933781908212409,13.556884,14.52992920007091,1000,1000,30,5,179,151-500,Brandimarte,extension,1.5083798882681565,12,0.0106586,0,T,../runs/FJSP-mk11-T-19.json,0.09542948268819185,0.48701298701299134,0.7134894091415767
mk11,FJSP,XH,42,completed,True,616.0,13711.0,0.8928582552883412,13.9634952,14.697264399961568,1000,1000,30,5,179,151-500,Brandimarte,extension,1.5083798882681565,5,0.0109554,0,T,../runs/FJSP-mk11-T-42.json,0.15357276024379196,0.0,1.9026384243775452
mk11,FJSP,XH,73,completed,True,619.0,13567.0,0.8932572883706276,15.3165439,16.074317899998277,1000,1000,30,5,179,151-500,Brandimarte,extension,1.5083798882681565,5,0.009922,0,T,../runs/FJSP-mk11-T-73.json,0.10894974490984755,0.48701298701299134,0.8324043106651802
mk11,FJSP,XT,19,completed,True,646.0,14218.0,0.8800381764791869,10.5409966,11.32145260006655,1000,1000,30,5,179,151-500,Brandimarte,extension,1.5083798882681565,4,0.0097975,0,B,../runs/FJSP-mk11-B-19.json,1.5872147279856752,4.870129870129869,5.6707543664065385
mk11,FJSP,XT,42,completed,True,654.0,14104.0,0.8788048713704655,10.5671743,11.29954080004245,1000,1000,30,5,179,151-500,Brandimarte,extension,1.5083798882681565,5,0.0097268,0,B,../runs/FJSP-mk11-B-42.json,1.7251325980092935,6.168831168831179,4.823485693050911
mk11,FJSP,XT,73,completed,True,653.0,14213.0,0.8781284368570592,10.5376748,11.269255699939094,1000,1000,30,5,179,151-500,Brandimarte,extension,1.5083798882681565,4,0.009809,0,B,../runs/FJSP-mk11-B-73.json,1.8007768215187347,6.006493506493515,5.633593459680419
mk11,FJSP,XE,19,completed,True,690.0,14858.0,0.8622795097863266,2.4370307,3.242068300023675,1000,1000,30,5,179,151-500,Brandimarte,extension,1.5083798882681565,2,0.0104041,0,G,../runs/FJSP-mk11-G-19.json,3.573128406132864,12.012987012987008,10.427350427350435
mk11,FJSP,XE,42,completed,True,667.0,14591.0,0.8709617666942255,2.4808223,3.2667537999805063,1000,1000,30,5,179,151-500,Brandimarte,extension,1.5083798882681565,1,0.0152193,0,G,../runs/FJSP-mk11-G-42.json,2.6022102032749572,8.279220779220786,8.442958008175406
mk11,FJSP,XE,73,completed,True,684.0,14691.0,0.8653830966650231,2.4499786,3.2429321999661624,1000,1000,30,5,179,151-500,Brandimarte,extension,1.5083798882681565,3,0.0139441,0,G,../runs/FJSP-mk11-G-73.json,3.2260609297102394,11.038961038961048,9.186176142697878
mk11,FJSP,XHT,19,completed,True,617.0,13551.0,0.8939496920431791,17.829712,18.72281910001766,1000,1000,30,5,179,151-500,Brandimarte,extension,1.5083798882681565,13,0.0132095,0,T-B,../runs/FJSP-mk11-T-B-19.json,0.031519724520301384,0.16233766233766378,0.7134894091415767
mk11,FJSP,XHT,42,completed,True,619.0,13633.0,0.8927170761788161,13.7754262,14.427689300035127,1000,1000,30,5,179,151-500,Brandimarte,extension,1.5083798882681565,4,0.009968,0,T-B,../runs/FJSP-mk11-T-B-42.json,0.16936051782285855,0.48701298701299134,1.3229282794500197
mk11,FJSP,XHT,73,completed,True,619.0,13455.0,0.8942315513647429,13.6075724,14.370989099959843,1000,1000,30,5,179,151-500,Brandimarte,extension,1.5083798882681565,9,0.0112925,0,T-B,../runs/FJSP-mk11-T-B-73.json,0.0,0.48701298701299134,0.0
mk11,FJSP,XHE,19,completed,True,619.0,13551.0,0.893374214624922,7.5167646999999995,8.2956264000386,1000,1000,30,5,179,151-500,Brandimarte,extension,1.5083798882681565,12,0.0120009,0,T-G,../runs/FJSP-mk11-T-G-19.json,0.09587413221021635,0.48701298701299134,0.7134894091415767
mk11,FJSP,XHE,42,completed,True,619.0,13714.0,0.8919987620239012,8.6297508,9.41266530007124,1000,1000,30,5,179,151-500,Brandimarte,extension,1.5083798882681565,6,0.0112092,0,T-G,../runs/FJSP-mk11-T-G-42.json,0.24968805198543054,0.48701298701299134,1.9249349684132389
mk11,FJSP,XHE,73,completed,True,619.0,13694.0,0.8921565778939913,8.2251161,8.897431600023992,1000,1000,30,5,179,151-500,Brandimarte,extension,1.5083798882681565,3,0.0101711,0,T-G,../runs/FJSP-mk11-T-G-73.json,0.23203984108868259,0.48701298701299134,1.77629134150874
mk11,FJSP,XTE,19,completed,True,644.0,14297.0,0.879893628285523,6.4580695,7.176870499970391,1000,1000,30,5,179,151-500,Brandimarte,extension,1.5083798882681565,6,0.00979,0,B-G,../runs/FJSP-mk11-B-G-19.json,1.6033792430313887,4.545454545454541,6.25789669267931
mk11,FJSP,XTE,42,completed,True,654.0,14338.0,0.8767699900564571,6.8126345,7.48918039991986,1000,1000,30,5,179,151-500,Brandimarte,extension,1.5083798882681565,4,0.0107025,0,B-G,../runs/FJSP-mk11-B-G-42.json,1.9526890190394885,6.168831168831179,6.562616127833509
mk11,FJSP,XTE,73,completed,True,658.0,14213.0,0.8767354640196132,6.3921585,7.148053299984895,1000,1000,30,5,179,151-500,Brandimarte,extension,1.5083798882681565,7,0.0098724,0,B-G,../runs/FJSP-mk11-B-G-73.json,1.9565499918256957,6.818181818181812,5.633593459680419
mk11,FJSP,XHTE,19,completed,True,617.0,13763.0,0.8920869225927532,10.0752534,10.867170999990776,1000,1000,30,5,179,151-500,Brandimarte,extension,1.5083798882681565,7,0.0110418,0,T-B-G,../runs/FJSP-mk11-T-B-G-19.json,0.2398292443066441,0.16233766233766378,2.289111854329251
mk11,FJSP,XHTE,42,completed,True,619.0,13633.0,0.8927165878253255,10.2602869,11.000964000006206,1000,1000,30,5,179,151-500,Brandimarte,extension,1.5083798882681565,3,0.0105599,0,T-B-G,../runs/FJSP-mk11-T-B-G-42.json,0.1694151293482382,0.48701298701299134,1.3229282794500197
mk11,FJSP,XHTE,73,completed,True,619.0,13511.0,0.8937515120922431,9.9481738,10.687884399900213,1000,1000,30,5,179,151-500,Brandimarte,extension,1.5083798882681565,7,0.0104155,0,T-B-G,../runs/FJSP-mk11-T-B-G-73.json,0.05368176416579162,0.48701298701299134,0.4162021553326012
mk11,FJSP,NSGA-II,19,completed,True,676,16382,0.8528245883096833,0.48552749992813915,1.1543900000397116,1000,1000,30,5,179,151-500,Brandimarte,extension,1.5083798882681565,4,0.018045199918560684,0,NSGA-II,../runs/FJSP-mk11-NSGA-II-19.json,4.630452033577404,9.740259740259738,21.753994797473062
mk11,FJSP,NSGA-II,42,completed,True,672,16263,0.8549935531789761,0.5245589999249205,1.2488086000084877,1000,1000,30,5,179,151-500,Brandimarte,extension,1.5083798882681565,3,0.018273200024850667,0,NSGA-II,../runs/FJSP-mk11-NSGA-II-42.json,4.387901335608568,9.090909090909083,20.869565217391294
mk11,FJSP,NSGA-II,73,completed,True,681,16289,0.8522953485328919,0.5456254000309855,1.234028200036846,1000,1000,30,5,179,151-500,Brandimarte,extension,1.5083798882681565,4,0.018926499993540347,0,NSGA-II,../runs/FJSP-mk11-NSGA-II-73.json,4.689635784808699,10.551948051948056,21.062801932367158
mk11,FJSP,SPEA2,19,completed,True,673,16159,0.8555984189333763,0.5675969000440091,1.3049590999726206,1000,1000,30,5,179,151-500,Brandimarte,extension,1.5083798882681565,5,0.018686700030229986,0,SPEA2,../runs/FJSP-mk11-SPEA2-19.json,4.320260493202921,9.253246753246746,20.096618357487927
mk11,FJSP,SPEA2,42,completed,True,680,16140,0.8538834557713231,0.5231277999700978,1.2508453999180347,1000,1000,30,5,179,151-500,Brandimarte,extension,1.5083798882681565,4,0.023412799928337336,0,SPEA2,../runs/FJSP-mk11-SPEA2-42.json,4.512041152187263,10.389610389610393,19.95540691192865
mk11,FJSP,SPEA2,73,completed,True,672,16226,0.8553032891606505,0.5085064999293536,1.098633800051175,1000,1000,30,5,179,151-500,Brandimarte,extension,1.5083798882681565,5,0.017107499996200204,0,SPEA2,../runs/FJSP-mk11-SPEA2-73.json,4.353264223867026,9.090909090909083,20.594574507617992
mk11,FJSP,MOEA/D,19,completed,True,655,15399,0.8671970557390026,0.7330306000076234,1.5280680001014844,1000,1000,30,5,179,151-500,Brandimarte,extension,1.5083798882681565,5,0.02007099997717887,0,MOEA-D,../runs/FJSP-mk11-MOEA-D-19.json,3.0232097698276506,6.331168831168821,14.448160535117061
mk11,FJSP,MOEA/D,42,completed,True,641,15746,0.8679962983915304,0.6648323000408709,1.3707864999305457,1000,1000,30,5,179,151-500,Brandimarte,extension,1.5083798882681565,2,0.017808199976570904,0,MOEA-D,../runs/FJSP-mk11-MOEA-D-42.json,2.9338321750304153,4.05844155844155,17.027127461910062
mk11,FJSP,MOEA/D,73,completed,True,661,15471,0.8649217358036475,0.6836656999075785,1.3322871000273153,1000,1000,30,5,179,151-500,Brandimarte,extension,1.5083798882681565,3,0.01810489990748465,0,MOEA-D,../runs/FJSP-mk11-MOEA-D-73.json,3.2776539271471505,7.3051948051948035,14.983277591973243
mk11,FJSP,SMS-EMOA,19,completed,True,677,16478,0.8517591796860043,0.5306964999763295,1.2410384999820963,1000,1000,30,5,179,151-500,Brandimarte,extension,1.5083798882681565,4,0.01968749996740371,0,SMS-EMOA,../runs/FJSP-mk11-SMS-EMOA-19.json,4.749594399114942,9.9025974025974,22.467484206614643
mk11,FJSP,SMS-EMOA,42,completed,True,679,16344,0.8523841317524444,0.49147859995719045,1.1037028999999166,1000,1000,30,5,179,151-500,Brandimarte,extension,1.5083798882681565,5,0.017385700019076467,0,SMS-EMOA,../runs/FJSP-mk11-SMS-EMOA-42.json,4.67970734743507,10.22727272727273,21.471571906354512
mk11,FJSP,SMS-EMOA,73,completed,True,685,16280,0.8512987644545699,0.5390789000084624,1.3096380999777466,1000,1000,30,5,179,151-500,Brandimarte,extension,1.5083798882681565,4,0.01982229994609952,0,SMS-EMOA,../runs/FJSP-mk11-SMS-EMOA-73.json,4.8010816487799595,11.201298701298711,20.995912300260123
mk12,FJSP,XG,19,completed,True,574.0,11691.0,0.9426850896735771,0.0098729,0.7278759999899194,1,1000,30,10,193,151-500,Brandimarte,extension,1.4922279792746114,1,0.0098218,0,F,../runs/FJSP-mk12-F-19.json,3.5114090820737576,12.992125984251967,20.191220314588264
mk12,FJSP,XG,42,completed,True,574.0,11691.0,0.9426850896735771,0.0102577,0.6959064999828115,1,1000,30,10,193,151-500,Brandimarte,extension,1.4922279792746114,1,0.0102,0,F,../runs/FJSP-mk12-F-42.json,3.5114090820737576,12.992125984251967,20.191220314588264
mk12,FJSP,XG,73,completed,True,574.0,11691.0,0.9426850896735771,0.0102629,0.7451164999511093,1,1000,30,10,193,151-500,Brandimarte,extension,1.4922279792746114,1,0.0102098,0,F,../runs/FJSP-mk12-F-73.json,3.5114090820737576,12.992125984251967,20.191220314588264
mk12,FJSP,XH,19,completed,True,508.0,9916.0,0.9753630835038499,13.1832881,14.005911999964155,1000,1000,30,10,193,151-500,Brandimarte,extension,1.4922279792746114,5,0.0103296,0,T,../runs/FJSP-mk12-T-19.json,0.1666509934531768,0.0,1.9430451321065023
mk12,FJSP,XH,42,completed,True,508.0,9727.0,0.9769912491264698,13.3799915,14.155919499928132,1000,1000,30,10,193,151-500,Brandimarte,extension,1.4922279792746114,8,0.0106422,0,T,../runs/FJSP-mk12-T-42.json,0.0,0.0,0.0
mk12,FJSP,XH,73,completed,True,508.0,10559.0,0.9699334621859256,12.7872774,13.541201599990018,1000,1000,30,10,193,151-500,Brandimarte,extension,1.4922279792746114,4,0.0124409,0,T,../runs/FJSP-mk12-T-73.json,0.722400220764996,0.0,8.553510846098478
mk12,FJSP,XT,19,completed,True,556.0,11236.0,0.9513277425477223,10.2299728,10.940032599959522,1000,1000,30,10,193,151-500,Brandimarte,extension,1.4922279792746114,4,0.0096092,0,B,../runs/FJSP-mk12-B-19.json,2.6267898102151133,9.4488188976378,15.513519070628146
mk12,FJSP,XT,42,completed,True,556.0,11200.0,0.9516340964411948,10.4033204,11.073835900053382,1000,1000,30,10,193,151-500,Brandimarte,extension,1.4922279792746114,3,0.0104006,0,B,../runs/FJSP-mk12-B-42.json,2.5954329384164865,9.4488188976378,15.143415235941205
mk12,FJSP,XT,73,completed,True,556.0,11183.0,0.9517795755120279,10.7168744,11.454174700076692,1000,1000,30,10,193,151-500,Brandimarte,extension,1.4922279792746114,3,0.0099703,0,B,../runs/FJSP-mk12-B-73.json,2.5805424190834647,9.4488188976378,14.968643980672347
mk12,FJSP,XE,19,completed,True,573.0,11574.0,0.943937994498722,2.3673522,3.045177899999544,1000,1000,30,10,193,151-500,Brandimarte,extension,1.4922279792746114,2,0.0097228,0,G,../runs/FJSP-mk12-G-19.json,3.3831679308592433,12.795275590551181,18.98838285185567
mk12,FJSP,XE,42,completed,True,571.0,11584.0,0.9443863790469615,2.4002632999999998,3.1461905000032857,1000,1000,30,10,193,151-500,Brandimarte,extension,1.4922279792746114,2,0.0150038,0,G,../runs/FJSP-mk12-G-42.json,3.337273502568261,12.401574803149607,19.091189472602043
mk12,FJSP,XE,73,completed,True,559.0,11422.0,0.9489463234495246,2.362345,2.999988400028087,1000,1000,30,10,193,151-500,Brandimarte,extension,1.4922279792746114,3,0.0097661,0,G,../runs/FJSP-mk12-G-73.json,2.8705401099570094,10.039370078740163,17.425722216510753
mk12,FJSP,XHT,19,completed,True,508.0,10011.0,0.9745735852376752,13.5865483,14.19881189998705,1000,1000,30,10,193,151-500,Brandimarte,extension,1.4922279792746114,7,0.0100116,0,T-B,../runs/FJSP-mk12-T-B-19.json,0.24746013753513818,0.0,2.9197080291970767
mk12,FJSP,XHT,42,completed,True,508.0,10244.0,0.972602375774418,12.1073503,12.841892199940048,1000,1000,30,10,193,151-500,Brandimarte,extension,1.4922279792746114,5,0.0114116,0,T-B,../runs/FJSP-mk12-T-B-42.json,0.44922340460837873,0.0,5.315102292587648
mk12,FJSP,XHT,73,completed,True,508.0,10498.0,0.9704584760333895,12.0341064,12.729927000007592,1000,1000,30,10,193,151-500,Brandimarte,extension,1.4922279792746114,6,0.0103688,0,T-B,../runs/FJSP-mk12-T-B-73.json,0.6686623957912863,0.0,7.926390459545596
mk12,FJSP,XHE,19,completed,True,508.0,10011.0,0.9745626420037553,7.8115133,8.58241349994205,1000,1000,30,10,193,151-500,Brandimarte,extension,1.4922279792746114,5,0.0104432,0,T-G,../runs/FJSP-mk12-T-G-19.json,0.24858023292285703,0.0,2.9197080291970767
mk12,FJSP,XHE,42,completed,True,508.0,10244.0,0.9725974362028748,8.0739636,8.813376000034623,1000,1000,30,10,193,151-500,Brandimarte,extension,1.4922279792746114,5,0.0102778,0,T-G,../runs/FJSP-mk12-T-G-42.json,0.4497289947605565,0.0,5.315102292587648
mk12,FJSP,XHE,73,completed,True,508.0,10650.0,0.9691585060183743,7.5948446,8.367790299933404,1000,1000,30,10,193,151-500,Brandimarte,extension,1.4922279792746114,4,0.0101315,0,T-G,../runs/FJSP-mk12-T-G-73.json,0.8017209074389187,0.0,9.48905109489051
mk12,FJSP,XTE,19,completed,True,540.0,10913.0,0.9583566090705486,6.1672334,6.899758100043982,1000,1000,30,10,193,151-500,Brandimarte,extension,1.4922279792746114,2,0.0100527,0,B-G,../runs/FJSP-mk12-B-G-19.json,1.9073497406023265,6.299212598425208,12.192865220520211
mk12,FJSP,XTE,42,completed,True,556.0,11320.0,0.9506182896218152,7.0063876,7.83391499996651,1000,1000,30,10,193,151-500,Brandimarte,extension,1.4922279792746114,3,0.01128,0,B-G,../runs/FJSP-mk12-B-G-42.json,2.6994059085211686,9.4488188976378,16.3770946848977
mk12,FJSP,XTE,73,completed,True,554.0,11183.0,0.9523110734100794,6.8530199,7.708673499990255,1000,1000,30,10,193,151-500,Brandimarte,extension,1.4922279792746114,5,0.0103922,0,B-G,../runs/FJSP-mk12-B-G-73.json,2.526140918709052,9.055118110236226,14.968643980672347
mk12,FJSP,XHTE,19,completed,True,508.0,10171.0,0.9731534453261562,9.6374424,10.325759600033052,1000,1000,30,10,193,151-500,Brandimarte,extension,1.4922279792746114,10,0.0108645,0,T-B-G,../runs/FJSP-mk12-T-B-G-19.json,0.3928186464049688,0.0,4.564613961139097
mk12,FJSP,XHTE,42,completed,True,508.0,10599.0,0.9695989567815344,9.9406026,10.610808899975382,1000,1000,30,10,193,151-500,Brandimarte,extension,1.4922279792746114,3,0.0102582,0,T-B-G,../runs/FJSP-mk12-T-B-G-42.json,0.7566385422126287,0.0,8.964737329083983
mk12,FJSP,XHTE,73,completed,True,508.0,10650.0,0.9691573990782453,9.2941071,9.986112399958074,1000,1000,30,10,193,151-500,Brandimarte,extension,1.4922279792746114,5,0.0105136,0,T-B-G,../runs/FJSP-mk12-T-B-G-73.json,0.8018342083645935,0.0,9.48905109489051
mk12,FJSP,NSGA-II,19,completed,True,559,12315,0.9413383177538058,0.5310710000339895,1.2965021000709385,1000,1000,30,10,193,151-500,Brandimarte,extension,1.4922279792746114,4,0.02186580002307892,0,NSGA-II,../runs/FJSP-mk12-NSGA-II-19.json,3.6492580055902613,10.039370078740163,26.606353449162135
mk12,FJSP,NSGA-II,42,completed,True,558,12227,0.9424008674411346,0.5049646999686956,1.1724448000313714,1000,1000,30,10,193,151-500,Brandimarte,extension,1.4922279792746114,2,0.01843119994737208,0,NSGA-II,../runs/FJSP-mk12-NSGA-II-42.json,3.5405006663327465,9.842519685039374,25.701655186594017
mk12,FJSP,NSGA-II,73,completed,True,570,12370,0.9379965345394364,0.515158100053668,1.301905500004068,1000,1000,30,10,193,151-500,Brandimarte,extension,1.4922279792746114,2,0.020797000033780932,0,NSGA-II,../runs/FJSP-mk12-NSGA-II-73.json,3.9913064341055904,12.204724409448819,27.171789863267204
mk12,FJSP,SPEA2,19,completed,True,563,12014,0.9428566925314537,0.49927279993426055,1.1263551999581978,1000,1000,30,10,193,151-500,Brandimarte,extension,1.4922279792746114,3,0.018000699928961694,0,SPEA2,../runs/FJSP-mk12-SPEA2-19.json,3.4938446608949625,10.826771653543311,23.511874164696202
mk12,FJSP,SPEA2,42,completed,True,564,12093,0.941946238322258,0.5335311000235379,1.2545243999920785,1000,1000,30,10,193,151-500,Brandimarte,extension,1.4922279792746114,2,0.019426300073973835,0,SPEA2,../runs/FJSP-mk12-SPEA2-42.json,3.5870342580392234,11.023622047244096,24.324046468592584
mk12,FJSP,SPEA2,73,completed,True,562,12457,0.9393870551136209,0.5067947000497952,1.18513030000031,1000,1000,30,10,193,151-500,Brandimarte,extension,1.4922279792746114,4,0.019556100014597178,0,SPEA2,../runs/FJSP-mk12-SPEA2-73.json,3.8489796143487465,10.629921259842522,28.066207463760673
mk12,FJSP,MOEA/D,19,completed,True,526,11871,0.9539197535537066,0.6567136999219656,1.255184199893847,1000,1000,30,10,193,151-500,Brandimarte,extension,1.4922279792746114,4,0.01836290000937879,0,MOEA-D,../runs/FJSP-mk12-MOEA-D-19.json,2.3614843626687088,3.543307086614167,22.041739488023037
mk12,FJSP,MOEA/D,42,completed,True,533,11538,0.9548959904771729,0.643624100019224,1.335548400063999,1000,1000,30,10,193,151-500,Brandimarte,extension,1.4922279792746114,4,0.019027099944651127,0,MOEA-D,../runs/FJSP-mk12-MOEA-D-42.json,2.261561571718518,4.921259842519676,18.618279017168703
mk12,FJSP,MOEA/D,73,completed,True,563,12174,0.9415263576013653,0.6077857000054792,1.3294661999680102,1000,1000,30,10,193,151-500,Brandimarte,extension,1.4922279792746114,3,0.018662899965420365,0,MOEA-D,../runs/FJSP-mk12-MOEA-D-73.json,3.6300111753113207,10.826771653543311,25.156780096638222
mk12,FJSP,SMS-EMOA,19,completed,True,577,12703,0.9333539785999195,0.5105132999597117,1.290707900072448,1000,1000,30,10,193,151-500,Brandimarte,extension,1.4922279792746114,4,0.022445600014179945,0,SMS-EMOA,../runs/FJSP-mk12-SMS-EMOA-19.json,4.46649553571401,13.58267716535433,30.595250334121516
mk12,FJSP,SMS-EMOA,42,completed,True,557,12206,0.9428039750434279,0.5165669000707567,1.1536865999223664,1000,1000,30,10,193,151-500,Brandimarte,extension,1.4922279792746114,5,0.02240810007788241,0,SMS-EMOA,../runs/FJSP-mk12-SMS-EMOA-42.json,3.4992405626569134,9.645669291338589,25.48576128302662
mk12,FJSP,SMS-EMOA,73,completed,True,545,12358,0.9447149241143743,0.5376681999769062,1.284088799962774,1000,1000,30,10,193,151-500,Brandimarte,extension,1.4922279792746114,2,0.02288770000450313,0,SMS-EMOA,../runs/FJSP-mk12-SMS-EMOA-73.json,3.303645251782339,7.283464566929143,27.048421918371535
mk13,FJSP,XG,19,completed,True,578.0,11360.0,1.0251918415249948,0.0203367,0.7373792000580579,1,1000,30,10,231,151-500,Brandimarte,extension,3.367965367965368,1,0.0202827,0,F,../runs/FJSP-mk13-F-19.json,3.749947570711587,39.61352657004831,14.735885264114735
mk13,FJSP,XG,42,completed,True,578.0,11360.0,1.0251918415249948,0.0210825,0.7572452999884263,1,1000,30,10,231,151-500,Brandimarte,extension,3.367965367965368,1,0.0210297,0,F,../runs/FJSP-mk13-F-42.json,3.749947570711587,39.61352657004831,14.735885264114735
mk13,FJSP,XG,73,completed,True,578.0,11360.0,1.0251918415249948,0.0208585,0.6691221999935806,1,1000,30,10,231,151-500,Brandimarte,extension,3.367965367965368,1,0.0208054,0,F,../runs/FJSP-mk13-F-73.json,3.749947570711587,39.61352657004831,14.735885264114735
mk13,FJSP,XH,19,completed,True,424.0,10129.0,1.0617785979014025,36.7854842,37.45816309994552,1000,1000,30,10,231,151-500,Brandimarte,extension,3.367965367965368,8,0.021606,0,T,../runs/FJSP-mk13-T-19.json,0.315002932244135,2.4154589371980784,2.3027976972022968
mk13,FJSP,XH,42,completed,True,414.0,10101.0,1.0638825866711563,37.6711849,38.39745309995487,1000,1000,30,10,231,151-500,Brandimarte,extension,3.367965367965368,7,0.0237168,0,T,../runs/FJSP-mk13-T-42.json,0.11747011819227549,0.0,2.0199979800020307
mk13,FJSP,XH,73,completed,True,414.0,10046.0,1.064230253906418,39.0684841,39.81849680002779,1000,1000,30,10,231,151-500,Brandimarte,extension,3.367965367965368,7,0.0243522,0,T,../runs/FJSP-mk13-T-73.json,0.08482940816468831,0.0,1.4644985355014573
mk13,FJSP,XT,19,completed,True,510.0,10588.0,1.0427167139355213,21.4012509,22.145210300106555,1000,1000,30,10,231,151-500,Brandimarte,extension,3.367965367965368,2,0.022294,0,B,../runs/FJSP-mk13-B-19.json,2.1046263537375265,23.188405797101442,6.938693061306944
mk13,FJSP,XT,42,completed,True,505.0,10468.0,1.044390498367062,24.9197027,25.664875700022094,1000,1000,30,10,231,151-500,Brandimarte,extension,3.367965367965368,3,0.0206572,0,B,../runs/FJSP-mk13-B-42.json,1.9474832388923446,21.980676328502426,5.726694273305721
mk13,FJSP,XT,73,completed,True,515.0,10468.0,1.0425035775438265,23.6733884,24.412375299958512,1000,1000,30,10,231,151-500,Brandimarte,extension,3.367965367965368,4,0.0206604,0,B,../runs/FJSP-mk13-B-73.json,2.1246366464888866,24.39613526570048,5.726694273305721
mk13,FJSP,XE,19,completed,True,555.0,11119.0,1.0309846308797208,3.8596964,4.613922199932858,1000,1000,30,10,231,151-500,Brandimarte,extension,3.367965367965368,1,0.0222459,0,G,../runs/FJSP-mk13-G-19.json,3.20609201458969,34.05797101449275,12.301787698212308
mk13,FJSP,XE,42,completed,True,544.0,11070.0,1.0333558016459614,3.9729912,4.7536253000143915,1000,1000,30,10,231,151-500,Brandimarte,extension,3.367965367965368,3,0.0232536,0,G,../runs/FJSP-mk13-G-42.json,2.983474840588418,31.400966183574887,11.806888193111797
mk13,FJSP,XE,73,completed,True,555.0,11172.0,1.0306625526301163,3.7400791,4.4595164998900145,1000,1000,30,10,231,151-500,Brandimarte,extension,3.367965367965368,1,0.0211683,0,G,../runs/FJSP-mk13-G-73.json,3.2363303047858505,34.05797101449275,12.83708716291283
mk13,FJSP,XHT,19,completed,True,424.0,9987.0,1.0626778098264924,35.3008901,36.240643199998885,1000,1000,30,10,231,151-500,Brandimarte,extension,3.367965367965368,9,0.0224158,0,T-B,../runs/FJSP-mk13-T-B-19.json,0.23058049399472536,2.4154589371980784,0.8685991314008712
mk13,FJSP,XHT,42,completed,True,414.0,9901.0,1.0651338006056337,39.6008139,40.27128280000761,1000,1000,30,10,231,151-500,Brandimarte,extension,3.367965367965368,5,0.020935,0,T-B,../runs/FJSP-mk13-T-B-42.json,0.0,0.0,0.0
mk13,FJSP,XHT,73,completed,True,418.0,9999.0,1.0637700236150993,37.2068266,37.97201669996139,1000,1000,30,10,231,151-500,Brandimarte,extension,3.367965367965368,11,0.0219589,0,T-B,../runs/FJSP-mk13-T-B-73.json,0.12803809152980294,0.9661835748792313,0.9897990102009979
mk13,FJSP,XHE,19,completed,True,424.0,10255.0,1.0609883815967958,19.6108258,20.31473250000272,1000,1000,30,10,231,151-500,Brandimarte,extension,3.367965367965368,6,0.0210448,0,T-G,../runs/FJSP-mk13-T-G-19.json,0.389192325553922,2.4154589371980784,3.575396424603583
mk13,FJSP,XHE,42,completed,True,414.0,10227.0,1.063102712997209,19.0113923,19.85050900001079,1000,1000,30,10,231,151-500,Brandimarte,extension,3.367965367965368,6,0.0206448,0,T-G,../runs/FJSP-mk13-T-G-42.json,0.19068849446611802,0.0,3.2925967074032947
mk13,FJSP,XHE,73,completed,True,418.0,10227.0,1.0623512932764836,22.2860339,23.25782729999628,1000,1000,30,10,231,151-500,Brandimarte,extension,3.367965367965368,5,0.0216752,0,T-G,../runs/FJSP-mk13-T-G-73.json,0.261235473662369,0.9661835748792313,3.2925967074032947
mk13,FJSP,XTE,19,completed,True,491.0,10566.0,1.04644526128011,13.1284195,13.952419099980034,1000,1000,30,10,231,151-500,Brandimarte,extension,3.367965367965368,2,0.0213453,0,B-G,../runs/FJSP-mk13-B-G-19.json,1.7545719903825585,18.599033816425113,6.716493283506719
mk13,FJSP,XTE,42,completed,True,500.0,10468.0,1.045340851829325,13.0100502,13.724758600001223,1000,1000,30,10,231,151-500,Brandimarte,extension,3.367965367965368,5,0.0209746,0,B-G,../runs/FJSP-mk13-B-G-42.json,1.8582593815964166,20.772946859903385,5.726694273305721
mk13,FJSP,XTE,73,completed,True,515.0,10468.0,1.0425026300340046,14.1394017,14.851818699971773,1000,1000,30,10,231,151-500,Brandimarte,extension,3.367965367965368,3,0.0222173,0,B-G,../runs/FJSP-mk13-B-G-73.json,2.124725603371247,24.39613526570048,5.726694273305721
mk13,FJSP,XHTE,19,completed,True,415.0,10255.0,1.0626720643402046,25.1707705,25.831778799998574,1000,1000,30,10,231,151-500,Brandimarte,extension,3.367965367965368,6,0.021987,0,T-B-G,../runs/FJSP-mk13-T-B-G-19.json,0.23111990850627206,0.24154589371980784,3.575396424603583
mk13,FJSP,XHTE,42,completed,True,417.0,9901.0,1.0645690769761427,23.5006286,24.176479600020684,1000,1000,30,10,231,151-500,Brandimarte,extension,3.367965367965368,5,0.021378,0,T-B-G,../runs/FJSP-mk13-T-B-G-42.json,0.05301903189720569,0.7246376811594235,0.0
mk13,FJSP,XHTE,73,completed,True,416.0,10110.0,1.0634600825997522,27.0996255,27.917548800003715,1000,1000,30,10,231,151-500,Brandimarte,extension,3.367965367965368,8,0.0280157,0,T-B-G,../runs/FJSP-mk13-T-B-G-73.json,0.15713687847759283,0.48309178743961567,2.1108978891021035
mk13,FJSP,NSGA-II,19,completed,True,559,13507,1.0157111042330567,0.588846700033173,1.3237725000362843,1000,1000,30,10,231,151-500,Brandimarte,extension,3.367965367965368,3,0.023028300027363002,0,NSGA-II,../runs/FJSP-mk13-NSGA-II-19.json,4.640045818138095,35.02415458937198,36.42056357943642
mk13,FJSP,NSGA-II,42,completed,True,539,13316,1.0205942230648286,0.5553188000340015,1.262715799966827,1000,1000,30,10,231,151-500,Brandimarte,extension,3.367965367965368,3,0.02219909999985248,0,NSGA-II,../runs/FJSP-mk13-NSGA-II-42.json,4.181594604873107,30.193236714975846,34.4914655085345
mk13,FJSP,NSGA-II,73,completed,True,567,13733,1.0128653525671831,0.5472267000004649,1.2362725998973474,1000,1000,30,10,231,151-500,Brandimarte,extension,3.367965367965368,5,0.022119999979622662,0,NSGA-II,../runs/FJSP-mk13-NSGA-II-73.json,4.907218981195671,36.956521739130444,38.70316129683871
mk13,FJSP,SPEA2,19,completed,True,568,13397,1.0146903906686302,0.6296479000011459,1.359164800029248,1000,1000,30,10,231,151-500,Brandimarte,extension,3.367965367965368,7,0.024285600055009127,0,SPEA2,../runs/FJSP-mk13-SPEA2-19.json,4.735875427887226,37.198067632850254,35.309564690435316
mk13,FJSP,SPEA2,42,completed,True,552,13478,1.0171867449218697,0.6187512000324205,1.24885989993345,1000,1000,30,10,231,151-500,Brandimarte,extension,3.367965367965368,6,0.021536200074478984,0,SPEA2,../runs/FJSP-mk13-SPEA2-42.json,4.501505412418738,33.33333333333333,36.12766387233612
mk13,FJSP,SPEA2,73,completed,True,581,13840,1.0096200230130479,0.6289839999517426,1.399285399937071,1000,1000,30,10,231,151-500,Brandimarte,extension,3.367965367965368,6,0.023163700010627508,0,SPEA2,../runs/FJSP-mk13-SPEA2-73.json,5.2119064817040535,40.33816425120773,39.78386021613978
mk13,FJSP,MOEA/D,19,completed,True,564,13654,1.0139076724657825,0.7005068999715149,1.3233102000085637,1000,1000,30,10,231,151-500,Brandimarte,extension,3.367965367965368,3,0.02106079994700849,0,MOEA-D,../runs/FJSP-mk13-MOEA-D-19.json,4.809360862524881,36.23188405797102,37.9052620947379
mk13,FJSP,MOEA/D,42,completed,True,548,12645,1.0230178618819932,0.8361622999655083,2.360363799962215,1000,1000,30,10,231,151-500,Brandimarte,extension,3.367965367965368,3,0.022889299900271,0,MOEA-D,../runs/FJSP-mk13-MOEA-D-42.json,3.954051472190012,32.36714975845412,27.714372285627718
mk13,FJSP,MOEA/D,73,completed,True,538,13184,1.0215937621729463,0.8197659000288695,1.5239895000122488,1000,1000,30,10,231,151-500,Brandimarte,extension,3.367965367965368,3,0.02425959997344762,0,MOEA-D,../runs/FJSP-mk13-MOEA-D-73.json,4.087752957227586,29.951690821256037,33.15826684173315
mk13,FJSP,SMS-EMOA,19,completed,True,563,13672,1.01397791326835,0.63730659999419,1.380453700083308,1000,1000,30,10,231,151-500,Brandimarte,extension,3.367965367965368,5,0.024980499991215765,0,SMS-EMOA,../runs/FJSP-mk13-SMS-EMOA-19.json,4.802766310504514,35.99033816425121,38.08706191293809
mk13,FJSP,SMS-EMOA,42,completed,True,560,13711,1.014304781718841,0.5536100000608712,1.1968731998931617,1000,1000,30,10,231,151-500,Brandimarte,extension,3.367965367965368,2,0.021493000094778836,0,SMS-EMOA,../runs/FJSP-mk13-SMS-EMOA-42.json,4.772078292688797,35.26570048309179,38.48096151903848
mk13,FJSP,SMS-EMOA,73,completed,True,569,13817,1.0119787519645003,0.5502274999162182,1.179987500072457,1000,1000,30,10,231,151-500,Brandimarte,extension,3.367965367965368,5,0.02145769994240254,0,SMS-EMOA,../runs/FJSP-mk13-SMS-EMOA-73.json,4.990457406469451,37.43961352657006,39.551560448439545
mk14,FJSP,XG,19,completed,True,840.0,19378.0,0.9453428562623276,0.0163906,0.8557490999810398,1,1000,30,15,277,151-500,Brandimarte,extension,1.55956678700361,1,0.0163175,0,F,../runs/FJSP-mk14-F-19.json,5.5370679932935545,21.037463976945237,39.16977879919563
mk14,FJSP,XG,42,completed,True,840.0,19378.0,0.9453428562623276,0.0161655,0.6639799000695348,1,1000,30,15,277,151-500,Brandimarte,extension,1.55956678700361,1,0.0160984,0,F,../runs/FJSP-mk14-F-42.json,5.5370679932935545,21.037463976945237,39.16977879919563
mk14,FJSP,XG,73,completed,True,840.0,19378.0,0.9453428562623276,0.0176578,0.7163750000763685,1,1000,30,15,277,151-500,Brandimarte,extension,1.55956678700361,1,0.017596,0,F,../runs/FJSP-mk14-F-73.json,5.5370679932935545,21.037463976945237,39.16977879919563
mk14,FJSP,XH,19,completed,True,694.0,14454.0,0.9977802702534416,21.3741617,22.045182000030763,1000,1000,30,15,277,151-500,Brandimarte,extension,1.55956678700361,1,0.0164162,0,T,../runs/FJSP-mk14-T-19.json,0.2972845225274967,0.0,3.806377477736289
mk14,FJSP,XH,42,completed,True,694.0,14453.0,0.9977858840235431,19.323084,20.133130200090818,1000,1000,30,15,277,151-500,Brandimarte,extension,1.55956678700361,1,0.0174764,0,T,../runs/FJSP-mk14-T-42.json,0.29672356923960974,0.0,3.799195633438668
mk14,FJSP,XH,73,completed,True,694.0,14419.0,0.9979767522069851,22.3082923,22.99566080002114,1000,1000,30,15,277,151-500,Brandimarte,extension,1.55956678700361,1,0.0164682,0,T,../runs/FJSP-mk14-T-73.json,0.27765115745240765,0.0,3.555012927319745
mk14,FJSP,XT,19,completed,True,746.0,16546.0,0.9770509929309188,18.2326499,18.9615349000087,1000,1000,30,15,277,151-500,Brandimarte,extension,1.55956678700361,4,0.0172503,0,B,../runs/FJSP-mk14-B-19.json,2.368647627769238,7.49279538904899,18.830795748348184
mk14,FJSP,XT,42,completed,True,746.0,16632.0,0.9765799690808277,17.1409374,17.94369770004414,1000,1000,30,15,277,151-500,Brandimarte,extension,1.55956678700361,2,0.0178498,0,B,../runs/FJSP-mk14-B-42.json,2.4157144603262792,7.49279538904899,19.44843435794312
mk14,FJSP,XT,73,completed,True,750.0,16546.0,0.9763663732065498,18.6644795,19.314580800011754,1000,1000,30,15,277,151-500,Brandimarte,extension,1.55956678700361,4,0.0172193,0,B,../runs/FJSP-mk14-B-73.json,2.4370579257316227,8.069164265129691,18.830795748348184
mk14,FJSP,XE,19,completed,True,783.0,18214.0,0.9614557990587138,3.60177,4.2622776000062,1000,1000,30,15,277,151-500,Brandimarte,extension,1.55956678700361,1,0.0162124,0,G,../runs/FJSP-mk14-G-19.json,3.9269899039314327,12.82420749279538,30.81011203677104
mk14,FJSP,XE,42,completed,True,808.0,18607.0,0.9550187678621747,3.7608872,4.50142240000423,1000,1000,30,15,277,151-500,Brandimarte,extension,1.55956678700361,2,0.0176673,0,G,../runs/FJSP-mk14-G-42.json,4.5702071623215375,16.42651296829971,33.63257684573397
mk14,FJSP,XE,73,completed,True,794.0,18416.0,0.9584601840574434,3.8236291,4.5987059999024495,1000,1000,30,15,277,151-500,Brandimarte,extension,1.55956678700361,2,0.0174967,0,G,../runs/FJSP-mk14-G-73.json,4.226325297761024,14.4092219020173,32.260844584889405
mk14,FJSP,XHT,19,completed,True,694.0,14454.0,0.9977802702534416,20.4118795,21.238549800007604,1000,1000,30,15,277,151-500,Brandimarte,extension,1.55956678700361,1,0.0194217,0,T-B,../runs/FJSP-mk14-T-B-19.json,0.2972845225274967,0.0,3.806377477736289
mk14,FJSP,XHT,42,completed,True,694.0,13924.0,1.000755361050208,18.8891379,19.70210350002162,1000,1000,30,15,277,151-500,Brandimarte,extension,1.55956678700361,2,0.0181004,0,T-B,../runs/FJSP-mk14-T-B-42.json,0.0,0.0,0.0
mk14,FJSP,XHT,73,completed,True,694.0,14365.0,0.9982797365895325,23.4450783,24.15424780000467,1000,1000,30,15,277,151-500,Brandimarte,extension,1.55956678700361,2,0.0170958,0,T-B,../runs/FJSP-mk14-T-B-73.json,0.24737558818346272,0.0,3.167193335248486
mk14,FJSP,XHE,19,completed,True,694.0,14410.0,0.9980272761378962,13.1226379,13.792125300038606,1000,1000,30,15,277,151-500,Brandimarte,extension,1.55956678700361,1,0.0165853,0,T-G,../runs/FJSP-mk14-T-G-19.json,0.2726025778616803,0.0,3.490376328641198
mk14,FJSP,XHE,42,completed,True,694.0,14543.0,0.9972806191633459,12.9685806,13.699528499972075,1000,1000,30,15,277,151-500,Brandimarte,extension,1.55956678700361,2,0.019003,0,T-G,../runs/FJSP-mk14-T-G-42.json,0.34721191832693954,0.0,4.44556162022407
mk14,FJSP,XHE,73,completed,True,694.0,14409.0,0.9980328899079973,13.2235508,13.993795800022781,1000,1000,30,15,277,151-500,Brandimarte,extension,1.55956678700361,1,0.0172846,0,T-G,../runs/FJSP-mk14-T-G-73.json,0.27204162457382663,0.0,3.483194484343577
mk14,FJSP,XTE,19,completed,True,747.0,16327.0,0.978105766911517,10.7020541,11.440914100036025,1000,1000,30,15,277,151-500,Brandimarte,extension,1.55956678700361,1,0.0176338,0,B-G,../runs/FJSP-mk14-B-G-19.json,2.263249843090742,7.636887608069154,17.25797184717035
mk14,FJSP,XTE,42,completed,True,749.0,16258.0,0.9781437305182801,10.7479729,11.51116890006233,1000,1000,30,15,277,151-500,Brandimarte,extension,1.55956678700361,1,0.0184453,0,B-G,../runs/FJSP-mk14-B-G-42.json,2.259456347872968,7.925072046109505,16.762424590634883
mk14,FJSP,XTE,73,completed,True,746.0,16546.0,0.9770585825861413,10.3929356,11.179559600073844,1000,1000,30,15,277,151-500,Brandimarte,extension,1.55956678700361,2,0.0169209,0,B-G,../runs/FJSP-mk14-B-G-73.json,2.367889235107268,7.49279538904899,18.830795748348184
mk14,FJSP,XHTE,19,completed,True,694.0,14410.0,0.9980272761378962,14.3878856,15.133237299975008,1000,1000,30,15,277,151-500,Brandimarte,extension,1.55956678700361,1,0.0185527,0,T-B-G,../runs/FJSP-mk14-T-B-G-19.json,0.2726025778616803,0.0,3.490376328641198
mk14,FJSP,XHTE,42,completed,True,694.0,14355.0,0.9983360334934642,13.5903148,14.306979399989359,1000,1000,30,15,277,151-500,Brandimarte,extension,1.55956678700361,1,0.0182481,0,T-B-G,../runs/FJSP-mk14-T-B-G-42.json,0.2417501470294292,0.0,3.09537489227234
mk14,FJSP,XHTE,73,completed,True,694.0,14433.0,0.9978980709795016,14.7200566,15.424826000002213,1000,1000,30,15,277,151-500,Brandimarte,extension,1.55956678700361,2,0.0180701,0,T-B-G,../runs/FJSP-mk14-T-B-G-73.json,0.2855133414132238,0.0,3.655558747486354
mk14,FJSP,NSGA-II,19,completed,True,772,17285,0.9684779288934511,0.7253407000098377,1.3743557999841869,1000,1000,30,15,277,151-500,Brandimarte,extension,1.55956678700361,2,0.02522870001848787,0,NSGA-II,../runs/FJSP-mk14-NSGA-II-19.json,3.2253069444349025,11.239193083573484,24.138178684286117
mk14,FJSP,NSGA-II,42,completed,True,729,17091,0.9769184378286266,0.6804666999960318,1.4186811000108719,1000,1000,30,15,277,151-500,Brandimarte,extension,1.55956678700361,5,0.02584660006687045,0,NSGA-II,../runs/FJSP-mk14-NSGA-II-42.json,2.3818931328598136,5.043227665706063,22.744900890548703
mk14,FJSP,NSGA-II,73,completed,True,760,17166,0.9711968303524259,0.6859262000070885,1.3656831999542192,1000,1000,30,15,277,151-500,Brandimarte,extension,1.55956678700361,4,0.026046099956147373,0,NSGA-II,../runs/FJSP-mk14-NSGA-II-73.json,2.9536220187482143,9.5100864553314,23.283539212869876
mk14,FJSP,SPEA2,19,completed,True,746,16965,0.9747242967083285,0.7705264000687748,1.523071700008586,1000,1000,30,15,277,151-500,Brandimarte,extension,1.55956678700361,3,0.028705200063996017,0,SPEA2,../runs/FJSP-mk14-SPEA2-19.json,2.601141633112225,7.49279538904899,21.839988509049114
mk14,FJSP,SPEA2,42,completed,True,765,17370,0.9691844734149209,0.757101200055331,1.5492868999717757,1000,1000,30,15,277,151-500,Brandimarte,extension,1.55956678700361,4,0.028011700022034347,0,SPEA2,../runs/FJSP-mk14-SPEA2-42.json,3.1547058216261914,10.230547550432266,24.748635449583457
mk14,FJSP,SPEA2,73,completed,True,750,17081,0.9733872551655649,0.7287569000618532,1.4609029000857845,1000,1000,30,15,277,151-500,Brandimarte,extension,1.55956678700361,4,0.02585410000756383,0,SPEA2,../runs/FJSP-mk14-SPEA2-73.json,2.7347448687082276,8.069164265129691,22.673082447572533
mk14,FJSP,MOEA/D,19,completed,True,697,16466,0.9859672890282225,0.7963248000014573,1.4174118000082672,1000,1000,30,15,277,151-500,Brandimarte,extension,1.55956678700361,1,0.025264100055210292,0,MOEA-D,../runs/FJSP-mk14-MOEA-D-19.json,1.4776910119638664,0.4322766570605152,18.256248204538927
mk14,FJSP,MOEA/D,42,completed,True,722,16115,0.9836047534768347,0.8847599999280646,1.5724187000887468,1000,1000,30,15,277,151-500,Brandimarte,extension,1.55956678700361,2,0.02542419999372214,0,MOEA-D,../runs/FJSP-mk14-MOEA-D-42.json,1.713766245066639,4.034582132564846,15.735420856075844
mk14,FJSP,MOEA/D,73,completed,True,694,15736,0.99057701643666,0.8011999001028016,1.5225755999563262,1000,1000,30,15,277,151-500,Brandimarte,extension,1.55956678700361,2,0.025418900069780648,0,MOEA-D,../runs/FJSP-mk14-MOEA-D-73.json,1.0170662091549265,0.0,13.013501867279519
mk14,FJSP,SMS-EMOA,19,completed,True,737,17220,0.9748452241011052,0.6652322000591084,1.3379548999946564,1000,1000,30,15,277,151-500,Brandimarte,extension,1.55956678700361,3,0.025776499998755753,0,SMS-EMOA,../runs/FJSP-mk14-SMS-EMOA-19.json,2.589058021324242,6.195965417867444,23.67135880494111
mk14,FJSP,SMS-EMOA,42,completed,True,755,16940,0.9733186449968303,0.6839598000515252,1.3565586999757215,1000,1000,30,15,277,151-500,Brandimarte,extension,1.55956678700361,1,0.027041199966333807,0,SMS-EMOA,../runs/FJSP-mk14-SMS-EMOA-42.json,2.7416007069485215,8.789625360230557,21.660442401608737
mk14,FJSP,SMS-EMOA,73,completed,True,777,17702,0.9653106567839784,0.7180867000715807,1.4757092000218108,1000,1000,30,15,277,151-500,Brandimarte,extension,1.55956678700361,2,0.02658449998125434,0,SMS-EMOA,../runs/FJSP-mk14-SMS-EMOA-73.json,3.5417950925622166,11.95965417867435,27.133007756391848
mk15,FJSP,XG,19,completed,True,538.0,10425.0,1.0618080430603618,0.0231514,0.7123737999936566,1,1000,30,15,284,151-500,Brandimarte,extension,3.0316901408450705,1,0.0230967,0,F,../runs/FJSP-mk15-F-19.json,3.6232265035635924,51.977401129943516,20.72958888245513
mk15,FJSP,XG,42,completed,True,538.0,10425.0,1.0618080430603618,0.0223262,0.7243064999347553,1,1000,30,15,284,151-500,Brandimarte,extension,3.0316901408450705,1,0.0222718,0,F,../runs/FJSP-mk15-F-42.json,3.6232265035635924,51.977401129943516,20.72958888245513
mk15,FJSP,XG,73,completed,True,538.0,10425.0,1.0618080430603618,0.0251263,0.8900815999368206,1,1000,30,15,284,151-500,Brandimarte,extension,3.0316901408450705,1,0.0250559,0,F,../runs/FJSP-mk15-F-73.json,3.6232265035635924,51.977401129943516,20.72958888245513
mk15,FJSP,XH,19,completed,True,357.0,8805.0,1.1003012256824303,36.7886359,37.541277699987404,1000,1000,30,15,284,151-500,Brandimarte,extension,3.0316901408450705,11,0.0231326,0,T,../runs/FJSP-mk15-T-19.json,0.12932874401050398,0.8474576271186418,1.968731905037635
mk15,FJSP,XH,42,completed,True,355.0,8730.0,1.101043866410355,37.0528537,37.7904074001126,1000,1000,30,15,284,151-500,Brandimarte,extension,3.0316901408450705,13,0.0251461,0,T,../runs/FJSP-mk15-T-42.json,0.06192172285238717,0.28248587570620654,1.1001737116386856
mk15,FJSP,XH,73,completed,True,357.0,8635.0,1.1012289205690122,37.0593485,37.85544149996713,1000,1000,30,15,284,151-500,Brandimarte,extension,3.0316901408450705,9,0.0276426,0,T,../runs/FJSP-mk15-T-73.json,0.04512497427805462,0.8474576271186418,0.0
mk15,FJSP,XT,19,completed,True,445.0,9888.0,1.0799502595412023,24.1142321,24.876967399963178,1000,1000,30,15,284,151-500,Brandimarte,extension,3.0316901408450705,4,0.0241579,0,B,../runs/FJSP-mk15-B-19.json,1.976518042533526,25.70621468926553,14.51071221771858
mk15,FJSP,XT,42,completed,True,439.0,9782.0,1.0815037789568116,23.5392557,24.399669399950653,1000,1000,30,15,284,151-500,Brandimarte,extension,3.0316901408450705,4,0.024845,0,B,../runs/FJSP-mk15-B-42.json,1.8355102682761748,24.011299435028242,13.283149971048068
mk15,FJSP,XT,73,completed,True,429.0,9780.0,1.0831649418941436,26.156473,26.84075499989558,1000,1000,30,15,284,151-500,Brandimarte,extension,3.0316901408450705,2,0.0225707,0,B,../runs/FJSP-mk15-B-73.json,1.6847320506894192,21.18644067796611,13.25998841922409
mk15,FJSP,XE,19,completed,True,517.0,10309.0,1.0658695619633474,4.6434906,5.375743700074963,1000,1000,30,15,284,151-500,Brandimarte,extension,3.0316901408450705,2,0.022743,0,G,../runs/FJSP-mk15-G-19.json,3.254575983422192,46.045197740113,19.386218876664742
mk15,FJSP,XE,42,completed,True,527.0,10369.0,1.0639098381648087,4.6181765,5.308202899992466,1000,1000,30,15,284,151-500,Brandimarte,extension,3.0316901408450705,2,0.0238545,0,G,../runs/FJSP-mk15-G-42.json,3.432453574274641,48.87005649717515,20.081065431383905
mk15,FJSP,XE,73,completed,True,520.0,10305.0,1.0653990286812767,4.5196652,5.162484399974346,1000,1000,30,15,284,151-500,Brandimarte,extension,3.0316901408450705,2,0.0222588,0,G,../runs/FJSP-mk15-G-73.json,3.2972847195680943,46.89265536723164,19.339895773016803
mk15,FJSP,XHT,19,completed,True,357.0,9140.0,1.098498950660003,35.3222477,36.13537679996807,1000,1000,30,15,284,151-500,Brandimarte,extension,3.0316901408450705,6,0.0244261,0,T-B,../runs/FJSP-mk15-T-B-19.json,0.292915234760871,0.8474576271186418,5.848291835552977
mk15,FJSP,XHT,42,completed,True,357.0,8784.0,1.1004138826605152,36.6773856,37.42448320006952,1000,1000,30,15,284,151-500,Brandimarte,extension,3.0316901408450705,13,0.0245,0,T-B,../runs/FJSP-mk15-T-B-42.json,0.11910324597378397,0.8474576271186418,1.725535610885931
mk15,FJSP,XHT,73,completed,True,354.0,8635.0,1.101726074176599,37.4864888,38.27982990001328,1000,1000,30,15,284,151-500,Brandimarte,extension,3.0316901408450705,10,0.0241443,0,T-B,../runs/FJSP-mk15-T-B-73.json,0.0,0.0,0.0
mk15,FJSP,XHE,19,completed,True,357.0,9140.0,1.0984980541842884,20.9460422,21.631566900061443,1000,1000,30,15,284,151-500,Brandimarte,extension,3.0316901408450705,9,0.0240118,0,T-G,../runs/FJSP-mk15-T-G-19.json,0.29299660487052126,0.8474576271186418,5.848291835552977
mk15,FJSP,XHE,42,completed,True,357.0,8784.0,1.1004138826605152,23.4428224,24.205900399945676,1000,1000,30,15,284,151-500,Brandimarte,extension,3.0316901408450705,13,0.0252325,0,T-G,../runs/FJSP-mk15-T-G-42.json,0.11910324597378397,0.8474576271186418,1.725535610885931
mk15,FJSP,XHE,73,completed,True,357.0,8635.0,1.1012267978982444,23.0147322,24.038015500060283,1000,1000,30,15,284,151-500,Brandimarte,extension,3.0316901408450705,8,0.0231612,0,T-G,../runs/FJSP-mk15-T-G-73.json,0.04531764202165833,0.8474576271186418,0.0
mk15,FJSP,XTE,19,completed,True,444.0,9888.0,1.0801148780725365,15.4824677,16.16268259997014,1000,1000,30,15,284,151-500,Brandimarte,extension,3.0316901408450705,4,0.021952,0,B-G,../runs/FJSP-mk15-B-G-19.json,1.9615761676707422,25.423728813559322,14.51071221771858
mk15,FJSP,XTE,42,completed,True,439.0,9782.0,1.0815037740356273,14.9623796,15.758003199938685,1000,1000,30,15,284,151-500,Brandimarte,extension,3.0316901408450705,3,0.0245028,0,B-G,../runs/FJSP-mk15-B-G-42.json,1.835510714955657,24.011299435028242,13.283149971048068
mk15,FJSP,XTE,73,completed,True,445.0,9749.0,1.0807012285531208,14.0371736,14.834070199984126,1000,1000,30,15,284,151-500,Brandimarte,extension,3.0316901408450705,2,0.0239543,0,B-G,../runs/FJSP-mk15-B-G-73.json,1.9083550908234326,25.70621468926553,12.900984365952528
mk15,FJSP,XHTE,19,completed,True,357.0,9152.0,1.0984310137126745,28.6483717,29.404829500010237,1000,1000,30,15,284,151-500,Brandimarte,extension,3.0316901408450705,10,0.0266771,0,T-B-G,../runs/FJSP-mk15-T-B-G-19.json,0.2990816448078748,0.8474576271186418,5.987261146496814
mk15,FJSP,XHTE,42,completed,True,357.0,9195.0,1.098197683557606,25.0100639,25.778976700035855,1000,1000,30,15,284,151-500,Brandimarte,extension,3.0316901408450705,9,0.0221696,0,T-B-G,../runs/FJSP-mk15-T-B-G-42.json,0.32026024451042856,0.8474576271186418,6.485234510712212
mk15,FJSP,XHTE,73,completed,True,356.0,9226.0,1.098200252005639,28.3011227,28.99870799994096,1000,1000,30,15,284,151-500,Brandimarte,extension,3.0316901408450705,6,0.0225984,0,T-B-G,../runs/FJSP-mk15-T-B-G-73.json,0.3200271150517242,0.5649717514124353,6.8442385639837955
mk15,FJSP,NSGA-II,19,completed,True,481,12281,1.0612131424323978,0.6559297000057995,1.2937794000608847,1000,1000,30,15,284,151-500,Brandimarte,extension,3.0316901408450705,1,0.026324600097723305,0,NSGA-II,../runs/FJSP-mk15-NSGA-II-19.json,3.6772236487621957,35.875706214689274,42.22350897510134
mk15,FJSP,NSGA-II,42,completed,True,507,12309,1.056835676944765,0.6852851000148803,1.3694277999456972,1000,1000,30,15,284,151-500,Brandimarte,extension,3.0316901408450705,5,0.0276026000501588,0,NSGA-II,../runs/FJSP-mk15-NSGA-II-42.json,4.074551586280995,43.220338983050844,42.54777070063693
mk15,FJSP,NSGA-II,73,completed,True,497,12458,1.0576676363449957,0.6472976000513881,1.2950724000111222,1000,1000,30,15,284,151-500,Brandimarte,extension,3.0316901408450705,1,0.026035499991849065,0,NSGA-II,../runs/FJSP-mk15-NSGA-II-73.json,3.999037407236772,40.39548022598871,44.273306311522866
mk15,FJSP,SPEA2,19,completed,True,506,12310,1.0569944101499427,0.6578730000182986,1.293757600011304,1000,1000,30,15,284,151-500,Brandimarte,extension,3.0316901408450705,2,0.026038600015453994,0,SPEA2,../runs/FJSP-mk15-SPEA2-19.json,4.060143902837887,42.93785310734464,42.559351476548926
mk15,FJSP,SPEA2,42,completed,True,503,12403,1.056981781161092,0.7406955000478774,1.4920317000942305,1000,1000,30,15,284,151-500,Brandimarte,extension,3.0316901408450705,4,0.02719459997024387,0,SPEA2,../runs/FJSP-mk15-SPEA2-42.json,4.061290194021028,42.09039548022599,43.636363636363626
mk15,FJSP,SPEA2,73,completed,True,489,12401,1.059269198410868,0.738031700020656,1.495619299937971,1000,1000,30,15,284,151-500,Brandimarte,extension,3.0316901408450705,4,0.02848809992428869,0,SPEA2,../runs/FJSP-mk15-SPEA2-73.json,3.8536689619025566,38.13559322033899,43.61320208453967
mk15,FJSP,MOEA/D,19,completed,True,509,12749,1.0541664824298347,0.8066708999685943,1.5332421000348404,1000,1000,30,15,284,151-500,Brandimarte,extension,3.0316901408450705,5,0.026724199997261167,0,MOEA-D,../runs/FJSP-mk15-MOEA-D-19.json,4.316825467011764,43.78531073446328,47.643312101910816
mk15,FJSP,MOEA/D,42,completed,True,473,11603,1.066148977777778,0.9043837999925017,1.6448751999996603,1000,1000,30,15,284,151-500,Brandimarte,extension,3.0316901408450705,2,0.027545199962332845,0,MOEA-D,../runs/FJSP-mk15-MOEA-D-42.json,3.229214342177611,33.61581920903956,34.37174290677476
mk15,FJSP,MOEA/D,73,completed,True,498,12316,1.0582639395104447,0.8819401999935508,1.6330049999523908,1000,1000,30,15,284,151-500,Brandimarte,extension,3.0316901408450705,2,0.03369019995443523,0,MOEA-D,../runs/FJSP-mk15-MOEA-D-73.json,3.9449129583900233,40.67796610169492,42.628836132020844
mk15,FJSP,SMS-EMOA,19,completed,True,485,12294,1.0604874379597593,0.6501018999842927,1.3159431000240147,1000,1000,30,15,284,151-500,Brandimarte,extension,3.0316901408450705,5,0.02612819999922067,0,SMS-EMOA,../runs/FJSP-mk15-SMS-EMOA-19.json,3.7430934225334056,37.005649717514125,42.37405906195715
mk15,FJSP,SMS-EMOA,42,completed,True,514,12663,1.053812311367423,0.6938707999652252,1.4559758000541478,1000,1000,30,15,284,151-500,Brandimarte,extension,3.0316901408450705,3,0.02948969998396933,0,SMS-EMOA,../runs/FJSP-mk15-SMS-EMOA-42.json,4.3489723927052975,45.19774011299435,46.64736537348002
mk15,FJSP,SMS-EMOA,73,completed,True,499,12454,1.057355456926823,0.6559514999389648,1.3627113999100402,1000,1000,30,15,284,151-500,Brandimarte,extension,3.0316901408450705,2,0.027617299929261208,0,SMS-EMOA,../runs/FJSP-mk15-SMS-EMOA-73.json,4.027372891481884,40.96045197740112,44.22698320787492
sm01_1,FJSP,XG,19,completed,True,108.0,874.0,1.0584594847355275,0.0057243,0.6058476000325754,1,1000,10,20,50,1-150,Behnke-Geiger,extension,6.08,1,0.005704,0,F,../runs/FJSP-sm01_1-F-19.json,1.5967489554017056,14.893617021276606,11.19592875318065
sm01_1,FJSP,XG,42,completed,True,108.0,874.0,1.0584594847355275,0.0061706,0.8077743999892846,1,1000,10,20,50,1-150,Behnke-Geiger,extension,6.08,1,0.0061492,0,F,../runs/FJSP-sm01_1-F-42.json,1.5967489554017056,14.893617021276606,11.19592875318065
sm01_1,FJSP,XG,73,completed,True,108.0,874.0,1.0584594847355275,0.0059524,0.7258283001137897,1,1000,10,20,50,1-150,Behnke-Geiger,extension,6.08,1,0.005933,0,F,../runs/FJSP-sm01_1-F-73.json,1.5967489554017056,14.893617021276606,11.19592875318065
sm01_1,FJSP,XH,19,completed,True,100.0,838.0,1.067191131217015,5.1528876,5.876615000073798,1000,1000,10,20,50,1-150,Behnke-Geiger,extension,6.08,1,0.0055517,0,T,../runs/FJSP-sm01_1-T-19.json,0.784982030789394,6.382978723404253,6.61577608142494
sm01_1,FJSP,XH,42,completed,True,99.0,800.0,1.0707901634317867,5.3297596,6.077586299972609,1000,1000,10,20,50,1-150,Behnke-Geiger,extension,6.08,3,0.0057637,0,T,../runs/FJSP-sm01_1-T-42.json,0.4503858788769133,5.319148936170204,1.781170483460559
sm01_1,FJSP,XH,73,completed,True,97.0,805.0,1.0719353105278209,5.4498868,6.204996399930678,1000,1000,10,20,50,1-150,Behnke-Geiger,extension,6.08,1,0.0055758,0,T,../runs/FJSP-sm01_1-T-73.json,0.3439234220714016,3.1914893617021267,2.4173027989821794
sm01_1,FJSP,XT,19,completed,True,99.0,810.0,1.070041514400341,4.5558519,5.3569347999291494,1000,1000,10,20,50,1-150,Behnke-Geiger,extension,6.08,2,0.0059532,0,B,../runs/FJSP-sm01_1-B-19.json,0.5199865576445584,5.319148936170204,3.053435114503822
sm01_1,FJSP,XT,42,completed,True,97.0,798.0,1.0724601075045794,4.3185547,5.07918839994818,1000,1000,10,20,50,1-150,Behnke-Geiger,extension,6.08,1,0.0060099,0,B,../runs/FJSP-sm01_1-B-42.json,0.2951339035341616,3.1914893617021267,1.526717557251911
sm01_1,FJSP,XT,73,completed,True,96.0,797.0,1.0732875999467413,4.18072,4.864471200038679,1000,1000,10,20,50,1-150,Behnke-Geiger,extension,6.08,2,0.0051584,0,B,../runs/FJSP-sm01_1-B-73.json,0.21820328153315804,2.127659574468077,1.3994910941475869
sm01_1,FJSP,XE,19,completed,True,101.0,853.0,1.0653127186521454,1.0529372,1.708197900094092,1000,1000,10,20,50,1-150,Behnke-Geiger,extension,6.08,2,0.0053702,0,G,../runs/FJSP-sm01_1-G-19.json,0.9596149816504029,7.446808510638303,8.524173027989823
sm01_1,FJSP,XE,42,completed,True,102.0,830.0,1.0662586963544674,1.0901753,1.7985881000058725,1000,1000,10,20,50,1-150,Behnke-Geiger,extension,6.08,4,0.005614,0,G,../runs/FJSP-sm01_1-G-42.json,0.8716689783629605,8.51063829787233,5.597964376590325
sm01_1,FJSP,XE,73,completed,True,100.0,855.0,1.065919329658607,1.1195449,1.8832707999972627,1000,1000,10,20,50,1-150,Behnke-Geiger,extension,6.08,1,0.0060886,0,G,../runs/FJSP-sm01_1-G-73.json,0.9032193462802263,6.382978723404253,8.778625954198471
sm01_1,FJSP,XHT,19,completed,True,100.0,834.0,1.0674893177071703,5.0523859,5.751208700006828,1000,1000,10,20,50,1-150,Behnke-Geiger,extension,6.08,2,0.0051306,0,T-B,../runs/FJSP-sm01_1-T-B-19.json,0.7572601193964523,6.382978723404253,6.106870229007644
sm01_1,FJSP,XHT,42,completed,True,95.0,787.0,1.0748033582847647,4.7471587,5.466082800063305,1000,1000,10,20,50,1-150,Behnke-Geiger,extension,6.08,2,0.0055001,0,T-B,../runs/FJSP-sm01_1-T-B-42.json,0.07728570234332155,1.0638297872340496,0.12722646310432406
sm01_1,FJSP,XHT,73,completed,True,94.0,786.0,1.0756346700941952,5.5634708,6.278414300060831,1000,1000,10,20,50,1-150,Behnke-Geiger,extension,6.08,4,0.005325,0,T-B,../runs/FJSP-sm01_1-T-B-73.json,0.0,0.0,0.0
sm01_1,FJSP,XHE,19,completed,True,100.0,838.0,1.067191131217015,2.9765126,3.708222100045532,1000,1000,10,20,50,1-150,Behnke-Geiger,extension,6.08,1,0.0055427,0,T-G,../runs/FJSP-sm01_1-T-G-19.json,0.784982030789394,6.382978723404253,6.61577608142494
sm01_1,FJSP,XHE,42,completed,True,99.0,800.0,1.0707893677302722,2.9069872,3.5475888999644667,1000,1000,10,20,50,1-150,Behnke-Geiger,extension,6.08,3,0.0050471,0,T-G,../runs/FJSP-sm01_1-T-G-42.json,0.4504598539482485,5.319148936170204,1.781170483460559
sm01_1,FJSP,XHE,73,completed,True,97.0,805.0,1.0719353105278209,3.1248558,3.821670100092888,1000,1000,10,20,50,1-150,Behnke-Geiger,extension,6.08,1,0.0050413,0,T-G,../runs/FJSP-sm01_1-T-G-73.json,0.3439234220714016,3.1914893617021267,2.4173027989821794
sm01_1,FJSP,XTE,19,completed,True,100.0,810.0,1.0692834230442587,2.5782669,3.305950300069526,1000,1000,10,20,50,1-150,Behnke-Geiger,extension,6.08,3,0.005493,0,B-G,../runs/FJSP-sm01_1-B-G-19.json,0.5904650739251727,6.382978723404253,3.053435114503822
sm01_1,FJSP,XTE,42,completed,True,97.0,798.0,1.0724601075045794,2.5209598,3.1672711999854073,1000,1000,10,20,50,1-150,Behnke-Geiger,extension,6.08,1,0.005236,0,B-G,../runs/FJSP-sm01_1-B-G-42.json,0.2951339035341616,3.1914893617021267,1.526717557251911
sm01_1,FJSP,XTE,73,completed,True,98.0,817.0,1.0702767715100665,2.6019384,3.3963419999927282,1000,1000,10,20,50,1-150,Behnke-Geiger,extension,6.08,2,0.0056127,0,B-G,../runs/FJSP-sm01_1-B-G-73.json,0.49811508805861493,4.255319148936176,3.9440203562340903
sm01_1,FJSP,XHTE,19,completed,True,100.0,834.0,1.0674893177071703,3.6377021000000003,4.373581700026989,1000,1000,10,20,50,1-150,Behnke-Geiger,extension,6.08,2,0.0054346,0,T-B-G,../runs/FJSP-sm01_1-T-B-G-19.json,0.7572601193964523,6.382978723404253,6.106870229007644
sm01_1,FJSP,XHTE,42,completed,True,95.0,788.0,1.0747285464283878,3.5944938,4.38140980002936,1000,1000,10,20,50,1-150,Behnke-Geiger,extension,6.08,1,0.005701,0,T-B-G,../runs/FJSP-sm01_1-T-B-G-42.json,0.08424083854865483,1.0638297872340496,0.2544529262086481
sm01_1,FJSP,XHTE,73,completed,True,94.0,792.0,1.0751848971608842,3.6422076,4.2532699999865144,1000,1000,10,20,50,1-150,Behnke-Geiger,extension,6.08,3,0.0052039,0,T-B-G,../runs/FJSP-sm01_1-T-B-G-73.json,0.04181465564619957,0.0,0.7633587786259444
sm01_1,FJSP,NSGA-II,19,completed,True,144,1105,1.0145442248249326,0.1455816999077797,0.8730586000019684,1000,1000,10,20,50,1-150,Behnke-Geiger,extension,6.08,1,0.008634199970401824,0,NSGA-II,../runs/FJSP-sm01_1-NSGA-II-19.json,5.679479006000509,53.191489361702125,40.58524173027991
sm01_1,FJSP,NSGA-II,42,completed,True,146,1102,1.0132762426337936,0.13384459994267672,0.839163800003007,1000,1000,10,20,50,1-150,Behnke-Geiger,extension,6.08,1,0.008900700020603836,0,NSGA-II,../runs/FJSP-sm01_1-NSGA-II-42.json,5.797361241148991,55.3191489361702,40.20356234096691
sm01_1,FJSP,NSGA-II,73,completed,True,142,1097,1.0166082957718015,0.13588360010180622,0.8939625999191776,1000,1000,10,20,50,1-150,Behnke-Geiger,extension,6.08,2,0.009117100038565695,0,NSGA-II,../runs/FJSP-sm01_1-NSGA-II-73.json,5.487585698332387,51.06382978723405,39.56743002544529
sm01_1,FJSP,SPEA2,19,completed,True,148,1141,1.0089361842080837,0.15645380003843457,0.8284334999043494,1000,1000,10,20,50,1-150,Behnke-Geiger,extension,6.08,4,0.006922299973666668,0,SPEA2,../runs/FJSP-sm01_1-SPEA2-19.json,6.200849390645857,57.446808510638306,45.165394402035616
sm01_1,FJSP,SPEA2,42,completed,True,140,1109,1.0171690743710375,0.162785500055179,0.9504675000207499,1000,1000,10,20,50,1-150,Behnke-Geiger,extension,6.08,5,0.008604500093497336,0,SPEA2,../runs/FJSP-sm01_1-SPEA2-42.json,5.43545102707016,48.93617021276595,41.094147582697204
sm01_1,FJSP,SPEA2,73,completed,True,143,1118,1.014343872488302,0.14835440006572753,0.7776241999818012,1000,1000,10,20,50,1-150,Behnke-Geiger,extension,6.08,1,0.007704899995587766,0,SPEA2,../runs/FJSP-sm01_1-SPEA2-73.json,5.698105435791301,52.127659574468076,42.239185750636125
sm01_1,FJSP,MOEA/D,19,completed,True,126,1032,1.0332539736007458,0.2711783000268042,0.9508797000162303,1000,1000,10,20,50,1-150,Behnke-Geiger,extension,6.08,2,0.00860400008969009,0,MOEA-D,../runs/FJSP-sm01_1-MOEA-D-19.json,3.9400641938901138,34.04255319148937,31.29770992366412
sm01_1,FJSP,MOEA/D,42,completed,True,141,1066,1.0196047114017133,0.2685096999630332,0.9382608999731019,1000,1000,10,20,50,1-150,Behnke-Geiger,extension,6.08,1,0.008157000062055886,0,MOEA-D,../runs/FJSP-sm01_1-MOEA-D-42.json,5.209013826932085,50.0,35.623409669211206
sm01_1,FJSP,MOEA/D,73,completed,True,128,970,1.0363091809632128,0.35993879998568445,1.0880956000182778,1000,1000,10,20,50,1-150,Behnke-Geiger,extension,6.08,3,0.008705899934284389,0,MOEA-D,../runs/FJSP-sm01_1-MOEA-D-73.json,3.6560265510536816,36.170212765957444,23.40966921119594
sm01_1,FJSP,SMS-EMOA,19,completed,True,143,1113,1.0146938485376864,0.13603679998777807,0.8742215000092983,1000,1000,10,20,50,1-150,Behnke-Geiger,extension,6.08,3,0.008832900086417794,0,SMS-EMOA,../runs/FJSP-sm01_1-SMS-EMOA-19.json,5.665568733589832,52.127659574468076,41.603053435114504
sm01_1,FJSP,SMS-EMOA,42,completed,True,151,1136,1.0071087495868984,0.1292937999824062,0.8645315000321716,1000,1000,10,20,50,1-150,Behnke-Geiger,extension,6.08,2,0.009022600017488003,0,SMS-EMOA,../runs/FJSP-sm01_1-SMS-EMOA-42.json,6.370743005271096,60.63829787234043,44.529262086513995
sm01_1,FJSP,SMS-EMOA,73,completed,True,144,1147,1.0115001572836662,0.13527850003447384,0.883838800014928,1000,1000,10,20,50,1-150,Behnke-Geiger,extension,6.08,1,0.009259799961000681,0,SMS-EMOA,../runs/FJSP-sm01_1-SMS-EMOA-73.json,5.962480997838481,53.191489361702125,45.92875318066159
sm01_2,FJSP,XG,19,completed,True,114.0,873.0,1.0536747296073314,0.0067199,0.7502771000145003,1,1000,10,20,50,1-150,Behnke-Geiger,extension,6.72,1,0.0066938,0,F,../runs/FJSP-sm01_2-F-19.json,1.689535939847353,16.326530612244895,10.088272383354347
sm01_2,FJSP,XG,42,completed,True,114.0,873.0,1.0536747296073314,0.0065484,0.7381602999521419,1,1000,10,20,50,1-150,Behnke-Geiger,extension,6.72,1,0.0065291,0,F,../runs/FJSP-sm01_2-F-42.json,1.689535939847353,16.326530612244895,10.088272383354347
sm01_2,FJSP,XG,73,completed,True,114.0,873.0,1.0536747296073314,0.0066497,0.7356523999478668,1,1000,10,20,50,1-150,Behnke-Geiger,extension,6.72,1,0.006628,0,F,../runs/FJSP-sm01_2-F-73.json,1.689535939847353,16.326530612244895,10.088272383354347
sm01_2,FJSP,XH,19,completed,True,100.0,800.0,1.069735947573126,5.6984009,6.471357800066471,1000,1000,10,20,50,1-150,Behnke-Geiger,extension,6.72,2,0.0060341,0,T,../runs/FJSP-sm01_2-T-19.json,0.19098449202344936,2.0408163265306145,0.8827238335435084
sm01_2,FJSP,XH,42,completed,True,101.0,799.0,1.0690470989397411,5.9862608999999996,6.754557900014333,1000,1000,10,20,50,1-150,Behnke-Geiger,extension,6.72,3,0.0078608,0,T,../runs/FJSP-sm01_2-T-42.json,0.2552557769962882,3.0612244897959107,0.7566204287515754
sm01_2,FJSP,XH,73,completed,True,100.0,804.0,1.0694369438968514,5.8619661,6.6221645999467,1000,1000,10,20,50,1-150,Behnke-Geiger,extension,6.72,1,0.0059139,0,T,../runs/FJSP-sm01_2-T-73.json,0.21888227617283817,2.0408163265306145,1.387137452711218
sm01_2,FJSP,XT,19,completed,True,100.0,813.0,1.0687533166391392,4.6658073,5.386381699936464,1000,1000,10,20,50,1-150,Behnke-Geiger,extension,6.72,4,0.0067357,0,B,../runs/FJSP-sm01_2-B-19.json,0.28266639385297054,2.0408163265306145,2.522068095838592
sm01_2,FJSP,XT,42,completed,True,98.0,820.0,1.0697547019020728,4.7780367,5.547976600006223,1000,1000,10,20,50,1-150,Behnke-Geiger,extension,6.72,2,0.0064956,0,B,../runs/FJSP-sm01_2-B-42.json,0.18923466664557687,0.0,3.4047919293821005
sm01_2,FJSP,XT,73,completed,True,102.0,819.0,1.06679167776653,4.6315652,5.269138699979521,1000,1000,10,20,50,1-150,Behnke-Geiger,extension,6.72,2,0.006297,0,B,../runs/FJSP-sm01_2-B-73.json,0.4656921630640354,4.081632653061229,3.2786885245901676
sm01_2,FJSP,XE,19,completed,True,111.0,870.0,1.0561654323618734,1.0663412,1.7847799999872223,1000,1000,10,20,50,1-150,Behnke-Geiger,extension,6.72,3,0.0062143,0,G,../runs/FJSP-sm01_2-G-19.json,1.4571471990390994,13.265306122448983,9.70996216897857
sm01_2,FJSP,XE,42,completed,True,112.0,853.0,1.0566729713889929,1.0281884,1.6271960000740364,1000,1000,10,20,50,1-150,Behnke-Geiger,extension,6.72,3,0.0063627,0,G,../runs/FJSP-sm01_2-G-42.json,1.409792549750566,14.28571428571428,7.566204287515754
sm01_2,FJSP,XE,73,completed,True,107.0,843.0,1.0612062976184136,1.0768607000000001,1.7414701000088826,1000,1000,10,20,50,1-150,Behnke-Geiger,extension,6.72,2,0.0060064,0,G,../runs/FJSP-sm01_2-G-73.json,0.9868219755995611,9.183673469387754,6.305170239596469
sm01_2,FJSP,XHT,19,completed,True,98.0,793.0,1.0717828866748362,5.5755604,6.345428499975242,1000,1000,10,20,50,1-150,Behnke-Geiger,extension,6.72,1,0.0056665,0,T-B,../runs/FJSP-sm01_2-T-B-19.json,0.0,0.0,0.0
sm01_2,FJSP,XHT,42,completed,True,101.0,824.0,1.0671783259630243,6.0676243,6.768886100035161,1000,1000,10,20,50,1-150,Behnke-Geiger,extension,6.72,2,0.0062162,0,T-B,../runs/FJSP-sm01_2-T-B-42.json,0.42961692792999884,3.0612244897959107,3.90920554854981
sm01_2,FJSP,XHT,73,completed,True,99.0,824.0,1.0686956683893656,5.4189166,6.074181200005114,1000,1000,10,20,50,1-150,Behnke-Geiger,extension,6.72,3,0.0056306,0,T-B,../runs/FJSP-sm01_2-T-B-73.json,0.288045118451985,1.0204081632652962,3.90920554854981
sm01_2,FJSP,XHE,19,completed,True,100.0,804.0,1.0694369438968514,3.1857725,3.933565800078213,1000,1000,10,20,50,1-150,Behnke-Geiger,extension,6.72,1,0.005895,0,T-G,../runs/FJSP-sm01_2-T-G-19.json,0.21888227617283817,2.0408163265306145,1.387137452711218
sm01_2,FJSP,XHE,42,completed,True,101.0,824.0,1.0671783259630243,3.6934033,4.481701900018379,1000,1000,10,20,50,1-150,Behnke-Geiger,extension,6.72,2,0.0061099,0,T-G,../runs/FJSP-sm01_2-T-G-42.json,0.42961692792999884,3.0612244897959107,3.90920554854981
sm01_2,FJSP,XHE,73,completed,True,101.0,824.0,1.0671776333315577,3.3564332,4.115972999949008,1000,1000,10,20,50,1-150,Behnke-Geiger,extension,6.72,3,0.0058373,0,T-G,../runs/FJSP-sm01_2-T-G-73.json,0.4296815521626973,3.0612244897959107,3.90920554854981
sm01_2,FJSP,XTE,19,completed,True,100.0,832.0,1.0673346475571424,2.9565288,3.70306279999204,1000,1000,10,20,50,1-150,Behnke-Geiger,extension,6.72,3,0.0064383,0,B-G,../runs/FJSP-sm01_2-B-G-19.json,0.41503173571788565,2.0408163265306145,4.918032786885251
sm01_2,FJSP,XTE,42,completed,True,101.0,816.0,1.067776013639512,3.0554794,3.8686143999220803,1000,1000,10,20,50,1-150,Behnke-Geiger,extension,6.72,2,0.0068318,0,B-G,../runs/FJSP-sm01_2-B-G-42.json,0.3738511862001581,3.0612244897959107,2.9003783102143688
sm01_2,FJSP,XTE,73,completed,True,100.0,825.0,1.0678609941925514,2.7701932,3.4653015999356285,1000,1000,10,20,50,1-150,Behnke-Geiger,extension,6.72,3,0.0061018,0,B-G,../runs/FJSP-sm01_2-B-G-73.json,0.3659222899567216,2.0408163265306145,4.035308953341743
sm01_2,FJSP,XHTE,19,completed,True,100.0,797.0,1.0699602003303321,3.758671,4.494277399964631,1000,1000,10,20,50,1-150,Behnke-Geiger,extension,6.72,2,0.0060809,0,T-B-G,../runs/FJSP-sm01_2-T-B-G-19.json,0.17006115391139387,2.0408163265306145,0.5044136191677095
sm01_2,FJSP,XHTE,42,completed,True,101.0,824.0,1.0671783259630243,3.8218321,4.4227185000199825,1000,1000,10,20,50,1-150,Behnke-Geiger,extension,6.72,2,0.0058178,0,T-B-G,../runs/FJSP-sm01_2-T-B-G-42.json,0.42961692792999884,3.0612244897959107,3.90920554854981
sm01_2,FJSP,XHTE,73,completed,True,99.0,824.0,1.0686956683893656,3.763671,4.425290000042878,1000,1000,10,20,50,1-150,Behnke-Geiger,extension,6.72,3,0.0057137,0,T-B-G,../runs/FJSP-sm01_2-T-B-G-73.json,0.288045118451985,1.0204081632652962,3.90920554854981
sm01_2,FJSP,NSGA-II,19,completed,True,151,1183,1.0032767329106507,0.13246220001019537,0.8763493000296876,1000,1000,10,20,50,1-150,Behnke-Geiger,extension,6.72,3,0.0083727000746876,0,NSGA-II,../runs/FJSP-sm01_2-NSGA-II-19.json,6.391793955277936,54.08163265306123,49.18032786885247
sm01_2,FJSP,NSGA-II,42,completed,True,150,1174,1.0046688688795355,0.13679719995707273,0.8285638000816107,1000,1000,10,20,50,1-150,Behnke-Geiger,extension,6.72,3,0.008805999998003244,0,NSGA-II,../runs/FJSP-sm01_2-NSGA-II-42.json,6.261904218635106,53.06122448979591,48.0453972257251
sm01_2,FJSP,NSGA-II,73,completed,True,144,1086,1.0154853748201822,0.14489009999670088,0.8943307999288663,1000,1000,10,20,50,1-150,Behnke-Geiger,extension,6.72,3,0.008873200044035912,0,NSGA-II,../runs/FJSP-sm01_2-NSGA-II-73.json,5.252697403045392,46.93877551020409,36.948297604035304
sm01_2,FJSP,SPEA2,19,completed,True,144,1118,1.0131763013479678,0.15456329996231943,0.7942035000305623,1000,1000,10,20,50,1-150,Behnke-Geiger,extension,6.72,2,0.007040600059553981,0,SPEA2,../runs/FJSP-sm01_2-SPEA2-19.json,5.4681396816003485,46.93877551020409,40.98360655737705
sm01_2,FJSP,SPEA2,42,completed,True,142,1159,1.0116548564121692,0.1464978998992592,0.8435946999816224,1000,1000,10,20,50,1-150,Behnke-Geiger,extension,6.72,3,0.00791769998613745,0,SPEA2,../runs/FJSP-sm01_2-SPEA2-42.json,5.610094265379795,44.89795918367348,46.153846153846146
sm01_2,FJSP,SPEA2,73,completed,True,151,1151,1.005601950023976,0.15665889997035265,0.8745005000382662,1000,1000,10,20,50,1-150,Behnke-Geiger,extension,6.72,3,0.0078038000501692295,0,SPEA2,../runs/FJSP-sm01_2-SPEA2-73.json,6.174845434991417,54.08163265306123,45.145018915510725
sm01_2,FJSP,MOEA/D,19,completed,True,133,1012,1.0291273909105443,0.31507620005868375,0.910445100045763,1000,1000,10,20,50,1-150,Behnke-Geiger,extension,6.72,1,0.00720059999730438,0,MOEA-D,../runs/FJSP-sm01_2-MOEA-D-19.json,3.9798634867765914,35.71428571428572,27.616645649432535
sm01_2,FJSP,MOEA/D,42,completed,True,137,1048,1.0234835100431563,0.27602509991265833,1.0177289000712335,1000,1000,10,20,50,1-150,Behnke-Geiger,extension,6.72,2,0.008474799920804799,0,MOEA-D,../runs/FJSP-sm01_2-MOEA-D-42.json,4.5064515614283485,39.79591836734695,32.15636822194199
sm01_2,FJSP,MOEA/D,73,completed,True,132,1025,1.0289235441419364,0.326772200060077,1.073728600051254,1000,1000,10,20,50,1-150,Behnke-Geiger,extension,6.72,2,0.008913900004699826,0,MOEA-D,../runs/FJSP-sm01_2-MOEA-D-73.json,3.998882895571243,34.6938775510204,29.25598991172762
sm01_2,FJSP,SMS-EMOA,19,completed,True,148,1141,1.0085519207203368,0.12731240002904087,0.8277454999042675,1000,1000,10,20,50,1-150,Behnke-Geiger,extension,6.72,1,0.008884100010618567,0,SMS-EMOA,../runs/FJSP-sm01_2-SMS-EMOA-19.json,5.899605856804724,51.020408163265294,43.88398486759142
sm01_2,FJSP,SMS-EMOA,42,completed,True,145,1159,1.0094721082636262,0.11658510006964207,0.769871799973771,1000,1000,10,20,50,1-150,Behnke-Geiger,extension,6.72,1,0.007585300016216934,0,SMS-EMOA,../runs/FJSP-sm01_2-SMS-EMOA-42.json,5.813750078108326,47.95918367346938,46.153846153846146
sm01_2,FJSP,SMS-EMOA,73,completed,True,147,1110,1.0115403058234325,0.1179453000659123,0.8179302000207826,1000,1000,10,20,50,1-150,Behnke-Geiger,extension,6.72,1,0.00771190004888922,0,SMS-EMOA,../runs/FJSP-sm01_2-SMS-EMOA-73.json,5.62078211925029,50.0,39.97477931904161
sm02_4,FJSP,XG,19,completed,True,147.0,2007.0,1.1116793234591593,0.0157012,0.7037865000311285,1,1000,20,20,100,1-150,Behnke-Geiger,extension,6.44,1,0.0156763,0,F,../runs/FJSP-sm02_4-F-19.json,0.5045440620031316,9.701492537313428,2.3457419683834857
sm02_4,FJSP,XG,42,completed,True,147.0,2007.0,1.1116793234591593,0.0166845,0.7978857998969033,1,1000,20,20,100,1-150,Behnke-Geiger,extension,6.44,1,0.0166524,0,F,../runs/FJSP-sm02_4-F-42.json,0.5045440620031316,9.701492537313428,2.3457419683834857
sm02_4,FJSP,XG,73,completed,True,147.0,2007.0,1.1116793234591593,0.0165581,0.7477671999949962,1,1000,20,20,100,1-150,Behnke-Geiger,extension,6.44,1,0.0165326,0,F,../runs/FJSP-sm02_4-F-73.json,0.5045440620031316,9.701492537313428,2.3457419683834857
sm02_4,FJSP,XH,19,completed,True,139.0,1979.0,1.1153563983627885,18.2031626,18.89010409999173,1000,1000,20,20,100,1-150,Behnke-Geiger,extension,6.44,1,0.0161612,0,T,../runs/FJSP-sm02_4-T-19.json,0.17544534051538996,3.731343283582089,0.9178990311065727
sm02_4,FJSP,XH,42,completed,True,138.0,2001.0,1.1153229215613336,16.3301662,17.107469099923037,1000,1000,20,20,100,1-150,Behnke-Geiger,extension,6.44,2,0.0187903,0,T,../runs/FJSP-sm02_4-T-42.json,0.17844151895806126,2.9850746268656803,2.039775624681295
sm02_4,FJSP,XH,73,completed,True,138.0,2004.0,1.1152649972589868,17.200485,17.92799490003381,1000,1000,20,20,100,1-150,Behnke-Geiger,extension,6.44,1,0.0174207,0,T,../runs/FJSP-sm02_4-T-73.json,0.18362575217196753,2.9850746268656803,2.192758796532379
sm02_4,FJSP,XT,19,completed,True,139.0,2003.0,1.1148917666810247,17.417072,18.111348300008103,1000,1000,20,20,100,1-150,Behnke-Geiger,extension,6.44,2,0.0151025,0,B,../runs/FJSP-sm02_4-B-19.json,0.2170299414383292,3.731343283582089,2.1417644059153584
sm02_4,FJSP,XT,42,completed,True,138.0,2004.0,1.1152640795089672,15.3606511,16.149142800015397,1000,1000,20,20,100,1-150,Behnke-Geiger,extension,6.44,4,0.015975,0,B,../runs/FJSP-sm02_4-B-42.json,0.18370789092790885,2.9850746268656803,2.192758796532379
sm02_4,FJSP,XT,73,completed,True,139.0,2007.0,1.1148133310056476,16.1930334,16.87055880005937,1000,1000,20,20,100,1-150,Behnke-Geiger,extension,6.44,5,0.0157283,0,B,../runs/FJSP-sm02_4-B-73.json,0.22404994542578605,3.731343283582089,2.3457419683834857
sm02_4,FJSP,XE,19,completed,True,144.0,2005.0,1.112893808572846,2.2733212,3.0531380999600515,1000,1000,20,20,100,1-150,Behnke-Geiger,extension,6.44,1,0.0174383,0,G,../runs/FJSP-sm02_4-G-19.json,0.3958474733680495,7.462686567164178,2.243753187149422
sm02_4,FJSP,XE,42,completed,True,147.0,2005.0,1.1117178852755376,2.0745085,2.7544244000455365,1000,1000,20,20,100,1-150,Behnke-Geiger,extension,6.44,1,0.0160724,0,G,../runs/FJSP-sm02_4-G-42.json,0.5010927740090154,9.701492537313428,2.243753187149422
sm02_4,FJSP,XE,73,completed,True,147.0,2000.0,1.111814289816483,2.0167126,2.616320600034669,1000,1000,20,20,100,1-150,Behnke-Geiger,extension,6.44,1,0.0157251,0,G,../runs/FJSP-sm02_4-G-73.json,0.49246455402377487,9.701492537313428,1.988781234064252
sm02_4,FJSP,XHT,19,completed,True,140.0,2004.0,1.1144799266996461,15.789189,16.532385099912062,1000,1000,20,20,100,1-150,Behnke-Geiger,extension,6.44,3,0.0153191,0,T-B,../runs/FJSP-sm02_4-T-B-19.json,0.2538896777454336,4.477611940298498,2.192758796532379
sm02_4,FJSP,XHT,42,completed,True,139.0,1988.0,1.1151821903742574,18.2289105,18.91163049999159,1000,1000,20,20,100,1-150,Behnke-Geiger,extension,6.44,2,0.0162912,0,T-B,../runs/FJSP-sm02_4-T-B-42.json,0.19103698001177172,3.731343283582089,1.37684854665987
sm02_4,FJSP,XHT,73,completed,True,134.0,1979.0,1.117316678413867,18.527245399999998,19.22667210001964,1000,1000,20,20,100,1-150,Behnke-Geiger,extension,6.44,2,0.0155597,0,T-B,../runs/FJSP-sm02_4-T-B-73.json,0.0,0.0,0.9178990311065727
sm02_4,FJSP,XHE,19,completed,True,141.0,2004.0,1.1140871636820078,9.5193162,10.259219500003383,1000,1000,20,20,100,1-150,Behnke-Geiger,extension,6.44,3,0.016468,0,T-G,../runs/FJSP-sm02_4-T-G-19.json,0.2890420231123625,5.223880597014929,2.192758796532379
sm02_4,FJSP,XHE,42,completed,True,142.0,2004.0,1.1136967528236792,9.7683132,10.458114200038835,1000,1000,20,20,100,1-150,Behnke-Geiger,extension,6.44,3,0.0152817,0,T-G,../runs/FJSP-sm02_4-T-G-42.json,0.32398384988996387,5.970149253731338,2.192758796532379
sm02_4,FJSP,XHE,73,completed,True,141.0,2007.0,1.1140293889389234,9.3515964,10.09063710004557,1000,1000,20,20,100,1-150,Behnke-Geiger,extension,6.44,3,0.0166565,0,T-G,../runs/FJSP-sm02_4-T-G-73.json,0.2942128707512204,5.223880597014929,2.3457419683834857
sm02_4,FJSP,XTE,19,completed,True,139.0,2004.0,1.1148721594617175,8.7495365,9.507014099974185,1000,1000,20,20,100,1-150,Behnke-Geiger,extension,6.44,2,0.0166431,0,B-G,../runs/FJSP-sm02_4-B-G-19.json,0.2187847903263873,3.731343283582089,2.192758796532379
sm02_4,FJSP,XTE,42,completed,True,139.0,2004.0,1.114872710111729,9.1318354,9.791276499978267,1000,1000,20,20,100,1-150,Behnke-Geiger,extension,6.44,2,0.0162831,0,B-G,../runs/FJSP-sm02_4-B-G-42.json,0.2187355070728425,3.731343283582089,2.192758796532379
sm02_4,FJSP,XTE,73,completed,True,138.0,2007.0,1.11520480237511,8.6082391,9.387113699922338,1000,1000,20,20,100,1-150,Behnke-Geiger,extension,6.44,5,0.015287,0,B-G,../runs/FJSP-sm02_4-B-G-73.json,0.1890132027524305,2.9850746268656803,2.3457419683834857
sm02_4,FJSP,XHTE,19,completed,True,140.0,1961.0,1.1153121600925855,11.9764606,12.729238900006749,1000,1000,20,20,100,1-150,Behnke-Geiger,extension,6.44,1,0.0165616,0,T-B-G,../runs/FJSP-sm02_4-T-B-G-19.json,0.17940467192588683,4.477611940298498,0.0
sm02_4,FJSP,XHTE,42,completed,True,139.0,2004.0,1.1148725537543185,10.9878253,11.706860999925993,1000,1000,20,20,100,1-150,Behnke-Geiger,extension,6.44,3,0.0164053,0,T-B-G,../runs/FJSP-sm02_4-T-B-G-42.json,0.2187495010830931,3.731343283582089,2.192758796532379
sm02_4,FJSP,XHTE,73,completed,True,134.0,1989.0,1.1171234614430785,12.5766275,13.215485599939711,1000,1000,20,20,100,1-150,Behnke-Geiger,extension,6.44,1,0.0152579,0,T-B-G,../runs/FJSP-sm02_4-T-B-G-73.json,0.017292946084257466,0.0,1.4278429372768908
sm02_4,FJSP,NSGA-II,19,completed,True,229,3224,1.0567190994248226,0.2199312000302598,0.9442840999690816,1000,1000,20,20,100,1-150,Behnke-Geiger,extension,6.44,4,0.011650200001895428,0,NSGA-II,../runs/FJSP-sm02_4-NSGA-II-19.json,5.423491849693707,70.89552238805969,64.40591534931157
sm02_4,FJSP,NSGA-II,42,completed,True,221,3216,1.0599677142341262,0.20660169993061572,0.7787467999150977,1000,1000,20,20,100,1-150,Behnke-Geiger,extension,6.44,2,0.011004599975422025,0,NSGA-II,../runs/FJSP-sm02_4-NSGA-II-42.json,5.132740366961408,64.92537313432835,63.99796022437532
sm02_4,FJSP,NSGA-II,73,completed,True,234,3292,1.0535627626804502,0.23325559997465461,0.972455499926582,1000,1000,20,20,100,1-150,Behnke-Geiger,extension,6.44,1,0.012529900064691901,0,NSGA-II,../runs/FJSP-sm02_4-NSGA-II-73.json,5.7059844326249,74.62686567164178,67.87353391126976
sm02_4,FJSP,SPEA2,19,completed,True,230,3161,1.0575465673158086,0.25311429996509105,1.0696483000647277,1000,1000,20,20,100,1-150,Behnke-Geiger,extension,6.44,2,0.013771099969744682,0,SPEA2,../runs/FJSP-sm02_4-SPEA2-19.json,5.349433356969802,71.64179104477613,61.193268740438555
sm02_4,FJSP,SPEA2,42,completed,True,216,3140,1.0633202156263872,0.25373039999976754,0.9831781000830233,1000,1000,20,20,100,1-150,Behnke-Geiger,extension,6.44,1,0.013714500004425645,0,SPEA2,../runs/FJSP-sm02_4-SPEA2-42.json,4.832691020430547,61.19402985074627,60.12238653748088
sm02_4,FJSP,SPEA2,73,completed,True,227,3144,1.0589763769785334,0.22876339999493212,0.8826703999657184,1000,1000,20,20,100,1-150,Behnke-Geiger,extension,6.44,5,0.011175399995408952,0,SPEA2,../runs/FJSP-sm02_4-SPEA2-73.json,5.2214651908851,69.40298507462686,60.326364099949004
sm02_4,FJSP,MOEA/D,19,completed,True,223,3144,1.0605528403751276,0.37105069996323436,1.0531470000278205,1000,1000,20,20,100,1-150,Behnke-Geiger,extension,6.44,4,0.012037099921144545,0,MOEA-D,../runs/FJSP-sm02_4-MOEA-D-19.json,5.0803714949749885,66.4179104477612,60.326364099949004
sm02_4,FJSP,MOEA/D,42,completed,True,209,2984,1.0689520953524598,0.3489779999945313,1.0060222999891266,1000,1000,20,20,100,1-150,Behnke-Geiger,extension,6.44,1,0.01201269996818155,0,MOEA-D,../runs/FJSP-sm02_4-MOEA-D-42.json,4.328636992161005,55.970149253731336,52.16726160122387
sm02_4,FJSP,MOEA/D,73,completed,True,220,3137,1.0618395354199843,0.4099384000292048,2.1411565999733284,1000,1000,20,20,100,1-150,Behnke-Geiger,extension,6.44,1,0.015579700004309416,0,MOEA-D,../runs/FJSP-sm02_4-MOEA-D-73.json,4.96521210733537,64.17910447761194,59.96940336562977
sm02_4,FJSP,SMS-EMOA,19,completed,True,234,3301,1.0533918381975445,0.2258870000950992,0.968174000037834,1000,1000,20,20,100,1-150,Behnke-Geiger,extension,6.44,3,0.013126500067301095,0,SMS-EMOA,../runs/FJSP-sm02_4-SMS-EMOA-19.json,5.721282197905586,74.62686567164178,68.33248342682306
sm02_4,FJSP,SMS-EMOA,42,completed,True,225,3133,1.059986290854152,0.20896299998275936,0.9270755000179633,1000,1000,20,20,100,1-150,Behnke-Geiger,extension,6.44,2,0.011419099988415837,0,SMS-EMOA,../runs/FJSP-sm02_4-SMS-EMOA-42.json,5.131077756854108,67.91044776119404,59.76542580316164
sm02_4,FJSP,SMS-EMOA,73,completed,True,230,3138,1.0579684780740686,0.22007479995954782,0.9385098000057042,1000,1000,20,20,100,1-150,Behnke-Geiger,extension,6.44,3,0.010625499999150634,0,SMS-EMOA,../runs/FJSP-sm02_4-SMS-EMOA-73.json,5.311672284714186,71.64179104477613,60.020397756246815
sm02_5,FJSP,XG,19,completed,True,148.0,2233.0,1.1064833607681757,0.0144737,0.7502001000102609,1,1000,20,20,100,1-150,Behnke-Geiger,extension,6.12,1,0.0144455,0,F,../runs/FJSP-sm02_5-F-19.json,0.5978561287637851,6.474820143884896,7.770270270270263
sm02_5,FJSP,XG,42,completed,True,148.0,2233.0,1.1064833607681757,0.015327,0.7751431999495253,1,1000,20,20,100,1-150,Behnke-Geiger,extension,6.12,1,0.0152961,0,F,../runs/FJSP-sm02_5-F-42.json,0.5978561287637851,6.474820143884896,7.770270270270263
sm02_5,FJSP,XG,73,completed,True,148.0,2233.0,1.1064833607681757,0.0139701,0.7225040999474004,1,1000,20,20,100,1-150,Behnke-Geiger,extension,6.12,1,0.0139441,0,F,../runs/FJSP-sm02_5-F-73.json,0.5978561287637851,6.474820143884896,7.770270270270263
sm02_5,FJSP,XH,19,completed,True,144.0,2116.0,1.110317496570645,18.5273442,19.366026500007138,1000,1000,20,20,100,1-150,Behnke-Geiger,extension,6.12,3,0.015394,0,T,../runs/FJSP-sm02_5-T-19.json,0.253412342104109,3.597122302158273,2.1235521235521304
sm02_5,FJSP,XH,42,completed,True,139.0,2072.0,1.1131383264746229,17.8419616,18.45478789997287,1000,1000,20,20,100,1-150,Behnke-Geiger,extension,6.12,1,0.0137017,0,T,../runs/FJSP-sm02_5-T-42.json,0.0,0.0,0.0
sm02_5,FJSP,XH,73,completed,True,139.0,2072.0,1.1131383264746229,17.0010602,17.695010900031775,1000,1000,20,20,100,1-150,Behnke-Geiger,extension,6.12,1,0.0137995,0,T,../runs/FJSP-sm02_5-T-73.json,0.0,0.0,0.0
sm02_5,FJSP,XT,19,completed,True,143.0,2125.0,1.110536165980796,14.5620647,15.239565399941057,1000,1000,20,20,100,1-150,Behnke-Geiger,extension,6.12,3,0.0141421,0,B,../runs/FJSP-sm02_5-B-19.json,0.23376793628767656,2.877697841726623,2.55791505791505
sm02_5,FJSP,XT,42,completed,True,144.0,2120.0,1.1102413786008234,15.2404647,15.929048599908128,1000,1000,20,20,100,1-150,Behnke-Geiger,extension,6.12,2,0.0144671,0,B,../runs/FJSP-sm02_5-B-42.json,0.26025048324176403,3.597122302158273,2.316602316602312
sm02_5,FJSP,XT,73,completed,True,143.0,2128.0,1.110476412894376,13.9637273,14.65496479999274,1000,1000,20,20,100,1-150,Behnke-Geiger,extension,6.12,4,0.0152348,0,B,../runs/FJSP-sm02_5-B-73.json,0.2391359202119303,2.877697841726623,2.7027027027026973
sm02_5,FJSP,XE,19,completed,True,144.0,2217.0,1.108361851851852,2.2313995,2.9236533000366762,1000,1000,20,20,100,1-150,Behnke-Geiger,extension,6.12,1,0.0142957,0,G,../runs/FJSP-sm02_5-G-19.json,0.42909982606547104,3.597122302158273,6.998069498069492
sm02_5,FJSP,XE,42,completed,True,144.0,2221.0,1.1082843209876547,1.9773682,2.6358224999858066,1000,1000,20,20,100,1-150,Behnke-Geiger,extension,6.12,1,0.0140929,0,G,../runs/FJSP-sm02_5-G-42.json,0.4360648961159286,3.597122302158273,7.191119691119696
sm02_5,FJSP,XE,73,completed,True,144.0,2222.0,1.1082649382716052,1.958392,2.607892300002277,1000,1000,20,20,100,1-150,Behnke-Geiger,extension,6.12,1,0.0146482,0,G,../runs/FJSP-sm02_5-G-73.json,0.4378061636285513,3.597122302158273,7.2393822393822305
sm02_5,FJSP,XHT,19,completed,True,144.0,2116.0,1.110317496570645,16.653290900000002,17.381315000005998,1000,1000,20,20,100,1-150,Behnke-Geiger,extension,6.12,3,0.0135397,0,T-B,../runs/FJSP-sm02_5-T-B-19.json,0.253412342104109,3.597122302158273,2.1235521235521304
sm02_5,FJSP,XHT,42,completed,True,139.0,2072.0,1.1131383264746229,16.7957612,17.533970599994063,1000,1000,20,20,100,1-150,Behnke-Geiger,extension,6.12,1,0.0137086,0,T-B,../runs/FJSP-sm02_5-T-B-42.json,0.0,0.0,0.0
sm02_5,FJSP,XHT,73,completed,True,142.0,2104.0,1.1113363648834023,16.9213671,17.628240199992433,1000,1000,20,20,100,1-150,Behnke-Geiger,extension,6.12,4,0.0144256,0,T-B,../runs/FJSP-sm02_5-T-B-73.json,0.1618811919743668,2.158273381294973,1.5444015444015413
sm02_5,FJSP,XHE,19,completed,True,144.0,2116.0,1.1103182235939646,9.247434,10.045265699969605,1000,1000,20,20,100,1-150,Behnke-Geiger,extension,6.12,2,0.013792,0,T-G,../runs/FJSP-sm02_5-T-G-19.json,0.2533470291683937,3.597122302158273,2.1235521235521304
sm02_5,FJSP,XHE,42,completed,True,139.0,2072.0,1.1131383264746229,9.3204719,10.122250700020231,1000,1000,20,20,100,1-150,Behnke-Geiger,extension,6.12,1,0.0139489,0,T-G,../runs/FJSP-sm02_5-T-G-42.json,0.0,0.0,0.0
sm02_5,FJSP,XHE,73,completed,True,142.0,2104.0,1.1113363648834023,9.1308491,9.854577400023118,1000,1000,20,20,100,1-150,Behnke-Geiger,extension,6.12,4,0.0139663,0,T-G,../runs/FJSP-sm02_5-T-G-73.json,0.1618811919743668,2.158273381294973,1.5444015444015413
sm02_5,FJSP,XTE,19,completed,True,146.0,2133.0,1.1092029766803841,8.4648391,9.25879580003675,1000,1000,20,20,100,1-150,Behnke-Geiger,extension,6.12,3,0.0137213,0,B-G,../runs/FJSP-sm02_5-B-G-19.json,0.35353645639910614,5.035971223021574,2.9440154440154354
sm02_5,FJSP,XTE,42,completed,True,144.0,2111.0,1.1104157613168728,8.3565292,9.142045700107701,1000,1000,20,20,100,1-150,Behnke-Geiger,extension,6.12,2,0.0143069,0,B-G,../runs/FJSP-sm02_5-B-G-42.json,0.2445846210661462,3.597122302158273,1.8822393822393924
sm02_5,FJSP,XTE,73,completed,True,143.0,2128.0,1.1104774417009604,7.9242457,8.628430699929595,1000,1000,20,20,100,1-150,Behnke-Geiger,extension,6.12,5,0.0145872,0,B-G,../runs/FJSP-sm02_5-B-G-73.json,0.23904349624629395,2.877697841726623,2.7027027027026973
sm02_5,FJSP,XHTE,19,completed,True,144.0,2144.0,1.1097764883401922,10.7529972,11.514562800060958,1000,1000,20,20,100,1-150,Behnke-Geiger,extension,6.12,3,0.0145801,0,T-B-G,../runs/FJSP-sm02_5-T-B-G-19.json,0.30201440867442253,3.597122302158273,3.474903474903468
sm02_5,FJSP,XHTE,42,completed,True,142.0,2125.0,1.1109300411522638,11.1917294,11.848246700013988,1000,1000,20,20,100,1-150,Behnke-Geiger,extension,6.12,2,0.013883,0,T-B-G,../runs/FJSP-sm02_5-T-B-G-42.json,0.1983837291231194,2.158273381294973,2.55791505791505
sm02_5,FJSP,XHTE,73,completed,True,144.0,2125.0,1.1101444032921814,11.4648295,12.188143100007437,1000,1000,20,20,100,1-150,Behnke-Geiger,extension,6.12,3,0.0137646,0,T-B-G,../runs/FJSP-sm02_5-T-B-G-73.json,0.26896236624277536,3.597122302158273,2.55791505791505
sm02_5,FJSP,NSGA-II,19,completed,True,237,3166,1.05408950617284,0.22706710000056773,0.9827295000432059,1000,1000,20,20,100,1-150,Behnke-Geiger,extension,6.12,3,0.012963099987246096,0,NSGA-II,../runs/FJSP-sm02_5-NSGA-II-19.json,5.304715406646199,70.50359712230217,52.79922779922781
sm02_5,FJSP,NSGA-II,42,completed,True,236,3265,1.052615020576132,0.24611039995215833,1.0410014999797568,1000,1000,20,20,100,1-150,Behnke-Geiger,extension,6.12,2,0.01399509992916137,0,NSGA-II,../runs/FJSP-sm02_5-NSGA-II-42.json,5.437177434198304,69.78417266187051,57.57722007722008
sm02_5,FJSP,NSGA-II,73,completed,True,239,3396,1.0490096844993144,0.20542720006778836,0.8796420000726357,1000,1000,20,20,100,1-150,Behnke-Geiger,extension,6.12,2,0.011126199970021844,0,NSGA-II,../runs/FJSP-sm02_5-NSGA-II-73.json,5.761066747059884,71.94244604316546,63.8996138996139
sm02_5,FJSP,SPEA2,19,completed,True,232,3379,1.0520267352537724,0.23652900010347366,0.8949608000693843,1000,1000,20,20,100,1-150,Behnke-Geiger,extension,6.12,1,0.011987500009126961,0,SPEA2,../runs/FJSP-sm02_5-SPEA2-19.json,5.490026690069561,66.90647482014388,63.07915057915059
sm02_5,FJSP,SPEA2,42,completed,True,237,3397,1.04976462962963,0.24770790000911802,0.9804347000317648,1000,1000,20,20,100,1-150,Behnke-Geiger,extension,6.12,2,0.011866799904964864,0,SPEA2,../runs/FJSP-sm02_5-SPEA2-42.json,5.693245424915094,70.50359712230217,63.94787644787645
sm02_5,FJSP,SPEA2,73,completed,True,237,3314,1.051305192043896,0.24175569997169077,0.9230968999909237,1000,1000,20,20,100,1-150,Behnke-Geiger,extension,6.12,5,0.011810099938884377,0,SPEA2,../runs/FJSP-sm02_5-SPEA2-73.json,5.554847314129963,70.50359712230217,59.942084942084946
sm02_5,FJSP,MOEA/D,19,completed,True,215,3147,1.0629424897119342,0.4127335000084713,1.0637942999601364,1000,1000,20,20,100,1-150,Behnke-Geiger,extension,6.12,1,0.011974600027315319,0,MOEA-D,../runs/FJSP-sm02_5-MOEA-D-19.json,4.509397939936354,54.67625899280575,51.88223938223939
sm02_5,FJSP,MOEA/D,42,completed,True,212,3159,1.0638693964334707,0.4435751000419259,1.186352499993518,1000,1000,20,20,100,1-150,Behnke-Geiger,extension,6.12,2,0.013880399987101555,0,MOEA-D,../runs/FJSP-sm02_5-MOEA-D-42.json,4.4261282600150835,52.517985611510795,52.46138996138996
sm02_5,FJSP,MOEA/D,73,completed,True,212,3080,1.0653624074074077,0.37365460000000894,1.0229684000369161,1000,1000,20,20,100,1-150,Behnke-Geiger,extension,6.12,3,0.011797199957072735,0,MOEA-D,../runs/FJSP-sm02_5-MOEA-D-73.json,4.292001984921711,52.517985611510795,48.64864864864864
sm02_5,FJSP,SMS-EMOA,19,completed,True,241,3402,1.0481324417009608,0.24349859997164458,0.8642420000396669,1000,1000,20,20,100,1-150,Behnke-Geiger,extension,6.12,3,0.01166780001949519,0,SMS-EMOA,../runs/FJSP-sm02_5-SMS-EMOA-19.json,5.839874814079904,73.38129496402878,64.1891891891892
sm02_5,FJSP,SMS-EMOA,42,completed,True,243,3241,1.0503771879286696,0.22664319991599768,0.9729820999782532,1000,1000,20,20,100,1-150,Behnke-Geiger,extension,6.12,3,0.013059699907898903,0,SMS-EMOA,../runs/FJSP-sm02_5-SMS-EMOA-42.json,5.638215579614581,74.82014388489209,56.418918918918926
sm02_5,FJSP,SMS-EMOA,73,completed,True,235,3421,1.0500780589849112,0.2117406000616029,0.8493996999459341,1000,1000,20,20,100,1-150,Behnke-Geiger,extension,6.12,3,0.01175960002001375,0,SMS-EMOA,../runs/FJSP-sm02_5-SMS-EMOA-73.json,5.665088155703646,69.06474820143885,65.10617760617761
sm03_3,FJSP,XG,19,completed,True,273.0,8844.0,1.1385285274725276,0.0681903,0.8311111000366509,1,1000,50,20,250,151-500,Behnke-Geiger,extension,6.448,1,0.0681418,0,F,../runs/FJSP-sm03_3-F-19.json,0.5672855385426279,8.764940239043817,13.181469157921688
sm03_3,FJSP,XG,42,completed,True,273.0,8844.0,1.1385285274725276,0.0690739,0.6769650999922305,1,1000,50,20,250,151-500,Behnke-Geiger,extension,6.448,1,0.0690154,0,F,../runs/FJSP-sm03_3-F-42.json,0.5672855385426279,8.764940239043817,13.181469157921688
sm03_3,FJSP,XG,73,completed,True,273.0,8844.0,1.1385285274725276,0.0651968,0.7394171000923961,1,1000,50,20,250,151-500,Behnke-Geiger,extension,6.448,1,0.0651466,0,F,../runs/FJSP-sm03_3-F-73.json,0.5672855385426279,8.764940239043817,13.181469157921688
sm03_3,FJSP,XH,19,completed,True,252.0,7974.0,1.1445432642863855,79.6251338,80.38442499993835,1000,1000,50,20,250,151-500,Behnke-Geiger,extension,6.448,3,0.0763583,0,T,../runs/FJSP-sm03_3-T-19.json,0.0419920621456793,0.3984063745019917,2.0476068594829755
sm03_3,FJSP,XH,42,completed,True,259.0,8099.0,1.1430498066524444,85.8323383,86.46815009997226,1000,1000,50,20,250,151-500,Behnke-Geiger,extension,6.448,4,0.0678547,0,T,../runs/FJSP-sm03_3-T-42.json,0.1724222998540026,3.1872509960159334,3.6472997184540557
sm03_3,FJSP,XH,73,completed,True,251.0,7870.0,1.1450240835111165,87.5389739,88.39032460004091,1000,1000,50,20,250,151-500,Behnke-Geiger,extension,6.448,5,0.069508,0,T,../runs/FJSP-sm03_3-T-73.json,0.0,0.0,0.7166624008190459
sm03_3,FJSP,XT,19,completed,True,264.0,8407.0,1.1413038395255541,72.4027538,73.2218384000007,1000,1000,50,20,250,151-500,Behnke-Geiger,extension,6.448,3,0.0665761,0,B,../runs/FJSP-sm03_3-B-19.json,0.32490530453774813,5.179282868525892,7.588942922958797
sm03_3,FJSP,XT,42,completed,True,263.0,8314.0,1.1417507787840975,79.8472532,80.61667310004123,1000,1000,50,20,250,151-500,Behnke-Geiger,extension,6.448,3,0.0677726,0,B,../runs/FJSP-sm03_3-B-42.json,0.28587212916795224,4.7808764940239,6.398771435884321
sm03_3,FJSP,XT,73,completed,True,264.0,8417.0,1.1412727836949377,71.5430445,72.32252539996989,1000,1000,50,20,250,151-500,Behnke-Geiger,extension,6.448,4,0.0758535,0,B,../runs/FJSP-sm03_3-B-73.json,0.32761754710658453,5.179282868525892,7.716918351676472
sm03_3,FJSP,XE,19,completed,True,269.0,8775.0,1.1393724751439038,5.9617664,6.881423500017263,1000,1000,50,20,250,151-500,Behnke-Geiger,extension,6.448,1,0.0704724,0,G,../runs/FJSP-sm03_3-G-19.json,0.49357986863319825,7.17131474103585,12.298438699769655
sm03_3,FJSP,XE,42,completed,True,268.0,8721.0,1.1396977318359296,5.6249221,6.395795900025405,1000,1000,50,20,250,151-500,Behnke-Geiger,extension,6.448,1,0.0780034,0,G,../runs/FJSP-sm03_3-G-42.json,0.465173768123206,6.7729083665338585,11.607371384694144
sm03_3,FJSP,XE,73,completed,True,268.0,8770.0,1.1395454215137732,5.7859114,6.434022199944593,1000,1000,50,20,250,151-500,Behnke-Geiger,extension,6.448,1,0.0678884,0,G,../runs/FJSP-sm03_3-G-73.json,0.4784756998772788,6.7729083665338585,12.234450985410806
sm03_3,FJSP,XHT,19,completed,True,252.0,7974.0,1.1445432857545388,89.2967604,90.0231577999657,1000,1000,50,20,250,151-500,Behnke-Geiger,extension,6.448,4,0.0680663,0,T-B,../runs/FJSP-sm03_3-T-B-19.json,0.04199018723722858,0.3984063745019917,2.0476068594829755
sm03_3,FJSP,XHT,42,completed,True,261.0,8261.0,1.142229967502583,90.7028126,91.46349250001367,1000,1000,50,20,250,151-500,Behnke-Geiger,extension,6.448,3,0.0663293,0,T-B,../runs/FJSP-sm03_3-T-B-42.json,0.24402246631927138,3.984063745019917,5.720501663680566
sm03_3,FJSP,XHT,73,completed,True,254.0,7880.0,1.1445206656200946,96.9204486,97.64202410005964,1000,1000,50,20,250,151-500,Behnke-Geiger,extension,6.448,3,0.0687417,0,T-B,../runs/FJSP-sm03_3-T-B-73.json,0.04396570327832583,1.195219123505975,0.8446378295367207
sm03_3,FJSP,XHE,19,completed,True,252.0,7974.0,1.1445432642863855,44.690719,45.378621299983934,1000,1000,50,20,250,151-500,Behnke-Geiger,extension,6.448,3,0.0683319,0,T-G,../runs/FJSP-sm03_3-T-G-19.json,0.0419920621456793,0.3984063745019917,2.0476068594829755
sm03_3,FJSP,XHE,42,completed,True,261.0,8261.0,1.142229967502583,47.7068399,48.46544800000265,1000,1000,50,20,250,151-500,Behnke-Geiger,extension,6.448,3,0.0686324,0,T-G,../runs/FJSP-sm03_3-T-G-42.json,0.24402246631927138,3.984063745019917,5.720501663680566
sm03_3,FJSP,XHE,73,completed,True,261.0,8001.0,1.143039414348777,51.3506384,52.03031669999473,1000,1000,50,20,250,151-500,Behnke-Geiger,extension,6.448,4,0.0680249,0,T-G,../runs/FJSP-sm03_3-T-G-73.json,0.17332990553821093,3.984063745019917,2.393140517020731
sm03_3,FJSP,XTE,19,completed,True,265.0,8428.0,1.1410804524413318,42.4653771,43.283204499981366,1000,1000,50,20,250,151-500,Behnke-Geiger,extension,6.448,3,0.0847097,0,B-G,../runs/FJSP-sm03_3-B-G-19.json,0.3444146831996675,5.5776892430278835,7.857691323265925
sm03_3,FJSP,XTE,42,completed,True,263.0,8326.0,1.1417134452360824,38.6860246,39.430357999983244,1000,1000,50,20,250,151-500,Behnke-Geiger,extension,6.448,3,0.0678942,0,B-G,../runs/FJSP-sm03_3-B-G-42.json,0.2891326324667598,4.7808764940239,6.5523419503455305
sm03_3,FJSP,XTE,73,completed,True,263.0,8417.0,1.1414304054529112,43.2265811,43.98885560000781,1000,1000,50,20,250,151-500,Behnke-Geiger,extension,6.448,3,0.0756578,0,B-G,../runs/FJSP-sm03_3-B-G-73.json,0.3138517442520139,4.7808764940239,7.716918351676472
sm03_3,FJSP,XHTE,19,completed,True,253.0,7974.0,1.144385526600384,56.8771823,57.57041050004773,1000,1000,50,20,250,151-500,Behnke-Geiger,extension,6.448,3,0.0652941,0,T-B-G,../runs/FJSP-sm03_3-T-B-G-19.json,0.055767989505906,0.7968127490039834,2.0476068594829755
sm03_3,FJSP,XHTE,42,completed,True,259.0,8452.0,1.1419517730816193,58.2283104,58.97551519994158,1000,1000,50,20,250,151-500,Behnke-Geiger,extension,6.448,1,0.0703331,0,T-B-G,../runs/FJSP-sm03_3-T-B-G-42.json,0.2683184112666215,3.1872509960159334,8.16483235218839
sm03_3,FJSP,XHTE,73,completed,True,255.0,7814.0,1.1445686186048385,58.1602863,58.99316189996898,1000,1000,50,20,250,151-500,Behnke-Geiger,extension,6.448,2,0.0822258,0,T-B-G,../runs/FJSP-sm03_3-T-B-G-73.json,0.03977775776395909,1.5936254980079667,0.0
sm03_3,FJSP,NSGA-II,19,completed,True,450,14634,1.0931280147056852,0.6062218999722973,1.3599173999391496,1000,1000,50,20,250,151-500,Behnke-Geiger,extension,6.448,3,0.026525499997660518,0,NSGA-II,../runs/FJSP-sm03_3-NSGA-II-19.json,4.532312424931407,79.2828685258964,87.27924238546198
sm03_3,FJSP,NSGA-II,42,completed,True,458,14244,1.093064316118558,0.5964578000130132,1.3154001999646425,1000,1000,50,20,250,151-500,Behnke-Geiger,extension,6.448,5,0.03154629992786795,0,NSGA-II,../runs/FJSP-sm03_3-NSGA-II-42.json,4.537875503301936,82.47011952191234,82.28820066547222
sm03_3,FJSP,NSGA-II,73,completed,True,462,14974,1.0902396962256304,0.5511789000593126,1.2431600999552757,1000,1000,50,20,250,151-500,Behnke-Geiger,extension,6.448,5,0.024012000067159534,0,NSGA-II,../runs/FJSP-sm03_3-NSGA-II-73.json,4.784562008293703,84.0637450199203,91.63040696186333
sm03_3,FJSP,SPEA2,19,completed,True,465,14624,1.090831735082988,0.5697481000097468,1.2009584999177605,1000,1000,50,20,250,151-500,Behnke-Geiger,extension,6.448,3,0.02325099997688085,0,SPEA2,../runs/FJSP-sm03_3-SPEA2-19.json,4.732856645421157,85.25896414342628,87.15126695674431
sm03_3,FJSP,SPEA2,42,completed,True,452,14762,1.0924263392773286,0.6431764999870211,1.5004240999696776,1000,1000,50,20,250,151-500,Behnke-Geiger,extension,6.448,4,0.02573250001296401,0,SPEA2,../runs/FJSP-sm03_3-SPEA2-42.json,4.593592832781434,80.0796812749004,88.91732787304838
sm03_3,FJSP,SPEA2,73,completed,True,455,14616,1.0924050317057794,0.555057100020349,1.2208780000219122,1000,1000,50,20,250,151-500,Behnke-Geiger,extension,6.448,4,0.02301510004326701,0,SPEA2,../runs/FJSP-sm03_3-SPEA2-73.json,4.595453716919684,81.27490039840637,87.04888661377015
sm03_3,FJSP,MOEA/D,19,completed,True,437,13609,1.0982534060030325,0.684993700007908,1.4093742000404745,1000,1000,50,20,250,151-500,Behnke-Geiger,extension,6.448,1,0.02249779994599521,0,MOEA-D,../runs/FJSP-sm03_3-MOEA-D-19.json,4.084689412354181,74.10358565737052,74.16176094189915
sm03_3,FJSP,MOEA/D,42,completed,True,440,13704,1.0974988233841863,0.7652094999793917,1.4957284999545664,1000,1000,50,20,250,151-500,Behnke-Geiger,extension,6.448,2,0.02390839997678995,0,MOEA-D,../runs/FJSP-sm03_3-MOEA-D-42.json,4.150590438342416,75.2988047808765,75.37752751471717
sm03_3,FJSP,MOEA/D,73,completed,True,433,14105,1.0973662465885765,0.6959590000333264,1.400444500031881,1000,1000,50,20,250,151-500,Behnke-Geiger,extension,6.448,3,0.029495000024326146,0,MOEA-D,../runs/FJSP-sm03_3-MOEA-D-73.json,4.162168954246049,72.50996015936255,80.5093422062964
sm03_3,FJSP,SMS-EMOA,19,completed,True,456,14491,1.0926277069060366,0.6051453000400215,1.2993461999576539,1000,1000,50,20,250,151-500,Behnke-Geiger,extension,6.448,2,0.025086100096814334,0,SMS-EMOA,../runs/FJSP-sm03_3-SMS-EMOA-19.json,4.576006510222119,81.67330677290836,85.44919375479907
sm03_3,FJSP,SMS-EMOA,42,completed,True,459,14580,1.0918920235612983,0.5488189000170678,1.2859756998950616,1000,1000,50,20,250,151-500,Behnke-Geiger,extension,6.448,2,0.024978900095447898,0,SMS-EMOA,../runs/FJSP-sm03_3-SMS-EMOA-42.json,4.640256979302427,82.86852589641434,86.58817507038647
sm03_3,FJSP,SMS-EMOA,73,completed,True,464,14420,1.0916010566625074,0.5685367999831215,1.307618199964054,1000,1000,50,20,250,151-500,Behnke-Geiger,extension,6.448,7,0.024696100037544966,0,SMS-EMOA,../runs/FJSP-sm03_3-SMS-EMOA-73.json,4.665668401034151,84.8605577689243,84.5405682109035
sm03_4,FJSP,XG,19,completed,True,267.0,8449.0,1.1400540190646387,0.0654522,0.8883240000577644,1,1000,50,20,250,151-500,Behnke-Geiger,extension,6.096,1,0.0653999,0,F,../runs/FJSP-sm03_4-F-19.json,0.35096244082010175,6.374501992031867,6.383782422563589
sm03_4,FJSP,XG,42,completed,True,267.0,8449.0,1.1400540190646387,0.0628047,0.7477799999760464,1,1000,50,20,250,151-500,Behnke-Geiger,extension,6.096,1,0.0627435,0,F,../runs/FJSP-sm03_4-F-42.json,0.35096244082010175,6.374501992031867,6.383782422563589
sm03_4,FJSP,XG,73,completed,True,267.0,8449.0,1.1400540190646387,0.0693763,0.8671546999830753,1,1000,50,20,250,151-500,Behnke-Geiger,extension,6.096,1,0.0693158,0,F,../runs/FJSP-sm03_4-F-73.json,0.35096244082010175,6.374501992031867,6.383782422563589
sm03_4,FJSP,XH,19,completed,True,251.0,7981.0,1.1440692602572577,78.1747591,78.83111640007701,1000,1000,50,20,250,151-500,Behnke-Geiger,extension,6.096,2,0.0660917,0,T,../runs/FJSP-sm03_4-T-19.json,1.0708134934311886e-06,0.0,0.4910601863510555
sm03_4,FJSP,XH,42,completed,True,265.0,8333.0,1.1407354959420053,83.6003925,84.3207486999454,1000,1000,50,20,250,151-500,Behnke-Geiger,extension,6.096,3,0.0625903,0,T,../runs/FJSP-sm03_4-T-42.json,0.29139639060421496,5.5776892430278835,4.923193150339955
sm03_4,FJSP,XH,73,completed,True,254.0,7942.0,1.1437142669504872,77.6388338,78.42060790001415,1000,1000,50,20,250,151-500,Behnke-Geiger,extension,6.096,2,0.0705043,0,T,../runs/FJSP-sm03_4-T-73.json,0.031030075376503596,1.195219123505975,0.0
sm03_4,FJSP,XT,19,completed,True,254.0,8040.0,1.1434064487283087,66.583267,67.37515470001381,1000,1000,50,20,250,151-500,Behnke-Geiger,extension,6.096,1,0.0653738,0,B,../runs/FJSP-sm03_4-B-19.json,0.05793563342052499,1.195219123505975,1.233946109292372
sm03_4,FJSP,XT,42,completed,True,254.0,8086.0,1.1432613244816292,69.5948518,70.25572610006202,1000,1000,50,20,250,151-500,Behnke-Geiger,extension,6.096,4,0.0658436,0,B,../runs/FJSP-sm03_4-B-42.json,0.07062055121063171,1.195219123505975,1.8131453034500034
sm03_4,FJSP,XT,73,completed,True,259.0,8141.0,1.1422933361883647,68.0200205,68.78821040003095,1000,1000,50,20,250,151-500,Behnke-Geiger,extension,6.096,2,0.0652001,0,B,../runs/FJSP-sm03_4-B-73.json,0.15522978917594799,3.1872509960159334,2.5056660790732765
sm03_4,FJSP,XE,19,completed,True,263.0,8418.0,1.140787279620642,5.7662731,6.648959799902514,1000,1000,50,20,250,151-500,Behnke-Geiger,extension,6.096,2,0.0640083,0,G,../runs/FJSP-sm03_4-G-19.json,0.2868701193476597,4.7808764940239,5.993452530848642
sm03_4,FJSP,XE,42,completed,True,264.0,8434.0,1.1405780991894732,6.4214505,7.1494042000267655,1000,1000,50,20,250,151-500,Behnke-Geiger,extension,6.096,1,0.0618811,0,G,../runs/FJSP-sm03_4-G-42.json,0.30515401492945404,5.179282868525892,6.194913120120882
sm03_4,FJSP,XE,73,completed,True,264.0,8432.0,1.140584376086511,5.380253,6.1206826999550685,1000,1000,50,20,250,151-500,Behnke-Geiger,extension,6.096,1,0.0650193,0,G,../runs/FJSP-sm03_4-G-73.json,0.3046053683405825,5.179282868525892,6.169730546461838
sm03_4,FJSP,XHT,19,completed,True,251.0,7981.0,1.1440692602572577,69.1578327,70.00449570000637,1000,1000,50,20,250,151-500,Behnke-Geiger,extension,6.096,2,0.0659551,0,T-B,../runs/FJSP-sm03_4-T-B-19.json,1.0708134934311886e-06,0.0,0.4910601863510555
sm03_4,FJSP,XHT,42,completed,True,258.0,8162.0,1.1423863555216685,78.4103338,79.21336259995587,1000,1000,50,20,250,151-500,Behnke-Geiger,extension,6.096,2,0.0680047,0,T-B,../runs/FJSP-sm03_4-T-B-42.json,0.14709922090189176,2.7888446215139417,2.7700831024930705
sm03_4,FJSP,XHT,73,completed,True,254.0,7942.0,1.1437142669504872,73.972285,74.61545480007771,1000,1000,50,20,250,151-500,Behnke-Geiger,extension,6.096,2,0.0689798,0,T-B,../runs/FJSP-sm03_4-T-B-73.json,0.031030075376503596,1.195219123505975,0.0
sm03_4,FJSP,XHE,19,completed,True,251.0,7981.0,1.1440692725081059,39.9109562,40.53535739996005,1000,1000,50,20,250,151-500,Behnke-Geiger,extension,6.096,2,0.0633851,0,T-G,../runs/FJSP-sm03_4-T-G-19.json,0.0,0.0,0.4910601863510555
sm03_4,FJSP,XHE,42,completed,True,263.0,8333.0,1.1410536285907318,44.9104195,45.64339879993349,1000,1000,50,20,250,151-500,Behnke-Geiger,extension,6.096,3,0.0644737,0,T-G,../runs/FJSP-sm03_4-T-G-42.json,0.2635892764397907,4.7808764940239,4.923193150339955
sm03_4,FJSP,XHE,73,completed,True,254.0,7942.0,1.1437142669504872,41.9103573,42.61364890006371,1000,1000,50,20,250,151-500,Behnke-Geiger,extension,6.096,2,0.0626941,0,T-G,../runs/FJSP-sm03_4-T-G-73.json,0.031030075376503596,1.195219123505975,0.0
sm03_4,FJSP,XTE,19,completed,True,258.0,8208.0,1.1422419426992396,36.6405311,37.47110910003539,1000,1000,50,20,250,151-500,Behnke-Geiger,extension,6.096,4,0.06563,0,B-G,../runs/FJSP-sm03_4-B-G-19.json,0.15972195502290676,2.7888446215139417,3.349282296650724
sm03_4,FJSP,XTE,42,completed,True,254.0,8086.0,1.1432613362949469,39.7291804,40.4796235000249,1000,1000,50,20,250,151-500,Behnke-Geiger,extension,6.096,4,0.0677945,0,B-G,../runs/FJSP-sm03_4-B-G-42.json,0.07061951864049121,1.195219123505975,1.8131453034500034
sm03_4,FJSP,XTE,73,completed,True,258.0,8127.0,1.1424964352985352,38.7921091,39.57879329996649,1000,1000,50,20,250,151-500,Behnke-Geiger,extension,6.096,2,0.0670975,0,B-G,../runs/FJSP-sm03_4-B-G-73.json,0.13747744541050544,2.7888446215139417,2.3293880634600805
sm03_4,FJSP,XHTE,19,completed,True,254.0,7981.0,1.1435917948282217,49.7050968,50.4127042000182,1000,1000,50,20,250,151-500,Behnke-Geiger,extension,6.096,2,0.0718789,0,T-B-G,../runs/FJSP-sm03_4-T-B-G-19.json,0.04173503225354258,1.195219123505975,0.4910601863510555
sm03_4,FJSP,XHTE,42,completed,True,256.0,8162.0,1.1427046395558755,54.6084249,55.37406970001757,1000,1000,50,20,250,151-500,Behnke-Geiger,extension,6.096,2,0.068527,0,T-B-G,../runs/FJSP-sm03_4-T-B-G-42.json,0.11927887454216135,1.9920318725099584,2.7700831024930705
sm03_4,FJSP,XHTE,73,completed,True,262.0,8333.0,1.141212895303968,54.1540609,54.86939419992268,1000,1000,50,20,250,151-500,Behnke-Geiger,extension,6.096,4,0.0678379,0,T-B-G,../runs/FJSP-sm03_4-T-B-G-73.json,0.24966820390831534,4.3824701195219085,4.923193150339955
sm03_4,FJSP,NSGA-II,19,completed,True,459,14298,1.0916600350711154,0.5350720999995247,1.1135313999839127,1000,1000,50,20,250,151-500,Behnke-Geiger,extension,6.096,6,0.022208800073713064,0,NSGA-II,../runs/FJSP-sm03_4-NSGA-II-19.json,4.580949658939392,82.86852589641434,80.03021908839084
sm03_4,FJSP,NSGA-II,42,completed,True,443,14709,1.0929130600844381,0.5782709000632167,1.3102762999478728,1000,1000,50,20,250,151-500,Behnke-Geiger,extension,6.096,3,0.02461259998381138,0,NSGA-II,../runs/FJSP-sm03_4-NSGA-II-42.json,4.471426132398404,76.49402390438247,85.20523797532107
sm03_4,FJSP,NSGA-II,73,completed,True,460,14840,1.089855538436697,0.5794628999428824,1.3105537999654189,1000,1000,50,20,250,151-500,Behnke-Geiger,extension,6.096,3,0.024064600002020597,0,NSGA-II,../runs/FJSP-sm03_4-NSGA-II-73.json,4.738675827955574,83.26693227091633,86.85469654998741
sm03_4,FJSP,SPEA2,19,completed,True,452,14387,1.0924911365879655,0.5637971999822184,1.248386500054039,1000,1000,50,20,250,151-500,Behnke-Geiger,extension,6.096,1,0.023938999976962805,0,SPEA2,../runs/FJSP-sm03_4-SPEA2-19.json,4.508305323773564,80.0796812749004,81.15084361621759
sm03_4,FJSP,SPEA2,42,completed,True,459,14472,1.0911360026808359,0.551478200010024,1.1918489000527188,1000,1000,50,20,250,151-500,Behnke-Geiger,extension,6.096,2,0.023623200017027557,0,SPEA2,../runs/FJSP-sm03_4-SPEA2-42.json,4.626753912481718,82.86852589641434,82.22110299672627
sm03_4,FJSP,SPEA2,73,completed,True,450,14496,1.0924703023143976,0.6411969000473619,1.3819025000557303,1000,1000,50,20,250,151-500,Behnke-Geiger,extension,6.096,2,0.027760099968872964,0,SPEA2,../runs/FJSP-sm03_4-SPEA2-73.json,4.510126391262093,79.2828685258964,82.5232938806346
sm03_4,FJSP,MOEA/D,19,completed,True,429,13588,1.0985378786488305,0.7456387999700382,1.4172285000095144,1000,1000,50,20,250,151-500,Behnke-Geiger,extension,6.096,2,0.022476600017398596,0,MOEA-D,../runs/FJSP-sm03_4-MOEA-D-19.json,3.979775958798226,70.91633466135458,71.0904054394359
sm03_4,FJSP,MOEA/D,42,completed,True,420,13630,1.0998197215509113,0.7927503000246361,1.5436431999551132,1000,1000,50,20,250,151-500,Behnke-Geiger,extension,6.096,5,0.024829100002534688,0,MOEA-D,../runs/FJSP-sm03_4-MOEA-D-42.json,3.8677335385634226,67.33067729083666,71.61923948627549
sm03_4,FJSP,MOEA/D,73,completed,True,431,14082,1.096709402641865,0.6916137998923659,1.3515980000374839,1000,1000,50,20,250,151-500,Behnke-Geiger,extension,6.096,5,0.022759999963454902,0,MOEA-D,../runs/FJSP-sm03_4-MOEA-D-73.json,4.139598099896125,71.71314741035857,77.31050113321582
sm03_4,FJSP,SMS-EMOA,19,completed,True,448,14616,1.0924097984383276,0.5751619000220671,1.2802915000356734,1000,1000,50,20,250,151-500,Behnke-Geiger,extension,6.096,7,0.02448639995418489,0,SMS-EMOA,../runs/FJSP-sm03_4-SMS-EMOA-19.json,4.515414871385093,78.48605577689243,84.03424830017627
sm03_4,FJSP,SMS-EMOA,42,completed,True,456,14242,1.0923049943579377,0.5843899000901729,1.229636500007473,1000,1000,50,20,250,151-500,Behnke-Geiger,extension,6.096,3,0.02335450006648898,0,SMS-EMOA,../runs/FJSP-sm03_4-SMS-EMOA-42.json,4.524575512520057,81.67330677290836,79.32510702593805
sm03_4,FJSP,SMS-EMOA,73,completed,True,453,14659,1.0915035680704483,0.5922160000773147,1.303739199996926,1000,1000,50,20,250,151-500,Behnke-Geiger,extension,6.096,1,0.027873000013642013,0,SMS-EMOA,../runs/FJSP-sm03_4-SMS-EMOA-73.json,4.594626016169412,80.47808764940238,84.57567363384537
sm04_3,FJSP,XG,19,completed,True,470.0,27152.0,1.1504544307691638,0.1743266,0.9133122999919578,1,1000,100,20,500,151-500,Behnke-Geiger,extension,6.328,1,0.1742167,0,F,../runs/FJSP-sm04_3-F-19.json,0.5143184466380846,10.849056603773576,11.897795178240255
sm04_3,FJSP,XG,42,completed,True,470.0,27152.0,1.1504544307691638,0.1802424,0.9476954999845475,1,1000,100,20,500,151-500,Behnke-Geiger,extension,6.328,1,0.1801281,0,F,../runs/FJSP-sm04_3-F-42.json,0.5143184466380846,10.849056603773576,11.897795178240255
sm04_3,FJSP,XG,73,completed,True,470.0,27152.0,1.1504544307691638,0.1694074,0.8961446000030264,1,1000,100,20,500,151-500,Behnke-Geiger,extension,6.328,1,0.1692724,0,F,../runs/FJSP-sm04_3-F-73.json,0.5143184466380846,10.849056603773576,11.897795178240255
sm04_3,FJSP,XH,19,completed,True,425.0,24265.0,1.1563221074817434,230.864939,231.68650729989167,1000,1000,100,20,500,151-500,Behnke-Geiger,extension,6.328,4,0.1837932,0,T,../runs/FJSP-sm04_3-T-19.json,0.00691041614747645,0.2358490566037652,0.0
sm04_3,FJSP,XH,42,timeout,False,,,,,240.35935239994433,,1000,100,20,500,151-500,Behnke-Geiger,extension,6.328,,,,T,../runs/FJSP-sm04_3-T-42.json,,,
sm04_3,FJSP,XH,73,completed,True,431.0,24923.0,1.155323514931414,216.918032,217.6321010000538,1000,1000,100,20,500,151-500,Behnke-Geiger,extension,6.328,1,0.1790322,0,T,../runs/FJSP-sm04_3-T-73.json,0.09326382381543707,1.650943396226423,2.7117247063672023
sm04_3,FJSP,XT,19,completed,True,440.0,25293.0,1.154312795175518,209.3224093,210.09051170002203,1000,1000,100,20,500,151-500,Behnke-Geiger,extension,6.328,2,0.173781,0,B,../runs/FJSP-sm04_3-B-19.json,0.180665933004176,3.7735849056603765,4.236554708427787
sm04_3,FJSP,XT,42,completed,True,437.0,25165.0,1.1546532831764955,210.7683099,211.5549170000013,1000,1000,100,20,500,151-500,Behnke-Geiger,extension,6.328,3,0.1869901,0,B,../runs/FJSP-sm04_3-B-42.json,0.1512221932679303,3.0660377358490587,3.7090459509581786
sm04_3,FJSP,XT,73,completed,True,440.0,25229.0,1.1543632678708966,186.3299496,187.12613019999117,1000,1000,100,20,500,151-500,Behnke-Geiger,extension,6.328,3,0.1885535,0,B,../runs/FJSP-sm04_3-B-73.json,0.1763013007638481,3.7735849056603765,3.9728003296929826
sm04_3,FJSP,XE,19,completed,True,447.0,26593.0,1.1527293719686078,13.6889619,14.472457600058988,1000,1000,100,20,500,151-500,Behnke-Geiger,extension,6.328,3,0.2248383,0,G,../runs/FJSP-sm04_3-G-19.json,0.3175926401502993,5.4245283018868,9.594065526478456
sm04_3,FJSP,XE,42,completed,True,451.0,26615.0,1.1523929039510923,13.0719295,13.887350999983028,1000,1000,100,20,500,151-500,Behnke-Geiger,extension,6.328,2,0.1799254,0,G,../runs/FJSP-sm04_3-G-42.json,0.34668875134615806,6.367924528301883,9.684731094168564
sm04_3,FJSP,XE,73,completed,True,448.0,26363.0,1.1528308377824665,12.121504,12.913255900028162,1000,1000,100,20,500,151-500,Behnke-Geiger,extension,6.328,2,0.1841181,0,G,../runs/FJSP-sm04_3-G-73.json,0.3088183720210025,5.660377358490565,8.646198227900271
sm04_3,FJSP,XHT,19,completed,True,425.0,24265.0,1.156322105081721,223.3933058,224.0980079000583,1000,1000,100,20,500,151-500,Behnke-Geiger,extension,6.328,3,0.1712379,0,T-B,../runs/FJSP-sm04_3-T-B-19.json,0.006910623689693196,0.2358490566037652,0.0
sm04_3,FJSP,XHT,42,completed,True,428.0,24489.0,1.1559055287249989,228.1447018,228.95597469992936,1000,1000,100,20,500,151-500,Behnke-Geiger,extension,6.328,3,0.2013892,0,T-B,../runs/FJSP-sm04_3-T-B-42.json,0.04293411289457705,0.9433962264151052,0.923140325571814
sm04_3,FJSP,XHT,73,completed,True,431.0,24923.0,1.155323514931414,232.0549532,232.87396730005275,1000,1000,100,20,500,151-500,Behnke-Geiger,extension,6.328,1,0.1929719,0,T-B,../runs/FJSP-sm04_3-T-B-73.json,0.09326382381543707,1.650943396226423,2.7117247063672023
sm04_3,FJSP,XHE,19,completed,True,424.0,24265.0,1.1564020196736406,108.2416556,109.05801749997772,1000,1000,100,20,500,151-500,Behnke-Geiger,extension,6.328,4,0.1886938,0,T-G,../runs/FJSP-sm04_3-T-G-19.json,0.0,0.0,0.0
sm04_3,FJSP,XHE,42,completed,True,428.0,24530.0,1.1558732347287648,126.9686632,127.76755569991656,1000,1000,100,20,500,151-500,Behnke-Geiger,extension,6.328,3,0.1920107,0,T-G,../runs/FJSP-sm04_3-T-G-42.json,0.04572673999869714,0.9433962264151052,1.092107974448786
sm04_3,FJSP,XHE,73,completed,True,431.0,24923.0,1.155323514931414,114.3856414,115.22040580003522,1000,1000,100,20,500,151-500,Behnke-Geiger,extension,6.328,1,0.2047553,0,T-G,../runs/FJSP-sm04_3-T-G-73.json,0.09326382381543707,1.650943396226423,2.7117247063672023
sm04_3,FJSP,XTE,19,completed,True,440.0,25394.0,1.1542332431506626,101.0694858,101.97852120001335,1000,1000,100,20,500,151-500,Behnke-Geiger,extension,6.328,1,0.2113546,0,B-G,../runs/FJSP-sm04_3-B-G-19.json,0.18754520366456306,3.7735849056603765,4.65279208736864
sm04_3,FJSP,XTE,42,completed,True,437.0,25165.0,1.1546532795764617,105.4595731,106.16191930009518,1000,1000,100,20,500,151-500,Behnke-Geiger,extension,6.328,2,0.1714658,0,B-G,../runs/FJSP-sm04_3-B-G-42.json,0.15122250458127207,3.0660377358490587,3.7090459509581786
sm04_3,FJSP,XTE,73,completed,True,439.0,25328.0,1.1543649613050888,109.4437195,110.14450250007212,1000,1000,100,20,500,151-500,Behnke-Geiger,extension,6.328,5,0.170236,0,B-G,../runs/FJSP-sm04_3-B-G-73.json,0.176154860843869,3.5377358490566113,4.380795384298364
sm04_3,FJSP,XHTE,19,completed,True,428.0,24411.0,1.1559670707613967,151.4151922,152.15669600002002,1000,1000,100,20,500,151-500,Behnke-Geiger,extension,6.328,5,0.1670959,0,T-B-G,../runs/FJSP-sm04_3-T-B-G-19.json,0.037612258093999706,0.9433962264151052,0.6016896764887703
sm04_3,FJSP,XHTE,42,completed,True,428.0,24749.0,1.1557003291849306,162.2914912,163.08244150003884,1000,1000,100,20,500,151-500,Behnke-Geiger,extension,6.328,3,0.1862099,0,T-B-G,../runs/FJSP-sm04_3-T-B-G-42.json,0.060678767139132894,0.9433962264151052,1.9946424891819525
sm04_3,FJSP,XHTE,73,completed,True,431.0,24923.0,1.155323514931414,167.0404567,167.79118749999907,1000,1000,100,20,500,151-500,Behnke-Geiger,extension,6.328,1,0.1797441,0,T-B-G,../runs/FJSP-sm04_3-T-B-G-73.json,0.09326382381543707,1.650943396226423,2.7117247063672023
sm04_3,FJSP,NSGA-II,19,completed,True,769,47452,1.11096589458664,1.3638351999688894,2.1229137000627816,1000,1000,100,20,500,151-500,Behnke-Geiger,extension,6.328,1,0.04507929994724691,0,NSGA-II,../runs/FJSP-sm04_3-NSGA-II-19.json,3.929094234877206,81.36792452830188,95.55738718318565
sm04_3,FJSP,NSGA-II,42,completed,True,786,46662,1.1102339102478787,1.283119700034149,2.0533145000226796,1000,1000,100,20,500,151-500,Behnke-Geiger,extension,6.328,3,0.04814310010988265,0,NSGA-II,../runs/FJSP-sm04_3-NSGA-II-42.json,3.9923926662452147,85.37735849056605,92.30166907067795
sm04_3,FJSP,NSGA-II,73,completed,True,776,47589,1.1103093438337965,1.4052294000284746,2.1373713999055326,1000,1000,100,20,500,151-500,Behnke-Geiger,extension,6.328,2,0.04584999999497086,0,NSGA-II,../runs/FJSP-sm04_3-NSGA-II-73.json,3.985869538073994,83.01886792452831,96.12198640016484
sm04_3,FJSP,SPEA2,19,completed,True,787,46992,1.1099037783993595,1.2721644999692217,1.9496728000231087,1000,1000,100,20,500,151-500,Behnke-Geiger,extension,6.328,2,0.04263010004069656,0,SPEA2,../runs/FJSP-sm04_3-SPEA2-19.json,4.020940856485522,85.61320754716981,93.66165258602925
sm04_3,FJSP,SPEA2,42,completed,True,797,47007,1.1091048004272042,1.2693577000172809,1.9975973999826238,1000,1000,100,20,500,151-500,Behnke-Geiger,extension,6.328,3,0.04389069997705519,0,SPEA2,../runs/FJSP-sm04_3-SPEA2-42.json,4.0900325701424105,87.97169811320755,93.72347001854524
sm04_3,FJSP,SPEA2,73,completed,True,775,47736,1.1102743108116662,1.271516399923712,1.9553494000574574,1000,1000,100,20,500,151-500,Behnke-Geiger,extension,6.328,3,0.04338149994146079,0,SPEA2,../runs/FJSP-sm04_3-SPEA2-73.json,3.9888990227630927,82.78301886792451,96.72779723882134
sm04_3,FJSP,MOEA/D,19,completed,True,763,46353,1.1122846370729325,1.4216372999362648,2.0561203999677673,1000,1000,100,20,500,151-500,Behnke-Geiger,extension,6.328,3,0.04073959996458143,0,MOEA-D,../runs/FJSP-sm04_3-MOEA-D-19.json,3.8150558240255372,79.95283018867924,91.02822996084896
sm04_3,FJSP,MOEA/D,42,completed,True,783,47758,1.1096292326036539,1.4271711999317631,2.1101702000014484,1000,1000,100,20,500,151-500,Behnke-Geiger,extension,6.328,1,0.04023169993888587,0,MOEA-D,../runs/FJSP-sm04_3-MOEA-D-42.json,4.044682236302821,84.6698113207547,96.81846280651143
sm04_3,FJSP,MOEA/D,73,completed,True,769,46462,1.1117284236869152,1.616099699982442,2.3168294000206515,1000,1000,100,20,500,151-500,Behnke-Geiger,extension,6.328,2,0.04169510002247989,0,MOEA-D,../runs/FJSP-sm04_3-MOEA-D-73.json,3.8631544416822483,81.36792452830188,91.47743663713169
sm04_3,FJSP,SMS-EMOA,19,completed,True,794,47249,1.1091533830501672,1.2497155000455678,1.908432999975048,1000,1000,100,20,500,151-500,Behnke-Geiger,extension,6.328,5,0.04232360003516078,0,SMS-EMOA,../runs/FJSP-sm04_3-SMS-EMOA-19.json,4.085831382135419,87.26415094339623,94.72079126313619
sm04_3,FJSP,SMS-EMOA,42,completed,True,795,47862,1.1086046055344525,1.3445485000265762,2.0396290000062436,1000,1000,100,20,500,151-500,Behnke-Geiger,extension,6.328,5,0.04946080001536757,0,SMS-EMOA,../runs/FJSP-sm04_3-SMS-EMOA-42.json,4.133286982037399,87.5,97.24706367195549
sm04_3,FJSP,SMS-EMOA,73,completed,True,802,48145,1.1078366692376003,1.3002100000157952,2.003591899992898,1000,1000,100,20,500,151-500,Behnke-Geiger,extension,6.328,4,0.04396100004669279,0,SMS-EMOA,../runs/FJSP-sm04_3-SMS-EMOA-73.json,4.1996943631892325,89.15094339622642,98.41335256542345
sm04_5,FJSP,XG,19,completed,True,439.0,25251.0,1.1546723972487158,0.1701594,0.9086995999095961,1,1000,100,20,500,151-500,Behnke-Geiger,extension,6.328,1,0.1700516,0,F,../runs/FJSP-sm04_5-F-19.json,0.18018413987256343,4.52380952380953,2.977040088087768
sm04_5,FJSP,XG,42,completed,True,439.0,25251.0,1.1546723972487158,0.1988832,1.0148713999660686,1,1000,100,20,500,151-500,Behnke-Geiger,extension,6.328,1,0.1987754,0,F,../runs/FJSP-sm04_5-F-42.json,0.18018413987256343,4.52380952380953,2.977040088087768
sm04_5,FJSP,XG,73,completed,True,439.0,25251.0,1.1546723972487158,0.1692623,0.8627019000705332,1,1000,100,20,500,151-500,Behnke-Geiger,extension,6.328,1,0.1691595,0,F,../runs/FJSP-sm04_5-F-73.json,0.18018413987256343,4.52380952380953,2.977040088087768
sm04_5,FJSP,XH,19,completed,True,427.0,25194.0,1.1556713178010627,220.2415858,220.8784750000341,1000,1000,100,20,500,151-500,Behnke-Geiger,extension,6.328,1,0.174664,0,T,../runs/FJSP-sm04_5-T-19.json,0.0938288534452214,1.6666666666666607,2.7445862729905013
sm04_5,FJSP,XH,42,completed,True,420.0,24521.0,1.1567566893398211,207.553183,208.34255169995595,1000,1000,100,20,500,151-500,Behnke-Geiger,extension,6.328,5,0.1782335,0,T,../runs/FJSP-sm04_5-T-42.json,0.0,0.0,0.0
sm04_5,FJSP,XH,73,completed,True,422.0,24633.0,1.1565096714826237,226.1454473,227.00992570002563,1000,1000,100,20,500,151-500,Behnke-Geiger,extension,6.328,4,0.1792743,0,T,../runs/FJSP-sm04_5-T-73.json,0.021354348712554483,0.4761904761904745,0.45675135598057803
sm04_5,FJSP,XT,19,completed,True,425.0,24928.0,1.1560392409094293,190.0669304,190.86249889992177,1000,1000,100,20,500,151-500,Behnke-Geiger,extension,6.328,4,0.1836006,0,B,../runs/FJSP-sm04_5-B-19.json,0.062022414653273295,1.1904761904761862,1.659801802536598
sm04_5,FJSP,XT,42,completed,True,426.0,24932.0,1.155956525057104,210.0444924,210.7811469999142,1000,1000,100,20,500,151-500,Behnke-Geiger,extension,6.328,5,0.1662924,0,B,../runs/FJSP-sm04_5-B-42.json,0.06917308454673643,1.4285714285714235,1.676114350964486
sm04_5,FJSP,XT,73,completed,True,424.0,25023.0,1.1560441652230848,198.1452659,198.94066089997068,1000,1000,100,20,500,151-500,Behnke-Geiger,extension,6.328,3,0.1906767,0,B,../runs/FJSP-sm04_5-B-73.json,0.061596714616185544,0.952380952380949,2.0472248276987015
sm04_5,FJSP,XE,19,completed,True,437.0,25192.0,1.154877743341822,11.8015155,12.571473599993624,1000,1000,100,20,500,151-500,Behnke-Geiger,extension,6.328,1,0.1867479,0,G,../runs/FJSP-sm04_5-G-19.json,0.16243225695729002,4.047619047619055,2.7364299987765683
sm04_5,FJSP,XE,42,completed,True,437.0,25232.0,1.1548463340336723,11.874483,12.713152199983597,1000,1000,100,20,500,151-500,Behnke-Geiger,extension,6.328,2,0.1795149,0,G,../runs/FJSP-sm04_5-G-42.json,0.16514754777333662,4.047619047619055,2.8995554830553383
sm04_5,FJSP,XE,73,completed,True,437.0,25199.0,1.1548722403286702,11.9370493,12.871862299973145,1000,1000,100,20,500,151-500,Behnke-Geiger,extension,6.328,2,0.1994805,0,G,../runs/FJSP-sm04_5-G-73.json,0.1629079847574877,4.047619047619055,2.764976958525356
sm04_5,FJSP,XHT,19,completed,True,425.0,25194.0,1.1558303326942063,225.3410014,226.04142839997075,1000,1000,100,20,500,151-500,Behnke-Geiger,extension,6.328,2,0.1653708,0,T-B,../runs/FJSP-sm04_5-T-B-19.json,0.08008223804986114,1.1904761904761862,2.7445862729905013
sm04_5,FJSP,XHT,42,timeout,False,,,,,240.48366769996937,,1000,100,20,500,151-500,Behnke-Geiger,extension,6.328,,,,T-B,../runs/FJSP-sm04_5-T-B-42.json,,,
sm04_5,FJSP,XHT,73,completed,True,422.0,24810.0,1.1563706159325047,210.6893542,211.50504519999959,1000,1000,100,20,500,151-500,Behnke-Geiger,extension,6.328,3,0.1939494,0,T-B,../runs/FJSP-sm04_5-T-B-73.json,0.033375506783261955,0.4761904761904745,1.1785816239141989
sm04_5,FJSP,XHE,19,completed,True,427.0,25190.0,1.1556744605265963,127.4266902,128.16766070004087,1000,1000,100,20,500,151-500,Behnke-Geiger,extension,6.328,1,0.1728361,0,T-G,../runs/FJSP-sm04_5-T-G-19.json,0.09355716921269908,1.6666666666666607,2.728273724562613
sm04_5,FJSP,XHE,42,completed,True,420.0,24600.0,1.1566945587765287,104.1447748,104.89424250007141,1000,1000,100,20,500,151-500,Behnke-Geiger,extension,6.328,6,0.174895,0,T-G,../runs/FJSP-sm04_5-T-G-42.json,0.005371100410744845,0.0,0.3221728314505956
sm04_5,FJSP,XHE,73,completed,True,422.0,24810.0,1.156370607391373,111.0875029,111.9142245000694,1000,1000,100,20,500,151-500,Behnke-Geiger,extension,6.328,2,0.1856945,0,T-G,../runs/FJSP-sm04_5-T-G-73.json,0.03337624515216131,0.4761904761904745,1.1785816239141989
sm04_5,FJSP,XTE,19,completed,True,428.0,24928.0,1.1558007767358998,114.3058716,115.0156981999753,1000,1000,100,20,500,151-500,Behnke-Geiger,extension,6.328,3,0.172092,0,B-G,../runs/FJSP-sm04_5-B-G-19.json,0.08263730936078906,1.904761904761898,1.659801802536598
sm04_5,FJSP,XTE,42,completed,True,425.0,24985.0,1.1559942718685714,110.2245079,110.96272229996976,1000,1000,100,20,500,151-500,Behnke-Geiger,extension,6.328,5,0.1806323,0,B-G,../runs/FJSP-sm04_5-B-G-42.json,0.06590992542129248,1.1904761904761862,1.8922556176338645
sm04_5,FJSP,XTE,73,completed,True,424.0,25023.0,1.1560441652230848,110.6058014,111.46305089991074,1000,1000,100,20,500,151-500,Behnke-Geiger,extension,6.328,3,0.1819678,0,B-G,../runs/FJSP-sm04_5-B-G-73.json,0.061596714616185544,0.952380952380949,2.0472248276987015
sm04_5,FJSP,XHTE,19,completed,True,424.0,25194.0,1.1559098393839693,153.1402595,153.7990880999714,1000,1000,100,20,500,151-500,Behnke-Geiger,extension,6.328,3,0.1668276,0,T-B-G,../runs/FJSP-sm04_5-T-B-G-19.json,0.07320899577725193,0.952380952380949,2.7445862729905013
sm04_5,FJSP,XHTE,42,completed,True,420.0,24600.0,1.1566945373155846,139.6010217,140.24832080001943,1000,1000,100,20,500,151-500,Behnke-Geiger,extension,6.328,4,0.1731213,0,T-B-G,../runs/FJSP-sm04_5-T-B-G-42.json,0.005372955679383562,0.0,0.3221728314505956
sm04_5,FJSP,XHTE,73,completed,True,426.0,25056.0,1.155859148028301,141.8684633,142.58527949999552,1000,1000,100,20,500,151-500,Behnke-Geiger,extension,6.328,4,0.1709845,0,T-B-G,../runs/FJSP-sm04_5-T-B-G-73.json,0.07759119266752545,1.4285714285714235,2.181803352228706
sm04_5,FJSP,NSGA-II,19,completed,True,782,47047,1.1106909712796835,1.2439057000447065,1.8573680999688804,1000,1000,100,20,500,151-500,Behnke-Geiger,extension,6.328,7,0.0425076000392437,0,NSGA-II,../runs/FJSP-sm04_5-NSGA-II-19.json,3.982316980282863,86.19047619047619,91.86411647159578
sm04_5,FJSP,NSGA-II,42,completed,True,767,47373,1.1116184114651264,1.2332631000317633,1.8486669999547303,1000,1000,100,20,500,151-500,Behnke-Geiger,extension,6.328,1,0.04267900006379932,0,NSGA-II,../runs/FJSP-sm04_5-NSGA-II-42.json,3.902141071728382,82.61904761904762,93.19358916846785
sm04_5,FJSP,NSGA-II,73,completed,True,780,48004,1.110116173853563,1.3548620999790728,2.0737669999944046,1000,1000,100,20,500,151-500,Behnke-Geiger,extension,6.328,3,0.04784409992862493,0,NSGA-II,../runs/FJSP-sm04_5-NSGA-II-73.json,4.032007414876205,85.71428571428572,95.76689368296563
sm04_5,FJSP,SPEA2,19,completed,True,795,47159,1.1095880988058198,1.2734144000569358,1.9053278000792488,1000,1000,100,20,500,151-500,Behnke-Geiger,extension,6.328,3,0.04268360009882599,0,SPEA2,../runs/FJSP-sm04_5-SPEA2-19.json,4.077658765122094,89.28571428571428,92.32086782757636
sm04_5,FJSP,SPEA2,42,completed,True,781,48047,1.1100022666054612,1.492511700023897,2.3182420999510214,1000,1000,100,20,500,151-500,Behnke-Geiger,extension,6.328,6,0.053824499947950244,0,SPEA2,../runs/FJSP-sm04_5-SPEA2-42.json,4.041854537365452,85.95238095238096,95.94225357856531
sm04_5,FJSP,SPEA2,73,completed,True,804,47739,1.1084385605196547,1.5047712000086904,2.2405093000270426,1000,1000,100,20,500,151-500,Behnke-Geiger,extension,6.328,7,0.04859670007135719,0,SPEA2,../runs/FJSP-sm04_5-SPEA2-73.json,4.177034744250518,91.42857142857143,94.68618734961869
sm04_5,FJSP,MOEA/D,19,completed,True,768,45437,1.1130251177377404,1.486687200027518,2.139169799978845,1000,1000,100,20,500,151-500,Behnke-Geiger,extension,6.328,3,0.04030069999862462,0,MOEA-D,../runs/FJSP-sm04_5-MOEA-D-19.json,3.780533279391629,82.85714285714285,85.29831572937483
sm04_5,FJSP,MOEA/D,42,completed,True,789,46655,1.1104446486273396,1.5988587000174448,2.3338026999263093,1000,1000,100,20,500,151-500,Behnke-Geiger,extension,6.328,2,0.05181510001420975,0,MOEA-D,../runs/FJSP-sm04_5-MOEA-D-42.json,4.00361122950692,87.85714285714286,90.26548672566372
sm04_5,FJSP,MOEA/D,73,completed,True,770,47812,1.1110465526098752,1.456678600050509,2.165067999972962,1000,1000,100,20,500,151-500,Behnke-Geiger,extension,6.328,5,0.04181049996986985,0,MOEA-D,../runs/FJSP-sm04_5-MOEA-D-73.json,3.9515774709747653,83.33333333333333,94.98389135842746
sm04_5,FJSP,SMS-EMOA,19,completed,True,783,46370,1.1111278740305932,1.238912499975413,1.8977025999920443,1000,1000,100,20,500,151-500,Behnke-Geiger,extension,6.328,3,0.043692999985069036,0,SMS-EMOA,../runs/FJSP-sm04_5-SMS-EMOA-19.json,3.9445473477459636,86.42857142857143,89.10321765017738
sm04_5,FJSP,SMS-EMOA,42,completed,True,789,48198,1.109262765871029,1.280371499946341,1.9653386001009494,1000,1000,100,20,500,151-500,Behnke-Geiger,extension,6.328,3,0.04268059995956719,0,SMS-EMOA,../runs/FJSP-sm04_5-SMS-EMOA-42.json,4.105783342899672,87.85714285714286,96.55805228171772
sm04_5,FJSP,SMS-EMOA,73,completed,True,787,47745,1.1097670106106425,1.2425196999683976,1.8725145999342203,1000,1000,100,20,500,151-500,Behnke-Geiger,extension,6.328,2,0.04267759993672371,0,SMS-EMOA,../runs/FJSP-sm04_5-SMS-EMOA-73.json,4.06219208950469,87.38095238095238,94.71065617226051
abz5,JSP,XG,19,completed,True,1794.0,13251.0,0.8079443777193299,0.0029551,0.7210224000737071,1,1000,10,10,100,1-150,OR-Library legacy,legacy,1.0,1,0.0028997,0,F,../runs/JSP-abz5-F-19.json,10.320229698683637,41.93037974683544,22.808155699721965
abz5,JSP,XG,42,completed,True,1794.0,13251.0,0.8079443777193299,0.0024252,0.6980728000635281,1,1000,10,10,100,1-150,OR-Library legacy,legacy,1.0,1,0.0023967,0,F,../runs/JSP-abz5-F-42.json,10.320229698683637,41.93037974683544,22.808155699721965
abz5,JSP,XG,73,completed,True,1794.0,13251.0,0.8079443777193299,0.0027877,0.7147508000489324,1,1000,10,10,100,1-150,OR-Library legacy,legacy,1.0,1,0.0027542,0,F,../runs/JSP-abz5-F-73.json,10.320229698683637,41.93037974683544,22.808155699721965
abz5,JSP,XH,19,completed,True,1264.0,11113.0,0.8970424066033353,2.5888442,3.393789800000377,1000,1000,10,10,100,1-150,OR-Library legacy,legacy,1.0,2,0.0025294,0,T,../runs/JSP-abz5-T-19.json,0.430575181657733,0.0,2.993512511584795
abz5,JSP,XH,42,completed,True,1281.0,10992.0,0.8964278822828957,2.6443193000000003,3.44279599993024,1000,1000,10,10,100,1-150,OR-Library legacy,legacy,1.0,4,0.0025064,0,T,../runs/JSP-abz5-T-42.json,0.4987858177131099,1.3449367088607556,1.8721037998146395
abz5,JSP,XH,73,completed,True,1264.0,11113.0,0.8970444456791449,2.8755532,3.95731749990955,1000,1000,10,10,100,1-150,OR-Library legacy,legacy,1.0,3,0.0028026,0,T,../runs/JSP-abz5-T-73.json,0.4303488494308283,0.0,2.993512511584795
abz5,JSP,XT,19,completed,True,1310.0,11027.0,0.8924115475974667,2.117061,2.86682509991806,1000,1000,10,10,100,1-150,OR-Library legacy,legacy,1.0,9,0.0024831,0,B,../runs/JSP-abz5-B-19.json,0.94458874917136,3.639240506329111,2.1964782205746047
abz5,JSP,XT,42,completed,True,1287.0,11055.0,0.8948973359259391,1.9707103,2.675671099917963,1000,1000,10,10,100,1-150,OR-Library legacy,legacy,1.0,6,0.0023031,0,B,../runs/JSP-abz5-B-42.json,0.6686725692180095,1.8196202531645556,2.4559777571825814
abz5,JSP,XT,73,completed,True,1286.0,11027.0,0.8953856075243488,2.1737455,2.9818160999566317,1000,1000,10,10,100,1-150,OR-Library legacy,legacy,1.0,5,0.0021756,0,B,../runs/JSP-abz5-B-73.json,0.6144756640874327,1.7405063291139333,2.1964782205746047
abz5,JSP,XE,19,completed,True,1577.0,12463.0,0.8429736766071118,1.1862669000000001,1.9266383999492973,1000,1000,10,10,100,1-150,OR-Library legacy,legacy,1.0,3,0.0025624,0,G,../runs/JSP-abz5-G-19.json,6.432066645999191,24.76265822784811,15.505097312326232
abz5,JSP,XE,42,completed,True,1477.0,11638.0,0.8647358116611602,1.1993967,1.9501928000245243,1000,1000,10,10,100,1-150,OR-Library legacy,legacy,1.0,1,0.0024378,0,G,../runs/JSP-abz5-G-42.json,4.01652502366332,16.8512658227848,7.8591288229842515
abz5,JSP,XE,73,completed,True,1659.0,12594.0,0.8315693998541435,1.1053533,1.7383788999868557,1000,1000,10,10,100,1-150,OR-Library legacy,legacy,1.0,3,0.0025902,0,G,../runs/JSP-abz5-G-73.json,7.697912350063385,31.25,16.719184430027802
abz5,JSP,XHT,19,completed,True,1264.0,10790.0,0.9009215512090474,2.402796,3.0888714999891818,1000,1000,10,10,100,1-150,OR-Library legacy,legacy,1.0,9,0.0025005,0,T-B,../runs/JSP-abz5-T-B-19.json,0.0,0.0,0.0
abz5,JSP,XHT,42,completed,True,1270.0,10847.0,0.8995088323181072,2.5134615,3.2954398000147194,1000,1000,10,10,100,1-150,OR-Library legacy,legacy,1.0,8,0.0025741,0,T-B,../runs/JSP-abz5-T-B-42.json,0.15680820256150918,0.4746835443038,0.5282669138090723
abz5,JSP,XHT,73,completed,True,1281.0,11022.0,0.8960678728561424,2.4588282,3.244349000044167,1000,1000,10,10,100,1-150,OR-Library legacy,legacy,1.0,9,0.0029756,0,T-B,../runs/JSP-abz5-T-B-73.json,0.5387459481229206,1.3449367088607556,2.1501390176088986
abz5,JSP,XHE,19,completed,True,1264.0,11113.0,0.8970555447395164,1.7793573999999999,2.482307399972342,1000,1000,10,10,100,1-150,OR-Library legacy,legacy,1.0,4,0.0024186,0,T-G,../runs/JSP-abz5-T-G-19.json,0.4291168819685498,0.0,2.993512511584795
abz5,JSP,XHE,42,completed,True,1281.0,10992.0,0.8964334947066537,1.8790387,2.649978099972941,1000,1000,10,10,100,1-150,OR-Library legacy,legacy,1.0,4,0.0027167,0,T-G,../runs/JSP-abz5-T-G-42.json,0.4981628529554749,1.3449367088607556,1.8721037998146395
abz5,JSP,XHE,73,completed,True,1281.0,11113.0,0.8949539411338346,1.8376563,2.5523528000339866,1000,1000,10,10,100,1-150,OR-Library legacy,legacy,1.0,4,0.0026493,0,T-G,../runs/JSP-abz5-T-G-73.json,0.6623895351603237,1.3449367088607556,2.993512511584795
abz5,JSP,XTE,19,completed,True,1319.0,11027.0,0.8912952694483932,1.6481219999999999,2.378573799971491,1000,1000,10,10,100,1-150,OR-Library legacy,legacy,1.0,8,0.0022597,0,B-G,../runs/JSP-abz5-B-G-19.json,1.068492783609798,4.3512658227848,2.1964782205746047
abz5,JSP,XTE,42,completed,True,1276.0,11151.0,0.8951319077644582,1.7178520000000002,2.5172832999378443,1000,1000,10,10,100,1-150,OR-Library legacy,legacy,1.0,3,0.0023801,0,B-G,../runs/JSP-abz5-B-G-42.json,0.6426356919555842,0.9493670886076,3.345690454124184
abz5,JSP,XTE,73,completed,True,1286.0,11027.0,0.8953799619987108,1.6308673,2.358362299972214,1000,1000,10,10,100,1-150,OR-Library legacy,legacy,1.0,5,0.0022292,0,B-G,../runs/JSP-abz5-B-G-73.json,0.6151023030695257,1.7405063291139333,2.1964782205746047
abz5,JSP,XHTE,19,completed,True,1264.0,10790.0,0.9009181185440889,1.8791326000000002,2.5433057999471202,1000,1000,10,10,100,1-150,OR-Library legacy,legacy,1.0,7,0.0025425,0,T-B-G,../runs/JSP-abz5-T-B-G-19.json,0.0003810170767781784,0.0,0.0
abz5,JSP,XHTE,42,completed,True,1281.0,10847.0,0.8981657467074928,2.029556,2.783985400106758,1000,1000,10,10,100,1-150,OR-Library legacy,legacy,1.0,7,0.0030035,0,T-B-G,../runs/JSP-abz5-T-B-G-42.json,0.30588728817245725,1.3449367088607556,0.5282669138090723
abz5,JSP,XHTE,73,completed,True,1281.0,11052.0,0.895713431165609,2.0861732,2.8623990000924096,1000,1000,10,10,100,1-150,OR-Library legacy,legacy,1.0,9,0.0024465,0,T-B-G,../runs/JSP-abz5-T-B-G-73.json,0.5780880739781447,1.3449367088607556,2.4281742354031577
abz5,JSP,NSGA-II,19,completed,True,1327,11417,0.8856569815365494,0.22754420002456754,1.018657400039956,1000,1000,10,10,100,1-150,OR-Library legacy,legacy,1.0,7,0.00659599993377924,0,NSGA-II,../runs/JSP-abz5-NSGA-II-19.json,1.6943283965194067,4.984177215189867,5.8109360518999065
abz5,JSP,NSGA-II,42,completed,True,1281,11243,0.8934468125363905,0.193185199983418,0.884347700048238,1000,1000,10,10,100,1-150,OR-Library legacy,legacy,1.0,2,0.0050935999024659395,0,NSGA-II,../runs/JSP-abz5-NSGA-II-42.json,0.8296769749403521,1.3449367088607556,4.198331788693244
abz5,JSP,NSGA-II,73,completed,True,1330,11389,0.8856542181916052,0.1930719999363646,0.9566882000071928,1000,1000,10,10,100,1-150,OR-Library legacy,legacy,1.0,5,0.00561079999897629,0,NSGA-II,../runs/JSP-abz5-NSGA-II-73.json,1.6946351207775323,5.221518987341778,5.55143651529193
abz5,JSP,SPEA2,19,completed,True,1326,11283,0.8873811743881685,0.2113470999756828,0.8870059999171644,1000,1000,10,10,100,1-150,OR-Library legacy,legacy,1.0,8,0.005030300002545118,0,SPEA2,../runs/JSP-abz5-SPEA2-19.json,1.5029473767951829,4.905063291139244,4.569045412418915
abz5,JSP,SPEA2,42,completed,True,1328,11316,0.8867860259221816,0.2217997000552714,0.9408158999867737,1000,1000,10,10,100,1-150,OR-Library legacy,legacy,1.0,4,0.004883900051936507,0,SPEA2,../runs/JSP-abz5-SPEA2-42.json,1.569007342303641,5.063291139240511,4.874884151992576
abz5,JSP,SPEA2,73,completed,True,1317,11327,0.8879704024174039,0.2320615000789985,0.9412450999952853,1000,1000,10,10,100,1-150,OR-Library legacy,legacy,1.0,2,0.0049242000095546246,0,SPEA2,../runs/JSP-abz5-SPEA2-73.json,1.437544564702986,4.193037974683533,4.976830398517151
abz5,JSP,MOEA/D,19,completed,True,1301,11482,0.8881200088468085,0.32944230001885444,0.9984029999468476,1000,1000,10,10,100,1-150,OR-Library legacy,legacy,1.0,4,0.005084100062958896,0,MOEA-D,../runs/JSP-abz5-MOEA-D-19.json,1.4209386316776484,2.927215189873422,6.413345690454131
abz5,JSP,MOEA/D,42,completed,True,1283,11373,0.8916212190267159,0.30979430000297725,0.927693699952215,1000,1000,10,10,100,1-150,OR-Library legacy,legacy,1.0,3,0.00522280007135123,0,MOEA-D,../runs/JSP-abz5-MOEA-D-42.json,1.0323132097184606,1.5031645569620222,5.40315106580167
abz5,JSP,MOEA/D,73,completed,True,1316,11652,0.8842482143480465,0.36179570003878325,1.1392213000217453,1000,1000,10,10,100,1-150,OR-Library legacy,legacy,1.0,3,0.006361700012348592,0,MOEA-D,../runs/JSP-abz5-MOEA-D-73.json,1.850697970164561,4.113924050632911,7.988878591288229
abz5,JSP,SMS-EMOA,19,completed,True,1333,11407,0.8850697028770285,0.19742890004999936,0.9203005000017583,1000,1000,10,10,100,1-150,OR-Library legacy,legacy,1.0,4,0.006072000018320978,0,SMS-EMOA,../runs/JSP-abz5-SMS-EMOA-19.json,1.7595148335330157,5.458860759493667,5.718257645968494
abz5,JSP,SMS-EMOA,42,completed,True,1313,11519,0.8861958857706423,0.1878116000443697,0.8314936000388116,1000,1000,10,10,100,1-150,OR-Library legacy,legacy,1.0,4,0.004532399936579168,0,SMS-EMOA,../runs/JSP-abz5-SMS-EMOA-42.json,1.634511397650884,3.876582278481022,6.7562557924003785
abz5,JSP,SMS-EMOA,73,completed,True,1344,11285,0.8851936886168048,0.1788741999771446,0.8103597000008449,1000,1000,10,10,100,1-150,OR-Library legacy,legacy,1.0,4,0.006586699979379773,0,SMS-EMOA,../runs/JSP-abz5-SMS-EMOA-73.json,1.7457527318705646,6.329113924050622,4.5875810936051975
ft06,JSP,XG,19,completed,True,84.0,290.0,0.5756978192343702,0.0008687,0.7125084000872448,1,1000,6,6,36,1-150,OR-Library legacy,legacy,1.0,1,0.000851,0,F,../runs/JSP-ft06-F-19.json,18.652064192597685,52.727272727272734,3.571428571428581
ft06,JSP,XG,42,completed,True,84.0,290.0,0.5756978192343702,0.0008549,0.7665784999262542,1,1000,6,6,36,1-150,OR-Library legacy,legacy,1.0,1,0.000837,0,F,../runs/JSP-ft06-F-42.json,18.652064192597685,52.727272727272734,3.571428571428581
ft06,JSP,XG,73,completed,True,84.0,290.0,0.5756978192343702,0.000853,0.7156701000640169,1,1000,6,6,36,1-150,OR-Library legacy,legacy,1.0,1,0.0008343,0,F,../runs/JSP-ft06-F-73.json,18.652064192597685,52.727272727272734,3.571428571428581
ft06,JSP,XH,19,completed,True,55.0,280.0,0.7062422805706582,0.7738783,1.6157715000445023,1000,1000,6,6,36,1-150,OR-Library legacy,legacy,1.0,3,0.0010527,0,T,../runs/JSP-ft06-T-19.json,0.20571594184465303,0.0,0.0
ft06,JSP,XH,42,completed,True,55.0,280.0,0.7062508696436396,0.7005763,1.4817521999357268,1000,1000,6,6,36,1-150,OR-Library legacy,legacy,1.0,4,0.0010141,0,T,../runs/JSP-ft06-T-42.json,0.2045022784709305,0.0,0.0
ft06,JSP,XH,73,completed,True,55.0,290.0,0.7002857584580898,0.6914516,1.3497187999309972,1000,1000,6,6,36,1-150,OR-Library legacy,legacy,1.0,5,0.0009939,0,T,../runs/JSP-ft06-T-73.json,1.0473914915158256,0.0,3.571428571428581
ft06,JSP,XT,19,completed,True,55.0,280.0,0.7076981284409976,0.643926,1.4245168999768794,1000,1000,6,6,36,1-150,OR-Library legacy,legacy,1.0,3,0.0008732,0,B,../runs/JSP-ft06-B-19.json,0.0,0.0,0.0
ft06,JSP,XT,42,completed,True,55.0,280.0,0.7075649978097867,0.5563259,1.2732724999077618,1000,1000,6,6,36,1-150,OR-Library legacy,legacy,1.0,6,0.0008148,0,B,../runs/JSP-ft06-B-42.json,0.01881178229257152,0.0,0.0
ft06,JSP,XT,73,completed,True,55.0,280.0,0.7076422994666188,0.585453,1.24415849999059,1000,1000,6,6,36,1-150,OR-Library legacy,legacy,1.0,7,0.0008321,0,B,../runs/JSP-ft06-B-73.json,0.007888811929135375,0.0,0.0
ft06,JSP,XE,19,completed,True,58.0,290.0,0.6879793346904068,0.415178,1.0366980000399053,1000,1000,6,6,36,1-150,OR-Library legacy,legacy,1.0,3,0.0008683,0,G,../runs/JSP-ft06-G-19.json,2.786328373374347,5.454545454545445,3.571428571428581
ft06,JSP,XE,42,completed,True,64.0,283.0,0.6667802142114804,0.4295705,1.2148673000046983,1000,1000,6,6,36,1-150,OR-Library legacy,legacy,1.0,3,0.0008667,0,G,../runs/JSP-ft06-G-42.json,5.781831629208356,16.36363636363636,1.0714285714285676
ft06,JSP,XE,73,completed,True,65.0,283.0,0.6623946335472014,0.4406654,1.2147096999688074,1000,1000,6,6,36,1-150,OR-Library legacy,legacy,1.0,3,0.0008545,0,G,../runs/JSP-ft06-G-73.json,6.401528147827118,18.181818181818187,1.0714285714285676
ft06,JSP,XHT,19,completed,True,55.0,280.0,0.7068091593874275,0.7543657,1.5387730000074953,1000,1000,6,6,36,1-150,OR-Library legacy,legacy,1.0,3,0.0015229,0,T-B,../runs/JSP-ft06-T-B-19.json,0.12561415917947683,0.0,0.0
ft06,JSP,XHT,42,completed,True,55.0,280.0,0.7062852259355649,0.6747348,1.4281083999667317,1000,1000,6,6,36,1-150,OR-Library legacy,legacy,1.0,7,0.0010193,0,T-B,../runs/JSP-ft06-T-B-42.json,0.1996476249760848,0.0,0.0
ft06,JSP,XHT,73,completed,True,55.0,290.0,0.7005520197205117,0.7272916,1.47224010003265,1000,1000,6,6,36,1-150,OR-Library legacy,legacy,1.0,5,0.0009388,0,T-B,../runs/JSP-ft06-T-B-73.json,1.0097679269306714,0.0,3.571428571428581
ft06,JSP,XHE,19,completed,True,55.0,280.0,0.7063195822274904,0.5339266,1.2297488000476733,1000,1000,6,6,36,1-150,OR-Library legacy,legacy,1.0,5,0.0016064,0,T-G,../runs/JSP-ft06-T-G-19.json,0.19479297148121688,0.0,0.0
ft06,JSP,XHE,42,completed,True,55.0,280.0,0.7063195822274904,0.5311724,1.248706900049001,1000,1000,6,6,36,1-150,OR-Library legacy,legacy,1.0,5,0.0009767,0,T-G,../runs/JSP-ft06-T-G-42.json,0.19479297148121688,0.0,0.0
ft06,JSP,XHE,73,completed,True,55.0,290.0,0.7005047798191143,0.548234,1.2361021999968216,1000,1000,6,6,36,1-150,OR-Library legacy,legacy,1.0,5,0.0009624,0,T-G,../runs/JSP-ft06-T-G-73.json,1.0164430754861065,0.0,3.571428571428581
ft06,JSP,XTE,19,completed,True,55.0,280.0,0.7073373873757808,0.4988176,1.1753639000235125,1000,1000,6,6,36,1-150,OR-Library legacy,legacy,1.0,7,0.0007943,0,B-G,../runs/JSP-ft06-B-G-19.json,0.050973861696013145,0.0,0.0
ft06,JSP,XTE,42,completed,True,55.0,280.0,0.7075048742989172,0.5562472,1.3205877000000328,1000,1000,6,6,36,1-150,OR-Library legacy,legacy,1.0,7,0.0008981,0,B-G,../runs/JSP-ft06-B-G-42.json,0.027307425908573713,0.0,0.0
ft06,JSP,XTE,73,completed,True,55.0,280.0,0.7073889218136689,0.5433815,1.2475087000057101,1000,1000,6,6,36,1-150,OR-Library legacy,legacy,1.0,8,0.0007911,0,B-G,../runs/JSP-ft06-B-G-73.json,0.04369188145373348,0.0,0.0
ft06,JSP,XHTE,19,completed,True,55.0,280.0,0.7065042472965894,0.6394422,1.4197893000673503,1000,1000,6,6,36,1-150,OR-Library legacy,legacy,1.0,4,0.0009889,0,T-B-G,../runs/JSP-ft06-T-B-G-19.json,0.1686992089463546,0.0,0.0
ft06,JSP,XHTE,42,completed,True,55.0,280.0,0.7062251024246954,0.6261762,1.3999308999627829,1000,1000,6,6,36,1-150,OR-Library legacy,legacy,1.0,6,0.001013,0,T-B-G,../runs/JSP-ft06-T-B-G-42.json,0.20814326859209809,0.0,0.0
ft06,JSP,XHTE,73,completed,True,55.0,290.0,0.7009428225411632,0.6367196,1.4070803000358865,1000,1000,6,6,36,1-150,OR-Library legacy,legacy,1.0,3,0.0011582,0,T-B-G,../runs/JSP-ft06-T-B-G-73.json,0.9545462434266572,0.0,3.571428571428581
ft06,JSP,NSGA-II,19,completed,True,55,288,0.702451922663987,0.08644399989861995,0.7299089999869466,1000,1000,6,6,36,1-150,OR-Library legacy,legacy,1.0,5,0.0039206999354064465,0,NSGA-II,../runs/JSP-ft06-NSGA-II-19.json,0.7413055886649755,0.0,2.857142857142847
ft06,JSP,NSGA-II,42,completed,True,55,283,0.7058038083949602,0.09010699996724725,0.7353845000034198,1000,1000,6,6,36,1-150,OR-Library legacy,legacy,1.0,4,0.004468300030566752,0,NSGA-II,../runs/JSP-ft06-NSGA-II-42.json,0.26767345707278123,0.0,1.0714285714285676
ft06,JSP,NSGA-II,73,completed,True,55,286,0.703759179571749,0.09900799999013543,0.8950458999024704,1000,1000,6,6,36,1-150,OR-Library legacy,legacy,1.0,3,0.004286100040189922,0,NSGA-II,../runs/JSP-ft06-NSGA-II-73.json,0.556586023185579,0.0,2.1428571428571352
ft06,JSP,SPEA2,19,completed,True,55,282,0.7063221589493847,0.12891249998938292,0.9001232999144122,1000,1000,6,6,36,1-150,OR-Library legacy,legacy,1.0,6,0.004771900014020503,0,SPEA2,../runs/JSP-ft06-SPEA2-19.json,0.19442887246912122,0.0,0.7142857142857117
ft06,JSP,SPEA2,42,completed,True,55,284,0.7051308545268711,0.1234859999967739,0.8318411000072956,1000,1000,6,6,36,1-150,OR-Library legacy,legacy,1.0,5,0.00478560000192374,0,SPEA2,../runs/JSP-ft06-SPEA2-42.json,0.36276398240334684,0.0,1.4285714285714235
ft06,JSP,SPEA2,73,completed,True,55,281,0.7072012505690262,0.11954640003386885,0.8255069999722764,1000,1000,6,6,36,1-150,OR-Library legacy,legacy,1.0,5,0.004496800014749169,0,SPEA2,../runs/JSP-ft06-SPEA2-73.json,0.07021042616941475,0.0,0.3571428571428559
ft06,JSP,MOEA/D,19,completed,True,55,295,0.6978743762185748,0.2370979000115767,0.9414782000239938,1000,1000,6,6,36,1-150,OR-Library legacy,legacy,1.0,3,0.005596200004220009,0,MOEA-D,../runs/JSP-ft06-MOEA-D-19.json,1.3881274836862523,0.0,5.35714285714286
ft06,JSP,MOEA/D,42,completed,True,55,295,0.6978872598280469,0.20320800004992634,0.8925276000518352,1000,1000,6,6,36,1-150,OR-Library legacy,legacy,1.0,3,0.005107000004500151,0,MOEA-D,../runs/JSP-ft06-MOEA-D-42.json,1.386306988625674,0.0,5.35714285714286
ft06,JSP,MOEA/D,73,completed,True,57,285,0.6955493141625227,0.23522909998428077,0.9720311999553815,1000,1000,6,6,36,1-150,OR-Library legacy,legacy,1.0,5,0.005621800082735717,0,MOEA-D,../runs/JSP-ft06-MOEA-D-73.json,1.716666158950808,3.6363636363636376,1.7857142857142794
ft06,JSP,SMS-EMOA,19,completed,True,55,292,0.6999404777242394,0.08343550004065037,0.6922321000602096,1000,1000,6,6,36,1-150,OR-Library legacy,legacy,1.0,4,0.004162800032645464,0,SMS-EMOA,../runs/JSP-ft06-SMS-EMOA-19.json,1.0961807591391648,0.0,4.285714285714293
ft06,JSP,SMS-EMOA,42,completed,True,55,286,0.7037720631812211,0.10742869996465743,1.0528590000467375,1000,1000,6,6,36,1-150,OR-Library legacy,legacy,1.0,4,0.004505599965341389,0,SMS-EMOA,../runs/JSP-ft06-SMS-EMOA-42.json,0.5547655281250008,0.0,2.1428571428571352
ft06,JSP,SMS-EMOA,73,completed,True,57,287,0.6945899147105054,0.09682650002650917,0.7879875999642536,1000,1000,6,6,36,1-150,OR-Library legacy,legacy,1.0,6,0.005152600002475083,0,SMS-EMOA,../runs/JSP-ft06-SMS-EMOA-73.json,1.8522323577947808,3.6363636363636376,2.499999999999991
la01,JSP,XG,19,completed,True,751.0,5496.0,0.7586891030099174,0.001229,0.642117099952884,1,1000,10,5,50,1-150,OR-Library legacy,legacy,1.0,1,0.0012078,0,F,../runs/JSP-la01-F-19.json,4.816864504633078,12.762762762762758,7.490709955016617
la01,JSP,XG,42,completed,True,751.0,5496.0,0.7586891030099174,0.0012354,0.6410996000049636,1,1000,10,5,50,1-150,OR-Library legacy,legacy,1.0,1,0.0012157,0,F,../runs/JSP-la01-F-42.json,4.816864504633078,12.762762762762758,7.490709955016617
la01,JSP,XG,73,completed,True,751.0,5496.0,0.7586891030099174,0.0012742,0.7259618999669328,1,1000,10,5,50,1-150,OR-Library legacy,legacy,1.0,1,0.0012534,0,F,../runs/JSP-la01-F-73.json,4.816864504633078,12.762762762762758,7.490709955016617
la01,JSP,XH,19,completed,True,666.0,5325.0,0.7906713938163571,1.2452323,1.9748085999162868,1000,1000,10,5,50,1-150,OR-Library legacy,legacy,1.0,3,0.0014332,0,T,../runs/JSP-la01-T-19.json,0.8044505827716208,0.0,4.146293761001374
la01,JSP,XH,42,completed,True,666.0,5298.0,0.7916103881319748,1.262265,1.9863823000341654,1000,1000,10,5,50,1-150,OR-Library legacy,legacy,1.0,5,0.0014063,0,T,../runs/JSP-la01-T-42.json,0.6866468304595807,0.0,3.6182280461568572
la01,JSP,XH,73,completed,True,666.0,5268.0,0.7921425682359345,1.2195719,1.9281404000939801,1000,1000,10,5,50,1-150,OR-Library legacy,legacy,1.0,4,0.0015278,0,T,../runs/JSP-la01-T-73.json,0.6198809170674169,0.0,3.031488362996293
la01,JSP,XT,19,completed,True,668.0,5157.0,0.7951494166236182,0.9667039,1.6440980000188574,1000,1000,10,5,50,1-150,OR-Library legacy,legacy,1.0,8,0.0012598,0,B,../runs/JSP-la01-B-19.json,0.2426496422758384,0.30030030030030463,0.8605515353021786
la01,JSP,XT,42,completed,True,668.0,5114.0,0.7964390958950455,0.9361017,1.6107080999063328,1000,1000,10,5,50,1-150,OR-Library legacy,legacy,1.0,8,0.0012358,0,B,../runs/JSP-la01-B-42.json,0.08084987956561429,0.30030030030030463,0.019557989438689916
la01,JSP,XT,73,completed,True,671.0,5157.0,0.7941486775393412,1.0164197,1.7259494999889284,1000,1000,10,5,50,1-150,OR-Library legacy,legacy,1.0,11,0.001352,0,B,../runs/JSP-la01-B-73.json,0.3681997305482909,0.7507507507507505,0.8605515353021786
la01,JSP,XE,19,completed,True,682.0,5350.0,0.785026589909005,0.5692236,1.328332099947147,1000,1000,10,5,50,1-150,OR-Library legacy,legacy,1.0,3,0.0013765,0,G,../runs/JSP-la01-G-19.json,1.512632805274483,2.4024024024023927,4.635243496968511
la01,JSP,XE,42,completed,True,740.0,5168.0,0.7715060268201724,0.6102557,1.4090374000370502,1000,1000,10,5,50,1-150,OR-Library legacy,legacy,1.0,4,0.0016081,0,G,../runs/JSP-la01-G-42.json,3.208887019751039,11.111111111111116,1.0756894191277233
la01,JSP,XE,73,completed,True,701.0,5314.0,0.7799239934550571,0.5750467,1.3949875000398606,1000,1000,10,5,50,1-150,OR-Library legacy,legacy,1.0,4,0.0018113,0,G,../runs/JSP-la01-G-73.json,2.1527911095488905,5.255255255255253,3.9311558771758293
la01,JSP,XHT,19,completed,True,673.0,5113.0,0.7947661818985092,1.1132057,1.7756366999819875,1000,1000,10,5,50,1-150,OR-Library legacy,legacy,1.0,9,0.0015949,0,T-B,../runs/JSP-la01-T-B-19.json,0.29072926095212726,1.0510510510510551,0.0
la01,JSP,XHT,42,completed,True,666.0,5252.0,0.7931121053725478,1.2937819,2.0745276999659836,1000,1000,10,5,50,1-150,OR-Library legacy,legacy,1.0,4,0.0016852,0,T-B,../runs/JSP-la01-T-B-42.json,0.4982453429225653,0.0,2.718560531977321
la01,JSP,XHT,73,completed,True,666.0,5325.0,0.7905628781585259,1.1064894,1.718939800048247,1000,1000,10,5,50,1-150,OR-Library legacy,legacy,1.0,2,0.0013934,0,T-B,../runs/JSP-la01-T-B-73.json,0.8180646712325434,0.0,4.146293761001374
la01,JSP,XHE,19,completed,True,666.0,5325.0,0.7908227095871886,0.8643422,1.5500472000567243,1000,1000,10,5,50,1-150,OR-Library legacy,legacy,1.0,3,0.0014025,0,T-G,../runs/JSP-la01-T-G-19.json,0.7854669049245255,0.0,4.146293761001374
la01,JSP,XHE,42,completed,True,666.0,5322.0,0.7908256750411895,0.9140355,1.6477893999544904,1000,1000,10,5,50,1-150,OR-Library legacy,legacy,1.0,6,0.0013776,0,T-G,../runs/JSP-la01-T-G-42.json,0.7850948668804092,0.0,4.087619792685304
la01,JSP,XHE,73,completed,True,666.0,5325.0,0.7905516052444801,0.8218718,1.493329600081779,1000,1000,10,5,50,1-150,OR-Library legacy,legacy,1.0,3,0.0014036,0,T-G,../runs/JSP-la01-T-G-73.json,0.8194789413212944,0.0,4.146293761001374
la01,JSP,XTE,19,completed,True,666.0,5182.0,0.795076635487306,0.8201795,1.6727585999760777,1000,1000,10,5,50,1-150,OR-Library legacy,legacy,1.0,6,0.001499,0,B-G,../runs/JSP-la01-B-G-19.json,0.2517805718379229,0.0,1.3495012712693155
la01,JSP,XTE,42,completed,True,666.0,5114.0,0.7970835369747269,0.7926581,1.5586409999523312,1000,1000,10,5,50,1-150,OR-Library legacy,legacy,1.0,8,0.0012922,0,B-G,../runs/JSP-la01-B-G-42.json,0.0,0.0,0.019557989438689916
la01,JSP,XTE,73,completed,True,671.0,5160.0,0.7940384161198483,0.8278607,1.6746089999796823,1000,1000,10,5,50,1-150,OR-Library legacy,legacy,1.0,9,0.0013188,0,B-G,../runs/JSP-la01-B-G-73.json,0.3820328376667015,0.7507507507507505,0.9192255036182262
la01,JSP,XHTE,19,completed,True,673.0,5113.0,0.794769372810791,0.9978309,1.7039680000161752,1000,1000,10,5,50,1-150,OR-Library legacy,legacy,1.0,8,0.0017557,0,T-B-G,../runs/JSP-la01-T-B-G-19.json,0.29032893750624567,1.0510510510510551,0.0
la01,JSP,XHTE,42,completed,True,666.0,5250.0,0.7931879948763066,1.0351776,1.8225283999927342,1000,1000,10,5,50,1-150,OR-Library legacy,legacy,1.0,3,0.0017724,0,T-B-G,../runs/JSP-la01-T-B-G-42.json,0.48872444577208185,0.0,2.679444553099941
la01,JSP,XHTE,73,completed,True,666.0,5363.0,0.7896421927801361,1.00982,1.7495338999433443,1000,1000,10,5,50,1-150,OR-Library legacy,legacy,1.0,4,0.0013884,0,T-B-G,../runs/JSP-la01-T-B-G-73.json,0.9335714325293676,0.0,4.889497359671435
la01,JSP,NSGA-II,19,completed,True,680,5441,0.7826814554157482,0.12273119995370507,0.8639830000465736,1000,1000,10,5,50,1-150,OR-Library legacy,legacy,1.0,8,0.004427999956533313,0,NSGA-II,../runs/JSP-la01-NSGA-II-19.json,1.8068471986814272,2.1021021021021102,6.415020535888916
la01,JSP,NSGA-II,42,completed,True,669,5361,0.7886584283635882,0.1082110001007095,0.7469111999962479,1000,1000,10,5,50,1-150,OR-Library legacy,legacy,1.0,5,0.004395000054500997,0,NSGA-II,../runs/JSP-la01-NSGA-II-42.json,1.0569919237217618,0.45045045045044585,4.8503813807940555
la01,JSP,NSGA-II,73,completed,True,687,5447,0.7802980854156706,0.11606579995714128,0.8824380999431014,1000,1000,10,5,50,1-150,OR-Library legacy,legacy,1.0,6,0.004819299909286201,0,NSGA-II,../runs/JSP-la01-NSGA-II-73.json,2.105858518012338,3.153153153153143,6.532368472521033
la01,JSP,SPEA2,19,completed,True,694,5262,0.7836094453960373,0.17818970000371337,1.00584770005662,1000,1000,10,5,50,1-150,OR-Library legacy,legacy,1.0,6,0.005099699948914349,0,SPEA2,../runs/JSP-la01-SPEA2-19.json,1.690424021280068,4.204204204204198,2.9141404263641757
la01,JSP,SPEA2,42,completed,True,666,5335,0.7902416432286564,0.13905709993559867,0.8098882000194862,1000,1000,10,5,50,1-150,OR-Library legacy,legacy,1.0,6,0.00431879993993789,0,SPEA2,../runs/JSP-la01-SPEA2-42.json,0.8583659589857295,0.0,4.341873655388229
la01,JSP,SPEA2,73,completed,True,689,5392,0.7813111015041517,0.14156939997337759,0.8472038999898359,1000,1000,10,5,50,1-150,OR-Library legacy,legacy,1.0,4,0.004071900038979948,0,SPEA2,../runs/JSP-la01-SPEA2-73.json,1.9787681891459297,3.453453453453448,5.45667905339331
la01,JSP,MOEA/D,19,completed,True,666,5412,0.7881804580400582,0.26630260003730655,0.9574127999367192,1000,1000,10,5,50,1-150,OR-Library legacy,legacy,1.0,5,0.005345400073565543,0,MOEA-D,../runs/JSP-la01-MOEA-D-19.json,1.11695682091989,0.0,5.847838842167019
la01,JSP,MOEA/D,42,completed,True,677,5210,0.7908661811469816,0.23734909994527698,0.888254199991934,1000,1000,10,5,50,1-150,OR-Library legacy,legacy,1.0,5,0.0049866000190377235,0,MOEA-D,../runs/JSP-la01-MOEA-D-42.json,0.7800130775932002,1.6516516516516422,1.8971249755525221
la01,JSP,MOEA/D,73,completed,True,707,5392,0.7757175801156148,0.26057759998366237,0.9687253000447527,1000,1000,10,5,50,1-150,OR-Library legacy,legacy,1.0,6,0.005385300028137863,0,MOEA-D,../runs/JSP-la01-MOEA-D-73.json,2.680516641982733,6.156156156156145,5.45667905339331
la01,JSP,SMS-EMOA,19,completed,True,666,5282,0.7920640446895275,0.12773419998120517,0.8398420999292284,1000,1000,10,5,50,1-150,OR-Library legacy,legacy,1.0,2,0.005341000040061772,0,SMS-EMOA,../runs/JSP-la01-SMS-EMOA-19.json,0.6297322742670697,0.0,3.305300215137885
la01,JSP,SMS-EMOA,42,completed,True,672,5357,0.7877763271515468,0.11932180006988347,0.8018915000138804,1000,1000,10,5,50,1-150,OR-Library legacy,legacy,1.0,8,0.005032800021581352,0,SMS-EMOA,../runs/JSP-la01-SMS-EMOA-42.json,1.1676580171891326,0.9009009009008917,4.772149423039318
la01,JSP,SMS-EMOA,73,completed,True,696,5393,0.7790924454104516,0.1214449000544846,0.7904014999512583,1000,1000,10,5,50,1-150,OR-Library legacy,legacy,1.0,7,0.004061800078488886,0,SMS-EMOA,../runs/JSP-la01-SMS-EMOA-73.json,2.257114935852167,4.504504504504503,5.4762370428319995
la06,JSP,XG,19,completed,True,963.0,10245.0,0.7977158751370479,0.0026789,0.7480028999270871,1,1000,15,5,75,1-150,OR-Library legacy,legacy,1.0,1,0.0026518,0,F,../runs/JSP-la06-F-19.json,2.187041157682179,3.995680345572361,6.70763462139361
la06,JSP,XG,42,completed,True,963.0,10245.0,0.7977158751370479,0.0021982,0.7278214999241754,1,1000,15,5,75,1-150,OR-Library legacy,legacy,1.0,1,0.0021758,0,F,../runs/JSP-la06-F-42.json,2.187041157682179,3.995680345572361,6.70763462139361
la06,JSP,XG,73,completed,True,963.0,10245.0,0.7977158751370479,0.0022201,0.8561148999724537,1,1000,15,5,75,1-150,OR-Library legacy,legacy,1.0,1,0.0021985,0,F,../runs/JSP-la06-F-73.json,2.187041157682179,3.995680345572361,6.70763462139361
la06,JSP,XH,19,completed,True,926.0,10044.0,0.809189231837088,2.1537056,2.853491200017743,1000,1000,15,5,75,1-150,OR-Library legacy,legacy,1.0,3,0.0024058,0,T,../runs/JSP-la06-T-19.json,0.7802207575096864,0.0,4.614102697635669
la06,JSP,XH,42,completed,True,926.0,10137.0,0.807861452698316,2.277042,3.0097331000724807,1000,1000,15,5,75,1-150,OR-Library legacy,legacy,1.0,3,0.002895,0,T,../runs/JSP-la06-T-42.json,0.9430281057150602,0.0,5.582751796687835
la06,JSP,XH,73,completed,True,926.0,9684.0,0.8142679304835458,2.0789844,2.674802399938926,1000,1000,15,5,75,1-150,OR-Library legacy,legacy,1.0,4,0.0022963,0,T,../runs/JSP-la06-T-73.json,0.15748958572101568,0.0,0.8644932819497964
la06,JSP,XT,19,completed,True,926.0,9601.0,0.8155523404859152,1.7807469,2.485468600061722,1000,1000,15,5,75,1-150,OR-Library legacy,legacy,1.0,3,0.0021064,0,B,../runs/JSP-la06-B-19.json,0.0,0.0,0.0
la06,JSP,XT,42,completed,True,926.0,9813.0,0.8125581615803419,1.8886844,2.7268215999938548,1000,1000,15,5,75,1-150,OR-Library legacy,legacy,1.0,4,0.0025151,0,B,../runs/JSP-la06-B-42.json,0.3671351005858581,0.0,2.208103322570576
la06,JSP,XT,73,completed,True,926.0,9746.0,0.8135188479832077,1.933902,2.7149127000011504,1000,1000,15,5,75,1-150,OR-Library legacy,legacy,1.0,2,0.0021983,0,B,../runs/JSP-la06-B-73.json,0.2493393007119371,0.0,1.5102593479845883
la06,JSP,XE,19,completed,True,960.0,10147.0,0.7998146853158555,0.8454684,1.5407831000629812,1000,1000,15,5,75,1-150,OR-Library legacy,legacy,1.0,2,0.0022034,0,G,../runs/JSP-la06-G-19.json,1.9296928460389218,3.6717062634989306,5.686907613790226
la06,JSP,XE,42,completed,True,960.0,10021.0,0.8015929880803694,0.9234787,1.6882478999905288,1000,1000,15,5,75,1-150,OR-Library legacy,legacy,1.0,3,0.0025236,0,G,../runs/JSP-la06-G-42.json,1.711643963553422,3.6717062634989306,4.3745443183001775
la06,JSP,XE,73,completed,True,963.0,10236.0,0.797844948413862,0.9135487,1.6951799999224022,1000,1000,15,5,75,1-150,OR-Library legacy,legacy,1.0,1,0.0023344,0,G,../runs/JSP-la06-G-73.json,2.171214671703714,3.995680345572361,6.613894386001462
la06,JSP,XHT,19,completed,True,926.0,9767.0,0.8132312353497912,2.1286638,2.923457400058396,1000,1000,15,5,75,1-150,OR-Library legacy,legacy,1.0,2,0.0024051,0,T-B,../runs/JSP-la06-T-B-19.json,0.28460529397058565,0.0,1.7289865638995927
la06,JSP,XHT,42,completed,True,926.0,9812.0,0.8125583088354399,1.9564736,2.642918400000781,1000,1000,15,5,75,1-150,OR-Library legacy,legacy,1.0,3,0.0023252,0,T-B,../runs/JSP-la06-T-B-42.json,0.36711704471247275,0.0,2.1976877408603324
la06,JSP,XHT,73,completed,True,926.0,9850.0,0.8120237619527634,1.9679349,2.6753115000901744,1000,1000,15,5,75,1-150,OR-Library legacy,legacy,1.0,3,0.0024045,0,T-B,../runs/JSP-la06-T-B-73.json,0.43266119879558085,0.0,2.593479845849389
la06,JSP,XHE,19,completed,True,926.0,10137.0,0.8078691919577299,1.5652439999999999,2.28217419993598,1000,1000,15,5,75,1-150,OR-Library legacy,legacy,1.0,3,0.0026016,0,T-G,../runs/JSP-la06-T-G-19.json,0.9420791464601286,0.0,5.582751796687835
la06,JSP,XHE,42,completed,True,926.0,10140.0,0.8078163282142109,1.5417199,2.272517399978824,1000,1000,15,5,75,1-150,OR-Library legacy,legacy,1.0,3,0.0024045,0,T-G,../runs/JSP-la06-T-G-42.json,0.9485611024174223,0.0,5.613998541818566
la06,JSP,XHE,73,completed,True,926.0,10137.0,0.8078671295496807,1.5221309,2.2914769999915734,1000,1000,15,5,75,1-150,OR-Library legacy,legacy,1.0,4,0.002371,0,T-G,../runs/JSP-la06-T-G-73.json,0.9423320312777927,0.0,5.582751796687835
la06,JSP,XTE,19,completed,True,926.0,9687.0,0.8143166183736882,1.360933,2.028128099977039,1000,1000,15,5,75,1-150,OR-Library legacy,legacy,1.0,6,0.0021364,0,B-G,../runs/JSP-la06-B-G-19.json,0.1515196574006228,0.0,0.8957400270805049
la06,JSP,XTE,42,completed,True,926.0,9813.0,0.8125467995108455,1.3011539,1.9343890000600368,1000,1000,15,5,75,1-150,OR-Library legacy,legacy,1.0,6,0.002215,0,B-G,../runs/JSP-la06-B-G-42.json,0.3685282753623009,0.0,2.208103322570576
la06,JSP,XTE,73,completed,True,926.0,9792.0,0.8128922976212949,1.3834463000000001,2.1377324999775738,1000,1000,15,5,75,1-150,OR-Library legacy,legacy,1.0,1,0.002577,0,B-G,../runs/JSP-la06-B-G-73.json,0.3261645798276258,0.0,1.9893761066555493
la06,JSP,XHTE,19,completed,True,926.0,9767.0,0.8132436599986883,1.6152144000000002,2.3047337000025436,1000,1000,15,5,75,1-150,OR-Library legacy,legacy,1.0,2,0.0023418,0,T-B-G,../runs/JSP-la06-T-B-G-19.json,0.28308182965318673,0.0,1.7289865638995927
la06,JSP,XHTE,42,completed,True,926.0,9784.0,0.8129807159408999,1.7162765,2.4816641999641433,1000,1000,15,5,75,1-150,OR-Library legacy,legacy,1.0,5,0.0023968,0,T-B-G,../runs/JSP-la06-T-B-G-42.json,0.31532305375803205,0.0,1.906051452973645
la06,JSP,XHTE,73,completed,True,926.0,9850.0,0.8120424867771617,1.6986485999999998,2.457311399979517,1000,1000,15,5,75,1-150,OR-Library legacy,legacy,1.0,2,0.0025214,0,T-B-G,../runs/JSP-la06-T-B-G-73.json,0.43036523034956087,0.0,2.593479845849389
la06,JSP,NSGA-II,19,completed,True,926,10516,0.8023474863889437,0.16819110000506043,0.958480600034818,1000,1000,15,5,75,1-150,OR-Library legacy,legacy,1.0,4,0.005583000020124018,0,NSGA-II,../runs/JSP-la06-NSGA-II-19.json,1.6191301822644388,0.0,9.530257264868247
la06,JSP,NSGA-II,42,completed,True,926,10454,0.8032898495722242,0.17058579996228218,0.9023941999766976,1000,1000,15,5,75,1-150,OR-Library legacy,legacy,1.0,2,0.005541599937714636,0,NSGA-II,../runs/JSP-la06-NSGA-II-42.json,1.5035811075454597,0.0,8.884491198833455
la06,JSP,NSGA-II,73,completed,True,926,10501,0.8024423571592083,0.15690489998087287,0.8550650000106543,1000,1000,15,5,75,1-150,OR-Library legacy,legacy,1.0,6,0.0044262000592425466,0,NSGA-II,../runs/JSP-la06-NSGA-II-73.json,1.6074974806516762,0.0,9.37402353921466
la06,JSP,SPEA2,19,completed,True,926,10467,0.8028862300419143,0.2031343000708148,0.9634588999906555,1000,1000,15,5,75,1-150,OR-Library legacy,legacy,1.0,4,0.004983399994671345,0,SPEA2,../runs/JSP-la06-SPEA2-19.json,1.5530714357896769,0.0,9.019893761066555
la06,JSP,SPEA2,42,completed,True,926,10424,0.803696934617398,0.1880002999678254,0.8417684999294579,1000,1000,15,5,75,1-150,OR-Library legacy,legacy,1.0,5,0.004894500016234815,0,SPEA2,../runs/JSP-la06-SPEA2-42.json,1.4536658507354194,0.0,8.572023747526302
la06,JSP,SPEA2,73,completed,True,926,10674,0.8000998397931469,0.18646850006189197,0.8778059999458492,1000,1000,15,5,75,1-150,OR-Library legacy,legacy,1.0,2,0.004952399991452694,0,SPEA2,../runs/JSP-la06-SPEA2-73.json,1.8947282627576612,0.0,11.175919175085935
la06,JSP,MOEA/D,19,completed,True,926,10096,0.8084393879609588,0.32663609995506704,1.0405899999896064,1000,1000,15,5,75,1-150,OR-Library legacy,legacy,1.0,7,0.005235799937509,0,MOEA-D,../runs/JSP-la06-MOEA-D-19.json,0.8721638295732692,0.0,5.1557129465680696
la06,JSP,MOEA/D,42,completed,True,926,10745,0.7990528719429508,0.3489388000452891,1.0580973000032827,1000,1000,15,5,75,1-150,OR-Library legacy,legacy,1.0,5,0.00552950007840991,0,MOEA-D,../runs/JSP-la06-MOEA-D-42.json,2.023103573356655,0.0,11.915425476512853
la06,JSP,MOEA/D,73,completed,True,926,10470,0.8030519773682303,0.285450900089927,0.9215982999885455,1000,1000,15,5,75,1-150,OR-Library legacy,legacy,1.0,3,0.005473400000482798,0,MOEA-D,../runs/JSP-la06-MOEA-D-73.json,1.5327481140250288,0.0,9.051140506197264
la06,JSP,SMS-EMOA,19,completed,True,926,10369,0.8044967138686192,0.1567959999665618,0.844751000055112,1000,1000,15,5,75,1-150,OR-Library legacy,legacy,1.0,4,0.004142099991440773,0,SMS-EMOA,../runs/JSP-la06-SMS-EMOA-19.json,1.355599888378578,0.0,7.999166753463172
la06,JSP,SMS-EMOA,42,completed,True,926,10770,0.7986842991259743,0.19113569997716695,1.0240104999393225,1000,1000,15,5,75,1-150,OR-Library legacy,legacy,1.0,5,0.005911099957302213,0,SMS-EMOA,../runs/JSP-la06-SMS-EMOA-42.json,2.068296603733699,0.0,12.175815019268832
la06,JSP,SMS-EMOA,73,completed,True,926,10303,0.805425676837978,0.16016960004344583,0.8533178000943735,1000,1000,15,5,75,1-150,OR-Library legacy,legacy,1.0,2,0.005081700044684112,0,SMS-EMOA,../runs/JSP-la06-SMS-EMOA-73.json,1.2416938981382297,0.0,7.31173836058745
la16,JSP,XG,19,completed,True,1128.0,8807.0,0.8317684683595105,0.0023455,0.6611658000620082,1,1000,10,10,100,1-150,OR-Library legacy,legacy,1.0,1,0.0023158,0,F,../runs/JSP-la16-F-19.json,4.660793568996602,15.219611848825343,15.350360183366085
la16,JSP,XG,42,completed,True,1128.0,8807.0,0.8317684683595105,0.0025406,0.7546816000249237,1,1000,10,10,100,1-150,OR-Library legacy,legacy,1.0,1,0.0025079,0,F,../runs/JSP-la16-F-42.json,4.660793568996602,15.219611848825343,15.350360183366085
la16,JSP,XG,73,completed,True,1128.0,8807.0,0.8317684683595105,0.0023923,0.6282443000236526,1,1000,10,10,100,1-150,OR-Library legacy,legacy,1.0,1,0.0023592,0,F,../runs/JSP-la16-F-73.json,4.660793568996602,15.219611848825343,15.350360183366085
la16,JSP,XH,19,completed,True,1021.0,7884.0,0.8661540031797355,2.3122834,3.117254399927333,1000,1000,10,10,100,1-150,OR-Library legacy,legacy,1.0,4,0.002472,0,T,../runs/JSP-la16-T-19.json,0.719444831731253,4.290091930541373,3.261296660117874
la16,JSP,XH,42,completed,True,1024.0,7838.0,0.8663733206077798,2.3026629,2.973555800039321,1000,1000,10,10,100,1-150,OR-Library legacy,legacy,1.0,4,0.0028072,0,T,../runs/JSP-la16-T-42.json,0.694306165934655,4.596527068437184,2.658808120497702
la16,JSP,XH,73,completed,True,1028.0,7892.0,0.8647596295642952,2.6131539999999998,3.364845099975355,1000,1000,10,10,100,1-150,OR-Library legacy,legacy,1.0,3,0.0026246,0,T,../runs/JSP-la16-T-73.json,0.8792711283767574,5.005107252298258,3.3660772757039936
la16,JSP,XT,19,completed,True,1009.0,7635.0,0.8724158140754157,1.9256107999999998,2.6000414999434724,1000,1000,10,10,100,1-150,OR-Library legacy,legacy,1.0,7,0.0022449,0,B,../runs/JSP-la16-B-19.json,0.0017017285422027406,3.06435137895813,0.0
la16,JSP,XT,42,completed,True,1009.0,7635.0,0.8724290993521823,1.9259444000000001,2.648121500038542,1000,1000,10,10,100,1-150,OR-Library legacy,legacy,1.0,7,0.0022747,0,B,../runs/JSP-la16-B-42.json,0.00017893969852522673,3.06435137895813,0.0
la16,JSP,XT,73,completed,True,1009.0,7635.0,0.8724306604769759,1.9577277,2.7260893000056967,1000,1000,10,10,100,1-150,OR-Library legacy,legacy,1.0,7,0.0022419,0,B,../runs/JSP-la16-B-73.json,0.0,3.06435137895813,0.0
la16,JSP,XE,19,completed,True,1087.0,8245.0,0.8483529857524489,1.1760959,1.915463300072588,1000,1000,10,10,100,1-150,OR-Library legacy,legacy,1.0,2,0.002486,0,G,../runs/JSP-la16-G-19.json,2.75983821010638,11.031664964249233,7.98952193844138
la16,JSP,XE,42,completed,True,1096.0,8289.0,0.8460122820358088,1.0867342,1.7394791999831796,1000,1000,10,10,100,1-150,OR-Library legacy,legacy,1.0,3,0.0023858,0,G,../runs/JSP-la16-G-42.json,3.028135029862844,11.950970377936665,8.565815324165026
la16,JSP,XE,73,completed,True,1099.0,8111.0,0.8484596849650169,1.103499,1.8145889999577776,1000,1000,10,10,100,1-150,OR-Library legacy,legacy,1.0,3,0.0026103,0,G,../runs/JSP-la16-G-73.json,2.7476081020414433,12.257405515832476,6.234446627373935
la16,JSP,XHT,19,completed,True,1023.0,7884.0,0.8657943926702434,2.3789749000000002,3.1295221999753267,1000,1000,10,10,100,1-150,OR-Library legacy,legacy,1.0,2,0.0026953,0,T-B,../runs/JSP-la16-T-B-19.json,0.7606642117671925,4.494382022471921,3.261296660117874
la16,JSP,XHT,42,completed,True,1016.0,7663.0,0.8707538524945222,2.2354592,2.8987222999567166,1000,1000,10,10,100,1-150,OR-Library legacy,legacy,1.0,3,0.0027013,0,T-B,../runs/JSP-la16-T-B-42.json,0.19219957051223036,3.7793667007150145,0.36673215455140795
la16,JSP,XHT,73,completed,True,1028.0,7766.0,0.8668973528317705,2.434889,3.183452200028114,1000,1000,10,10,100,1-150,OR-Library legacy,legacy,1.0,4,0.0025813,0,T-B,../runs/JSP-la16-T-B-73.json,0.6342403924892159,5.005107252298258,1.715782580222669
la16,JSP,XHE,19,completed,True,1019.0,7871.0,0.8667313479900485,1.8907203,2.656119600054808,1000,1000,10,10,100,1-150,OR-Library legacy,legacy,1.0,2,0.0027502,0,T-G,../runs/JSP-la16-T-G-19.json,0.6532682475661189,4.085801838610825,3.091028159790432
la16,JSP,XHE,42,completed,True,1028.0,7886.0,0.8648514271946055,1.923616,2.7066631000488997,1000,1000,10,10,100,1-150,OR-Library legacy,legacy,1.0,2,0.0028459,0,T-G,../runs/JSP-la16-T-G-42.json,0.868749073791919,5.005107252298258,3.2874918140143983
la16,JSP,XHE,73,completed,True,1028.0,7892.0,0.8647595457455144,1.8016121,2.523347499896772,1000,1000,10,10,100,1-150,OR-Library legacy,legacy,1.0,2,0.0029553,0,T-G,../runs/JSP-la16-T-G-73.json,0.8792807358773413,5.005107252298258,3.3660772757039936
la16,JSP,XTE,19,completed,True,1016.0,7635.0,0.8712549309453737,1.6208615,2.4050751000177115,1000,1000,10,10,100,1-150,OR-Library legacy,legacy,1.0,3,0.0023309,0,B-G,../runs/JSP-la16-B-G-19.json,0.13476481110367144,3.7793667007150145,0.0
la16,JSP,XTE,42,completed,True,1020.0,7635.0,0.8705162430145342,1.5706332,2.270320300012827,1000,1000,10,10,100,1-150,OR-Library legacy,legacy,1.0,5,0.0024815,0,B-G,../runs/JSP-la16-B-G-42.json,0.2194349131878326,4.187946884576088,0.0
la16,JSP,XTE,73,completed,True,1020.0,7635.0,0.8704740053338783,1.6153171,2.342581000062637,1000,1000,10,10,100,1-150,OR-Library legacy,legacy,1.0,7,0.0022809,0,B-G,../runs/JSP-la16-B-G-73.json,0.22427629286067008,4.187946884576088,0.0
la16,JSP,XHTE,19,completed,True,1019.0,7876.0,0.8666481037170802,1.8336408,2.518600899958983,1000,1000,10,10,100,1-150,OR-Library legacy,legacy,1.0,1,0.0025327,0,T-B-G,../runs/JSP-la16-T-B-G-19.json,0.6628098967468965,4.085801838610825,3.156516044531754
la16,JSP,XHTE,42,completed,True,1016.0,7663.0,0.8707302575077095,1.9646881999999999,2.764304499956779,1000,1000,10,10,100,1-150,OR-Library legacy,legacy,1.0,5,0.0030427,0,T-B-G,../runs/JSP-la16-T-B-G-42.json,0.1949040819286152,3.7793667007150145,0.36673215455140795
la16,JSP,XHTE,73,completed,True,995.0,7892.0,0.8705383163412294,1.9379048,2.622578800073825,1000,1000,10,10,100,1-150,OR-Library legacy,legacy,1.0,6,0.0025283,0,T-B-G,../runs/JSP-la16-T-B-G-73.json,0.21690481793842364,1.634320735444339,3.3660772757039936
la16,JSP,NSGA-II,19,completed,True,996,8190,0.8653230531228419,0.18792510009370744,0.9026365999598056,1000,1000,10,10,100,1-150,OR-Library legacy,legacy,1.0,5,0.005473500001244247,0,NSGA-II,../runs/JSP-la16-NSGA-II-19.json,0.8146902299660308,1.7364657814096018,7.269155206286837
la16,JSP,NSGA-II,42,completed,True,983,8361,0.8646947367149068,0.19022449990734458,0.8488590000197291,1000,1000,10,10,100,1-150,OR-Library legacy,legacy,1.0,7,0.00507869990542531,0,NSGA-II,../runs/JSP-la16-NSGA-II-42.json,0.8867092953656286,0.40858018386107364,9.508840864440081
la16,JSP,NSGA-II,73,completed,True,991,8298,0.8643701250866085,0.20438030001241714,0.9090611999854445,1000,1000,10,10,100,1-150,OR-Library legacy,legacy,1.0,4,0.006047399947419763,0,NSGA-II,../runs/JSP-la16-NSGA-II-73.json,0.9239170234985328,1.2257405515832431,8.683693516699421
la16,JSP,SPEA2,19,completed,True,988,8251,0.8657156878827487,0.23220140009652823,0.899410100071691,1000,1000,10,10,100,1-150,OR-Library legacy,legacy,1.0,2,0.004497700021602213,0,SPEA2,../runs/JSP-la16-SPEA2-19.json,0.7696855347284592,0.9193054136874323,8.068107400130975
la16,JSP,SPEA2,42,completed,True,1008,8342,0.8606677747975158,0.21947939996607602,0.9815824999241158,1000,1000,10,10,100,1-150,OR-Library legacy,legacy,1.0,1,0.005772600066848099,0,SPEA2,../runs/JSP-la16-SPEA2-42.json,1.3482888912947133,2.962206332992845,9.259986902423044
la16,JSP,SPEA2,73,completed,True,1001,8223,0.8638217215043476,0.20678460004273802,0.8664818000979722,1000,1000,10,10,100,1-150,OR-Library legacy,legacy,1.0,3,0.004731999943032861,0,SPEA2,../runs/JSP-la16-SPEA2-73.json,0.9867762978345684,2.2471910112359605,7.701375245579567
la16,JSP,MOEA/D,19,completed,True,1005,8142,0.8644467724722782,0.3190463000210002,1.7275800000643358,1000,1000,10,10,100,1-150,OR-Library legacy,legacy,1.0,4,0.005665099946781993,0,MOEA-D,../runs/JSP-la16-MOEA-D-19.json,0.9151315246454961,2.655771195097034,6.640471512770141
la16,JSP,MOEA/D,42,completed,True,1008,8365,0.8602475273372335,0.40546239994000643,1.1779848000733182,1000,1000,10,10,100,1-150,OR-Library legacy,legacy,1.0,2,0.0058738000225275755,0,MOEA-D,../runs/JSP-la16-MOEA-D-42.json,1.3964586174770144,2.962206332992845,9.561231172233132
la16,JSP,MOEA/D,73,completed,True,1010,8396,0.859391887410702,0.38007529999595135,1.0736688999459147,1000,1000,10,10,100,1-150,OR-Library legacy,legacy,1.0,2,0.005248699919320643,0,MOEA-D,../runs/JSP-la16-MOEA-D-73.json,1.4945340251046768,3.166496424923393,9.967256057629337
la16,JSP,SMS-EMOA,19,completed,True,1000,8372,0.8615451863031313,0.17814900004304945,0.919970800052397,1000,1000,10,10,100,1-150,OR-Library legacy,legacy,1.0,5,0.004646799992769957,0,SMS-EMOA,../runs/JSP-la16-SMS-EMOA-19.json,1.247717975419771,2.1450459652706755,9.652914210871
la16,JSP,SMS-EMOA,42,completed,True,979,8509,0.8628894589885361,0.20809009997174144,0.930386200081557,1000,1000,10,10,100,1-150,OR-Library legacy,legacy,1.0,7,0.006234399974346161,0,SMS-EMOA,../runs/JSP-la16-SMS-EMOA-42.json,1.0936343620962963,0.0,11.447282252783243
la16,JSP,SMS-EMOA,73,completed,True,1006,8257,0.8623956413395765,0.23173190001398325,1.0205001999856904,1000,1000,10,10,100,1-150,OR-Library legacy,legacy,1.0,4,0.004663800005801022,0,SMS-EMOA,../runs/JSP-la16-SMS-EMOA-73.json,1.150236871766186,2.7579162410623193,8.14669286182057
tai_jsp002,JSP,XG,19,completed,True,1589.0,18860.0,0.9497822292551008,0.0063608,0.6608823999995366,1,1000,15,15,225,151-500,Taillard,extension,1.0,1,0.0062843,0,F,../runs/JSP-tai_jsp002-F-19.json,3.180820573732346,19.924528301886802,9.619296716070913
tai_jsp002,JSP,XG,42,completed,True,1589.0,18860.0,0.9497822292551008,0.0068401,0.6658774999668822,1,1000,15,15,225,151-500,Taillard,extension,1.0,1,0.0067688,0,F,../runs/JSP-tai_jsp002-F-42.json,3.180820573732346,19.924528301886802,9.619296716070913
tai_jsp002,JSP,XG,73,completed,True,1589.0,18860.0,0.9497822292551008,0.0086588,0.7296764999628067,1,1000,15,15,225,151-500,Taillard,extension,1.0,1,0.0085862,0,F,../runs/JSP-tai_jsp002-F-73.json,3.180820573732346,19.924528301886802,9.619296716070913
tai_jsp002,JSP,XH,19,completed,True,1343.0,17413.0,0.979541242091579,7.6135402,8.38224349997472,1000,1000,15,15,225,151-500,Taillard,extension,1.0,6,0.0065508,0,T,../runs/JSP-tai_jsp002-T-19.json,0.1472375958498362,1.35849056603774,1.2089508863702303
tai_jsp002,JSP,XH,42,completed,True,1343.0,17402.0,0.9796101554014407,7.756433,8.492773899924941,1000,1000,15,15,225,151-500,Taillard,extension,1.0,3,0.0069139,0,T,../runs/JSP-tai_jsp002-T-42.json,0.1402126906591028,1.35849056603774,1.1450159837256502
tai_jsp002,JSP,XH,73,completed,True,1335.0,17459.0,0.9799698967272757,7.8079273,8.67799290001858,1000,1000,15,15,225,151-500,Taillard,extension,1.0,4,0.0070665,0,T,../runs/JSP-tai_jsp002-T-73.json,0.10354127388561007,0.7547169811320753,1.4763150247021128
tai_jsp002,JSP,XT,19,completed,True,1369.0,17460.0,0.9769943073883728,6.4852225,7.298055699910037,1000,1000,15,15,225,151-500,Taillard,extension,1.0,2,0.0072882,0,B,../runs/JSP-tai_jsp002-B-19.json,0.4068677725589831,3.3207547169811225,1.482127288578905
tai_jsp002,JSP,XT,42,completed,True,1360.0,17460.0,0.9777759501819765,6.3697928,7.1637412999989465,1000,1000,15,15,225,151-500,Taillard,extension,1.0,6,0.0075279,0,B,../runs/JSP-tai_jsp002-B-42.json,0.3271884402340164,2.6415094339622636,1.482127288578905
tai_jsp002,JSP,XT,73,completed,True,1360.0,17460.0,0.9777809497140233,7.3162794,8.0646772000473,1000,1000,15,15,225,151-500,Taillard,extension,1.0,3,0.0063746,0,B,../runs/JSP-tai_jsp002-B-73.json,0.32667879647002573,2.6415094339622636,1.482127288578905
tai_jsp002,JSP,XE,19,completed,True,1547.0,18860.0,0.9534405467497761,2.7678632,3.5305535999359563,1000,1000,15,15,225,151-500,Taillard,extension,1.0,2,0.0073053,0,G,../runs/JSP-tai_jsp002-G-19.json,2.807897932093739,16.754716981132066,9.619296716070913
tai_jsp002,JSP,XE,42,completed,True,1541.0,18778.0,0.9544276165982274,2.6957116,3.4285877000074834,1000,1000,15,15,225,151-500,Taillard,extension,1.0,2,0.006647,0,G,../runs/JSP-tai_jsp002-G-42.json,2.7072777164065975,16.301886792452834,9.142691078174959
tai_jsp002,JSP,XE,73,completed,True,1540.0,18787.0,0.9544633663282805,2.6462924,3.3883936000056565,1000,1000,15,15,225,151-500,Taillard,extension,1.0,3,0.0070415,0,G,../runs/JSP-tai_jsp002-G-73.json,2.7036334499402015,16.226415094339618,9.195001453065977
tai_jsp002,JSP,XHT,19,completed,True,1325.0,17437.0,0.9809843810297066,7.8459579,8.559367200010456,1000,1000,15,15,225,151-500,Taillard,extension,1.0,7,0.0075798,0,T-B,../runs/JSP-tai_jsp002-T-B-19.json,0.00012647554892275537,0.0,1.3484452194129526
tai_jsp002,JSP,XHT,42,completed,True,1343.0,17205.0,0.9807433272815786,7.508348,8.282380699994974,1000,1000,15,15,225,151-500,Taillard,extension,1.0,3,0.0077248,0,T-B,../runs/JSP-tai_jsp002-T-B-42.json,0.024699083218882034,1.35849056603774,0.0
tai_jsp002,JSP,XHT,73,completed,True,1335.0,17369.0,0.9804987268692421,7.6140637,8.405154299922287,1000,1000,15,15,225,151-500,Taillard,extension,1.0,4,0.0079888,0,T-B,../runs/JSP-tai_jsp002-T-B-73.json,0.04963323178504009,0.7547169811320753,0.953211275791932
tai_jsp002,JSP,XHE,19,completed,True,1343.0,17437.0,0.9794070087659671,5.1586656,5.970475899986923,1000,1000,15,15,225,151-500,Taillard,extension,1.0,5,0.0071635,0,T-G,../runs/JSP-tai_jsp002-T-G-19.json,0.16092111196236436,1.35849056603774,1.3484452194129526
tai_jsp002,JSP,XHE,42,completed,True,1337.0,17402.0,0.9801347407747547,4.9987571,5.769575900048949,1000,1000,15,15,225,151-500,Taillard,extension,1.0,3,0.0074237,0,T-G,../runs/JSP-tai_jsp002-T-G-42.json,0.08673735303026398,0.9056603773584859,1.1450159837256502
tai_jsp002,JSP,XHE,73,completed,True,1335.0,17459.0,0.9799753832368003,5.1771,5.9801285999128595,1000,1000,15,15,225,151-500,Taillard,extension,1.0,3,0.0071523,0,T-G,../runs/JSP-tai_jsp002-T-G-73.json,0.10298198846868667,0.7547169811320753,1.4763150247021128
tai_jsp002,JSP,XTE,19,completed,True,1380.0,17460.0,0.9760256812690846,4.9407508,5.654504600097425,1000,1000,15,15,225,151-500,Taillard,extension,1.0,4,0.0064546,0,B-G,../runs/JSP-tai_jsp002-B-G-19.json,0.5056078659737451,4.150943396226414,1.482127288578905
tai_jsp002,JSP,XTE,42,completed,True,1360.0,17460.0,0.9777734656663094,4.6193325,5.3369104999583215,1000,1000,15,15,225,151-500,Taillard,extension,1.0,5,0.0066098,0,B-G,../runs/JSP-tai_jsp002-B-G-42.json,0.3274417075207148,2.6415094339622636,1.482127288578905
tai_jsp002,JSP,XTE,73,completed,True,1360.0,17460.0,0.9777809497140233,4.599973,5.276310099987313,1000,1000,15,15,225,151-500,Taillard,extension,1.0,3,0.0065096,0,B-G,../runs/JSP-tai_jsp002-B-G-73.json,0.32667879647002573,2.6415094339622636,1.482127288578905
tai_jsp002,JSP,XHTE,19,completed,True,1325.0,17437.0,0.9809856217366566,5.9085674,6.66737949999515,1000,1000,15,15,225,151-500,Taillard,extension,1.0,7,0.0068052,0,T-B-G,../runs/JSP-tai_jsp002-T-B-G-19.json,0.0,0.0,1.3484452194129526
tai_jsp002,JSP,XHTE,42,completed,True,1343.0,17205.0,0.9807433272815786,6.079763,6.794798300019465,1000,1000,15,15,225,151-500,Taillard,extension,1.0,3,0.0071862,0,T-B-G,../runs/JSP-tai_jsp002-T-B-G-42.json,0.024699083218882034,1.35849056603774,0.0
tai_jsp002,JSP,XHTE,73,completed,True,1335.0,17453.0,0.9800202490611676,5.9847121,6.767605800065212,1000,1000,15,15,225,151-500,Taillard,extension,1.0,3,0.0072819,0,T-B-G,../runs/JSP-tai_jsp002-T-B-G-73.json,0.09840844290663897,0.7547169811320753,1.441441441441449
tai_jsp002,JSP,NSGA-II,19,completed,True,1430,18657,0.9647912580863593,0.396149400039576,1.0645785999950022,1000,1000,15,15,225,151-500,Taillard,extension,1.0,2,0.005770399933680892,0,NSGA-II,../runs/JSP-tai_jsp002-NSGA-II-19.json,1.650825791067978,7.924528301886791,8.439407149084577
tai_jsp002,JSP,NSGA-II,42,completed,True,1441,18618,0.9640523490656216,0.3779388000257313,0.9618552000029013,1000,1000,15,15,225,151-500,Taillard,extension,1.0,4,0.005091600003652275,0,NSGA-II,../runs/JSP-tai_jsp002-NSGA-II-42.json,1.7261489155220966,8.754716981132082,8.21272885789015
tai_jsp002,JSP,NSGA-II,73,completed,True,1452,18767,0.9622319691470922,0.3767337000463158,0.9970874999416992,1000,1000,15,15,225,151-500,Taillard,extension,1.0,10,0.005588400061242282,0,NSGA-II,../runs/JSP-tai_jsp002-NSGA-II-73.json,1.9117153375157958,9.584905660377352,9.078756175530378
tai_jsp002,JSP,SPEA2,19,completed,True,1442,18782,0.963027124790264,0.4275675000390038,1.1556391000049189,1000,1000,15,15,225,151-500,Taillard,extension,1.0,3,0.00581969995982945,0,SPEA2,../runs/JSP-tai_jsp002-SPEA2-19.json,1.8306585283686783,8.830188679245277,9.16594013368206
tai_jsp002,JSP,SPEA2,42,completed,True,1433,18419,0.9658546032895361,0.43530350003857166,1.213497499935329,1000,1000,15,15,225,151-500,Taillard,extension,1.0,5,0.0075527000008150935,0,SPEA2,../runs/JSP-tai_jsp002-SPEA2-42.json,1.542430195901734,8.150943396226417,7.056088346410938
tai_jsp002,JSP,SPEA2,73,completed,True,1418,18692,0.9656245783922698,0.4472838999936357,1.1727088000625372,1000,1000,15,15,225,151-500,Taillard,extension,1.0,3,0.007151399971917272,0,SPEA2,../runs/JSP-tai_jsp002-SPEA2-73.json,1.5658785413381393,7.018867924528305,8.64283638477188
tai_jsp002,JSP,MOEA/D,19,completed,True,1426,18661,0.9651185858397373,0.6453404000494629,1.3674621999962255,1000,1000,15,15,225,151-500,Taillard,extension,1.0,2,0.0057978000259026885,0,MOEA-D,../runs/JSP-tai_jsp002-MOEA-D-19.json,1.6174585585494672,7.6226415094339695,8.462656204591678
tai_jsp002,JSP,MOEA/D,42,completed,True,1410,19324,0.9627177073654529,0.5480574999237433,1.2007878000149503,1000,1000,15,15,225,151-500,Taillard,extension,1.0,1,0.007303799968212843,0,MOEA-D,../runs/JSP-tai_jsp002-MOEA-D-42.json,1.8622000125612104,6.41509433962264,12.316187154896841
tai_jsp002,JSP,MOEA/D,73,completed,True,1395,18511,0.9686825501556819,0.6006000000052154,1.416586900013499,1000,1000,15,15,225,151-500,Taillard,extension,1.0,4,0.007684600073844194,0,MOEA-D,../runs/JSP-tai_jsp002-MOEA-D-73.json,1.2541541189150518,5.283018867924527,7.590816623074681
tai_jsp002,JSP,SMS-EMOA,19,completed,True,1435,18905,0.9629321146572034,0.38712650001980364,1.0590560000855476,1000,1000,15,15,225,151-500,Taillard,extension,1.0,4,0.005848200060427189,0,SMS-EMOA,../runs/JSP-tai_jsp002-SMS-EMOA-19.json,1.840343699176017,8.301886792452828,9.880848590526004
tai_jsp002,JSP,SMS-EMOA,42,completed,True,1444,18505,0.9644350207237351,0.3851466999622062,1.0700987000018358,1000,1000,15,15,225,151-500,Taillard,extension,1.0,3,0.005765300011262298,0,SMS-EMOA,../runs/JSP-tai_jsp002-SMS-EMOA-42.json,1.6871400198120834,8.981132075471688,7.555943039814017
tai_jsp002,JSP,SMS-EMOA,73,completed,True,1455,18852,0.9614852357113676,0.38345209998078644,1.0909080000128597,1000,1000,15,15,225,151-500,Taillard,extension,1.0,4,0.0058753000339493155,0,SMS-EMOA,../runs/JSP-tai_jsp002-SMS-EMOA-73.json,1.9878360694795094,9.811320754716979,9.572798605056665
tai_jsp006,JSP,XG,19,completed,True,1529.0,19747.0,0.949874643733659,0.006457,0.644646400003694,1,1000,15,15,225,151-500,Taillard,extension,1.0,1,0.0063932,0,F,../runs/JSP-tai_jsp006-F-19.json,3.0721804332054625,16.896024464831804,12.576249928738381
tai_jsp006,JSP,XG,42,completed,True,1529.0,19747.0,0.949874643733659,0.0065437,0.6998167999554425,1,1000,15,15,225,151-500,Taillard,extension,1.0,1,0.0064748,0,F,../runs/JSP-tai_jsp006-F-42.json,3.0721804332054625,16.896024464831804,12.576249928738381
tai_jsp006,JSP,XG,73,completed,True,1529.0,19747.0,0.949874643733659,0.0065069,0.6949947999091819,1,1000,15,15,225,151-500,Taillard,extension,1.0,1,0.0064445,0,F,../runs/JSP-tai_jsp006-F-73.json,3.0721804332054625,16.896024464831804,12.576249928738381
tai_jsp006,JSP,XH,19,completed,True,1351.0,18158.0,0.9744575729806707,8.0168546,8.8060660000192,1000,1000,15,15,225,151-500,Taillard,extension,1.0,3,0.007062,0,T,../runs/JSP-tai_jsp006-T-19.json,0.5636707617484915,3.2874617737002954,3.517473348155753
tai_jsp006,JSP,XH,42,completed,True,1348.0,17872.0,0.9763685457714488,7.6609054,8.423395599937066,1000,1000,15,15,225,151-500,Taillard,extension,1.0,3,0.0070054,0,T,../runs/JSP-tai_jsp006-T-42.json,0.3686698454870352,3.0581039755351647,1.8870075822359
tai_jsp006,JSP,XH,73,completed,True,1340.0,17746.0,0.977791812129658,7.8831424,8.633290399913676,1000,1000,15,15,225,151-500,Taillard,extension,1.0,3,0.0073374,0,T,../runs/JSP-tai_jsp006-T-73.json,0.22343583416345458,2.4464831804281273,1.1686904965509282
tai_jsp006,JSP,XT,19,completed,True,1339.0,17557.0,0.9789617154360811,6.8746084,7.610640800092369,1000,1000,15,15,225,151-500,Taillard,extension,1.0,6,0.0068117,0,B,../runs/JSP-tai_jsp006-B-19.json,0.10405568506309804,2.3700305810397504,0.09121486802348144
tai_jsp006,JSP,XT,42,completed,True,1339.0,17730.0,0.9779751158653296,6.719112,7.40540389996022,1000,1000,15,15,225,151-500,Taillard,extension,1.0,4,0.0065177,0,B,../runs/JSP-tai_jsp006-B-42.json,0.20473101712860098,2.3700305810397504,1.0774756285274467
tai_jsp006,JSP,XT,73,completed,True,1343.0,17557.0,0.9786092278542322,6.7748796,7.5098609999986365,1000,1000,15,15,225,151-500,Taillard,extension,1.0,3,0.006809,0,B,../runs/JSP-tai_jsp006-B-73.json,0.14002448679749646,2.67584097859328,0.09121486802348144
tai_jsp006,JSP,XE,19,completed,True,1484.0,19464.0,0.955386734582377,2.6964313,3.403683800017461,1000,1000,15,15,225,151-500,Taillard,extension,1.0,1,0.0064612,0,G,../runs/JSP-tai_jsp006-G-19.json,2.509711531919445,13.455657492354733,10.962886950572948
tai_jsp006,JSP,XE,42,completed,True,1494.0,19570.0,0.9539154923071862,2.7282928,3.490243599982932,1000,1000,15,15,225,151-500,Taillard,extension,1.0,1,0.0082109,0,G,../runs/JSP-tai_jsp006-G-42.json,2.6598411376832165,14.220183486238525,11.567185451228546
tai_jsp006,JSP,XE,73,completed,True,1479.0,19383.0,0.9562816625458433,3.1729955,4.033415100071579,1000,1000,15,15,225,151-500,Taillard,extension,1.0,2,0.0086482,0,G,../runs/JSP-tai_jsp006-G-73.json,2.418390622639055,13.073394495412849,10.501111681204044
tai_jsp006,JSP,XHT,19,completed,True,1308.0,17854.0,0.9799814418388778,7.347449,8.105912100058049,1000,1000,15,15,225,151-500,Taillard,extension,1.0,2,0.0071828,0,T-B,../runs/JSP-tai_jsp006-T-B-19.json,0.0,0.0,1.7843908557094723
tai_jsp006,JSP,XHT,42,completed,True,1342.0,17541.0,0.9788039763312568,7.7477779,8.464933900046162,1000,1000,15,15,225,151-500,Taillard,extension,1.0,3,0.0071996,0,T-B,../runs/JSP-tai_jsp006-T-B-42.json,0.12015181689680743,2.5993883792049033,0.0
tai_jsp006,JSP,XHT,73,completed,True,1328.0,18012.0,0.9773159384492716,8.2687855,8.923646999988705,1000,1000,15,15,225,151-500,Taillard,extension,1.0,2,0.0069349,0,T-B,../runs/JSP-tai_jsp006-T-B-73.json,0.2719952925439695,1.5290519877675823,2.6851376774414293
tai_jsp006,JSP,XHE,19,completed,True,1351.0,18090.0,0.9748490312546967,5.3116594,6.146329099894501,1000,1000,15,15,225,151-500,Taillard,extension,1.0,3,0.0072212,0,T-G,../runs/JSP-tai_jsp006-T-G-19.json,0.5237252834656148,3.2874617737002954,3.1298101590559346
tai_jsp006,JSP,XHE,42,completed,True,1348.0,17872.0,0.9763684526364318,5.0246271,5.765108900028281,1000,1000,15,15,225,151-500,Taillard,extension,1.0,2,0.0069227,0,T-G,../runs/JSP-tai_jsp006-T-G-42.json,0.3686793492401752,3.0581039755351647,1.8870075822359
tai_jsp006,JSP,XHE,73,completed,True,1340.0,18203.0,0.9751635612463881,5.3092223,6.100554800010286,1000,1000,15,15,225,151-500,Taillard,extension,1.0,2,0.0069872,0,T-G,../runs/JSP-tai_jsp006-T-G-73.json,0.491629778564906,2.4464831804281273,3.7740151644718
tai_jsp006,JSP,XTE,19,completed,True,1354.0,17776.0,0.9763907696492321,4.8777924,5.592692399979569,1000,1000,15,15,225,151-500,Taillard,extension,1.0,5,0.0066177,0,B-G,../runs/JSP-tai_jsp006-B-G-19.json,0.36640205991126384,3.5168195718654482,1.339718374094967
tai_jsp006,JSP,XTE,42,completed,True,1358.0,17728.0,0.9763238209909478,5.0157382,5.722881899913773,1000,1000,15,15,225,151-500,Taillard,extension,1.0,1,0.0071503,0,B-G,../runs/JSP-tai_jsp006-B-G-42.json,0.3732336850243434,3.822629969418956,1.0660737700245226
tai_jsp006,JSP,XTE,73,completed,True,1349.0,17841.0,0.9764537661748072,4.7355523999999996,5.5416668999241665,1000,1000,15,15,225,151-500,Taillard,extension,1.0,4,0.0073003,0,B-G,../runs/JSP-tai_jsp006-B-G-73.json,0.3599737212830467,3.1345565749235416,1.710278775440388
tai_jsp006,JSP,XHTE,19,completed,True,1308.0,17854.0,0.9799814418388778,5.8506689,6.648059899918735,1000,1000,15,15,225,151-500,Taillard,extension,1.0,2,0.0072918,0,T-B-G,../runs/JSP-tai_jsp006-T-B-G-19.json,0.0,0.0,1.7843908557094723
tai_jsp006,JSP,XHTE,42,completed,True,1343.0,17739.0,0.9775699666920463,5.9744339,6.6468527999240905,1000,1000,15,15,225,151-500,Taillard,extension,1.0,6,0.0068875,0,T-B-G,../runs/JSP-tai_jsp006-T-B-G-42.json,0.2460735524038582,2.67584097859328,1.1287839917906606
tai_jsp006,JSP,XHTE,73,completed,True,1330.0,18012.0,0.9771407799400049,6.3099933,7.089407699997537,1000,1000,15,15,225,151-500,Taillard,extension,1.0,2,0.0084231,0,T-B-G,../runs/JSP-tai_jsp006-T-B-G-73.json,0.28986894828768595,1.6819571865443361,2.6851376774414293
tai_jsp006,JSP,NSGA-II,19,completed,True,1402,18605,0.9674337991835646,0.45570120005868375,1.2273679000791162,1000,1000,15,15,225,151-500,Taillard,extension,1.0,1,0.0075134000508114696,0,NSGA-II,../runs/JSP-tai_jsp006-NSGA-II-19.json,1.280395946250601,7.18654434250765,6.065788723561938
tai_jsp006,JSP,NSGA-II,42,completed,True,1446,19078,0.9608903464191372,0.4086398999206722,1.1616240999428555,1000,1000,15,15,225,151-500,Taillard,extension,1.0,3,0.0069812999572604895,0,NSGA-II,../runs/JSP-tai_jsp006-NSGA-II-42.json,1.9481078523198692,10.550458715596323,8.76232825950629
tai_jsp006,JSP,NSGA-II,73,completed,True,1432,19080,0.9620933232119372,0.3960010000737384,1.0659236999927089,1000,1000,15,15,225,151-500,Taillard,extension,1.0,3,0.0063065000576898456,0,NSGA-II,../runs/JSP-tai_jsp006-NSGA-II-73.json,1.8253527937605263,9.480122324159023,8.773730118009237
tai_jsp006,JSP,SPEA2,19,completed,True,1402,18526,0.9678868720147368,0.4442140000173822,1.0788688999600708,1000,1000,15,15,225,151-500,Taillard,extension,1.0,1,0.005258799996227026,0,SPEA2,../runs/JSP-tai_jsp006-SPEA2-19.json,1.2341631491966099,7.18654434250765,5.615415312695959
tai_jsp006,JSP,SPEA2,42,completed,True,1442,18829,0.962654450358613,0.42554200009908527,1.1031963999848813,1000,1000,15,15,225,151-500,Taillard,extension,1.0,4,0.0059448000974953175,0,SPEA2,../runs/JSP-tai_jsp006-SPEA2-42.json,1.768093837343665,10.244648318042815,7.342796875890767
tai_jsp006,JSP,SPEA2,73,completed,True,1436,18942,0.9625204439188493,0.43061150005087256,1.104070800007321,1000,1000,15,15,225,151-500,Taillard,extension,1.0,7,0.006391000002622604,0,SPEA2,../runs/JSP-tai_jsp006-SPEA2-73.json,1.7817682228006282,9.78593272171253,7.987001881306655
tai_jsp006,JSP,MOEA/D,19,completed,True,1400,18721,0.9669407296745186,0.521919299964793,1.2085786999668926,1000,1000,15,15,225,151-500,Taillard,extension,1.0,2,0.005825400003232062,0,MOEA-D,../runs/JSP-tai_jsp006-MOEA-D-19.json,1.330710114253697,7.0336391437308965,6.727096516732223
tai_jsp006,JSP,MOEA/D,42,completed,True,1445,18953,0.9616910762810122,0.6409778000088409,1.4371092000510544,1000,1000,15,15,225,151-500,Taillard,extension,1.0,3,0.007080300012603402,0,MOEA-D,../runs/JSP-tai_jsp006-MOEA-D-42.json,1.8663991762481458,10.474006116207946,8.049712103072793
tai_jsp006,JSP,MOEA/D,73,completed,True,1437,19188,0.96104063865496,0.5644278000108898,1.2088964000577107,1000,1000,15,15,225,151-500,Taillard,extension,1.0,4,0.007177400053478777,0,MOEA-D,../runs/JSP-tai_jsp006-MOEA-D-73.json,1.9327716194682654,9.86238532110091,9.389430477167782
tai_jsp006,JSP,SMS-EMOA,19,completed,True,1433,18884,0.9631252380391983,0.3945941999554634,1.0296754000009969,1000,1000,15,15,225,151-500,Taillard,extension,1.0,4,0.0051114000380039215,0,SMS-EMOA,../runs/JSP-tai_jsp006-SMS-EMOA-19.json,1.7200533683627617,9.556574923547402,7.656347984721501
tai_jsp006,JSP,SMS-EMOA,42,completed,True,1427,18493,0.9658744973875022,0.4116443000966683,1.1534788000863045,1000,1000,15,15,225,151-500,Taillard,extension,1.0,6,0.006958900019526482,0,SMS-EMOA,../runs/JSP-tai_jsp006-SMS-EMOA-42.json,1.4395113875733,9.097859327217117,5.427284647397523
tai_jsp006,JSP,SMS-EMOA,73,completed,True,1409,18608,0.96679709105606,0.41338980000000447,1.1295381999807432,1000,1000,15,15,225,151-500,Taillard,extension,1.0,3,0.0065593000035732985,0,SMS-EMOA,../runs/JSP-tai_jsp006-SMS-EMOA-73.json,1.3453673937006472,7.721712538226311,6.082891511316335
tai_jsp013,JSP,XG,19,completed,True,1717.0,26349.0,0.991147746374313,0.0099912,0.7534953999565914,1,1000,20,15,300,151-500,Taillard,extension,1.0,1,0.0099241,0,F,../runs/JSP-tai_jsp013-F-19.json,2.043041497768172,12.369109947643974,9.282070424287681
tai_jsp013,JSP,XG,42,completed,True,1717.0,26349.0,0.991147746374313,0.0103068,0.7361525999149308,1,1000,20,15,300,151-500,Taillard,extension,1.0,1,0.0102286,0,F,../runs/JSP-tai_jsp013-F-42.json,2.043041497768172,12.369109947643974,9.282070424287681
tai_jsp013,JSP,XG,73,completed,True,1717.0,26349.0,0.991147746374313,0.0100713,0.6807459000265226,1,1000,20,15,300,151-500,Taillard,extension,1.0,1,0.0100048,0,F,../runs/JSP-tai_jsp013-F-73.json,2.043041497768172,12.369109947643974,9.282070424287681
tai_jsp013,JSP,XH,19,completed,True,1566.0,24962.0,1.0063048810838817,12.1125168,12.850727000040933,1000,1000,20,15,300,151-500,Taillard,extension,1.0,6,0.0105086,0,T,../runs/JSP-tai_jsp013-T-19.json,0.5450339391682935,2.486910994764391,3.5295093525776533
tai_jsp013,JSP,XH,42,completed,True,1528.0,24111.0,1.0118196415334098,11.6350229,12.376177900005132,1000,1000,20,15,300,151-500,Taillard,extension,1.0,9,0.0107028,0,T,../runs/JSP-tai_jsp013-T-42.json,0.0,0.0,0.0
tai_jsp013,JSP,XH,73,completed,True,1561.0,25399.0,1.0051991024612716,12.6928056,13.385559199959971,1000,1000,20,15,300,151-500,Taillard,extension,1.0,4,0.0105484,0,T,../runs/JSP-tai_jsp013-T-73.json,0.6543200784385528,2.159685863874339,5.341960101198628
tai_jsp013,JSP,XT,19,completed,True,1563.0,24928.0,1.0066617202675392,11.1208275,11.873493900056928,1000,1000,20,15,300,151-500,Taillard,extension,1.0,10,0.0104084,0,B,../runs/JSP-tai_jsp013-B-19.json,0.5097668649774123,2.290575916230364,3.3884948778565738
tai_jsp013,JSP,XT,42,completed,True,1563.0,24839.0,1.006958415041238,9.7960786,10.561253499938175,1000,1000,20,15,300,151-500,Taillard,extension,1.0,10,0.0110526,0,B,../runs/JSP-tai_jsp013-B-42.json,0.48044397367148495,2.290575916230364,3.0193687528514035
tai_jsp013,JSP,XT,73,completed,True,1563.0,24839.0,1.0069589421394265,9.9229559,10.704359699971974,1000,1000,20,15,300,151-500,Taillard,extension,1.0,12,0.0119485,0,B,../runs/JSP-tai_jsp013-B-73.json,0.4803918795860618,2.290575916230364,3.0193687528514035
tai_jsp013,JSP,XE,19,completed,True,1717.0,26300.0,0.9913131892060073,3.616885,4.320846699993126,1000,1000,20,15,300,151-500,Taillard,extension,1.0,1,0.0100418,0,G,../runs/JSP-tai_jsp013-G-19.json,2.026690477793547,12.369109947643974,9.07884368130729
tai_jsp013,JSP,XE,42,completed,True,1688.0,26334.0,0.9932105579058366,4.1086333,4.918877399992198,1000,1000,20,15,300,151-500,Taillard,extension,1.0,3,0.0125383,0,G,../runs/JSP-tai_jsp013-G-42.json,1.8391700322570537,10.471204188481686,9.219858156028371
tai_jsp013,JSP,XE,73,completed,True,1697.0,26266.0,0.9928161155515765,3.7603267000000002,4.490474699996412,1000,1000,20,15,300,151-500,Taillard,extension,1.0,2,0.0118258,0,G,../runs/JSP-tai_jsp013-G-73.json,1.8781534971028524,11.060209424083766,8.937829206586212
tai_jsp013,JSP,XHT,19,completed,True,1566.0,24962.0,1.006302224546846,11.7681445,12.545253799995407,1000,1000,20,15,300,151-500,Taillard,extension,1.0,5,0.0105601,0,T-B,../runs/JSP-tai_jsp013-T-B-19.json,0.54529648961964,2.486910994764391,3.5295093525776533
tai_jsp013,JSP,XHT,42,completed,True,1547.0,24489.0,1.009272805525064,12.2595216,13.014626999967732,1000,1000,20,15,300,151-500,Taillard,extension,1.0,7,0.0106359,0,T-B,../runs/JSP-tai_jsp013-T-B-42.json,0.2517084966334626,1.2434554973822065,1.5677491601343796
tai_jsp013,JSP,XHT,73,completed,True,1561.0,24586.0,1.007977117374116,13.8676403,14.734852000023238,1000,1000,20,15,300,151-500,Taillard,extension,1.0,5,0.0105441,0,T-B,../runs/JSP-tai_jsp013-T-B-73.json,0.37976374460080287,2.159685863874339,1.970055161544515
tai_jsp013,JSP,XHE,19,completed,True,1566.0,24962.0,1.006302224546846,7.6300796,8.396719500073232,1000,1000,20,15,300,151-500,Taillard,extension,1.0,5,0.0105305,0,T-G,../runs/JSP-tai_jsp013-T-G-19.json,0.54529648961964,2.486910994764391,3.5295093525776533
tai_jsp013,JSP,XHE,42,completed,True,1547.0,25004.0,1.0075126746304797,7.9822659,8.738527100067586,1000,1000,20,15,300,151-500,Taillard,extension,1.0,5,0.0101085,0,T-G,../runs/JSP-tai_jsp013-T-G-42.json,0.4256654769424051,1.2434554973822065,3.703703703703698
tai_jsp013,JSP,XHE,73,completed,True,1561.0,25407.0,1.0051712592384245,7.6756778,8.44709559995681,1000,1000,20,15,300,151-500,Taillard,extension,1.0,2,0.0103056,0,T-G,../runs/JSP-tai_jsp013-T-G-73.json,0.6570718754687954,2.159685863874339,5.3751399776035935
tai_jsp013,JSP,XTE,19,completed,True,1563.0,24928.0,1.0066587598627723,7.2233972,7.91263739997521,1000,1000,20,15,300,151-500,Taillard,extension,1.0,6,0.0098664,0,B-G,../runs/JSP-tai_jsp013-B-G-19.json,0.5100594472366771,2.290575916230364,3.3884948778565738
tai_jsp013,JSP,XTE,42,completed,True,1563.0,24839.0,1.0069536042356957,6.7160723,7.354908199980855,1000,1000,20,15,300,151-500,Taillard,extension,1.0,7,0.0102408,0,B-G,../runs/JSP-tai_jsp013-B-G-42.json,0.4809194344497558,2.290575916230364,3.0193687528514035
tai_jsp013,JSP,XTE,73,completed,True,1563.0,24839.0,1.0069604645522308,6.9947753,7.625404299935326,1000,1000,20,15,300,151-500,Taillard,extension,1.0,6,0.0099496,0,B-G,../runs/JSP-tai_jsp013-B-G-73.json,0.48024141672273757,2.290575916230364,3.0193687528514035
tai_jsp013,JSP,XHTE,19,completed,True,1566.0,24962.0,1.0062890738135677,9.0007442,9.77787490002811,1000,1000,20,15,300,151-500,Taillard,extension,1.0,8,0.0108183,0,T-B-G,../runs/JSP-tai_jsp013-T-B-G-19.json,0.5465962008269099,2.486910994764391,3.5295093525776533
tai_jsp013,JSP,XHTE,42,completed,True,1574.0,24516.0,1.0073081297444366,9.0927179,9.78679819998797,1000,1000,20,15,300,151-500,Taillard,extension,1.0,7,0.0103394,0,T-B-G,../runs/JSP-tai_jsp013-T-B-G-42.json,0.4458810250150824,3.010471204188492,1.6797312430011146
tai_jsp013,JSP,XHTE,73,completed,True,1561.0,24777.0,1.007333961552082,9.4738712,10.238206399953924,1000,1000,20,15,300,151-500,Taillard,extension,1.0,4,0.0107922,0,T-B-G,../runs/JSP-tai_jsp013-T-B-G-73.json,0.4433280198563594,2.159685863874339,2.762224710712946
tai_jsp013,JSP,NSGA-II,19,completed,True,1623,28175,0.9914586797750621,0.71690820006188,1.4818368999985978,1000,1000,20,15,300,151-500,Taillard,extension,1.0,5,0.008924399968236685,0,NSGA-II,../runs/JSP-tai_jsp013-NSGA-II-19.json,2.0123113767084755,6.217277486910988,16.85537721371988
tai_jsp013,JSP,NSGA-II,42,completed,True,1602,27463,0.9953288546445802,0.5574874999001622,1.2782315999502316,1000,1000,20,15,300,151-500,Taillard,extension,1.0,2,0.007089799968525767,0,NSGA-II,../runs/JSP-tai_jsp013-NSGA-II-42.json,1.629814861454737,4.842931937172779,13.902368213678407
tai_jsp013,JSP,NSGA-II,73,completed,True,1604,27752,0.9941814671416048,0.589269999996759,1.344096300075762,1000,1000,20,15,300,151-500,Taillard,extension,1.0,5,0.008874100050888956,0,NSGA-II,../runs/JSP-tai_jsp013-NSGA-II-73.json,1.7432132830584646,4.973821989528804,15.100991248807594
tai_jsp013,JSP,SPEA2,19,completed,True,1625,27926,0.9921704346951099,0.5677857999689877,1.188344599911943,1000,1000,20,15,300,151-500,Taillard,extension,1.0,6,0.007264799904078245,0,SPEA2,../runs/JSP-tai_jsp013-SPEA2-19.json,1.9419673261651171,6.348167539267013,15.822653560615496
tai_jsp013,JSP,SPEA2,42,completed,True,1612,27590,0.9942063096174008,0.5582032999955118,1.15445589995943,1000,1000,20,15,300,151-500,Taillard,extension,1.0,5,0.005953500047326088,0,SPEA2,../runs/JSP-tai_jsp013-SPEA2-42.json,1.7407580553898017,5.497382198952883,14.42909875160716
tai_jsp013,JSP,SPEA2,73,completed,True,1617,27887,0.9928538459682695,0.5812634999165311,1.232172799995169,1000,1000,20,15,300,151-500,Taillard,extension,1.0,3,0.006934699951671064,0,SPEA2,../runs/JSP-tai_jsp013-SPEA2-73.json,1.8744245304822882,5.824607329842935,15.660901663141313
tai_jsp013,JSP,MOEA/D,19,completed,True,1616,27612,0.9938600968656549,0.7388285999186337,1.4384094999404624,1000,1000,20,15,300,151-500,Taillard,extension,1.0,4,0.007744099944829941,0,MOEA-D,../runs/JSP-tai_jsp013-MOEA-D-19.json,1.7749748997298753,5.759162303664911,14.520343411720793
tai_jsp013,JSP,MOEA/D,42,completed,True,1656,28213,0.9890608588467422,0.8311316999606788,1.5374105999944732,1000,1000,20,15,300,151-500,Taillard,extension,1.0,4,0.007213299977593124,0,MOEA-D,../runs/JSP-tai_jsp013-MOEA-D-42.json,2.2492924383417434,8.37696335078535,17.01298162664344
tai_jsp013,JSP,MOEA/D,73,completed,True,1607,27350,0.9953770455364738,0.7955720999743789,1.5678821000037715,1000,1000,20,15,300,151-500,Taillard,extension,1.0,2,0.008804199984297156,0,MOEA-D,../runs/JSP-tai_jsp013-MOEA-D-73.json,1.6250520667909996,5.170157068062831,13.433702459458342
tai_jsp013,JSP,SMS-EMOA,19,completed,True,1640,28557,0.98898920697763,0.5547058000229299,1.2429243000224233,1000,1000,20,15,300,151-500,Taillard,extension,1.0,7,0.006897700019180775,0,SMS-EMOA,../runs/JSP-tai_jsp013-SMS-EMOA-19.json,2.256373924623589,7.329842931937169,18.439716312056742
tai_jsp013,JSP,SMS-EMOA,42,completed,True,1625,27712,0.9928855824107,0.6810238999314606,1.5549905999796465,1000,1000,20,15,300,151-500,Taillard,extension,1.0,4,0.008256700006313622,0,SMS-EMOA,../runs/JSP-tai_jsp013-SMS-EMOA-42.json,1.8712879593852594,6.348167539267013,14.935091866782791
tai_jsp013,JSP,SMS-EMOA,73,completed,True,1619,28275,0.9913960130264622,0.5865907999686897,1.2910522999009117,1000,1000,20,15,300,151-500,Taillard,extension,1.0,2,0.007014699978753924,0,SMS-EMOA,../runs/JSP-tai_jsp013-SMS-EMOA-73.json,2.018504846970115,5.95549738219896,17.270125668781876
tai_jsp020,JSP,XG,19,completed,True,1651.0,27481.0,1.00001869555131,0.0114159,0.7309240999165922,1,1000,20,15,300,151-500,Taillard,extension,1.0,1,0.0113437,0,F,../runs/JSP-tai_jsp020-F-19.json,1.5111312819896194,9.92010652463382,6.342388360034046
tai_jsp020,JSP,XG,42,completed,True,1651.0,27481.0,1.00001869555131,0.010134,0.6620665999362245,1,1000,20,15,300,151-500,Taillard,extension,1.0,1,0.0100599,0,F,../runs/JSP-tai_jsp020-F-42.json,1.5111312819896194,9.92010652463382,6.342388360034046
tai_jsp020,JSP,XG,73,completed,True,1651.0,27481.0,1.00001869555131,0.0103899,0.7176747999619693,1,1000,20,15,300,151-500,Taillard,extension,1.0,1,0.0103123,0,F,../runs/JSP-tai_jsp020-F-73.json,1.5111312819896194,9.92010652463382,6.342388360034046
tai_jsp020,JSP,XH,19,completed,True,1510.0,26455.0,1.0128124993436358,11.1463046,11.900336900027469,1000,1000,20,15,300,151-500,Taillard,extension,1.0,1,0.0118109,0,T,../runs/JSP-tai_jsp020-T-19.json,0.25110757672108797,0.5326231691078487,2.3721074220261595
tai_jsp020,JSP,XH,42,completed,True,1510.0,26362.0,1.0131175067663343,12.0210597,12.776527999900281,1000,1000,20,15,300,151-500,Taillard,extension,1.0,2,0.0110025,0,T,../runs/JSP-tai_jsp020-T-42.json,0.22106830230971264,0.5326231691078487,2.012228155715512
tai_jsp020,JSP,XH,73,completed,True,1510.0,26362.0,1.0131175067663343,12.795886,13.39691670006141,1000,1000,20,15,300,151-500,Taillard,extension,1.0,2,0.0106393,0,T,../runs/JSP-tai_jsp020-T-73.json,0.22106830230971264,0.5326231691078487,2.012228155715512
tai_jsp020,JSP,XT,19,completed,True,1525.0,26460.0,1.0117883617872763,9.9845017,10.747635399922729,1000,1000,20,15,300,151-500,Taillard,extension,1.0,4,0.0103398,0,B,../runs/JSP-tai_jsp020-B-19.json,0.3519718403455441,1.5312916111850816,2.3914557696772754
tai_jsp020,JSP,XT,42,completed,True,1525.0,26344.0,1.012166169800526,9.8655183,10.503039599978365,1000,1000,20,15,300,151-500,Taillard,extension,1.0,6,0.0107598,0,B,../runs/JSP-tai_jsp020-B-42.json,0.3147626521742719,1.5312916111850816,1.9425741041715128
tai_jsp020,JSP,XT,73,completed,True,1525.0,26470.0,1.011751559966181,10.0288909,10.83397000003606,1000,1000,20,15,300,151-500,Taillard,extension,1.0,7,0.0104852,0,B,../runs/JSP-tai_jsp020-B-73.json,0.3555963423099162,1.5312916111850816,2.430152464979485
tai_jsp020,JSP,XE,19,completed,True,1649.0,27398.0,1.0004238491747761,3.5975724,4.194492399925366,1000,1000,20,15,300,151-500,Taillard,extension,1.0,1,0.0102627,0,G,../runs/JSP-tai_jsp020-G-19.json,1.471228905954347,9.786950732356846,6.021205789025608
tai_jsp020,JSP,XE,42,completed,True,1649.0,27398.0,1.0004238491747761,3.5099353,4.179813600028865,1000,1000,20,15,300,151-500,Taillard,extension,1.0,1,0.0100182,0,G,../runs/JSP-tai_jsp020-G-42.json,1.471228905954347,9.786950732356846,6.021205789025608
tai_jsp020,JSP,XE,73,completed,True,1651.0,27479.0,1.0000252434973922,3.7183458,4.4078562000067905,1000,1000,20,15,300,151-500,Taillard,extension,1.0,1,0.0109785,0,G,../runs/JSP-tai_jsp020-G-73.json,1.5104863942440816,9.92010652463382,6.334649020973604
tai_jsp020,JSP,XHT,19,completed,True,1510.0,25845.0,1.0148276026443814,11.0388357,11.808475900092162,1000,1000,20,15,300,151-500,Taillard,extension,1.0,2,0.0119339,0,T-B,../runs/JSP-tai_jsp020-T-B-19.json,0.05264604262851247,0.5326231691078487,0.01160900859067393
tai_jsp020,JSP,XHT,42,completed,True,1502.0,25845.0,1.0153621506350385,11.4337396,12.181136899976991,1000,1000,20,15,300,151-500,Taillard,extension,1.0,3,0.0114871,0,T-B,../runs/JSP-tai_jsp020-T-B-42.json,0.0,0.0,0.01160900859067393
tai_jsp020,JSP,XHT,73,completed,True,1510.0,26211.0,1.013609999902667,12.2633136,12.975152999977581,1000,1000,20,15,300,151-500,Taillard,extension,1.0,6,0.0103241,0,T-B,../runs/JSP-tai_jsp020-T-B-73.json,0.17256411727338827,0.5326231691078487,1.4279080566519609
tai_jsp020,JSP,XHE,19,completed,True,1506.0,26362.0,1.0133875743359868,7.574769,8.372032399987802,1000,1000,20,15,300,151-500,Taillard,extension,1.0,1,0.0132463,0,T-G,../runs/JSP-tai_jsp020-T-G-19.json,0.19447015016432756,0.26631158455392434,2.012228155715512
tai_jsp020,JSP,XHE,42,completed,True,1506.0,26405.0,1.0132454321872137,8.3396356,9.085000799968839,1000,1000,20,15,300,151-500,Taillard,extension,1.0,1,0.010724,0,T-G,../runs/JSP-tai_jsp020-T-G-42.json,0.2084693078721611,0.26631158455392434,2.178623945515046
tai_jsp020,JSP,XHE,73,completed,True,1504.0,26362.0,1.0135206216154602,7.6452214,8.393528299988247,1000,1000,20,15,300,151-500,Taillard,extension,1.0,2,0.0115207,0,T-G,../runs/JSP-tai_jsp020-T-G-73.json,0.18136671909885216,0.13315579227697327,2.012228155715512
tai_jsp020,JSP,XTE,19,completed,True,1525.0,26460.0,1.0117884120039309,7.3862917,8.043307999963872,1000,1000,20,15,300,151-500,Taillard,extension,1.0,3,0.0101402,0,B-G,../runs/JSP-tai_jsp020-B-G-19.json,0.351966894656508,1.5312916111850816,2.3914557696772754
tai_jsp020,JSP,XTE,42,completed,True,1519.0,26344.0,1.0125670043768706,7.3512117,8.1574201999465,1000,1000,20,15,300,151-500,Taillard,extension,1.0,4,0.0114836,0,B-G,../runs/JSP-tai_jsp020-B-G-42.json,0.27528564625141083,1.131824234354184,1.9425741041715128
tai_jsp020,JSP,XTE,73,completed,True,1525.0,26487.0,1.011687556198168,7.0726075999999996,7.881989600020461,1000,1000,20,15,300,151-500,Taillard,extension,1.0,5,0.0116866,0,B-G,../runs/JSP-tai_jsp020-B-G-73.json,0.36189988316703836,1.5312916111850816,2.495936846993274
tai_jsp020,JSP,XHTE,19,completed,True,1510.0,25842.0,1.0148375129884835,8.3757431,9.199924900080077,1000,1000,20,15,300,151-500,Taillard,extension,1.0,2,0.0119143,0,T-B-G,../runs/JSP-tai_jsp020-T-B-G-19.json,0.051670002296910766,0.5326231691078487,0.0
tai_jsp020,JSP,XHTE,42,completed,True,1510.0,25845.0,1.0148276026443814,9.3509586,10.094043899909593,1000,1000,20,15,300,151-500,Taillard,extension,1.0,2,0.0115325,0,T-B-G,../runs/JSP-tai_jsp020-T-B-G-42.json,0.05264604262851247,0.5326231691078487,0.01160900859067393
tai_jsp020,JSP,XHTE,73,completed,True,1504.0,26211.0,1.0140111995322567,9.5408469,10.20943599997554,1000,1000,20,15,300,151-500,Taillard,extension,1.0,2,0.0108081,0,T-B-G,../runs/JSP-tai_jsp020-T-B-G-73.json,0.13305115834156833,0.13315579227697327,1.4279080566519609
tai_jsp020,JSP,NSGA-II,19,completed,True,1653,29478,0.9933413566301699,0.5545868000481278,1.2402983999345452,1000,1000,20,15,300,151-500,Taillard,extension,1.0,4,0.00709700002335012,0,NSGA-II,../runs/JSP-tai_jsp020-NSGA-II-19.json,2.1687625436004443,10.053262316910793,14.070118411887634
tai_jsp020,JSP,NSGA-II,42,completed,True,1661,29434,0.9929547989107038,0.5447709000436589,1.1340108999283984,1000,1000,20,15,300,151-500,Taillard,extension,1.0,4,0.005821100086905062,0,NSGA-II,../runs/JSP-tai_jsp020-NSGA-II-42.json,2.2068334643280174,10.585885486018643,13.899852952557845
tai_jsp020,JSP,NSGA-II,73,completed,True,1672,29541,0.9918831230815137,0.6055919999489561,1.3416949999518692,1000,1000,20,15,300,151-500,Taillard,extension,1.0,2,0.006910900003276765,0,NSGA-II,../runs/JSP-tai_jsp020-NSGA-II-73.json,2.31237963113361,11.31824234354195,14.313907592291608
tai_jsp020,JSP,SPEA2,19,completed,True,1627,29027,0.9965495636043907,0.5711245000129566,1.2206533000571653,1000,1000,20,15,300,151-500,Taillard,extension,1.0,1,0.006816000095568597,0,SPEA2,../runs/JSP-tai_jsp020-SPEA2-19.json,1.8527957752691337,8.322237017310252,12.324897453757444
tai_jsp020,JSP,SPEA2,42,completed,True,1638,29257,0.995062526634204,0.610310300020501,1.3166531999595463,1000,1000,20,15,300,151-500,Taillard,extension,1.0,3,0.00790880003478378,0,SPEA2,../runs/JSP-tai_jsp020-SPEA2-42.json,1.9992496261691972,9.05459387483356,13.214921445708526
tai_jsp020,JSP,SPEA2,73,completed,True,1666,29346,0.992918511570151,0.62486560002435,1.4420601000310853,1000,1000,20,15,300,151-500,Taillard,extension,1.0,1,0.007691600010730326,0,SPEA2,../runs/JSP-tai_jsp020-SPEA2-73.json,2.210407296633088,10.918774966711053,13.559322033898313
tai_jsp020,JSP,MOEA/D,19,completed,True,1634,29375,0.9949438532389191,0.7608361000893638,1.57331340003293,1000,1000,20,15,300,151-500,Taillard,extension,1.0,3,0.009204600006341934,0,MOEA-D,../runs/JSP-tai_jsp020-MOEA-D-19.json,2.0109374161080606,8.788282290279636,13.671542450274753
tai_jsp020,JSP,MOEA/D,42,completed,True,1613,29293,0.9966019673470441,0.7257278999313712,1.337074900045991,1000,1000,20,15,300,151-500,Taillard,extension,1.0,3,0.005576099967584014,0,MOEA-D,../runs/JSP-tai_jsp020-MOEA-D-42.json,1.8476346864280124,7.390146471371506,13.354229548796525
tai_jsp020,JSP,MOEA/D,73,completed,True,1608,28628,0.9991202988385252,0.7969330999767408,1.5167422000085935,1000,1000,20,15,300,151-500,Taillard,extension,1.0,1,0.006803099997341633,0,MOEA-D,../runs/JSP-tai_jsp020-MOEA-D-73.json,1.599611703701509,7.057256990679095,10.780899311198834
tai_jsp020,JSP,SMS-EMOA,19,completed,True,1640,28995,0.9957610568045167,0.5617032001027837,1.2236615000292659,1000,1000,20,15,300,151-500,Taillard,extension,1.0,5,0.006933800061233342,0,SMS-EMOA,../runs/JSP-tai_jsp020-SMS-EMOA-19.json,1.9304534661118478,9.187749667110513,12.201068028790353
tai_jsp020,JSP,SMS-EMOA,42,completed,True,1673,29597,0.9916314857227352,0.5448428000090644,1.222924800007604,1000,1000,20,15,300,151-500,Taillard,extension,1.0,4,0.006804400007240474,0,SMS-EMOA,../runs/JSP-tai_jsp020-SMS-EMOA-42.json,2.3371626465947593,11.384820239680415,14.530609085984047
tai_jsp020,JSP,SMS-EMOA,73,completed,True,1644,28511,0.9970945869638467,0.5871733999811113,1.2881064999382943,1000,1000,20,15,300,151-500,Taillard,extension,1.0,5,0.007266200031153858,0,SMS-EMOA,../runs/JSP-tai_jsp020-SMS-EMOA-73.json,1.7991180447061939,9.45406125166446,10.328147976162839
tai_jsp025,JSP,XG,19,completed,True,2059.0,34740.0,1.0068033107904637,0.0132717,0.7089501000009477,1,1000,20,20,400,151-500,Taillard,extension,1.0,1,0.0131956,0,F,../runs/JSP-tai_jsp025-F-19.json,2.3476371211545,17.388825541619156,10.756870496716186
tai_jsp025,JSP,XG,42,completed,True,2059.0,34740.0,1.0068033107904637,0.0153456,0.7664460999658331,1,1000,20,20,400,151-500,Taillard,extension,1.0,1,0.0152695,0,F,../runs/JSP-tai_jsp025-F-42.json,2.3476371211545,17.388825541619156,10.756870496716186
tai_jsp025,JSP,XG,73,completed,True,2059.0,34740.0,1.0068033107904637,0.0148297,0.765096899936907,1,1000,20,20,400,151-500,Taillard,extension,1.0,1,0.014722,0,F,../runs/JSP-tai_jsp025-F-73.json,2.3476371211545,17.388825541619156,10.756870496716186
tai_jsp025,JSP,XH,19,completed,True,1800.0,31554.0,1.0283006519037619,18.005282,18.806489199982025,1000,1000,20,20,400,151-500,Taillard,extension,1.0,4,0.0172237,0,T,../runs/JSP-tai_jsp025-T-19.json,0.26255641787599204,2.6225769669327326,0.5993751195562114
tai_jsp025,JSP,XH,42,completed,True,1799.0,31554.0,1.0283537792080184,17.4997045,18.197341699968092,1000,1000,20,20,400,151-500,Taillard,extension,1.0,4,0.014834,0,T,../runs/JSP-tai_jsp025-T-42.json,0.2574034682000903,2.5655644241733278,0.5993751195562114
tai_jsp025,JSP,XH,73,completed,True,1813.0,32034.0,1.0263906872604207,16.3415743,17.096321799908765,1000,1000,20,20,400,151-500,Taillard,extension,1.0,4,0.0159336,0,T,../runs/JSP-tai_jsp025-T-73.json,0.44780864980487056,3.3637400228050174,2.129694573742258
tai_jsp025,JSP,XT,19,completed,True,1829.0,31560.0,1.026781168623413,14.1837772,15.103873200016096,1000,1000,20,20,400,151-500,Taillard,extension,1.0,5,0.0152577,0,B,../runs/JSP-tai_jsp025-B-19.json,0.40993488901398534,4.275940706955539,0.6185041127335422
tai_jsp025,JSP,XT,42,completed,True,1829.0,31560.0,1.0267812260947196,14.1658694,14.969771999982186,1000,1000,20,20,400,151-500,Taillard,extension,1.0,6,0.015291,0,B,../runs/JSP-tai_jsp025-B-42.json,0.4099293147286964,4.275940706955539,0.6185041127335422
tai_jsp025,JSP,XT,73,completed,True,1829.0,31781.0,1.0262165103952807,13.8804861,14.612271199934185,1000,1000,20,20,400,151-500,Taillard,extension,1.0,6,0.0141937,0,B,../runs/JSP-tai_jsp025-B-73.json,0.46470249814392073,4.275940706955539,1.3230886947650289
tai_jsp025,JSP,XE,19,completed,True,2059.0,34685.0,1.006942565060807,5.2296405,5.902243200107478,1000,1000,20,20,400,151-500,Taillard,extension,1.0,1,0.0137029,0,G,../runs/JSP-tai_jsp025-G-19.json,2.334130502340026,17.388825541619156,10.581521392590698
tai_jsp025,JSP,XE,42,completed,True,2039.0,34720.0,1.0078831096582872,5.2165957,6.0406989000039175,1000,1000,20,20,400,151-500,Taillard,extension,1.0,2,0.0148659,0,G,../runs/JSP-tai_jsp025-G-42.json,2.242904737235263,16.248574686431017,10.693107186125106
tai_jsp025,JSP,XE,73,completed,True,2039.0,34615.0,1.0081495515545011,5.2879598,6.121050300076604,1000,1000,20,20,400,151-500,Taillard,extension,1.0,1,0.0153961,0,G,../runs/JSP-tai_jsp025-G-73.json,2.2170618735335323,16.248574686431017,10.358349805521904
tai_jsp025,JSP,XHT,19,completed,True,1800.0,31554.0,1.028290372824029,16.2974084,17.14139159990009,1000,1000,20,20,400,151-500,Taillard,extension,1.0,3,0.0147108,0,T-B,../runs/JSP-tai_jsp025-T-B-19.json,0.26355341144304045,2.6225769669327326,0.5993751195562114
tai_jsp025,JSP,XHT,42,completed,True,1815.0,31366.0,1.028006897053844,16.0956026,16.813178000040352,1000,1000,20,20,400,151-500,Taillard,extension,1.0,6,0.0148555,0,T-B,../runs/JSP-tai_jsp025-T-B-42.json,0.2910484330433505,3.477765108323827,0.0
tai_jsp025,JSP,XHT,73,completed,True,1754.0,31427.0,1.031007628601446,15.6424751,16.415357199963182,1000,1000,20,20,400,151-500,Taillard,extension,1.0,7,0.0155129,0,T-B,../runs/JSP-tai_jsp025-T-B-73.json,0.0,0.0,0.19447809730281929
tai_jsp025,JSP,XHE,19,completed,True,1800.0,31482.0,1.0284757432616525,11.409389000000001,12.136138399946503,1000,1000,20,20,400,151-500,Taillard,extension,1.0,4,0.014156,0,T-G,../runs/JSP-tai_jsp025-T-G-19.json,0.24557387060539781,2.6225769669327326,0.3698272014283077
tai_jsp025,JSP,XHE,42,completed,True,1821.0,31554.0,1.0272172929214851,12.3848551,13.167414299910888,1000,1000,20,20,400,151-500,Taillard,extension,1.0,3,0.0148409,0,T-G,../runs/JSP-tai_jsp025-T-G-42.json,0.36763410617072223,3.819840364880278,0.5993751195562114
tai_jsp025,JSP,XHE,73,completed,True,1804.0,32034.0,1.026857312590548,10.962959,11.676920099998824,1000,1000,20,20,400,151-500,Taillard,extension,1.0,3,0.0137445,0,T-G,../runs/JSP-tai_jsp025-T-G-73.json,0.40254949582941846,2.850627137970352,2.129694573742258
tai_jsp025,JSP,XTE,19,completed,True,1832.0,31560.0,1.0266250725419923,10.7172383,11.505248900037259,1000,1000,20,20,400,151-500,Taillard,extension,1.0,4,0.0140134,0,B-G,../runs/JSP-tai_jsp025-B-G-19.json,0.42507503706821215,4.446978335233753,0.6185041127335422
tai_jsp025,JSP,XTE,42,completed,True,1839.0,31560.0,1.0262634058683011,9.4108465,10.184022599947639,1000,1000,20,20,400,151-500,Taillard,extension,1.0,3,0.0134875,0,B-G,../runs/JSP-tai_jsp025-B-G-42.json,0.46015398931436025,4.846066134549609,0.6185041127335422
tai_jsp025,JSP,XTE,73,completed,True,1839.0,31781.0,1.0256987081610056,9.463367,10.203220700030215,1000,1000,20,20,400,151-500,Taillard,extension,1.0,4,0.0141653,0,B-G,../runs/JSP-tai_jsp025-B-G-73.json,0.5149254276267445,4.846066134549609,1.3230886947650289
tai_jsp025,JSP,XHTE,19,completed,True,1760.0,32176.0,1.0287759484373236,12.2513652,13.077150100027211,1000,1000,20,20,400,151-500,Taillard,extension,1.0,5,0.0157624,0,T-B-G,../runs/JSP-tai_jsp025-T-B-G-19.json,0.21645622226381667,0.3420752565564511,2.582414078938977
tai_jsp025,JSP,XHTE,42,completed,True,1821.0,31366.0,1.027696477181836,12.0763183,12.850346700055525,1000,1000,20,20,400,151-500,Taillard,extension,1.0,4,0.0147152,0,T-B-G,../runs/JSP-tai_jsp025-T-B-G-42.json,0.3211568302459167,3.819840364880278,0.0
tai_jsp025,JSP,XHTE,73,completed,True,1764.0,31427.0,1.0304911320272383,11.9033993,12.712288700044155,1000,1000,20,20,400,151-500,Taillard,extension,1.0,6,0.0149145,0,T-B-G,../runs/JSP-tai_jsp025-T-B-G-73.json,0.05009629025813922,0.5701254275940704,0.19447809730281929
tai_jsp025,JSP,NSGA-II,19,completed,True,1902,34757,1.0148298186074056,0.7600123999873176,1.4812620000448078,1000,1000,20,20,400,151-500,Taillard,extension,1.0,6,0.008829099941067398,0,NSGA-II,../runs/JSP-tai_jsp025-NSGA-II-19.json,1.5691261194629047,8.437856328392247,10.811069310718601
tai_jsp025,JSP,NSGA-II,42,completed,True,1904,34596,1.015138866339024,0.8169748999644071,1.618477200041525,1000,1000,20,20,400,151-500,Taillard,extension,1.0,5,0.009718899964354932,0,NSGA-II,../runs/JSP-tai_jsp025-NSGA-II-42.json,1.5391508095772166,8.551881413911055,10.29777466046038
tai_jsp025,JSP,NSGA-II,73,completed,True,1906,33975,1.0166257958779283,0.7701209000078961,1.498248599935323,1000,1000,20,20,400,151-500,Taillard,extension,1.0,2,0.008763000019825995,0,NSGA-II,../runs/JSP-tai_jsp025-NSGA-II-73.json,1.3949298069720895,8.665906499429866,8.317923866607146
tai_jsp025,JSP,SPEA2,19,completed,True,1908,34323,1.0156295215615205,0.8091814999934286,1.5150829000631347,1000,1000,20,20,400,151-500,Taillard,extension,1.0,4,0.008771100081503391,0,SPEA2,../runs/JSP-tai_jsp025-SPEA2-19.json,1.491560936439018,8.779931584948697,9.427405470892047
tai_jsp025,JSP,SPEA2,42,completed,True,1939,34880,1.012623149515829,0.8348366999998689,1.602095799986273,1000,1000,20,20,400,151-500,Taillard,extension,1.0,2,0.00830419990234077,0,SPEA2,../runs/JSP-tai_jsp025-SPEA2-42.json,1.783156455452739,10.547320410490313,11.203213670853795
tai_jsp025,JSP,SPEA2,73,completed,True,1927,35017,1.0128914501946047,0.8130206000059843,1.555009500007145,1000,1000,20,20,400,151-500,Taillard,extension,1.0,2,0.0077009000815451145,0,SPEA2,../runs/JSP-tai_jsp025-SPEA2-73.json,1.7571333037967651,9.863169897377432,11.639992348402739
tai_jsp025,JSP,MOEA/D,19,completed,True,1907,34791,1.014496389424704,0.9160087000345811,1.582988000009209,1000,1000,20,20,400,151-500,Taillard,extension,1.0,3,0.007574200048111379,0,MOEA-D,../runs/JSP-tai_jsp025-MOEA-D-19.json,1.6014662470673735,8.722919042189293,10.919466938723454
tai_jsp025,JSP,MOEA/D,42,completed,True,1896,33668,1.017928383275502,0.8725917000556365,1.5663128999294713,1000,1000,20,20,400,151-500,Taillard,extension,1.0,3,0.007910000043921173,0,MOEA-D,../runs/JSP-tai_jsp025-MOEA-D-42.json,1.2685886081838182,8.095781071835795,7.339157049033984
tai_jsp025,JSP,MOEA/D,73,completed,True,1899,33691,1.0177153424230023,0.9350192999700084,1.6824812999693677,1000,1000,20,20,400,151-500,Taillard,extension,1.0,4,0.008377799997106194,0,MOEA-D,../runs/JSP-tai_jsp025-MOEA-D-73.json,1.2892519715372641,8.266818700114031,7.41248485621373
tai_jsp025,JSP,SMS-EMOA,19,completed,True,1939,34347,1.0139729049868103,0.8247115999693051,1.6227391000138596,1000,1000,20,20,400,151-500,Taillard,extension,1.0,3,0.008656800026074052,0,SMS-EMOA,../runs/JSP-tai_jsp025-SMS-EMOA-19.json,1.6522403076438152,10.547320410490313,9.50392144360135
tai_jsp025,JSP,SMS-EMOA,42,completed,True,1957,34673,1.0122211423599576,0.7923318999819458,1.6114111000206321,1000,1000,20,20,400,151-500,Taillard,extension,1.0,3,0.010163899976760149,0,SMS-EMOA,../runs/JSP-tai_jsp025-SMS-EMOA-42.json,1.8221481316265442,11.573546180159644,10.543263406236058
tai_jsp025,JSP,SMS-EMOA,73,completed,True,1927,34586,1.013976165499718,0.7227517999708652,1.4311170999426395,1000,1000,20,20,400,151-500,Taillard,extension,1.0,8,0.007590699940919876,0,SMS-EMOA,../runs/JSP-tai_jsp025-SMS-EMOA-73.json,1.6519240623690812,9.863169897377432,10.265893005164827
tai_jsp026,JSP,XG,19,completed,True,2134.0,35639.0,1.0097918675176518,0.0132996,0.626437500002794,1,1000,20,20,400,151-500,Taillard,extension,1.0,1,0.0132319,0,F,../runs/JSP-tai_jsp026-F-19.json,2.462904664000176,20.15765765765767,13.67739466045741
tai_jsp026,JSP,XG,42,completed,True,2134.0,35639.0,1.0097918675176518,0.0134687,0.6886786000104621,1,1000,20,20,400,151-500,Taillard,extension,1.0,1,0.0133948,0,F,../runs/JSP-tai_jsp026-F-42.json,2.462904664000176,20.15765765765767,13.67739466045741
tai_jsp026,JSP,XG,73,completed,True,2134.0,35639.0,1.0097918675176518,0.0147747,0.7733953000279143,1,1000,20,20,400,151-500,Taillard,extension,1.0,1,0.0146972,0,F,../runs/JSP-tai_jsp026-F-73.json,2.462904664000176,20.15765765765767,13.67739466045741
tai_jsp026,JSP,XH,19,completed,True,1858.0,32603.0,1.0308116671458978,17.9291937,18.58669370005373,1000,1000,20,20,400,151-500,Taillard,extension,1.0,5,0.0140498,0,T,../runs/JSP-tai_jsp026-T-19.json,0.43257518103075876,4.61711711711712,3.9934930305253413
tai_jsp026,JSP,XH,42,completed,True,1853.0,31351.0,1.034102355955892,18.3339326,19.016485400032252,1000,1000,20,20,400,151-500,Taillard,extension,1.0,5,0.0142613,0,T,../runs/JSP-tai_jsp026-T-42.json,0.11472331619991616,4.335585585585577,0.0
tai_jsp026,JSP,XH,73,completed,True,1832.0,32171.0,1.0331678365157584,16.517762,17.255254700081423,1000,1000,20,20,400,151-500,Taillard,extension,1.0,1,0.0160394,0,T,../runs/JSP-tai_jsp026-T-73.json,0.20498975095515348,3.153153153153143,2.615546553538972
tai_jsp026,JSP,XT,19,completed,True,1885.0,32604.0,1.0294702607671846,15.2300466,16.003775999997742,1000,1000,20,20,400,151-500,Taillard,extension,1.0,5,0.0148344,0,B,../runs/JSP-tai_jsp026-B-19.json,0.5621433485448191,6.137387387387383,3.996682721444289
tai_jsp026,JSP,XT,42,completed,True,1889.0,32901.0,1.0285490049937298,13.6299581,14.378593300003558,1000,1000,20,20,400,151-500,Taillard,extension,1.0,4,0.0147291,0,B,../runs/JSP-tai_jsp026-B-42.json,0.6511286286750684,6.362612612612617,4.944020924372428
tai_jsp026,JSP,XT,73,completed,True,1880.0,32815.0,1.0292035859841224,14.0110701,14.833240100066178,1000,1000,20,20,400,151-500,Taillard,extension,1.0,4,0.0137554,0,B,../runs/JSP-tai_jsp026-B-73.json,0.5879018088532639,5.855855855855863,4.669707505342724
tai_jsp026,JSP,XE,19,completed,True,2038.0,35498.0,1.0148591348534128,5.3202762,6.099738999968395,1000,1000,20,20,400,151-500,Taillard,extension,1.0,1,0.0142205,0,G,../runs/JSP-tai_jsp026-G-19.json,1.9734507942278712,14.752252252252251,13.227648240885447
tai_jsp026,JSP,XE,42,completed,True,2019.0,35587.0,1.0155780049210505,5.0711427,5.7294606999494135,1000,1000,20,20,400,151-500,Taillard,extension,1.0,1,0.0134452,0,G,../runs/JSP-tai_jsp026-G-42.json,1.904014209742655,13.682432432432435,13.511530732671995
tai_jsp026,JSP,XE,73,completed,True,2064.0,35598.0,1.0133311385784245,5.2852765,6.023147300002165,1000,1000,20,20,400,151-500,Taillard,extension,1.0,2,0.0142365,0,G,../runs/JSP-tai_jsp026-G-73.json,2.121041919825828,16.216216216216207,13.546617332780464
tai_jsp026,JSP,XHT,19,completed,True,1858.0,32757.0,1.0304349672170607,18.6779768,19.386382399941795,1000,1000,20,20,400,151-500,Taillard,extension,1.0,5,0.0147395,0,T-B,../runs/JSP-tai_jsp026-T-B-19.json,0.4689611116902803,4.61711711711712,4.484705432043645
tai_jsp026,JSP,XHT,42,completed,True,1829.0,31351.0,1.035290075062292,15.2082324,15.937530600000173,1000,1000,20,20,400,151-500,Taillard,extension,1.0,4,0.0152627,0,T-B,../runs/JSP-tai_jsp026-T-B-42.json,0.0,2.98423423423424,0.0
tai_jsp026,JSP,XHT,73,completed,True,1832.0,31806.0,1.0340576878554786,17.6546032,18.4318215000676,1000,1000,20,20,400,151-500,Taillard,extension,1.0,2,0.014989,0,T-B,../runs/JSP-tai_jsp026-T-B-73.json,0.1190378654735258,3.153153153153143,1.4513093681222333
tai_jsp026,JSP,XHE,19,completed,True,1858.0,32757.0,1.0304349672170607,10.572572,11.33412400004454,1000,1000,20,20,400,151-500,Taillard,extension,1.0,5,0.0147563,0,T-G,../runs/JSP-tai_jsp026-T-G-19.json,0.4689611116902803,4.61711711711712,4.484705432043645
tai_jsp026,JSP,XHE,42,completed,True,1853.0,31351.0,1.0340925748257224,11.6251392,12.408465099986643,1000,1000,20,20,400,151-500,Taillard,extension,1.0,4,0.0144952,0,T-G,../runs/JSP-tai_jsp026-T-G-42.json,0.11566808814404972,4.335585585585577,0.0
tai_jsp026,JSP,XHE,73,completed,True,1832.0,32165.0,1.0331825653711646,12.1315863,12.848611299996264,1000,1000,20,20,400,151-500,Taillard,extension,1.0,1,0.0141499,0,T-G,../runs/JSP-tai_jsp026-T-G-73.json,0.2035670718663618,3.153153153153143,2.5964084080252636
tai_jsp026,JSP,XTE,19,completed,True,1875.0,32928.0,1.029178707181154,11.2443931,11.976363899884745,1000,1000,20,20,400,151-500,Taillard,extension,1.0,3,0.0139502,0,B-G,../runs/JSP-tai_jsp026-B-G-19.json,0.5903048844325354,5.57432432432432,5.030142579184083
tai_jsp026,JSP,XTE,42,completed,True,1894.0,32984.0,1.0281008709450417,9.8160688,10.620844900025986,1000,1000,20,20,400,151-500,Taillard,extension,1.0,3,0.0147102,0,B-G,../runs/JSP-tai_jsp026-B-G-42.json,0.6944144728536883,6.644144144144137,5.208765270645266
tai_jsp026,JSP,XTE,73,completed,True,1907.0,32928.0,1.027593752017127,10.5398663,11.283010799903423,1000,1000,20,20,400,151-500,Taillard,extension,1.0,3,0.01623,0,B-G,../runs/JSP-tai_jsp026-B-G-73.json,0.7433977423865423,7.376126126126126,5.030142579184083
tai_jsp026,JSP,XHTE,19,completed,True,1776.0,32757.0,1.0344935549676422,13.6750693,14.459792400011793,1000,1000,20,20,400,151-500,Taillard,extension,1.0,5,0.0137023,0,T-B-G,../runs/JSP-tai_jsp026-T-B-G-19.json,0.07693690047225754,0.0,4.484705432043645
tai_jsp026,JSP,XHTE,42,completed,True,1829.0,32356.0,1.0328625006714374,12.9917872,13.661571899894625,1000,1000,20,20,400,151-500,Taillard,extension,1.0,1,0.01429,0,T-B-G,../runs/JSP-tai_jsp026-T-B-G-42.json,0.23448253289867216,2.98423423423424,3.2056393735446997
tai_jsp026,JSP,XHTE,73,completed,True,1856.0,32247.0,1.0317873178194943,11.9515385,12.756161900004372,1000,1000,20,20,400,151-500,Taillard,extension,1.0,4,0.0149491,0,T-B-G,../runs/JSP-tai_jsp026-T-B-G-73.json,0.3383358275299786,4.504504504504503,2.857963063379154
tai_jsp026,JSP,NSGA-II,19,completed,True,1957,35534,1.0187503846313484,0.7797551000257954,1.55386109999381,1000,1000,20,20,400,151-500,Taillard,extension,1.0,3,0.008671100018545985,0,NSGA-II,../runs/JSP-tai_jsp026-NSGA-II-19.json,1.5975899730274579,10.191441441441441,13.342477113967654
tai_jsp026,JSP,NSGA-II,42,completed,True,1973,35807,1.0172995963118487,0.8014799000229686,1.6008462000172585,1000,1000,20,20,400,151-500,Taillard,extension,1.0,5,0.009653499932028353,0,NSGA-II,../runs/JSP-tai_jsp026-NSGA-II-42.json,1.7377234828954369,11.09234234234233,14.213262734841003
tai_jsp026,JSP,NSGA-II,73,completed,True,1999,35283,1.017302687912061,0.7734470000723377,1.481568800052628,1000,1000,20,20,400,151-500,Taillard,extension,1.0,1,0.009005900006741285,0,NSGA-II,../runs/JSP-tai_jsp026-NSGA-II-73.json,1.737424861254333,12.556306306306308,12.541864693311222
tai_jsp026,JSP,SPEA2,19,completed,True,1989,35476,1.0173205020126213,0.756190299987793,1.4008736999239773,1000,1000,20,20,400,151-500,Taillard,extension,1.0,4,0.007803900050930679,0,SPEA2,../runs/JSP-tai_jsp026-SPEA2-19.json,1.7357041743677026,11.993243243243246,13.157475040668555
tai_jsp026,JSP,SPEA2,42,completed,True,1989,35536,1.0171765541676192,0.7461459999904037,1.3880159000400454,1000,1000,20,20,400,151-500,Taillard,extension,1.0,2,0.0076256999745965,0,SPEA2,../runs/JSP-tai_jsp026-SPEA2-42.json,1.7496082818704628,11.993243243243246,13.34885649580555
tai_jsp026,JSP,SPEA2,73,completed,True,1983,35197,1.0182988630654726,0.86353880004026,1.597921899985522,1000,1000,20,20,400,151-500,Taillard,extension,1.0,2,0.008471600012853742,0,SPEA2,../runs/JSP-tai_jsp026-SPEA2-73.json,1.6412030218484475,11.655405405405395,12.26755127428152
tai_jsp026,JSP,MOEA/D,19,completed,True,1921,34233,1.0237111718472838,1.0352566000074148,1.8581358999945223,1000,1000,20,20,400,151-500,Taillard,extension,1.0,2,0.010133399977348745,0,MOEA-D,../runs/JSP-tai_jsp026-MOEA-D-19.json,1.118421154989968,8.164414414414424,9.192689228413764
tai_jsp026,JSP,MOEA/D,42,completed,True,1931,35566,1.0199603984844554,0.889552199980244,1.5480574000393972,1000,1000,20,20,400,151-500,Taillard,extension,1.0,2,0.00802129996009171,0,MOEA-D,../runs/JSP-tai_jsp026-MOEA-D-42.json,1.4807131785663286,8.727477477477485,13.444547223374048
tai_jsp026,JSP,MOEA/D,73,completed,True,1954,34815,1.0206607411404671,0.8748735999688506,1.6119419001042843,1000,1000,20,20,400,151-500,Taillard,extension,1.0,4,0.007637099944986403,0,MOEA-D,../runs/JSP-tai_jsp026-MOEA-D-73.json,1.4130661806010858,10.022522522522515,11.049089343242645
tai_jsp026,JSP,SMS-EMOA,19,completed,True,2002,35213,1.0173151062145165,0.7916604999918491,1.5549645000137389,1000,1000,20,20,400,151-500,Taillard,extension,1.0,8,0.009139599977061152,0,SMS-EMOA,../runs/JSP-tai_jsp026-SMS-EMOA-19.json,1.7362253614470302,12.725225225225234,12.318586328984725
tai_jsp026,JSP,SMS-EMOA,42,completed,True,2001,35621,1.016375921242026,0.8067086999071762,1.5571768999798223,1000,1000,20,20,400,151-500,Taillard,extension,1.0,5,0.00801369990222156,0,SMS-EMOA,../runs/JSP-tai_jsp026-SMS-EMOA-42.json,1.8269424459737005,12.668918918918926,13.619980223916306
tai_jsp026,JSP,SMS-EMOA,73,completed,True,2018,35245,1.0164478317082688,0.7868869999656454,1.5176789000397548,1000,1000,20,20,400,151-500,Taillard,extension,1.0,10,0.007628899998962879,0,SMS-EMOA,../runs/JSP-tai_jsp026-SMS-EMOA-73.json,1.8199965215439207,13.626126126126126,12.42065643839112
tai_jsp031,JSP,XG,19,completed,True,2241.0,50927.0,1.0257480608635499,0.0208031,0.7470288999611512,1,1000,30,15,450,151-500,Taillard,extension,1.0,1,0.0207192,0,F,../runs/JSP-tai_jsp031-F-19.json,1.464194138753816,11.381709741550704,6.854804867813691
tai_jsp031,JSP,XG,42,completed,True,2241.0,50927.0,1.0257480608635499,0.0211563,0.7580218000803143,1,1000,30,15,450,151-500,Taillard,extension,1.0,1,0.0210743,0,F,../runs/JSP-tai_jsp031-F-42.json,1.464194138753816,11.381709741550704,6.854804867813691
tai_jsp031,JSP,XG,73,completed,True,2241.0,50927.0,1.0257480608635499,0.0195121,0.7389678999315947,1,1000,30,15,450,151-500,Taillard,extension,1.0,1,0.0193936,0,F,../runs/JSP-tai_jsp031-F-73.json,1.464194138753816,11.381709741550704,6.854804867813691
tai_jsp031,JSP,XH,19,completed,True,2045.0,47660.0,1.0394906507296318,26.0204346,26.697434200090356,1000,1000,30,15,450,151-500,Taillard,extension,1.0,5,0.0215648,0,T,../runs/JSP-tai_jsp031-T-19.json,0.1440481704202634,1.6401590457256532,0.0
tai_jsp031,JSP,XH,42,completed,True,2012.0,47660.0,1.0409901780353463,27.3728636,28.064602199941874,1000,1000,30,15,450,151-500,Taillard,extension,1.0,5,0.0194986,0,T,../runs/JSP-tai_jsp031-T-42.json,0.0,0.0,0.0
tai_jsp031,JSP,XH,73,completed,True,2051.0,48639.0,1.0377660883781037,25.5363814,26.270625600009225,1000,1000,30,15,450,151-500,Taillard,extension,1.0,4,0.0201192,0,T,../runs/JSP-tai_jsp031-T-73.json,0.3097137442091391,1.9383697813121215,2.054133445237105
tai_jsp031,JSP,XT,19,completed,True,2038.0,49034.0,1.0377714463414,23.2517191,23.97727719997056,1000,1000,30,15,450,151-500,Taillard,extension,1.0,6,0.0193861,0,B,../runs/JSP-tai_jsp031-B-19.json,0.30919904547235255,1.2922465208747624,2.882920688208146
tai_jsp031,JSP,XT,42,completed,True,2061.0,49034.0,1.036726766191558,20.4721637,21.250860000029206,1000,1000,30,15,450,151-500,Taillard,extension,1.0,5,0.0204291,0,B,../runs/JSP-tai_jsp031-B-42.json,0.4095535129672978,2.4353876739562574,2.882920688208146
tai_jsp031,JSP,XT,73,completed,True,2061.0,49034.0,1.036726766191558,20.587279,21.42595549998805,1000,1000,30,15,450,151-500,Taillard,extension,1.0,5,0.022818,0,B,../runs/JSP-tai_jsp031-B-73.json,0.4095535129672978,2.4353876739562574,2.882920688208146
tai_jsp031,JSP,XE,19,completed,True,2235.0,50855.0,1.0261264667684757,5.6278766000000005,6.314131800085306,1000,1000,30,15,450,151-500,Taillard,extension,1.0,1,0.0204266,0,G,../runs/JSP-tai_jsp031-G-19.json,1.427843564760889,11.083499005964214,6.703734788082238
tai_jsp031,JSP,XE,42,completed,True,2145.0,50739.0,1.0303791268567104,5.7386823,6.486244799918495,1000,1000,30,15,450,151-500,Taillard,extension,1.0,3,0.0210517,0,G,../runs/JSP-tai_jsp031-G-42.json,1.019322891082608,6.610337972166991,6.460344104070503
tai_jsp031,JSP,XE,73,completed,True,2241.0,50927.0,1.0257480608635499,5.6865629,6.445105999941006,1000,1000,30,15,450,151-500,Taillard,extension,1.0,1,0.0222803,0,G,../runs/JSP-tai_jsp031-G-73.json,1.464194138753816,11.381709741550704,6.854804867813691
tai_jsp031,JSP,XHT,19,completed,True,2034.0,47660.0,1.0399883277207824,23.3240401,24.14827999996487,1000,1000,30,15,450,151-500,Taillard,extension,1.0,8,0.0210648,0,T-B,../runs/JSP-tai_jsp031-T-B-19.json,0.09624013133867626,1.0934393638170947,0.0
tai_jsp031,JSP,XHT,42,completed,True,2032.0,47660.0,1.0400770275667637,23.238647,24.024039899930358,1000,1000,30,15,450,151-500,Taillard,extension,1.0,8,0.0226562,0,T-B,../runs/JSP-tai_jsp031-T-B-42.json,0.08771941252183613,0.994035785288272,0.0
tai_jsp031,JSP,XHT,73,completed,True,2029.0,47892.0,1.039876305701308,22.6547403,23.417357900063507,1000,1000,30,15,450,151-500,Taillard,extension,1.0,5,0.0219443,0,T-B,../runs/JSP-tai_jsp031-T-B-73.json,0.10700123378113435,0.8449304174950267,0.48678136802349226
tai_jsp031,JSP,XHE,19,completed,True,2045.0,47660.0,1.0394862108100351,14.5650907,15.305219900095835,1000,1000,30,15,450,151-500,Taillard,extension,1.0,7,0.0205655,0,T-G,../runs/JSP-tai_jsp031-T-G-19.json,0.14447467968906613,1.6401590457256532,0.0
tai_jsp031,JSP,XHE,42,completed,True,2032.0,47660.0,1.0400676996371423,16.9063587,17.6268296999624,1000,1000,30,15,450,151-500,Taillard,extension,1.0,7,0.0204983,0,T-G,../runs/JSP-tai_jsp031-T-G-42.json,0.0886154756949753,0.994035785288272,0.0
tai_jsp031,JSP,XHE,73,completed,True,2072.0,48572.0,1.0369106951732063,16.7588926,17.453993399976753,1000,1000,30,15,450,151-500,Taillard,extension,1.0,4,0.0197475,0,T-G,../runs/JSP-tai_jsp031-T-G-73.json,0.39188485618943947,2.982107355864816,1.9135543432647895
tai_jsp031,JSP,XTE,19,completed,True,2037.0,49132.0,1.0376717475918242,14.2666002,14.956196499988437,1000,1000,30,15,450,151-500,Taillard,extension,1.0,2,0.0190035,0,B-G,../runs/JSP-tai_jsp031-B-G-19.json,0.31877634520864895,1.24254473161034,3.088543852287029
tai_jsp031,JSP,XTE,42,completed,True,2061.0,49107.0,1.0366186426110113,14.8572437,15.732998999999836,1000,1000,30,15,450,151-500,Taillard,extension,1.0,2,0.0252792,0,B-G,../runs/JSP-tai_jsp031-B-G-42.json,0.41994012206583164,2.4353876739562574,3.03608896349139
tai_jsp031,JSP,XTE,73,completed,True,2061.0,49034.0,1.036726904808521,13.6867373,14.505831600050442,1000,1000,30,15,450,151-500,Taillard,extension,1.0,3,0.0217437,0,B-G,../runs/JSP-tai_jsp031-B-G-73.json,0.40954019709112943,2.4353876739562574,2.882920688208146
tai_jsp031,JSP,XHTE,19,completed,True,2034.0,48173.0,1.0392303065366646,19.5645895,20.321486999979243,1000,1000,30,15,450,151-500,Taillard,extension,1.0,5,0.0201752,0,T-B-G,../runs/JSP-tai_jsp031-T-B-G-19.json,0.1690574547017487,1.0934393638170947,1.0763743180864482
tai_jsp031,JSP,XHTE,42,completed,True,2029.0,48754.0,1.0385933411648,17.5083093,18.316324300016277,1000,1000,30,15,450,151-500,Taillard,extension,1.0,5,0.0208728,0,T-B-G,../runs/JSP-tai_jsp031-T-B-G-42.json,0.23024586793602975,0.8449304174950267,2.295425933697026
tai_jsp031,JSP,XHTE,73,completed,True,2029.0,48639.0,1.038766694142063,17.3032735,18.11631920002401,1000,1000,30,15,450,151-500,Taillard,extension,1.0,4,0.0217754,0,T-B-G,../runs/JSP-tai_jsp031-T-B-G-73.json,0.2135931673706737,0.8449304174950267,2.054133445237105
tai_jsp031,JSP,NSGA-II,19,completed,True,2159,55579,1.0225729699532724,0.9325470000039786,1.6032433999935165,1000,1000,30,15,450,151-500,Taillard,extension,1.0,3,0.00879029999487102,0,NSGA-II,../runs/JSP-tai_jsp031-NSGA-II-19.json,1.769200946432803,7.3061630218687945,16.61561057490557
tai_jsp031,JSP,NSGA-II,42,completed,True,2154,55435,1.023006619286293,0.9994506998918951,1.7298219000222161,1000,1000,30,15,450,151-500,Taillard,extension,1.0,9,0.008960999897681177,0,NSGA-II,../runs/JSP-tai_jsp031-NSGA-II-42.json,1.7275435569424458,7.0576540755467265,16.31347041544271
tai_jsp031,JSP,NSGA-II,73,completed,True,2161,55217,1.0230170334403634,0.9291593000525609,1.5381876999745145,1000,1000,30,15,450,151-500,Taillard,extension,1.0,7,0.007535699987784028,0,NSGA-II,../runs/JSP-tai_jsp031-NSGA-II-73.json,1.7265431484573157,7.405566600397617,15.85606378514477
tai_jsp031,JSP,SPEA2,19,completed,True,2155,54616,1.0241692073250324,1.0155484999995679,1.7962694999296218,1000,1000,30,15,450,151-500,Taillard,extension,1.0,3,0.010671299998648465,0,SPEA2,../runs/JSP-tai_jsp031-SPEA2-19.json,1.6158625763463053,7.107355864811127,14.59504825849769
tai_jsp031,JSP,SPEA2,42,completed,True,2149,55060,1.0237864739473206,1.0857504999730736,1.8615846999455243,1000,1000,30,15,450,151-500,Taillard,extension,1.0,5,0.011308399960398674,0,SPEA2,../runs/JSP-tai_jsp031-SPEA2-42.json,1.6526288576991344,6.8091451292246585,15.526647083508195
tai_jsp031,JSP,SPEA2,73,completed,True,2114,54678,1.025937959380792,0.967978100059554,1.6135612999787554,1000,1000,30,15,450,151-500,Taillard,extension,1.0,2,0.00857259996701032,0,SPEA2,../runs/JSP-tai_jsp031-SPEA2-73.json,1.445952034145248,5.069582504970183,14.725136382710868
tai_jsp031,JSP,MOEA/D,19,completed,True,2069,54489,1.0282480262745715,1.1365817999467254,1.8475120000075549,1000,1000,30,15,450,151-500,Taillard,extension,1.0,4,0.008805399993434548,0,MOEA-D,../runs/JSP-tai_jsp031-MOEA-D-19.json,1.2240414971852132,2.8330019880715707,14.328577423415867
tai_jsp031,JSP,MOEA/D,42,completed,True,2212,55437,1.0203965108857391,1.2748999000759795,2.022149500087835,1000,1000,30,15,450,151-500,Taillard,extension,1.0,5,0.009855300071649253,0,MOEA-D,../runs/JSP-tai_jsp031-MOEA-D-42.json,1.9782767968544612,9.940357852882698,16.31766680654636
tai_jsp031,JSP,MOEA/D,73,completed,True,2144,54856,1.02432202012687,1.1640743999741971,1.8806826999643818,1000,1000,30,15,450,151-500,Taillard,extension,1.0,3,0.0089219999499619,0,MOEA-D,../runs/JSP-tai_jsp031-MOEA-D-73.json,1.601183014035168,6.5606361829025905,15.098615190935805
tai_jsp031,JSP,SMS-EMOA,19,completed,True,2118,55131,1.0250864331584306,1.04411939997226,1.8064961000345647,1000,1000,30,15,450,151-500,Taillard,extension,1.0,1,0.01041270000860095,0,SMS-EMOA,../runs/JSP-tai_jsp031-SMS-EMOA-19.json,1.5277516745576536,5.268389662027828,15.675618967687788
tai_jsp031,JSP,SMS-EMOA,42,completed,True,2101,55333,1.0255496005299296,0.9411313999444246,1.6000419999472797,1000,1000,30,15,450,151-500,Taillard,extension,1.0,2,0.008837500005029142,0,SMS-EMOA,../runs/JSP-tai_jsp031-SMS-EMOA-42.json,1.4832587118696616,4.423459244532801,16.099454469156527
tai_jsp031,JSP,SMS-EMOA,73,completed,True,2134,54964,1.024607742775472,0.9780582000967115,1.6267204000614583,1000,1000,30,15,450,151-500,Taillard,extension,1.0,3,0.007826700108125806,0,SMS-EMOA,../runs/JSP-tai_jsp031-SMS-EMOA-73.json,1.5737358147598246,6.063618290258455,15.325220310532938
tai_jsp037,JSP,XG,19,completed,True,2407.0,54628.0,1.022382000372075,0.0191697,0.623842200031504,1,1000,30,15,450,151-500,Taillard,extension,1.0,1,0.0190723,0,F,../runs/JSP-tai_jsp037-F-19.json,2.42576196097527,20.954773869346745,11.32667617689016
tai_jsp037,JSP,XG,42,completed,True,2407.0,54628.0,1.022382000372075,0.0247485,0.8312153000151739,1,1000,30,15,450,151-500,Taillard,extension,1.0,1,0.024653,0,F,../runs/JSP-tai_jsp037-F-42.json,2.42576196097527,20.954773869346745,11.32667617689016
tai_jsp037,JSP,XG,73,completed,True,2407.0,54628.0,1.022382000372075,0.0219174,0.7788682000245899,1,1000,30,15,450,151-500,Taillard,extension,1.0,1,0.021808,0,F,../runs/JSP-tai_jsp037-F-73.json,2.42576196097527,20.954773869346745,11.32667617689016
tai_jsp037,JSP,XH,19,completed,True,1999.0,49070.0,1.047799112674776,23.802837,24.54459790000692,1000,1000,30,15,450,151-500,Taillard,extension,1.0,7,0.0202231,0,T,../runs/JSP-tai_jsp037-T-19.json,0.0,0.45226130653266416,0.0
tai_jsp037,JSP,XH,42,completed,True,2011.0,49502.0,1.0466390754267942,25.9189846,26.6031044999836,1000,1000,30,15,450,151-500,Taillard,extension,1.0,10,0.0196994,0,T,../runs/JSP-tai_jsp037-T-42.json,0.11071179904138528,1.0552763819095423,0.8803749745261769
tai_jsp037,JSP,XH,73,completed,True,2018.0,49914.0,1.0457928933821883,24.8584243,25.46803109999746,1000,1000,30,15,450,151-500,Taillard,extension,1.0,5,0.0197264,0,T,../runs/JSP-tai_jsp037-T-73.json,0.19146984076617857,1.4070351758793898,1.719991848379876
tai_jsp037,JSP,XT,19,completed,True,2151.0,51068.0,1.0384123724524386,25.9049315,26.75700819992926,1000,1000,30,15,450,151-500,Taillard,extension,1.0,5,0.022137,0,B,../runs/JSP-tai_jsp037-B-19.json,0.8958530417510491,8.090452261306535,4.071734257183612
tai_jsp037,JSP,XT,42,completed,True,2130.0,50326.0,1.04036787020271,20.6359019,21.461906099924818,1000,1000,30,15,450,151-500,Taillard,extension,1.0,2,0.0220194,0,B,../runs/JSP-tai_jsp037-B-42.json,0.7092239707185866,7.035175879396993,2.559608722233553
tai_jsp037,JSP,XT,73,completed,True,2161.0,50326.0,1.039029227571513,22.3457292,23.046130299917422,1000,1000,30,15,450,151-500,Taillard,extension,1.0,2,0.0192464,0,B,../runs/JSP-tai_jsp037-B-73.json,0.8369815355994903,8.592964824120596,2.559608722233553
tai_jsp037,JSP,XE,19,completed,True,2382.0,54502.0,1.0236331384146422,5.7497745,6.501394400023855,1000,1000,30,15,450,151-500,Taillard,extension,1.0,2,0.0216288,0,G,../runs/JSP-tai_jsp037-G-19.json,2.306355671407667,19.698492462311567,11.069900142653344
tai_jsp037,JSP,XE,42,completed,True,2387.0,54164.0,1.0238910607029492,6.4285309999999996,7.137411699979566,1000,1000,30,15,450,151-500,Taillard,extension,1.0,2,0.0222049,0,G,../runs/JSP-tai_jsp037-G-42.json,2.2817400475550587,19.949748743718597,10.381088241287962
tai_jsp037,JSP,XE,73,completed,True,2386.0,54587.0,1.0233417023768767,6.2929453,7.101241700001992,1000,1000,30,15,450,151-500,Taillard,extension,1.0,3,0.024709,0,G,../runs/JSP-tai_jsp037-G-73.json,2.3341697852239607,19.89949748743718,11.243122070511525
tai_jsp037,JSP,XHT,19,completed,True,2018.0,49070.0,1.0469791642489232,29.4398058,30.177981600048952,1000,1000,30,15,450,151-500,Taillard,extension,1.0,5,0.0217599,0,T-B,../runs/JSP-tai_jsp037-T-B-19.json,0.07825435390566016,1.4070351758793898,0.0
tai_jsp037,JSP,XHT,42,completed,True,2002.0,50107.0,1.0461719271440069,27.760112200000002,28.440418499987572,1000,1000,30,15,450,151-500,Taillard,extension,1.0,8,0.0196756,0,T-B,../runs/JSP-tai_jsp037-T-B-42.json,0.15529556296487446,0.6030150753768782,2.1133075198695783
tai_jsp037,JSP,XHT,73,completed,True,2018.0,49914.0,1.0457704496623719,26.5594164,27.377478700014763,1000,1000,30,15,450,151-500,Taillard,extension,1.0,7,0.0213241,0,T-B,../runs/JSP-tai_jsp037-T-B-73.json,0.193611827674256,1.4070351758793898,1.719991848379876
tai_jsp037,JSP,XHE,19,completed,True,2018.0,49070.0,1.0469801613554985,14.1834389,14.947061700047925,1000,1000,30,15,450,151-500,Taillard,extension,1.0,6,0.02004,0,T-G,../runs/JSP-tai_jsp037-T-G-19.json,0.07815919190721221,1.4070351758793898,0.0
tai_jsp037,JSP,XHE,42,completed,True,2011.0,50107.0,1.045780912218036,16.7734711,17.549469500081614,1000,1000,30,15,450,151-500,Taillard,extension,1.0,8,0.0197398,0,T-G,../runs/JSP-tai_jsp037-T-G-42.json,0.1926133008061215,1.0552763819095423,2.1133075198695783
tai_jsp037,JSP,XHE,73,completed,True,2013.0,49914.0,1.0459865511930684,15.1150345,15.927479599951766,1000,1000,30,15,450,151-500,Taillard,extension,1.0,9,0.0201227,0,T-G,../runs/JSP-tai_jsp037-T-G-73.json,0.17298749920494627,1.155778894472359,1.719991848379876
tai_jsp037,JSP,XTE,19,completed,True,2151.0,51382.0,1.037972962405406,13.4020738,14.220465499907732,1000,1000,30,15,450,151-500,Taillard,extension,1.0,2,0.0199856,0,B-G,../runs/JSP-tai_jsp037-B-G-19.json,0.9377895200050723,8.090452261306535,4.711636437741995
tai_jsp037,JSP,XTE,42,completed,True,2173.0,50822.0,1.0378099060152832,15.2574331,16.02938079996966,1000,1000,30,15,450,151-500,Taillard,extension,1.0,5,0.0201043,0,B-G,../runs/JSP-tai_jsp037-B-G-42.json,0.9533513188413445,9.195979899497498,3.570409618911752
tai_jsp037,JSP,XTE,73,completed,True,2166.0,51688.0,1.036888277996339,14.1381414,14.829874799936078,1000,1000,30,15,450,151-500,Taillard,extension,1.0,8,0.0203514,0,B-G,../runs/JSP-tai_jsp037-B-G-73.json,1.0413097841421415,8.844221105527627,5.335235378031378
tai_jsp037,JSP,XHTE,19,completed,True,1990.0,49532.0,1.047516144756037,18.7297549,19.52461179997772,1000,1000,30,15,450,151-500,Taillard,extension,1.0,5,0.0200038,0,T-B-G,../runs/JSP-tai_jsp037-T-B-G-19.json,0.027005932274237754,0.0,0.941512125534949
tai_jsp037,JSP,XHTE,42,completed,True,2002.0,50272.0,1.0459415822040676,17.9296129,18.685487700044177,1000,1000,30,15,450,151-500,Taillard,extension,1.0,6,0.0203244,0,T-B-G,../runs/JSP-tai_jsp037-T-B-G-42.json,0.17727925594120952,0.6030150753768782,2.4495618504177807
tai_jsp037,JSP,XHTE,73,completed,True,2013.0,49914.0,1.0459831283662673,20.0370488,20.7596262000734,1000,1000,30,15,450,151-500,Taillard,extension,1.0,8,0.0207232,0,T-B-G,../runs/JSP-tai_jsp037-T-B-G-73.json,0.1733141674335914,1.155778894472359,1.719991848379876
tai_jsp037,JSP,NSGA-II,19,completed,True,2247,57518,1.0251899433536371,0.9453422999940813,1.714038500096649,1000,1000,30,15,450,151-500,Taillard,extension,1.0,4,0.00862450001295656,0,NSGA-II,../runs/JSP-tai_jsp037-NSGA-II-19.json,2.1577771013208125,12.914572864321606,17.216221724067648
tai_jsp037,JSP,NSGA-II,42,completed,True,2235,57014,1.0264075288011107,1.055757199996151,1.860839599976316,1000,1000,30,15,450,151-500,Taillard,extension,1.0,6,0.009784199995920062,0,NSGA-II,../runs/JSP-tai_jsp037-NSGA-II-42.json,2.0415730090721174,12.311557788944727,16.18911758712045
tai_jsp037,JSP,NSGA-II,73,completed,True,2186,57440,1.0279096491431856,0.9442271000007167,1.627698199939914,1000,1000,30,15,450,151-500,Taillard,extension,1.0,2,0.00852240005042404,0,NSGA-II,../runs/JSP-tai_jsp037-NSGA-II-73.json,1.8982134352850788,9.849246231155773,17.057265131444876
tai_jsp037,JSP,SPEA2,19,completed,True,2211,57513,1.0267360321140822,0.9706600999925286,1.6319475999334827,1000,1000,30,15,450,151-500,Taillard,extension,1.0,5,0.008283899980597198,0,SPEA2,../runs/JSP-tai_jsp037-SPEA2-19.json,2.010221263398959,11.10552763819095,17.206032198899536
tai_jsp037,JSP,SPEA2,42,completed,True,2221,56178,1.0281931113219027,1.0538849000586197,1.7809467000188306,1000,1000,30,15,450,151-500,Taillard,extension,1.0,2,0.010065800044685602,0,SPEA2,../runs/JSP-tai_jsp037-SPEA2-42.json,1.8711603317571046,11.608040201005032,14.485428979009573
tai_jsp037,JSP,SPEA2,73,completed,True,2177,57105,1.0287649840603776,1.0319582999218255,1.7615172000369057,1000,1000,30,15,450,151-500,Taillard,extension,1.0,4,0.008737799944356084,0,SPEA2,../runs/JSP-tai_jsp037-SPEA2-73.json,1.816581860411104,9.396984924623109,16.37456694518036
tai_jsp037,JSP,MOEA/D,19,completed,True,2239,57444,1.0256364464195102,1.220762199955061,1.9830320000182837,1000,1000,30,15,450,151-500,Taillard,extension,1.0,3,0.007871299982070923,0,MOEA-D,../runs/JSP-tai_jsp037-MOEA-D-19.json,2.115163678530896,12.51256281407036,17.065416751579377
tai_jsp037,JSP,MOEA/D,42,completed,True,2156,56201,1.0309494786453246,1.239185000071302,2.066628100001253,1000,1000,30,15,450,151-500,Taillard,extension,1.0,2,0.011278599966317415,0,MOEA-D,../runs/JSP-tai_jsp037-MOEA-D-42.json,1.6080977570632315,8.341708542713565,14.532300794782959
tai_jsp037,JSP,MOEA/D,73,completed,True,2235,57886,1.0251800816437853,1.2437174000078812,2.056220500031486,1000,1000,30,15,450,151-500,Taillard,extension,1.0,4,0.007978699984960258,0,MOEA-D,../runs/JSP-tai_jsp037-MOEA-D-73.json,2.1587182845812847,12.311557788944727,17.966170776441825
tai_jsp037,JSP,SMS-EMOA,19,completed,True,2215,57071,1.0271876612511048,1.0051351999863982,1.7663305000169203,1000,1000,30,15,450,151-500,Taillard,extension,1.0,6,0.008565400028601289,0,SMS-EMOA,../runs/JSP-tai_jsp037-SMS-EMOA-19.json,1.967118617905228,11.306532663316581,16.305278174037085
tai_jsp037,JSP,SMS-EMOA,42,completed,True,2193,56708,1.0286439031811117,1.0243074999889359,1.7791777000529692,1000,1000,30,15,450,151-500,Taillard,extension,1.0,4,0.009048699983395636,0,SMS-EMOA,../runs/JSP-tai_jsp037-SMS-EMOA-42.json,1.8281375945018552,10.201005025125621,15.565518646831066
tai_jsp037,JSP,SMS-EMOA,73,completed,True,2201,56616,1.0284311435747857,0.9415347999893129,1.5994246000191197,1000,1000,30,15,450,151-500,Taillard,extension,1.0,3,0.009012500056996942,0,SMS-EMOA,../runs/JSP-tai_jsp037-SMS-EMOA-73.json,1.8484429759201393,10.603015075376888,15.378031383737522
tai_jsp044,JSP,XG,19,completed,True,2571.0,62440.0,1.0478914933712513,0.0264717,0.7273558999877423,1,1000,30,20,600,501+,Taillard,extension,1.0,1,0.0263396,0,F,../runs/JSP-tai_jsp044-F-19.json,1.3996454697145277,13.010989010989004,8.943713577834389
tai_jsp044,JSP,XG,42,completed,True,2571.0,62440.0,1.0478914933712513,0.0293803,0.7898912000237033,1,1000,30,20,600,501+,Taillard,extension,1.0,1,0.0292233,0,F,../runs/JSP-tai_jsp044-F-42.json,1.3996454697145277,13.010989010989004,8.943713577834389
tai_jsp044,JSP,XG,73,completed,True,2571.0,62440.0,1.0478914933712513,0.0306076,0.7775285999523476,1,1000,30,20,600,501+,Taillard,extension,1.0,1,0.0304696,0,F,../runs/JSP-tai_jsp044-F-73.json,1.3996454697145277,13.010989010989004,8.943713577834389
tai_jsp044,JSP,XH,19,completed,True,2321.0,57514.0,1.0618383959686448,37.0605658,37.76800150005147,1000,1000,30,20,600,501+,Taillard,extension,1.0,7,0.0264366,0,T,../runs/JSP-tai_jsp044-T-19.json,0.08732491992344826,2.0219780219780326,0.34895488013400033
tai_jsp044,JSP,XH,42,completed,True,2301.0,58623.0,1.0612940230928167,36.2850442,37.04336599993985,1000,1000,30,20,600,501+,Taillard,extension,1.0,10,0.0270886,0,T,../runs/JSP-tai_jsp044-T-42.json,0.13854716849865945,1.1428571428571344,2.283909690477026
tai_jsp044,JSP,XH,73,completed,True,2282.0,58623.0,1.0619370785904676,36.9448453,37.6428005999187,1000,1000,30,20,600,501+,Taillard,extension,1.0,7,0.0279719,0,T,../runs/JSP-tai_jsp044-T-73.json,0.07803947237543518,0.3076923076922977,2.283909690477026
tai_jsp044,JSP,XT,19,completed,True,2392.0,59053.0,1.0577235305720292,27.5085793,28.34697130008135,1000,1000,30,20,600,501+,Taillard,extension,1.0,4,0.0277099,0,B,../runs/JSP-tai_jsp044-B-19.json,0.4745092701326503,5.142857142857138,3.034162682765129
tai_jsp044,JSP,XT,42,completed,True,2392.0,59827.0,1.056862391210677,29.3006513,30.03896639996674,1000,1000,30,20,600,501+,Taillard,extension,1.0,5,0.0282964,0,B,../runs/JSP-tai_jsp044-B-42.json,0.5555373602225466,5.142857142857138,4.384618068883683
tai_jsp044,JSP,XT,73,completed,True,2438.0,59529.0,1.0556358274356443,26.7900667,27.598889300017618,1000,1000,30,20,600,501+,Taillard,extension,1.0,4,0.0272056,0,B,../runs/JSP-tai_jsp044-B-73.json,0.6709497133499998,7.1648351648351705,3.8646752974840437
tai_jsp044,JSP,XE,19,completed,True,2571.0,62356.0,1.0479847753110452,8.0137263,8.817543599987403,1000,1000,30,20,600,501+,Taillard,extension,1.0,2,0.026912,0,G,../runs/JSP-tai_jsp044-G-19.json,1.39086819421117,13.010989010989004,8.7971525281781
tai_jsp044,JSP,XE,42,completed,True,2565.0,62440.0,1.0480945439118194,8.8486971,9.590571700013243,1000,1000,30,20,600,501+,Taillard,extension,1.0,2,0.0276843,0,G,../runs/JSP-tai_jsp044-G-42.json,1.3805396220058386,12.747252747252746,8.943713577834389
tai_jsp044,JSP,XE,73,completed,True,2566.0,62350.0,1.0481606018538085,8.1383079,8.824586399947293,1000,1000,30,20,600,501+,Taillard,extension,1.0,4,0.0276572,0,G,../runs/JSP-tai_jsp044-G-73.json,1.3743239627120318,12.791208791208785,8.786683881774081
tai_jsp044,JSP,XHT,19,completed,True,2334.0,57314.0,1.0616410740936584,36.7082809,37.461634399951436,1000,1000,30,20,600,501+,Taillard,extension,1.0,6,0.0267919,0,T-B,../runs/JSP-tai_jsp044-T-B-19.json,0.10589173428668941,2.5934065934065886,0.0
tai_jsp044,JSP,XHT,42,completed,True,2296.0,57466.0,1.0627664559252548,35.1773471,36.01983550004661,1000,1000,30,20,600,501+,Taillard,extension,1.0,3,0.0296411,0,T-B,../runs/JSP-tai_jsp044-T-B-42.json,0.0,0.9230769230769154,0.26520570890185
tai_jsp044,JSP,XHT,73,completed,True,2282.0,58623.0,1.0619386851891097,35.1037883,35.798449599999,1000,1000,30,20,600,501+,Taillard,extension,1.0,6,0.0279602,0,T-B,../runs/JSP-tai_jsp044-T-B-73.json,0.07788830100253774,0.3076923076922977,2.283909690477026
tai_jsp044,JSP,XHE,19,completed,True,2344.0,57514.0,1.0610617543493084,22.0290001,22.810714500024915,1000,1000,30,20,600,501+,Taillard,extension,1.0,4,0.0288073,0,T-G,../runs/JSP-tai_jsp044-T-G-19.json,0.16040227525455641,3.0329670329670266,0.34895488013400033
tai_jsp044,JSP,XHE,42,completed,True,2311.0,58623.0,1.0609491249736085,21.9792166,22.68083770002704,1000,1000,30,20,600,501+,Taillard,extension,1.0,7,0.026465,0,T-G,../runs/JSP-tai_jsp044-T-G-42.json,0.17100002935866998,1.5824175824175724,2.283909690477026
tai_jsp044,JSP,XHE,73,completed,True,2282.0,58623.0,1.0619369670485146,20.6504842,21.375449399929494,1000,1000,30,20,600,501+,Taillard,extension,1.0,6,0.0266671,0,T-G,../runs/JSP-tai_jsp044-T-G-73.json,0.07804996780953477,0.3076923076922977,2.283909690477026
tai_jsp044,JSP,XTE,19,completed,True,2391.0,59902.0,1.056810369657822,18.4244367,19.228718500002287,1000,1000,30,20,600,501+,Taillard,extension,1.0,5,0.0271226,0,B-G,../runs/JSP-tai_jsp044-B-G-19.json,0.5604322788158922,5.0989010989010985,4.51547614893395
tai_jsp044,JSP,XTE,42,completed,True,2391.0,59902.0,1.056810118168377,18.5322274,19.305979499942623,1000,1000,30,20,600,501+,Taillard,extension,1.0,6,0.0276221,0,B-G,../runs/JSP-tai_jsp044-B-G-42.json,0.560455942476279,5.0989010989010985,4.51547614893395
tai_jsp044,JSP,XTE,73,completed,True,2438.0,60002.0,1.055111613727041,20.2149621,20.93780750001315,1000,1000,30,20,600,501+,Taillard,extension,1.0,3,0.0273517,0,B-G,../runs/JSP-tai_jsp044-B-G-73.json,0.7202751042372002,7.1648351648351705,4.68995358900095
tai_jsp044,JSP,XHTE,19,completed,True,2344.0,57314.0,1.0613015468808742,23.6425518,24.43700939998962,1000,1000,30,20,600,501+,Taillard,extension,1.0,6,0.02783,0,T-B-G,../runs/JSP-tai_jsp044-T-B-G-19.json,0.13783922480928856,3.0329670329670266,0.0
tai_jsp044,JSP,XHTE,42,completed,True,2311.0,57466.0,1.062249770251194,26.0073991,26.735289100091904,1000,1000,30,20,600,501+,Taillard,extension,1.0,8,0.0278521,0,T-B-G,../runs/JSP-tai_jsp044-T-B-G-42.json,0.048617047628873866,1.5824175824175724,0.26520570890185
tai_jsp044,JSP,XHTE,73,completed,True,2275.0,58623.0,1.0621733748735938,28.2731044,28.993984499946237,1000,1000,30,20,600,501+,Taillard,extension,1.0,7,0.026603,0,T-B-G,../runs/JSP-tai_jsp044-T-B-G-73.json,0.055805398105523984,0.0,2.283909690477026
tai_jsp044,JSP,NSGA-II,19,completed,True,2513,67181,1.0445786837931066,1.2580108999973163,1.9524213999975473,1000,1000,30,20,600,501+,Taillard,extension,1.0,4,0.01073859992902726,0,NSGA-II,../runs/JSP-tai_jsp044-NSGA-II-19.json,1.7113611396695538,10.461538461538456,17.215689011410817
tai_jsp044,JSP,NSGA-II,42,completed,True,2461,65430,1.0482726667626692,1.3403526999754831,2.101299999980256,1000,1000,30,20,600,501+,Taillard,extension,1.0,4,0.01332539995200932,0,NSGA-II,../runs/JSP-tai_jsp044-NSGA-II-42.json,1.3637793215789062,8.175824175824186,14.160589035837656
tai_jsp044,JSP,NSGA-II,73,completed,True,2486,67185,1.0454821987026943,1.3145734999561682,2.080087700043805,1000,1000,30,20,600,501+,Taillard,extension,1.0,3,0.011464099981822073,0,NSGA-II,../runs/JSP-tai_jsp044-NSGA-II-73.json,1.6263457626269018,9.27472527472528,17.222668109013494
tai_jsp044,JSP,SPEA2,19,completed,True,2509,66885,1.045041384725731,1.3989367000758648,2.1844124000053853,1000,1000,30,20,600,501+,Taillard,extension,1.0,5,0.010956400074064732,0,SPEA2,../runs/JSP-tai_jsp044-SPEA2-19.json,1.6678237349985081,10.285714285714276,16.699235788812516
tai_jsp044,JSP,SPEA2,42,completed,True,2517,66313,1.045403346690694,1.3254536000313237,2.0523932999931276,1000,1000,30,20,600,501+,Taillard,extension,1.0,7,0.010405999957583845,0,SPEA2,../runs/JSP-tai_jsp044-SPEA2-42.json,1.6337652677835268,10.637362637362635,15.701224831629279
tai_jsp044,JSP,SPEA2,73,completed,True,2518,66051,1.0456634962814075,1.3166472000302747,2.0124403999652714,1000,1000,30,20,600,501+,Taillard,extension,1.0,3,0.01044830004684627,0,SPEA2,../runs/JSP-tai_jsp044-SPEA2-73.json,1.6092867391977683,10.681318681318675,15.244093938653736
tai_jsp044,JSP,MOEA/D,19,completed,True,2499,66069,1.0462858762120435,1.4343398999189958,2.154733700095676,1000,1000,30,20,600,501+,Taillard,extension,1.0,5,0.009444099967367947,0,MOEA-D,../runs/JSP-tai_jsp044-MOEA-D-19.json,1.5507244909101936,9.846153846153838,15.275499877865784
tai_jsp044,JSP,MOEA/D,42,completed,True,2517,65278,1.046560585879566,1.4183721999870613,2.11292590002995,1000,1000,30,20,600,501+,Taillard,extension,1.0,4,0.00973559997510165,0,MOEA-D,../runs/JSP-tai_jsp044-MOEA-D-42.json,1.5248759457297534,10.637362637362635,13.895383326935828
tai_jsp044,JSP,MOEA/D,73,completed,True,2515,66336,1.0454512953554924,1.403433500090614,2.112034499994479,1000,1000,30,20,600,501+,Taillard,extension,1.0,6,0.010379499988630414,0,MOEA-D,../runs/JSP-tai_jsp044-MOEA-D-73.json,1.6292535837224564,10.549450549450556,15.741354642844673
tai_jsp044,JSP,SMS-EMOA,19,completed,True,2526,66001,1.0454519861624223,1.2722561000846326,1.9369743999559432,1000,1000,30,20,600,501+,Taillard,extension,1.0,4,0.009945900063030422,0,SMS-EMOA,../runs/JSP-tai_jsp044-SMS-EMOA-19.json,1.629188582900687,11.032967032967033,15.156855218620224
tai_jsp044,JSP,SMS-EMOA,42,completed,True,2537,65974,1.0451118742761312,1.3797567000146955,2.0962999999755993,1000,1000,30,20,600,501+,Taillard,extension,1.0,3,0.010444600018672645,0,SMS-EMOA,../runs/JSP-tai_jsp044-SMS-EMOA-42.json,1.6611910877214586,11.516483516483511,15.109746309802151
tai_jsp044,JSP,SMS-EMOA,73,completed,True,2505,65985,1.0461740315680543,1.2639839999610558,1.9671585999894887,1000,1000,30,20,600,501+,Taillard,extension,1.0,5,0.010632499936036766,0,SMS-EMOA,../runs/JSP-tai_jsp044-SMS-EMOA-73.json,1.5612484064295162,10.109890109890118,15.128938828209515
tai_jsp049,JSP,XG,19,completed,True,2476.0,65111.0,1.0442839941370188,0.0293315,0.7971664000069723,1,1000,30,20,600,501+,Taillard,extension,1.0,1,0.0291793,0,F,../runs/JSP-tai_jsp049-F-19.json,1.6161425254909378,9.074889867841417,16.490142054603353
tai_jsp049,JSP,XG,42,completed,True,2476.0,65111.0,1.0442839941370188,0.0274191,0.7467473999131471,1,1000,30,20,600,501+,Taillard,extension,1.0,1,0.02728,0,F,../runs/JSP-tai_jsp049-F-42.json,1.6161425254909378,9.074889867841417,16.490142054603353
tai_jsp049,JSP,XG,73,completed,True,2476.0,65111.0,1.0442839941370188,0.0281084,0.6615628999425098,1,1000,30,20,600,501+,Taillard,extension,1.0,1,0.0279755,0,F,../runs/JSP-tai_jsp049-F-73.json,1.6161425254909378,9.074889867841417,16.490142054603353
tai_jsp049,JSP,XH,19,completed,True,2287.0,56620.0,1.0605172521092354,33.9874834,34.813752299989574,1000,1000,30,20,600,501+,Taillard,extension,1.0,8,0.0289121,0,T,../runs/JSP-tai_jsp049-T-19.json,0.0867783413684875,0.7488986784141005,1.2988871793036871
tai_jsp049,JSP,XH,42,completed,True,2284.0,55894.0,1.0614383507046259,33.4340991,34.2972896998981,1000,1000,30,20,600,501+,Taillard,extension,1.0,8,0.0308703,0,T,../runs/JSP-tai_jsp049-T-42.json,0.0,0.6167400881057272,0.0
tai_jsp049,JSP,XH,73,completed,True,2292.0,56203.0,1.0608135085027715,37.0461717,37.877806399948895,1000,1000,30,20,600,501+,Taillard,extension,1.0,5,0.0322202,0,T,../runs/JSP-tai_jsp049-T-73.json,0.058867498186743195,0.9691629955947079,0.5528321465631425
tai_jsp049,JSP,XT,19,completed,True,2344.0,59141.0,1.0556627973781072,28.221314,28.88323339994531,1000,1000,30,20,600,501+,Taillard,extension,1.0,6,0.0298377,0,B,../runs/JSP-tai_jsp049-B-19.json,0.5441251790727741,3.2599118942731264,5.809210290907796
tai_jsp049,JSP,XT,42,completed,True,2344.0,59141.0,1.0556609352364719,28.1347473,28.83685710001737,1000,1000,30,20,600,501+,Taillard,extension,1.0,6,0.027541,0,B,../runs/JSP-tai_jsp049-B-42.json,0.5443006147572094,3.2599118942731264,5.809210290907796
tai_jsp049,JSP,XT,73,completed,True,2344.0,59141.0,1.055659241045326,33.0850087,33.79323209996801,1000,1000,30,20,600,501+,Taillard,extension,1.0,4,0.0277871,0,B,../runs/JSP-tai_jsp049-B-73.json,0.5444602275264887,3.2599118942731264,5.809210290907796
tai_jsp049,JSP,XE,19,completed,True,2476.0,65111.0,1.0442839941370188,8.3130543,9.03114460001234,1000,1000,30,20,600,501+,Taillard,extension,1.0,1,0.0271043,0,G,../runs/JSP-tai_jsp049-G-19.json,1.6161425254909378,9.074889867841417,16.490142054603353
tai_jsp049,JSP,XE,42,completed,True,2473.0,64880.0,1.0446507300420655,8.4600732,9.13175040006172,1000,1000,30,20,600,501+,Taillard,extension,1.0,1,0.0280065,0,G,../runs/JSP-tai_jsp049-G-42.json,1.581591681835881,8.942731277533046,16.076859770279462
tai_jsp049,JSP,XE,73,completed,True,2476.0,65068.0,1.0443329785013975,8.1102698,8.9757990000071,1000,1000,30,20,600,501+,Taillard,extension,1.0,1,0.0299561,0,G,../runs/JSP-tai_jsp049-G-73.json,1.6115276211635998,9.074889867841417,16.413210720291982
tai_jsp049,JSP,XHT,19,completed,True,2335.0,56732.0,1.0587226082542882,37.3259394,38.028516600024886,1000,1000,30,20,600,501+,Taillard,extension,1.0,5,0.0280987,0,T-B,../runs/JSP-tai_jsp049-T-B-19.json,0.25585493952944294,2.8634361233480066,1.499266468672844
tai_jsp049,JSP,XHT,42,completed,True,2270.0,57346.0,1.0602957194942322,33.5142577,34.331577499979176,1000,1000,30,20,600,501+,Taillard,extension,1.0,4,0.0294147,0,T-B,../runs/JSP-tai_jsp049-T-B-42.json,0.10764932411149175,0.0,2.5977743586073743
tai_jsp049,JSP,XHT,73,completed,True,2295.0,57652.0,1.0590569856657708,35.4493958,36.1738073999295,1000,1000,30,20,600,501+,Taillard,extension,1.0,4,0.0274417,0,T-B,../runs/JSP-tai_jsp049-T-B-73.json,0.2243526472615498,1.1013215859030812,3.145239202776695
tai_jsp049,JSP,XHE,19,completed,True,2335.0,56732.0,1.0587226455347778,20.3575411,21.11916859995108,1000,1000,30,20,600,501+,Taillard,extension,1.0,5,0.0330626,0,T-G,../runs/JSP-tai_jsp049-T-G-19.json,0.255851427268039,2.8634361233480066,1.499266468672844
tai_jsp049,JSP,XHE,42,completed,True,2308.0,58265.0,1.057918458803827,20.4199224,21.279387300019152,1000,1000,30,20,600,501+,Taillard,extension,1.0,5,0.0292457,0,T-G,../runs/JSP-tai_jsp049-T-G-42.json,0.33161529338582296,1.6740088105726914,4.24195799191327
tai_jsp049,JSP,XHE,73,completed,True,2295.0,57652.0,1.0590573183658991,21.3101883,22.09043159999419,1000,1000,30,20,600,501+,Taillard,extension,1.0,4,0.0303844,0,T-G,../runs/JSP-tai_jsp049-T-G-73.json,0.22432130298911668,1.1013215859030812,3.145239202776695
tai_jsp049,JSP,XTE,19,completed,True,2353.0,59646.0,1.0547712856413234,18.1363645,18.98421230004169,1000,1000,30,20,600,501+,Taillard,extension,1.0,5,0.0291906,0,B-G,../runs/JSP-tai_jsp049-B-G-19.json,0.628116089726416,3.6563876651982463,6.7127061938669685
tai_jsp049,JSP,XTE,42,completed,True,2376.0,59646.0,1.0539743882477992,18.5627744,19.20752210007049,1000,1000,30,20,600,501+,Taillard,extension,1.0,6,0.0269663,0,B-G,../runs/JSP-tai_jsp049-B-G-42.json,0.7031932143653719,4.669603524229071,6.7127061938669685
tai_jsp049,JSP,XTE,73,completed,True,2377.0,59646.0,1.0539397818988623,18.6649921,19.45495700009633,1000,1000,30,20,600,501+,Taillard,extension,1.0,5,0.0301498,0,B-G,../runs/JSP-tai_jsp049-B-G-73.json,0.7064535402160455,4.713656387665188,6.7127061938669685
tai_jsp049,JSP,XHTE,19,completed,True,2335.0,56732.0,1.0587226374008527,24.9076827,25.6998802999733,1000,1000,30,20,600,501+,Taillard,extension,1.0,5,0.0281561,0,T-B-G,../runs/JSP-tai_jsp049-T-B-G-19.json,0.25585219357961986,2.8634361233480066,1.499266468672844
tai_jsp049,JSP,XHTE,42,completed,True,2308.0,57346.0,1.058971276697621,27.8918908,28.583727800054476,1000,1000,30,20,600,501+,Taillard,extension,1.0,10,0.0280247,0,T-B-G,../runs/JSP-tai_jsp049-T-B-G-42.json,0.23242744200520082,1.6740088105726914,2.5977743586073743
tai_jsp049,JSP,XHTE,73,completed,True,2304.0,57652.0,1.0587445243621663,25.5601055,26.282476699911058,1000,1000,30,20,600,501+,Taillard,extension,1.0,5,0.0277673,0,T-B-G,../runs/JSP-tai_jsp049-T-B-G-73.json,0.2537901839208434,1.497797356828201,3.145239202776695
tai_jsp049,JSP,NSGA-II,19,completed,True,2430,64081,1.047046528361864,1.2256386999506503,1.798635600018315,1000,1000,30,20,600,501+,Taillard,extension,1.0,3,0.009434100007638335,0,NSGA-II,../runs/JSP-tai_jsp049-NSGA-II-19.json,1.3558792494362093,7.048458149779746,14.647368232726233
tai_jsp049,JSP,NSGA-II,42,completed,True,2462,64695,1.045241087986704,1.2687643999233842,1.9680262000765651,1000,1000,30,20,600,501+,Taillard,extension,1.0,2,0.010754299932159483,0,NSGA-II,../runs/JSP-tai_jsp049-NSGA-II-42.json,1.525973007021042,8.458149779735692,15.74587612266074
tai_jsp049,JSP,NSGA-II,73,completed,True,2451,64639,1.0456832270714354,1.3303347999462858,2.1030540999490768,1000,1000,30,20,600,501+,Taillard,extension,1.0,4,0.010649799951352179,0,NSGA-II,../runs/JSP-tai_jsp049-NSGA-II-73.json,1.484318295333087,7.973568281938337,15.645686477976174
tai_jsp049,JSP,SPEA2,19,completed,True,2459,64729,1.0453014970739076,1.2628599999006838,1.9320199999492615,1000,1000,30,20,600,501+,Taillard,extension,1.0,5,0.01059339998755604,0,SPEA2,../runs/JSP-tai_jsp049-SPEA2-19.json,1.5202817591813966,8.325991189427317,15.806705549790667
tai_jsp049,JSP,SPEA2,42,completed,True,2434,63511,1.0475566995127816,1.3229595999000594,2.00476289994549,1000,1000,30,20,600,501+,Taillard,extension,1.0,2,0.011256099911406636,0,SPEA2,../runs/JSP-tai_jsp049-SPEA2-42.json,1.3078151154637507,7.224669603524236,13.627580777901027
tai_jsp049,JSP,SPEA2,73,completed,True,2427,63767,1.0475012500863707,1.3697688999818638,2.0912254999857396,1000,1000,30,20,600,501+,Taillard,extension,1.0,4,0.01130899996496737,0,SPEA2,../runs/JSP-tai_jsp049-SPEA2-73.json,1.3130391048150059,6.916299559471373,14.085590582173403
tai_jsp049,JSP,MOEA/D,19,completed,True,2430,62376,1.0489914055712881,1.4125687999185175,2.006991900037974,1000,1000,30,20,600,501+,Taillard,extension,1.0,5,0.008657999918796122,0,MOEA-D,../runs/JSP-tai_jsp049-MOEA-D-19.json,1.172648899022255,7.048458149779746,11.596951372240305
tai_jsp049,JSP,MOEA/D,42,completed,True,2387,62472,1.0503700235772966,1.4563608999596909,2.142599400016479,1000,1000,30,20,600,501+,Taillard,extension,1.0,2,0.009744699927978218,0,MOEA-D,../runs/JSP-tai_jsp049-MOEA-D-42.json,1.0427668380346033,5.154185022026425,11.768705048842442
tai_jsp049,JSP,MOEA/D,73,completed,True,2418,64631,1.0468339434108496,1.6188455000519753,2.4058194999815896,1000,1000,30,20,600,501+,Taillard,extension,1.0,2,0.012486000079661608,0,MOEA-D,../runs/JSP-tai_jsp049-MOEA-D-73.json,1.3759072567974706,6.519823788546253,15.631373671592662
tai_jsp049,JSP,SMS-EMOA,19,completed,True,2456,65178,1.0448963925933998,1.251887600054033,1.9063827999634668,1000,1000,30,20,600,501+,Taillard,extension,1.0,4,0.011231600074097514,0,SMS-EMOA,../runs/JSP-tai_jsp049-SMS-EMOA-19.json,1.5584473747575434,8.193832599118945,16.610011808065273
tai_jsp049,JSP,SMS-EMOA,42,completed,True,2451,65794,1.0443673231638906,1.3949456000700593,2.163279499975033,1000,1000,30,20,600,501+,Taillard,extension,1.0,5,0.011347900028340518,0,SMS-EMOA,../runs/JSP-tai_jsp049-SMS-EMOA-42.json,1.6082919492594994,7.973568281938337,17.71209789959567
tai_jsp049,JSP,SMS-EMOA,73,completed,True,2447,64817,1.0456191860586672,1.3833284000866115,2.13417750003282,1000,1000,30,20,600,501+,Taillard,extension,1.0,3,0.010893700062297285,0,SMS-EMOA,../runs/JSP-tai_jsp049-SMS-EMOA-73.json,1.490351713357374,7.797356828193824,15.964146420009296
tai_jsp052,JSP,XG,19,completed,True,3206.0,126307.0,1.0461157666602856,0.0494675,0.6843806999968365,1,1000,50,15,750,501+,Taillard,extension,1.0,1,0.0493346,0,F,../runs/JSP-tai_jsp052-F-19.json,1.52240285938664,8.862478777589144,16.202068153381898
tai_jsp052,JSP,XG,42,completed,True,3206.0,126307.0,1.0461157666602856,0.0508775,0.7482596999034286,1,1000,50,15,750,501+,Taillard,extension,1.0,1,0.0507115,0,F,../runs/JSP-tai_jsp052-F-42.json,1.52240285938664,8.862478777589144,16.202068153381898
tai_jsp052,JSP,XG,73,completed,True,3206.0,126307.0,1.0461157666602856,0.0472982,0.713195199961774,1,1000,50,15,750,501+,Taillard,extension,1.0,1,0.047151,0,F,../runs/JSP-tai_jsp052-F-73.json,1.52240285938664,8.862478777589144,16.202068153381898
tai_jsp052,JSP,XH,19,completed,True,2978.0,108696.0,1.0620988301363956,62.4915425,63.28039730002638,1000,1000,50,15,750,501+,Taillard,extension,1.0,10,0.0482754,0,T,../runs/JSP-tai_jsp052-T-19.json,0.017814422584749856,1.120543293718157,0.0
tai_jsp052,JSP,XH,42,completed,True,2956.0,110029.0,1.061983595125286,68.6472639,69.44701800006442,1000,1000,50,15,750,501+,Taillard,extension,1.0,6,0.0496323,0,T,../runs/JSP-tai_jsp052-T-42.json,0.028662234425658184,0.37351443123938566,1.2263560756605507
tai_jsp052,JSP,XH,73,completed,True,2979.0,118615.0,1.0566424219100552,61.7269091,62.521515999920666,1000,1000,50,15,750,501+,Taillard,extension,1.0,5,0.0535717,0,T,../runs/JSP-tai_jsp052-T-73.json,0.5314611797344937,1.1544991511035718,9.125450798557445
tai_jsp052,JSP,XT,19,completed,True,3019.0,120697.0,1.054387524052591,57.3129647,58.14434470003471,1000,1000,50,15,750,501+,Taillard,extension,1.0,3,0.054132,0,B,../runs/JSP-tai_jsp052-B-19.json,0.7437292000411766,2.5127334465195217,11.04088466916906
tai_jsp052,JSP,XT,42,completed,True,3019.0,120094.0,1.054717913202532,57.9390726,58.654695700039156,1000,1000,50,15,750,501+,Taillard,extension,1.0,3,0.0498521,0,B,../runs/JSP-tai_jsp052-B-42.json,0.7126275470077159,2.5127334465195217,10.48612644439537
tai_jsp052,JSP,XT,73,completed,True,3019.0,120697.0,1.0543873277602331,53.8478697,54.53547370003071,1000,1000,50,15,750,501+,Taillard,extension,1.0,3,0.0510448,0,B,../runs/JSP-tai_jsp052-B-73.json,0.7437476783017649,2.5127334465195217,11.04088466916906
tai_jsp052,JSP,XE,19,completed,True,3205.0,126189.0,1.0462079580270607,10.4199043,11.037528699962422,1000,1000,50,15,750,501+,Taillard,extension,1.0,1,0.0497911,0,G,../runs/JSP-tai_jsp052-G-19.json,1.5137242938144002,8.82852292020373,16.093508500772803
tai_jsp052,JSP,XE,42,completed,True,3190.0,125852.0,1.0468087540645465,9.8223967,10.606020799954422,1000,1000,50,15,750,501+,Taillard,extension,1.0,1,0.0556264,0,G,../runs/JSP-tai_jsp052-G-42.json,1.4571675034200648,8.31918505942275,15.783469492897616
tai_jsp052,JSP,XE,73,completed,True,3206.0,126239.0,1.0461528820675863,10.025867,10.787816799944267,1000,1000,50,15,750,501+,Taillard,extension,1.0,1,0.0502946,0,G,../runs/JSP-tai_jsp052-G-73.json,1.5189089476759565,8.862478777589144,16.139508353573273
tai_jsp052,JSP,XHT,19,completed,True,2978.0,109907.0,1.0614374526526773,61.9597422,62.67759719991591,1000,1000,50,15,750,501+,Taillard,extension,1.0,8,0.0485515,0,T-B,../runs/JSP-tai_jsp052-T-B-19.json,0.0800741336752453,1.120543293718157,1.1141164348274168
tai_jsp052,JSP,XHT,42,completed,True,2945.0,110029.0,1.0622880706223636,65.4409176,66.19294480001554,1000,1000,50,15,750,501+,Taillard,extension,1.0,6,0.0488489,0,T-B,../runs/JSP-tai_jsp052-T-B-42.json,0.0,0.0,1.2263560756605507
tai_jsp052,JSP,XHT,73,completed,True,2990.0,117582.0,1.056906302422425,68.3098726,68.9891190000344,1000,1000,50,15,750,501+,Taillard,extension,1.0,2,0.0489939,0,T-B,../runs/JSP-tai_jsp052-T-B-73.json,0.5066204119929196,1.5280135823429575,8.17509383969972
tai_jsp052,JSP,XHE,19,completed,True,2978.0,109907.0,1.0614356565362861,36.668783,37.46354639995843,1000,1000,50,15,750,501+,Taillard,extension,1.0,6,0.0530296,0,T-G,../runs/JSP-tai_jsp052-T-G-19.json,0.08024321364901166,1.120543293718157,1.1141164348274168
tai_jsp052,JSP,XHE,42,completed,True,2956.0,110029.0,1.0619790181110949,35.2460203,36.143873299937695,1000,1000,50,15,750,501+,Taillard,extension,1.0,4,0.0527731,0,T-G,../runs/JSP-tai_jsp052-T-G-42.json,0.029093098173238463,0.37351443123938566,1.2263560756605507
tai_jsp052,JSP,XHE,73,completed,True,3027.0,118615.0,1.05530378050819,37.7848565,38.53371990006417,1000,1000,50,15,750,501+,Taillard,extension,1.0,4,0.0517831,0,T-G,../runs/JSP-tai_jsp052-T-G-73.json,0.6574760940393332,2.784380305602707,9.125450798557445
tai_jsp052,JSP,XTE,19,completed,True,3019.0,120697.0,1.0543875641054519,30.1685974,30.836776999989524,1000,1000,50,15,750,501+,Taillard,extension,1.0,2,0.0489964,0,B-G,../runs/JSP-tai_jsp052-B-G-19.json,0.7437254296080997,2.5127334465195217,11.04088466916906
tai_jsp052,JSP,XTE,42,completed,True,3019.0,120094.0,1.0547174757087447,30.2809856,31.04358089994639,1000,1000,50,15,750,501+,Taillard,extension,1.0,2,0.0517817,0,B-G,../runs/JSP-tai_jsp052-B-G-42.json,0.712668731108268,2.5127334465195217,10.48612644439537
tai_jsp052,JSP,XTE,73,completed,True,3019.0,120697.0,1.0543873264845718,36.5424279,37.32434900000226,1000,1000,50,15,750,501+,Taillard,extension,1.0,3,0.0505068,0,B-G,../runs/JSP-tai_jsp052-B-G-73.json,0.7437477983879726,2.5127334465195217,11.04088466916906
tai_jsp052,JSP,XHTE,19,completed,True,2978.0,110029.0,1.0613687261506455,41.8705196,42.586796399904415,1000,1000,50,15,750,501+,Taillard,extension,1.0,8,0.0485297,0,T-B-G,../runs/JSP-tai_jsp052-T-B-G-19.json,0.08654380079591295,1.120543293718157,1.2263560756605507
tai_jsp052,JSP,XHTE,42,completed,True,2974.0,115998.0,1.0582224545793895,46.4944515,47.22147989994846,1000,1000,50,15,750,501+,Taillard,extension,1.0,4,0.0503422,0,T-B-G,../runs/JSP-tai_jsp052-T-B-G-42.json,0.38272255477671546,0.9847198641765642,6.717818502980788
tai_jsp052,JSP,XHTE,73,completed,True,2966.0,119103.0,1.0567408673592364,47.555426,48.2677696000319,1000,1000,50,15,750,501+,Taillard,extension,1.0,2,0.0504643,0,T-B-G,../runs/JSP-tai_jsp052-T-B-G-73.json,0.522193877210464,0.7130730050933787,9.574409361890046
tai_jsp052,JSP,NSGA-II,19,completed,True,3218,136497,1.0402180172182016,2.1428655000636354,2.878133099991828,1000,1000,50,15,750,501+,Taillard,extension,1.0,5,0.012742100050672889,0,NSGA-II,../runs/JSP-tai_jsp052-NSGA-II-19.json,2.0775959002563016,9.269949066213922,25.576838154117908
tai_jsp052,JSP,NSGA-II,42,completed,True,3197,138037,1.0399597410070414,2.112755300011486,2.783137100050226,1000,1000,50,15,750,501+,Taillard,extension,1.0,5,0.012220100034028292,0,NSGA-II,../runs/JSP-tai_jsp052-NSGA-II-42.json,2.1019090991241884,8.556876061120544,26.993633620372414
tai_jsp052,JSP,NSGA-II,73,completed,True,3208,136786,1.0403395085238285,2.2089889999479055,2.9586676999460906,1000,1000,50,15,750,501+,Taillard,extension,1.0,5,0.01363059994764626,0,NSGA-II,../runs/JSP-tai_jsp052-NSGA-II-73.json,2.0661591432233783,8.93039049235993,25.84271730330463
tai_jsp052,JSP,SPEA2,19,completed,True,3209,137189,1.0400908291955142,2.054854799993336,2.847512500011362,1000,1000,50,15,750,501+,Taillard,extension,1.0,5,0.0124913000036031,0,SPEA2,../runs/JSP-tai_jsp052-SPEA2-19.json,2.089568925860641,8.964346349745323,26.213476116876432
tai_jsp052,JSP,SPEA2,42,completed,True,3227,138395,1.0389378269258578,2.2253817000892013,2.90608000010252,1000,1000,50,15,750,501+,Taillard,extension,1.0,4,0.012814100016839802,0,SPEA2,../runs/JSP-tai_jsp052-SPEA2-42.json,2.198108436144408,9.575551782682524,27.322992566423785
tai_jsp052,JSP,SPEA2,73,completed,True,3210,136811,1.0402709906039906,2.1391761999111623,2.845761099946685,1000,1000,50,15,750,501+,Taillard,extension,1.0,3,0.012758499942719936,0,SPEA2,../runs/JSP-tai_jsp052-SPEA2-73.json,2.072609175162232,8.998302207130738,25.865717229704856
tai_jsp052,JSP,MOEA/D,19,completed,True,3142,136232,1.0424673773320767,2.5223039999837056,3.2708601999329403,1000,1000,50,15,750,501+,Taillard,extension,1.0,3,0.012491600005887449,0,MOEA-D,../runs/JSP-tai_jsp052-MOEA-D-19.json,1.8658491833269397,6.689303904923594,25.333038934275407
tai_jsp052,JSP,MOEA/D,42,completed,True,3251,137582,1.0387175963688937,2.2293321999022737,2.865379699971527,1000,1000,50,15,750,501+,Taillard,extension,1.0,7,0.011293299961835146,0,MOEA-D,../runs/JSP-tai_jsp052-MOEA-D-42.json,2.2188401531856305,10.390492359932079,26.575034959888132
tai_jsp052,JSP,MOEA/D,73,completed,True,3202,138902,1.0393516328045125,2.277699699974619,2.969353299937211,1000,1000,50,15,750,501+,Taillard,extension,1.0,1,0.011447799974121153,0,MOEA-D,../runs/JSP-tai_jsp052-MOEA-D-73.json,2.1591542305858136,8.72665534804753,27.78943107382057
tai_jsp052,JSP,SMS-EMOA,19,completed,True,3233,138437,1.0387472623471126,2.050623199902475,2.70373649999965,1000,1000,50,15,750,501+,Taillard,extension,1.0,5,0.011933499947190285,0,SMS-EMOA,../runs/JSP-tai_jsp052-SMS-EMOA-19.json,2.216047504087959,9.779286926994901,27.361632442776184
tai_jsp052,JSP,SMS-EMOA,42,completed,True,3180,137542,1.0406990301125147,2.0534003999782726,2.725679700030014,1000,1000,50,15,750,501+,Taillard,extension,1.0,3,0.012686099973507226,0,SMS-EMOA,../runs/JSP-tai_jsp052-SMS-EMOA-42.json,2.032315066590218,7.979626485568758,26.53823507764774
tai_jsp052,JSP,SMS-EMOA,73,completed,True,3203,137382,1.0401527469141876,2.210318799945526,2.9674762000795454,1000,1000,50,15,750,501+,Taillard,extension,1.0,2,0.012748299981467426,0,SMS-EMOA,../runs/JSP-tai_jsp052-SMS-EMOA-73.json,2.0837402132556804,8.760611205432944,26.391035548686247
tai_jsp053,JSP,XG,19,completed,True,3133.0,123259.0,1.050791183338202,0.0488607,0.6636912999674678,1,1000,50,15,750,501+,Taillard,extension,1.0,1,0.0487304,0,F,../runs/JSP-tai_jsp053-F-19.json,1.2114864255469704,8.93602225312935,9.692261141962133
tai_jsp053,JSP,XG,42,completed,True,3133.0,123259.0,1.050791183338202,0.0515169,0.8177179000340402,1,1000,50,15,750,501+,Taillard,extension,1.0,1,0.0513663,0,F,../runs/JSP-tai_jsp053-F-42.json,1.2114864255469704,8.93602225312935,9.692261141962133
tai_jsp053,JSP,XG,73,completed,True,3133.0,123259.0,1.050791183338202,0.0505621,0.7158897999906912,1,1000,50,15,750,501+,Taillard,extension,1.0,1,0.0504294,0,F,../runs/JSP-tai_jsp053-F-73.json,1.2114864255469704,8.93602225312935,9.692261141962133
tai_jsp053,JSP,XH,19,completed,True,2907.0,112642.0,1.062828571900305,66.7752034,67.54887669999152,1000,1000,50,15,750,501+,Taillard,extension,1.0,11,0.0502991,0,T,../runs/JSP-tai_jsp053-T-19.json,0.07980989245072179,1.0778859527120987,0.24384166310693622
tai_jsp053,JSP,XH,42,completed,True,2882.0,112368.0,1.0636774917625031,62.622597,63.4927888000384,1000,1000,50,15,750,501+,Taillard,extension,1.0,11,0.0516613,0,T,../runs/JSP-tai_jsp053-T-42.json,0.0,0.20862308762170656,0.0
tai_jsp053,JSP,XH,73,completed,True,2910.0,115389.0,1.0612528848835436,62.9939975,63.81422840000596,1000,1000,50,15,750,501+,Taillard,extension,1.0,9,0.0496522,0,T,../runs/JSP-tai_jsp053-T-73.json,0.2279456788111589,1.182197496522952,2.688487825715513
tai_jsp053,JSP,XT,19,completed,True,2943.0,117799.0,1.0590231655949416,51.4336643,52.12852989998646,1000,1000,50,15,750,501+,Taillard,extension,1.0,6,0.0530985,0,B,../runs/JSP-tai_jsp053-B-19.json,0.43756930118445947,2.3296244784422715,4.8332265413640885
tai_jsp053,JSP,XT,42,completed,True,2935.0,117799.0,1.0592430954076728,52.146895,52.91918999992777,1000,1000,50,15,750,501+,Taillard,extension,1.0,11,0.0488708,0,B,../runs/JSP-tai_jsp053-B-42.json,0.4168929388063458,2.051460361613344,4.8332265413640885
tai_jsp053,JSP,XT,73,completed,True,2935.0,117799.0,1.059245007842445,60.3809806,61.259335099952295,1000,1000,50,15,750,501+,Taillard,extension,1.0,7,0.0480681,0,B,../runs/JSP-tai_jsp053-B-73.json,0.41671314419877703,2.051460361613344,4.8332265413640885
tai_jsp053,JSP,XE,19,completed,True,3084.0,122860.0,1.0523638596356495,11.6784242,12.421439199941233,1000,1000,50,15,750,501+,Taillard,extension,1.0,1,0.0544045,0,G,../runs/JSP-tai_jsp053-G-19.json,1.0636336873225627,7.232267037552154,9.337177844226119
tai_jsp053,JSP,XE,42,completed,True,3085.0,123020.0,1.0522489585261114,11.2876075,12.000586499925703,1000,1000,50,15,750,501+,Taillard,extension,1.0,2,0.0489085,0,G,../runs/JSP-tai_jsp053-G-42.json,1.0744359380449708,7.267037552155764,9.479567136551337
tai_jsp053,JSP,XE,73,completed,True,3092.0,122721.0,1.05221659670354,9.8091106,10.57359260006342,1000,1000,50,15,750,501+,Taillard,extension,1.0,2,0.0518005,0,G,../runs/JSP-tai_jsp053-G-73.json,1.0774783849165193,7.510431154381081,9.213477146518589
tai_jsp053,JSP,XHT,19,completed,True,2877.0,112870.0,1.0635360237570846,70.6424783,71.43063289998099,1000,1000,50,15,750,501+,Taillard,extension,1.0,11,0.0515432,0,T-B,../runs/JSP-tai_jsp053-T-B-19.json,0.013299896492513508,0.03477051460361036,0.44674640467037285
tai_jsp053,JSP,XHT,42,completed,True,2907.0,112368.0,1.0629817893395461,60.9271413,61.80209500005003,1000,1000,50,15,750,501+,Taillard,extension,1.0,6,0.054384,0,T-B,../runs/JSP-tai_jsp053-T-B-42.json,0.06540539104613607,1.0778859527120987,0.0
tai_jsp053,JSP,XHT,73,completed,True,2910.0,115227.0,1.0613415731472515,65.7970276,66.46925129997544,1000,1000,50,15,750,501+,Taillard,extension,1.0,11,0.0486105,0,T-B,../runs/JSP-tai_jsp053-T-B-73.json,0.21960778838904238,1.182197496522952,2.544318667236234
tai_jsp053,JSP,XHE,19,completed,True,2907.0,112870.0,1.0627049181583772,41.0840479,41.817803199985065,1000,1000,50,15,750,501+,Taillard,extension,1.0,7,0.0485969,0,T-G,../runs/JSP-tai_jsp053-T-G-19.json,0.09143500841729546,1.0778859527120987,0.44674640467037285
tai_jsp053,JSP,XHE,42,completed,True,2907.0,112368.0,1.062981724215772,34.6475367,35.428894600016065,1000,1000,50,15,750,501+,Taillard,extension,1.0,5,0.0498462,0,T-G,../runs/JSP-tai_jsp053-T-G-42.json,0.06541151355738961,1.0778859527120987,0.0
tai_jsp053,JSP,XHE,73,completed,True,2910.0,115375.0,1.0612611046975449,39.2926603,40.04410620010458,1000,1000,50,15,750,501+,Taillard,extension,1.0,10,0.0492701,0,T-G,../runs/JSP-tai_jsp053-T-G-73.json,0.22717290566658388,1.182197496522952,2.6760287626370394
tai_jsp053,JSP,XTE,19,completed,True,2943.0,119628.0,1.0580271501701652,30.5656638,31.338299600058235,1000,1000,50,15,750,501+,Taillard,extension,1.0,8,0.0493452,0,B-G,../runs/JSP-tai_jsp053-B-G-19.json,0.5312081562406035,2.3296244784422715,6.460914139256735
tai_jsp053,JSP,XTE,42,completed,True,2935.0,118604.0,1.058804791746619,32.5663882,33.3926683999598,1000,1000,50,15,750,501+,Taillard,extension,1.0,7,0.0501252,0,B-G,../runs/JSP-tai_jsp053-B-G-42.json,0.45809938196681443,2.051460361613344,5.549622668375331
tai_jsp053,JSP,XTE,73,completed,True,2935.0,119628.0,1.0582489143693297,32.2989363,33.20775159995537,1000,1000,50,15,750,501+,Taillard,extension,1.0,8,0.0556585,0,B-G,../runs/JSP-tai_jsp053-B-G-73.json,0.5103593368492199,2.051460361613344,6.460914139256735
tai_jsp053,JSP,XHTE,19,completed,True,2876.0,112870.0,1.0635630848035758,41.5382188,42.32702550000977,1000,1000,50,15,750,501+,Taillard,extension,1.0,12,0.0520501,0,T-B-G,../runs/JSP-tai_jsp053-T-B-G-19.json,0.01075579391436321,0.0,0.44674640467037285
tai_jsp053,JSP,XHTE,42,completed,True,2907.0,114724.0,1.0617057950199396,51.6556179,52.453147800057195,1000,1000,50,15,750,501+,Taillard,extension,1.0,4,0.0490006,0,T-B-G,../runs/JSP-tai_jsp053-T-B-G-42.json,0.18536603038356025,1.0778859527120987,2.0966823294888304
tai_jsp053,JSP,XHTE,73,completed,True,2899.0,116231.0,1.061103643604246,48.0769477,48.7892554999562,1000,1000,50,15,750,501+,Taillard,extension,1.0,4,0.0495873,0,T-B-G,../runs/JSP-tai_jsp053-T-B-G-73.json,0.24197636766688513,0.7997218358831715,3.4378114765769574
tai_jsp053,JSP,NSGA-II,19,completed,True,3099,134077,1.0458433137236036,2.2711207000538707,3.009591699927114,1000,1000,50,15,750,501+,Taillard,extension,1.0,8,0.014130400028079748,0,NSGA-II,../runs/JSP-tai_jsp053-NSGA-II-19.json,1.6766527614821003,7.753824756606398,19.31955716930087
tai_jsp053,JSP,NSGA-II,42,completed,True,3070,132336,1.0475836784037578,2.189765999908559,2.9659730000421405,1000,1000,50,15,750,501+,Taillard,extension,1.0,6,0.012552500003948808,0,NSGA-II,../runs/JSP-tai_jsp053-NSGA-II-42.json,1.5130350584064756,6.74547983310152,17.770183682187103
tai_jsp053,JSP,NSGA-II,73,completed,True,3072,131889,1.047776790828809,2.292648100061342,3.108125300030224,1000,1000,50,15,750,501+,Taillard,extension,1.0,5,0.014498200034722686,0,NSGA-II,../runs/JSP-tai_jsp053-NSGA-II-73.json,1.494879891398937,6.815020862308763,17.372383596753526
tai_jsp053,JSP,SPEA2,19,completed,True,3109,133369,1.0459512874641321,2.360703799990006,3.1301765999523923,1000,1000,50,15,750,501+,Taillard,extension,1.0,6,0.012977699982002378,0,SPEA2,../runs/JSP-tai_jsp053-SPEA2-19.json,1.6665017766803403,8.101529902642568,18.689484550761783
tai_jsp053,JSP,SPEA2,42,completed,True,3089,132889,1.0467632251179713,2.253061299910769,3.024716900079511,1000,1000,50,15,750,501+,Taillard,extension,1.0,4,0.014062199974432588,0,SPEA2,../runs/JSP-tai_jsp053-SPEA2-42.json,1.590168709549833,7.406119610570228,18.262316673786128
tai_jsp053,JSP,SPEA2,73,completed,True,3058,131363,1.0484478511541555,2.1696382999652997,2.8530752999940887,1000,1000,50,15,750,501+,Taillard,extension,1.0,5,0.012354500009678304,0,SPEA2,../runs/JSP-tai_jsp053-SPEA2-73.json,1.4317911891801205,6.328233657858129,16.904278798234373
tai_jsp053,JSP,MOEA/D,19,completed,True,3109,132512,1.046420819452007,2.480868099955842,3.2536946999607608,1000,1000,50,15,750,501+,Taillard,extension,1.0,4,0.014344099909067154,0,MOEA-D,../runs/JSP-tai_jsp053-MOEA-D-19.json,1.622359450504307,8.101529902642568,17.926811903744834
tai_jsp053,JSP,MOEA/D,42,completed,True,3112,131801,1.0467240890044736,2.275319100008346,3.0233429999789223,1000,1000,50,15,750,501+,Taillard,extension,1.0,5,0.010500899981707335,0,MOEA-D,../runs/JSP-tai_jsp053-MOEA-D-42.json,1.593848030941969,8.205841446453398,17.29406948597465
tai_jsp053,JSP,MOEA/D,73,completed,True,3059,130810,1.0487242360553866,2.487484100041911,3.2483347000088543,1000,1000,50,15,750,501+,Taillard,extension,1.0,6,0.012195400078780949,0,MOEA-D,../runs/JSP-tai_jsp053-MOEA-D-73.json,1.4058072886678485,6.363004172461761,16.412145806635348
tai_jsp053,JSP,SMS-EMOA,19,completed,True,3104,132434,1.0465981031801914,2.2046053999802098,2.959974199999124,1000,1000,50,15,750,501+,Taillard,extension,1.0,9,0.012697700061835349,0,SMS-EMOA,../runs/JSP-tai_jsp053-SMS-EMOA-19.json,1.605692394036784,7.927677329624472,17.857397123736284
tai_jsp053,JSP,SMS-EMOA,42,completed,True,3092,133505,1.0463475463563567,2.199231200036593,2.906476099975407,1000,1000,50,15,750,501+,Taillard,extension,1.0,3,0.012391500058583915,0,SMS-EMOA,../runs/JSP-tai_jsp053-SMS-EMOA-42.json,1.6292481076600418,7.510431154381081,18.810515449238217
tai_jsp053,JSP,SMS-EMOA,73,completed,True,3079,132743,1.0471205452059897,2.2198838000185788,2.9138723999494687,1000,1000,50,15,750,501+,Taillard,extension,1.0,3,0.012933799996972084,0,SMS-EMOA,../runs/JSP-tai_jsp053-SMS-EMOA-73.json,1.5565758121927287,7.05841446453408,18.13238644453936
tai_jsp068,JSP,XG,19,completed,True,3381.0,136102.0,1.0791677479053368,0.0654341,0.7799251999240369,1,1000,50,20,1000,501+,Taillard,extension,1.0,1,0.0652355,0,F,../runs/JSP-tai_jsp068-F-19.json,1.3255946654641915,14.882772680937828,10.383701408770541
tai_jsp068,JSP,XG,42,completed,True,3381.0,136102.0,1.0791677479053368,0.0708004,0.8320861000102013,1,1000,50,20,1000,501+,Taillard,extension,1.0,1,0.0706174,0,F,../runs/JSP-tai_jsp068-F-42.json,1.3255946654641915,14.882772680937828,10.383701408770541
tai_jsp068,JSP,XG,73,completed,True,3381.0,136102.0,1.0791677479053368,0.0676218,0.8238668000558391,1,1000,50,20,1000,501+,Taillard,extension,1.0,1,0.0674255,0,F,../runs/JSP-tai_jsp068-F-73.json,1.3255946654641915,14.882772680937828,10.383701408770541
tai_jsp068,JSP,XH,19,completed,True,2944.0,124791.0,1.093027395883722,87.390567,88.2406049000565,1000,1000,50,20,1000,501+,Taillard,extension,1.0,12,0.0727632,0,T,../runs/JSP-tai_jsp068-T-19.json,0.058328732927148685,0.03397893306149591,1.2100665861036974
tai_jsp068,JSP,XH,42,completed,True,2943.0,123299.0,1.093665317005595,80.652405,81.49699650006369,1000,1000,50,20,1000,501+,Taillard,extension,1.0,14,0.0697562,0,T,../runs/JSP-tai_jsp068-T-42.json,0.0,0.0,0.0
tai_jsp068,JSP,XH,73,completed,True,2943.0,124950.0,1.0929803303690608,88.0269018,88.84382070007268,1000,1000,50,20,1000,501+,Taillard,extension,1.0,10,0.0698811,0,T,../runs/JSP-tai_jsp068-T-73.json,0.0626321988896561,0.0,1.3390214032555026
tai_jsp068,JSP,XT,19,completed,True,3130.0,131584.0,1.086303737732053,70.901056,71.76529820007272,1000,1000,50,20,1000,501+,Taillard,extension,1.0,3,0.0743705,0,B,../runs/JSP-tai_jsp068-B-19.json,0.6731107916723267,6.354060482500845,6.7194381138533155
tai_jsp068,JSP,XT,42,completed,True,3130.0,131584.0,1.086303737732053,71.6113811,72.4912191000767,1000,1000,50,20,1000,501+,Taillard,extension,1.0,3,0.0776096,0,B,../runs/JSP-tai_jsp068-B-42.json,0.6731107916723267,6.354060482500845,6.7194381138533155
tai_jsp068,JSP,XT,73,completed,True,3130.0,131584.0,1.086303737732053,71.9927801,72.7879289999837,1000,1000,50,20,1000,501+,Taillard,extension,1.0,3,0.068251,0,B,../runs/JSP-tai_jsp068-B-73.json,0.6731107916723267,6.354060482500845,6.7194381138533155
tai_jsp068,JSP,XE,19,completed,True,3381.0,136102.0,1.0791677479053368,15.9472477,16.723947199992836,1000,1000,50,20,1000,501+,Taillard,extension,1.0,1,0.0669192,0,G,../runs/JSP-tai_jsp068-G-19.json,1.3255946654641915,14.882772680937828,10.383701408770541
tai_jsp068,JSP,XE,42,completed,True,3377.0,135961.0,1.0793098805273802,13.6883395,14.487571599893272,1000,1000,50,20,1000,501+,Taillard,extension,1.0,2,0.073974,0,G,../runs/JSP-tai_jsp068-G-42.json,1.3125986766700515,14.746856948691821,10.26934525016423
tai_jsp068,JSP,XE,73,completed,True,3373.0,136075.0,1.0793465131625337,15.1916478,16.09160859999247,1000,1000,50,20,1000,501+,Taillard,extension,1.0,2,0.082733,0,G,../runs/JSP-tai_jsp068-G-73.json,1.3092491478348678,14.610941216445795,10.36180342095232
tai_jsp068,JSP,XHT,19,completed,True,2972.0,124791.0,1.0924412765385814,90.1946235,90.99410820007324,1000,1000,50,20,1000,501+,Taillard,extension,1.0,9,0.0682082,0,T-B,../runs/JSP-tai_jsp068-T-B-19.json,0.11192093668701553,0.985389058783559,1.2100665861036974
tai_jsp068,JSP,XHT,42,completed,True,2943.0,123299.0,1.0936628198219205,92.4801859,93.20500990003347,1000,1000,50,20,1000,501+,Taillard,extension,1.0,10,0.066686,0,T-B,../runs/JSP-tai_jsp068-T-B-42.json,0.00022833161440471983,0.0,0.0
tai_jsp068,JSP,XHT,73,completed,True,2943.0,128541.0,1.0914931033953301,99.3833439,100.16166270000394,1000,1000,50,20,1000,501+,Taillard,extension,1.0,7,0.0665883,0,T-B,../runs/JSP-tai_jsp068-T-B-73.json,0.19861776509584317,0.0,4.251453783080161
tai_jsp068,JSP,XHE,19,completed,True,2972.0,124791.0,1.092439539589757,54.5562937,55.32928140007425,1000,1000,50,20,1000,501+,Taillard,extension,1.0,10,0.070241,0,T-G,../runs/JSP-tai_jsp068-T-G-19.json,0.112079755733141,0.985389058783559,1.2100665861036974
tai_jsp068,JSP,XHE,42,completed,True,2943.0,123299.0,1.0936629363777184,57.0950309,57.93233780004084,1000,1000,50,20,1000,501+,Taillard,extension,1.0,10,0.0716516,0,T-G,../runs/JSP-tai_jsp068-T-G-42.json,0.00021767425917307293,0.0,0.0
tai_jsp068,JSP,XHE,73,completed,True,2943.0,128541.0,1.0914923745220453,50.5239023,51.34309789992403,1000,1000,50,20,1000,501+,Taillard,extension,1.0,5,0.0709165,0,T-G,../runs/JSP-tai_jsp068-T-G-73.json,0.19868441009898152,0.0,4.251453783080161
tai_jsp068,JSP,XTE,19,completed,True,3130.0,131584.0,1.086303761110674,53.2647393,53.99117200006731,1000,1000,50,20,1000,501+,Taillard,extension,1.0,3,0.0671728,0,B-G,../runs/JSP-tai_jsp068-B-G-19.json,0.6731086540328945,6.354060482500845,6.7194381138533155
tai_jsp068,JSP,XTE,42,completed,True,3130.0,131584.0,1.0863037742255104,48.9961378,49.68076490005478,1000,1000,50,20,1000,501+,Taillard,extension,1.0,3,0.0653578,0,B-G,../runs/JSP-tai_jsp068-B-G-42.json,0.6731074548693039,6.354060482500845,6.7194381138533155
tai_jsp068,JSP,XTE,73,completed,True,3130.0,131584.0,1.086303737732053,51.6295776,52.43566630000714,1000,1000,50,20,1000,501+,Taillard,extension,1.0,3,0.071276,0,B-G,../runs/JSP-tai_jsp068-B-G-73.json,0.6731107916723267,6.354060482500845,6.7194381138533155
tai_jsp068,JSP,XHTE,19,completed,True,2972.0,126136.0,1.091879259720534,66.257548,67.0993133999873,1000,1000,50,20,1000,501+,Taillard,extension,1.0,15,0.0704344,0,T-B-G,../runs/JSP-tai_jsp068-T-B-G-19.json,0.1633093101965688,0.985389058783559,2.3009107940859197
tai_jsp068,JSP,XHTE,42,completed,True,2943.0,123299.0,1.093660677606186,65.3819594,66.20071960007772,1000,1000,50,20,1000,501+,Taillard,extension,1.0,13,0.0782805,0,T-B-G,../runs/JSP-tai_jsp068-T-B-G-42.json,0.00042420650421259865,0.0,0.0
tai_jsp068,JSP,XHTE,73,completed,True,2956.0,128541.0,1.0912178043832788,70.1363047,70.93121740000788,1000,1000,50,20,1000,501+,Taillard,extension,1.0,8,0.0671853,0,T-B-G,../runs/JSP-tai_jsp068-T-B-G-73.json,0.2237899094228779,0.4417261297995134,4.251453783080161
tai_jsp068,JSP,NSGA-II,19,completed,True,3315,149354,1.0750606589809502,2.867211800068617,3.4939275999786332,1000,1000,50,20,1000,501+,Taillard,extension,1.0,3,0.015662900055758655,0,NSGA-II,../runs/JSP-tai_jsp068-NSGA-II-19.json,1.7011290140921287,12.640163098878698,21.13155824459241
tai_jsp068,JSP,NSGA-II,42,completed,True,3311,147681,1.075837250287641,3.288161400007084,4.118384800036438,1000,1000,50,20,1000,501+,Taillard,extension,1.0,2,0.01653770008124411,0,NSGA-II,../runs/JSP-tai_jsp068-NSGA-II-42.json,1.6301208825718616,12.504247366632693,19.774694036447983
tai_jsp068,JSP,NSGA-II,73,completed,True,3303,148580,1.075631781444231,3.118978500016965,3.7675793999806046,1000,1000,50,20,1000,501+,Taillard,extension,1.0,2,0.014675899990834296,0,NSGA-II,../runs/JSP-tai_jsp068-NSGA-II-73.json,1.6489080599848327,12.23241590214068,20.503815927136483
tai_jsp068,JSP,SPEA2,19,completed,True,3319,149180,1.0750485873982418,3.16350349993445,3.9177479000063613,1000,1000,50,20,1000,501+,Taillard,extension,1.0,5,0.01651999994646758,0,SPEA2,../runs/JSP-tai_jsp068-SPEA2-19.json,1.702232787113056,12.776078831124703,20.990437878652713
tai_jsp068,JSP,SPEA2,42,completed,True,3280,148370,1.0761971077185137,3.0567219000076875,3.747608600067906,1000,1000,50,20,1000,501+,Taillard,extension,1.0,4,0.01538820005953312,0,SPEA2,../runs/JSP-tai_jsp068-SPEA2-42.json,1.5972170841906608,11.45090044172612,20.333498244105797
tai_jsp068,JSP,SPEA2,73,completed,True,3305,148441,1.075647668447612,3.1565886000171304,3.9255134999984875,1000,1000,50,20,1000,501+,Taillard,extension,1.0,2,0.01760449993889779,0,SPEA2,../runs/JSP-tai_jsp068-SPEA2-73.json,1.6474554214916948,12.300373768263672,20.391081841701887
tai_jsp068,JSP,MOEA/D,19,completed,True,3369,149354,1.0739354720664755,3.4549122999887913,4.320924300001934,1000,1000,50,20,1000,501+,Taillard,extension,1.0,2,0.014987200032919645,0,MOEA-D,../runs/JSP-tai_jsp068-MOEA-D-19.json,1.8040112118704488,14.475025484199788,21.13155824459241
tai_jsp068,JSP,MOEA/D,42,completed,True,3278,149601,1.0757295431573421,3.5061927000060678,4.24328269995749,1000,1000,50,20,1000,501+,Taillard,extension,1.0,3,0.014058700064197183,0,MOEA-D,../runs/JSP-tai_jsp068-MOEA-D-42.json,1.6399691541247874,11.382942575603128,21.331884281299928
tai_jsp068,JSP,MOEA/D,73,completed,True,3325,148683,1.0751302356067998,3.1216553000267595,3.833015999989584,1000,1000,50,20,1000,501+,Taillard,extension,1.0,4,0.013066600076854229,0,MOEA-D,../runs/JSP-tai_jsp068-MOEA-D-73.json,1.694767230028238,12.979952429493725,20.58735269548009
tai_jsp068,JSP,SMS-EMOA,19,completed,True,3317,149278,1.075049731927508,3.0758932000026107,3.8281340999528766,1000,1000,50,20,1000,501+,Taillard,extension,1.0,4,0.0156367999734357,0,SMS-EMOA,../runs/JSP-tai_jsp068-SMS-EMOA-19.json,1.7021281363347573,12.70812096500169,21.06991946406702
tai_jsp068,JSP,SMS-EMOA,42,completed,True,3279,149344,1.0758154217398295,2.9542343000648543,3.6200801000231877,1000,1000,50,20,1000,501+,Taillard,extension,1.0,3,0.01461320009548217,0,SMS-EMOA,../runs/JSP-tai_jsp068-SMS-EMOA-42.json,1.6321167900466782,11.416921508664624,21.123447878733813
tai_jsp068,JSP,SMS-EMOA,73,completed,True,3299,148914,1.0755755938783431,3.1288426000392064,3.825731899938546,1000,1000,50,20,1000,501+,Taillard,extension,1.0,5,0.015615300042554736,0,SMS-EMOA,../runs/JSP-tai_jsp068-SMS-EMOA-73.json,1.6540456066377551,12.096500169894675,20.77470214681385
tai_jsp070,JSP,XG,19,completed,True,3696.0,152702.0,1.0684223986071846,0.0738805,0.8585674000205472,1,1000,50,20,1000,501+,Taillard,extension,1.0,1,0.0736655,0,F,../runs/JSP-tai_jsp070-F-19.json,1.412620638010631,9.511111111111115,17.059671286642963
tai_jsp070,JSP,XG,42,completed,True,3696.0,152702.0,1.0684223986071846,0.0661883,0.6996962999692187,1,1000,50,20,1000,501+,Taillard,extension,1.0,1,0.0660057,0,F,../runs/JSP-tai_jsp070-F-42.json,1.412620638010631,9.511111111111115,17.059671286642963
tai_jsp070,JSP,XG,73,completed,True,3696.0,152702.0,1.0684223986071846,0.0717369,0.8474489999935031,1,1000,50,20,1000,501+,Taillard,extension,1.0,1,0.0715496,0,F,../runs/JSP-tai_jsp070-F-73.json,1.412620638010631,9.511111111111115,17.059671286642963
tai_jsp070,JSP,XH,19,completed,True,3392.0,130597.0,1.083599887893972,82.5587657,83.30113400006667,1000,1000,50,20,1000,501+,Taillard,extension,1.0,6,0.0711298,0,T,../runs/JSP-tai_jsp070-T-19.json,0.0121362452932261,0.5037037037036951,0.11422175886177666
tai_jsp070,JSP,XH,42,completed,True,3392.0,130448.0,1.0836619807363945,87.0319063,87.82021120004356,1000,1000,50,20,1000,501+,Taillard,extension,1.0,7,0.0713969,0,T,../runs/JSP-tai_jsp070-T-42.json,0.006406703662931168,0.5037037037036951,0.0
tai_jsp070,JSP,XH,73,completed,True,3392.0,131139.0,1.083378084436493,83.6876631,84.55932020000182,1000,1000,50,20,1000,501+,Taillard,extension,1.0,6,0.0705896,0,T,../runs/JSP-tai_jsp070-T-73.json,0.03260288997869454,0.5037037037036951,0.5297129890837748
tai_jsp070,JSP,XT,19,completed,True,3475.0,141939.0,1.0773047779579368,72.1515265,72.89587799995206,1000,1000,50,20,1000,501+,Taillard,extension,1.0,1,0.0703882,0,B,../runs/JSP-tai_jsp070-B-19.json,0.5930098699929665,2.9629629629629672,8.808874034097869
tai_jsp070,JSP,XT,42,completed,True,3475.0,141939.0,1.0773047779579368,72.7281291,73.48671690002084,1000,1000,50,20,1000,501+,Taillard,extension,1.0,1,0.0741641,0,B,../runs/JSP-tai_jsp070-B-42.json,0.5930098699929665,2.9629629629629672,8.808874034097869
tai_jsp070,JSP,XT,73,completed,True,3454.0,141939.0,1.0777353608432227,70.5915409,71.36734330002218,1000,1000,50,20,1000,501+,Taillard,extension,1.0,2,0.0683726,0,B,../runs/JSP-tai_jsp070-B-73.json,0.553278357143927,2.340740740740732,8.808874034097869
tai_jsp070,JSP,XE,19,completed,True,3694.0,152555.0,1.0685226479816963,13.1859085,13.900003300048411,1000,1000,50,20,1000,501+,Taillard,extension,1.0,1,0.0688139,0,G,../runs/JSP-tai_jsp070-G-19.json,1.403370248718283,9.451851851851846,16.94698270575248
tai_jsp070,JSP,XE,42,completed,True,3696.0,152687.0,1.0684284563667372,15.3880803,16.068029399961233,1000,1000,50,20,1000,501+,Taillard,extension,1.0,1,0.0676646,0,G,../runs/JSP-tai_jsp070-G-42.json,1.412061665604325,9.511111111111115,17.048172451858214
tai_jsp070,JSP,XE,73,completed,True,3694.0,152658.0,1.0684810497744903,13.5849014,14.359731400036253,1000,1000,50,20,1000,501+,Taillard,extension,1.0,1,0.0678966,0,G,../runs/JSP-tai_jsp070-G-73.json,1.407208672772231,9.451851851851846,17.025941371274378
tai_jsp070,JSP,XHT,19,completed,True,3386.0,130597.0,1.083731412196476,92.6580659,93.41546000004746,1000,1000,50,20,1000,501+,Taillard,extension,1.0,7,0.0669825,0,T-B,../runs/JSP-tai_jsp070-T-B-19.json,0.0,0.3259259259259295,0.11422175886177666
tai_jsp070,JSP,XHT,42,completed,True,3375.0,131454.0,1.083606173388451,91.4203839,92.13383309997153,1000,1000,50,20,1000,501+,Taillard,extension,1.0,4,0.0692779,0,T-B,../runs/JSP-tai_jsp070-T-B-42.json,0.011556258923162144,0.0,0.7711885195633483
tai_jsp070,JSP,XHT,73,completed,True,3391.0,132170.0,1.0829880926838085,90.8263239,91.57362360006664,1000,1000,50,20,1000,501+,Taillard,extension,1.0,6,0.0676443,0,T-B,../runs/JSP-tai_jsp070-T-B-73.json,0.06858890535995643,0.4740740740740712,1.3200662332883528
tai_jsp070,JSP,XHE,19,completed,True,3392.0,130597.0,1.0836013174240735,54.3710758,55.148429800057784,1000,1000,50,20,1000,501+,Taillard,extension,1.0,9,0.0682026,0,T-G,../runs/JSP-tai_jsp070-T-G-19.json,0.012004337139115417,0.5037037037036951,0.11422175886177666
tai_jsp070,JSP,XHE,42,completed,True,3412.0,131454.0,1.0828352423344343,56.340809899999996,57.1474823000608,1000,1000,50,20,1000,501+,Taillard,extension,1.0,6,0.0708013,0,T-G,../runs/JSP-tai_jsp070-T-G-42.json,0.0826929857302372,1.0962962962963063,0.7711885195633483
tai_jsp070,JSP,XHE,73,completed,True,3396.0,132170.0,1.0828825035567389,48.9203765,49.6959662999725,1000,1000,50,20,1000,501+,Taillard,extension,1.0,5,0.0738974,0,T-G,../runs/JSP-tai_jsp070-T-G-73.json,0.07833201383511401,0.6222222222222129,1.3200662332883528
tai_jsp070,JSP,XTE,19,completed,True,3475.0,141939.0,1.0773047779579368,42.1904519,42.98142229998484,1000,1000,50,20,1000,501+,Taillard,extension,1.0,1,0.0718686,0,B-G,../runs/JSP-tai_jsp070-B-G-19.json,0.5930098699929665,2.9629629629629672,8.808874034097869
tai_jsp070,JSP,XTE,42,completed,True,3474.0,141904.0,1.0773394964508922,48.1105575,48.74804640002549,1000,1000,50,20,1000,501+,Taillard,extension,1.0,1,0.0691998,0,B-G,../runs/JSP-tai_jsp070-B-G-42.json,0.5898062632169077,2.9333333333333433,8.78204341960014
tai_jsp070,JSP,XTE,73,completed,True,3474.0,141927.0,1.0773301684359053,50.1370186,50.94358209997881,1000,1000,50,20,1000,501+,Taillard,extension,1.0,1,0.0710264,0,B-G,../runs/JSP-tai_jsp070-B-G-73.json,0.5906669944720777,2.9333333333333433,8.799674966270077
tai_jsp070,JSP,XHTE,19,completed,True,3386.0,132588.0,1.0829217460718377,67.7848029,68.51839779992588,1000,1000,50,20,1000,501+,Taillard,extension,1.0,6,0.0685789,0,T-B-G,../runs/JSP-tai_jsp070-T-B-G-19.json,0.0747109584096517,0.3259259259259295,1.6405004292898262
tai_jsp070,JSP,XHTE,42,completed,True,3375.0,133335.0,1.082846240914452,58.3475288,59.1690434999764,1000,1000,50,20,1000,501+,Taillard,extension,1.0,7,0.0743405,0,T-B-G,../runs/JSP-tai_jsp070-T-B-G-42.json,0.08167810511555684,0.0,2.2131424015699785
tai_jsp070,JSP,XHTE,73,completed,True,3391.0,132170.0,1.082988094352683,59.0533229,59.83116100006737,1000,1000,50,20,1000,501+,Taillard,extension,1.0,5,0.0714745,0,T-B-G,../runs/JSP-tai_jsp070-T-B-G-73.json,0.06858875136658282,0.4740740740740712,1.3200662332883528
tai_jsp070,JSP,NSGA-II,19,completed,True,3605,156178,1.068875605769195,3.1459296999964863,3.9212007999885827,1000,1000,50,20,1000,501+,Taillard,extension,1.0,5,0.01845350000075996,0,NSGA-II,../runs/JSP-tai_jsp070-NSGA-II-19.json,1.3708014975012728,6.814814814814807,19.724334600760464
tai_jsp070,JSP,NSGA-II,42,completed,True,3545,154354,1.0708381281692574,3.127786500030197,3.8485335999866948,1000,1000,50,20,1000,501+,Taillard,extension,1.0,3,0.0176723999902606,0,NSGA-II,../runs/JSP-tai_jsp070-NSGA-II-42.json,1.189712126281084,5.03703703703704,18.326076290935855
tai_jsp070,JSP,NSGA-II,73,completed,True,3601,155401,1.0692705151140842,2.9772700999164954,3.69765180000104,1000,1000,50,20,1000,501+,Taillard,extension,1.0,5,0.015309799928218126,0,NSGA-II,../runs/JSP-tai_jsp070-NSGA-II-73.json,1.3343617172711597,6.696296296296289,19.12869495891083
tai_jsp070,JSP,SPEA2,19,completed,True,3556,155636,1.070096001351764,3.122360899928026,3.869495499995537,1000,1000,50,20,1000,501+,Taillard,extension,1.0,1,0.017590899951756,0,SPEA2,../runs/JSP-tai_jsp070-SPEA2-19.json,1.2581909771422262,5.362962962962969,19.30884337053844
tai_jsp070,JSP,SPEA2,42,completed,True,3602,156755,1.0687032357271933,3.0514047000324354,3.7801323001040146,1000,1000,50,20,1000,501+,Taillard,extension,1.0,8,0.017300899955444038,0,SPEA2,../runs/JSP-tai_jsp070-SPEA2-42.json,1.3867067338044659,6.725925925925935,20.166656445480193
tai_jsp070,JSP,SPEA2,73,completed,True,3596,157091,1.0686900302877704,3.129540399997495,3.8664750999305397,1000,1000,50,20,1000,501+,Taillard,extension,1.0,3,0.015387200051918626,0,SPEA2,../runs/JSP-tai_jsp070-SPEA2-73.json,1.3879252496908023,6.548148148148147,20.42423034465841
tai_jsp070,JSP,MOEA/D,19,completed,True,3624,157417,1.0679866545651837,3.2750173000385985,3.977540099993348,1000,1000,50,20,1000,501+,Taillard,extension,1.0,4,0.013850999996066093,0,MOEA-D,../runs/JSP-tai_jsp070-MOEA-D-19.json,1.4528283903279426,7.377777777777772,20.674138353980133
tai_jsp070,JSP,MOEA/D,42,completed,True,3579,157514,1.0688662062290275,3.3160654000239447,3.9805545000126585,1000,1000,50,20,1000,501+,Taillard,extension,1.0,2,0.012995400000363588,0,MOEA-D,../runs/JSP-tai_jsp070-MOEA-D-42.json,1.3716688286556367,6.044444444444452,20.748497485588135
tai_jsp070,JSP,MOEA/D,73,completed,True,3526,155402,1.0708031508740408,3.2177162000443786,3.8621301000239328,1000,1000,50,20,1000,501+,Taillard,extension,1.0,2,0.012828800012357533,0,MOEA-D,../runs/JSP-tai_jsp070-MOEA-D-73.json,1.192939613721511,4.474074074074075,19.129461547896476
tai_jsp070,JSP,SMS-EMOA,19,completed,True,3616,157569,1.0680885099826378,3.1063399999402463,3.829400199931115,1000,1000,50,20,1000,501+,Taillard,extension,1.0,8,0.017793099978007376,0,SMS-EMOA,../runs/JSP-tai_jsp070-SMS-EMOA-19.json,1.4434298053734196,7.140740740740736,20.790659879798845
tai_jsp070,JSP,SMS-EMOA,42,completed,True,3603,157019,1.0685763167596536,3.27851960004773,4.120992299984209,1000,1000,50,20,1000,501+,Taillard,extension,1.0,4,0.019186099991202354,0,SMS-EMOA,../runs/JSP-tai_jsp070-SMS-EMOA-42.json,1.3984180274064895,6.755555555555559,20.36903593769164
tai_jsp070,JSP,SMS-EMOA,73,completed,True,3616,156020,1.0687141792250805,3.1272622999968007,3.8483608999522403,1000,1000,50,20,1000,501+,Taillard,extension,1.0,5,0.015247999923303723,0,SMS-EMOA,../runs/JSP-tai_jsp070-SMS-EMOA-73.json,1.3856969358264748,7.140740740740736,19.603213541027852
tai_jsp079,JSP,XG,19,completed,True,6261.0,472845.0,1.0917687808397225,0.1788268,0.9708636999130249,1,1000,100,20,2000,501+,Taillard,extension,1.0,1,0.1784647,0,F,../runs/JSP-tai_jsp079-F-19.json,1.072928190246103,8.359293873312556,15.84880327913034
tai_jsp079,JSP,XG,42,completed,True,6261.0,472845.0,1.0917687808397225,0.189874,0.9969333000481129,1,1000,100,20,2000,501+,Taillard,extension,1.0,1,0.1894445,0,F,../runs/JSP-tai_jsp079-F-42.json,1.072928190246103,8.359293873312556,15.84880327913034
tai_jsp079,JSP,XG,73,completed,True,6261.0,472845.0,1.0917687808397225,0.1773939,0.9122917000204325,1,1000,100,20,2000,501+,Taillard,extension,1.0,1,0.1770103,0,F,../runs/JSP-tai_jsp079-F-73.json,1.072928190246103,8.359293873312556,15.84880327913034
tai_jsp079,JSP,XH,19,completed,True,5805.0,409440.0,1.1031984384017182,210.9477893,211.90694540005643,1000,1000,100,20,2000,501+,Taillard,extension,1.0,10,0.1841448,0,T,../runs/JSP-tai_jsp079-T-19.json,0.03726700058763743,0.4672897196261738,0.3143398251163054
tai_jsp079,JSP,XH,42,timeout,False,,,,,240.38795180001762,,1000,100,20,2000,501+,Taillard,extension,1.0,,,,T,../runs/JSP-tai_jsp079-T-42.json,,,
tai_jsp079,JSP,XH,73,timeout,False,,,,,240.42738709994592,,1000,100,20,2000,501+,Taillard,extension,1.0,,,,T,../runs/JSP-tai_jsp079-T-73.json,,,
tai_jsp079,JSP,XT,19,completed,True,6027.0,457274.0,1.0958601945268327,206.3245212,207.11576249997597,1000,1000,100,20,2000,501+,Taillard,extension,1.0,8,0.1708549,0,B,../runs/JSP-tai_jsp079-B-19.json,0.7021980661287452,4.309449636552443,12.033849719593203
tai_jsp079,JSP,XT,42,completed,True,6027.0,457274.0,1.0958601945268327,197.5505479,198.29793669993524,1000,1000,100,20,2000,501+,Taillard,extension,1.0,8,0.1718968,0,B,../runs/JSP-tai_jsp079-B-42.json,0.7021980661287452,4.309449636552443,12.033849719593203
tai_jsp079,JSP,XT,73,completed,True,6027.0,457274.0,1.0958601945268327,191.2168259,192.09916679991875,1000,1000,100,20,2000,501+,Taillard,extension,1.0,8,0.1960761,0,B,../runs/JSP-tai_jsp079-B-73.json,0.7021980661287452,4.309449636552443,12.033849719593203
tai_jsp079,JSP,XE,19,completed,True,6261.0,472842.0,1.091769092839477,35.2076861,35.875823199981824,1000,1000,100,20,2000,501+,Taillard,extension,1.0,1,0.1787734,0,G,../runs/JSP-tai_jsp079-G-19.json,1.0728999194046351,8.359293873312556,15.848068267847903
tai_jsp079,JSP,XE,42,completed,True,6261.0,472832.0,1.0917701328386586,34.1987027,35.01273409998976,1000,1000,100,20,2000,501+,Taillard,extension,1.0,1,0.1881401,0,G,../runs/JSP-tai_jsp079-G-42.json,1.0728056832664201,8.359293873312556,15.845618230239843
tai_jsp079,JSP,XE,73,completed,True,6261.0,472835.0,1.0917698208389042,34.1381391,35.05108350003138,1000,1000,100,20,2000,501+,Taillard,extension,1.0,1,0.1912912,0,G,../runs/JSP-tai_jsp079-G-73.json,1.072833954107888,8.359293873312556,15.846353241522259
tai_jsp079,JSP,XHT,19,completed,True,5805.0,409497.0,1.103191900836626,229.8220211,230.63120309996884,1000,1000,100,20,2000,501+,Taillard,extension,1.0,7,0.1857387,0,T-B,../runs/JSP-tai_jsp079-T-B-19.json,0.03785938075335782,0.4672897196261738,0.32830503948235723
tai_jsp079,JSP,XHT,42,completed,True,5801.0,416111.0,1.1025488323360038,210.6083025,211.4626142999623,1000,1000,100,20,2000,501+,Taillard,extension,1.0,6,0.2097357,0,T-B,../runs/JSP-tai_jsp079-T-B-42.json,0.09612893824219038,0.3980616130148773,1.9487599134646816
tai_jsp079,JSP,XHT,73,completed,True,5778.0,408157.0,1.1036097206427953,236.6612615,237.46199059998617,1000,1000,100,20,2000,501+,Taillard,extension,1.0,8,0.178159,0,T-B,../runs/JSP-tai_jsp079-T-B-73.json,0.0,0.0,0.0
tai_jsp079,JSP,XHE,19,completed,True,5805.0,409497.0,1.10319164188869,133.8984868,134.67032590007875,1000,1000,100,20,2000,501+,Taillard,extension,1.0,7,0.1825563,0,T-G,../runs/JSP-tai_jsp079-T-G-19.json,0.03788284447709955,0.4672897196261738,0.32830503948235723
tai_jsp079,JSP,XHE,42,completed,True,5831.0,419355.0,1.1018905548618858,134.3117114,135.11098700005095,1000,1000,100,20,2000,501+,Taillard,extension,1.0,5,0.1742932,0,T-G,../runs/JSP-tai_jsp079-T-G-42.json,0.15577660732347676,0.9172724125995124,2.7435521135249497
tai_jsp079,JSP,XHE,73,completed,True,5778.0,408157.0,1.1036093228745487,142.7526771,143.54660319990944,1000,1000,100,20,2000,501+,Taillard,extension,1.0,7,0.1894989,0,T-G,../runs/JSP-tai_jsp079-T-G-73.json,3.604247399424665e-05,0.0,0.0
tai_jsp079,JSP,XTE,19,completed,True,6027.0,461683.0,1.0954009834838327,108.6661821,109.508227000013,1000,1000,100,20,2000,501+,Taillard,extension,1.0,6,0.1821296,0,B-G,../runs/JSP-tai_jsp079-B-G-19.json,0.7438079789820362,4.309449636552443,13.114071300994468
tai_jsp079,JSP,XTE,42,completed,True,6027.0,461683.0,1.095400991678534,123.1462487,123.87608790001832,1000,1000,100,20,2000,501+,Taillard,extension,1.0,7,0.1687591,0,B-G,../runs/JSP-tai_jsp079-B-G-42.json,0.7438072364458703,4.309449636552443,13.114071300994468
tai_jsp079,JSP,XTE,73,completed,True,6026.0,461683.0,1.09541154559119,126.8012039,127.65898349997588,1000,1000,100,20,2000,501+,Taillard,extension,1.0,8,0.1745064,0,B-G,../runs/JSP-tai_jsp079-B-G-73.json,0.7428509280282825,4.29214260989963,13.114071300994468
tai_jsp079,JSP,XHTE,19,completed,True,5805.0,415553.0,1.1025614491804088,154.1531166,155.03278360003605,1000,1000,100,20,2000,501+,Taillard,extension,1.0,6,0.1981413,0,T-B-G,../runs/JSP-tai_jsp079-T-B-G-19.json,0.09498570398382977,0.4672897196261738,1.8120478149339592
tai_jsp079,JSP,XHTE,42,completed,True,5831.0,429489.0,1.1008337777385055,148.687402,149.49411560001317,1000,1000,100,20,2000,501+,Taillard,extension,1.0,3,0.1868926,0,T-B-G,../runs/JSP-tai_jsp079-T-B-G-42.json,0.2515330240723923,0.9172724125995124,5.2264202255504655
tai_jsp079,JSP,XHTE,73,completed,True,5840.0,442665.0,1.0993630323280106,166.4497757,167.27833969995845,1000,1000,100,20,2000,501+,Taillard,extension,1.0,4,0.1868988,0,T-B-G,../runs/JSP-tai_jsp079-T-B-G-73.json,0.3847998287212606,1.0730356524748963,8.454589777953082
tai_jsp079,JSP,NSGA-II,19,completed,True,5783,526266,1.091231464883689,11.372220299905166,12.083381699980237,1000,1000,100,20,2000,501+,Taillard,extension,1.0,5,0.030935199931263924,0,NSGA-II,../runs/JSP-tai_jsp079-NSGA-II-19.json,1.1216153253793992,0.08653513326410955,28.937149185239996
tai_jsp079,JSP,NSGA-II,42,completed,True,5833,521535,1.091200843134146,10.224590199999511,11.021067299996503,1000,1000,100,20,2000,501+,Taillard,extension,1.0,4,0.03457949997391552,0,NSGA-II,../runs/JSP-tai_jsp079-NSGA-II-42.json,1.1243900154686681,0.9518864659051607,27.77803639285863
tai_jsp079,JSP,NSGA-II,73,completed,True,5837,526480,1.090642236788006,9.931789799942635,10.71076159994118,1000,1000,100,20,2000,501+,Taillard,extension,1.0,5,0.0332156999502331,0,NSGA-II,../runs/JSP-tai_jsp079-NSGA-II-73.json,1.1750063099513541,1.021114572516435,28.98957999005285
tai_jsp079,JSP,SPEA2,19,completed,True,5822,523609,1.0910995757088198,11.5160681999987,12.263606799999252,1000,1000,100,20,2000,501+,Taillard,extension,1.0,5,0.029252200038172305,0,SPEA2,../runs/JSP-tai_jsp079-SPEA2-19.json,1.1335660333518072,0.7615091727241285,28.28617419277386
tai_jsp079,JSP,SPEA2,42,completed,True,5795,525735,1.091161430435303,11.17513400001917,11.80604520009365,1000,1000,100,20,2000,501+,Taillard,extension,1.0,4,0.029453099938109517,0,SPEA2,../runs/JSP-tai_jsp079-SPEA2-42.json,1.1279612687936313,0.2942194530979547,28.80705218825108
tai_jsp079,JSP,SPEA2,73,completed,True,5814,527168,1.0908121795192867,10.967501899925992,11.661479000002146,1000,1000,100,20,2000,501+,Taillard,extension,1.0,5,0.030934799928218126,0,SPEA2,../runs/JSP-tai_jsp079-SPEA2-73.json,1.159607502918214,0.6230529595015577,29.158142577488565
tai_jsp079,JSP,MOEA/D,19,completed,True,5871,528277,1.090098162820569,11.50773479999043,12.389803600031883,1000,1000,100,20,2000,501+,Taillard,extension,1.0,5,0.02928499993868172,0,MOEA-D,../runs/JSP-tai_jsp079-MOEA-D-19.json,1.2243058002747942,1.6095534787123666,29.429851748224344
tai_jsp079,JSP,MOEA/D,42,completed,True,5831,529574,1.0903819931912502,11.048779799952172,11.796473400085233,1000,1000,100,20,2000,501+,Taillard,extension,1.0,6,0.02678449999075383,0,MOEA-D,../runs/JSP-tai_jsp079-MOEA-D-42.json,1.198587435768561,0.9172724125995124,29.74762162599196
tai_jsp079,JSP,MOEA/D,73,completed,True,5809,531877,1.090373020688148,10.713398799998686,11.498439899994992,1000,1000,100,20,2000,501+,Taillard,extension,1.0,4,0.03249270003288984,0,MOEA-D,../runs/JSP-tai_jsp079-MOEA-D-73.json,1.199400449910648,0.5365178262374481,30.311865287132168
tai_jsp079,JSP,SMS-EMOA,19,completed,True,5841,525825,1.0906689165773842,10.686403699917719,11.44604349997826,1000,1000,100,20,2000,501+,Taillard,extension,1.0,6,0.03385020000860095,0,SMS-EMOA,../runs/JSP-tai_jsp079-SMS-EMOA-19.json,1.172588807742081,1.0903426791277315,28.829102526723794
tai_jsp079,JSP,SMS-EMOA,42,completed,True,5847,523846,1.0908126249875112,9.931766099995002,10.689357199938968,1000,1000,100,20,2000,501+,Taillard,extension,1.0,5,0.03271349996794015,0,SMS-EMOA,../runs/JSP-tai_jsp079-SMS-EMOA-42.json,1.1595671382660933,1.1941848390446541,28.344240084085293
tai_jsp079,JSP,SMS-EMOA,73,completed,True,5871,529465,1.089974055196206,10.148877099971287,11.035510000074282,1000,1000,100,20,2000,501+,Taillard,extension,1.0,9,0.03746550006326288,0,SMS-EMOA,../runs/JSP-tai_jsp079-SMS-EMOA-73.json,1.2355514083952746,1.6095534787123666,29.72091621606392
tai_jsp080,JSP,XG,19,completed,True,6048.0,459503.0,1.091899823618882,0.1776801,0.8956449000397697,1,1000,100,20,2000,501+,Taillard,extension,1.0,1,0.1772871,0,F,../runs/JSP-tai_jsp080-F-19.json,1.1283133265612921,10.123816460305889,14.868283561568507
tai_jsp080,JSP,XG,42,completed,True,6048.0,459503.0,1.091899823618882,0.1803226,0.9341295999474823,1,1000,100,20,2000,501+,Taillard,extension,1.0,1,0.1799056,0,F,../runs/JSP-tai_jsp080-F-42.json,1.1283133265612921,10.123816460305889,14.868283561568507
tai_jsp080,JSP,XG,73,completed,True,6048.0,459503.0,1.091899823618882,0.186504,0.9709112999262288,1,1000,100,20,2000,501+,Taillard,extension,1.0,1,0.186123,0,F,../runs/JSP-tai_jsp080-F-73.json,1.1283133265612921,10.123816460305889,14.868283561568507
tai_jsp080,JSP,XH,19,completed,True,5495.0,408719.0,1.1033914089334749,224.2427556,225.03930790000595,1000,1000,100,20,2000,501+,Taillard,extension,1.0,7,0.1865617,0,T,../runs/JSP-tai_jsp080-T-19.json,0.08774861720926008,0.05462490895848937,2.1731087479313738
tai_jsp080,JSP,XH,42,completed,True,5492.0,400026.0,1.1043604699748835,227.5393807,228.2807560999645,1000,1000,100,20,2000,501+,Taillard,extension,1.0,6,0.1729644,0,T,../runs/JSP-tai_jsp080-T-42.json,0.0,0.0,0.0
tai_jsp080,JSP,XH,73,timeout,False,,,,,240.45867149997503,,1000,100,20,2000,501+,Taillard,extension,1.0,,,,T,../runs/JSP-tai_jsp080-T-73.json,,,
tai_jsp080,JSP,XT,19,completed,True,5815.0,441843.0,1.0963344942284148,187.2569034,188.07781749998685,1000,1000,100,20,2000,501+,Taillard,extension,1.0,6,0.1728324,0,B,../runs/JSP-tai_jsp080-B-19.json,0.7267532626055728,5.88128186453023,10.453570517916333
tai_jsp080,JSP,XT,42,completed,True,5809.0,441843.0,1.0963999947008602,190.1375597,191.02210459997877,1000,1000,100,20,2000,501+,Taillard,extension,1.0,4,0.1713958,0,B,../runs/JSP-tai_jsp080-B-42.json,0.7208221853688968,5.772032046613251,10.453570517916333
tai_jsp080,JSP,XT,73,completed,True,5766.0,442833.0,1.0967623877594026,208.7545506,209.57781909999903,1000,1000,100,20,2000,501+,Taillard,extension,1.0,7,0.1718161,0,B,../runs/JSP-tai_jsp080-B-73.json,0.6880074415968274,4.989075018208311,10.701054431461966
tai_jsp080,JSP,XE,19,completed,True,6048.0,459326.0,1.091918813802376,34.0769059,34.8815665000584,1000,1000,100,20,2000,501+,Taillard,extension,1.0,1,0.1969116,0,G,../runs/JSP-tai_jsp080-G-19.json,1.1265937627041533,10.123816460305889,14.824036437631548
tai_jsp080,JSP,XE,42,completed,True,6046.0,459420.0,1.0919304974175967,33.7005729,34.61237429990433,1000,1000,100,20,2000,501+,Taillard,extension,1.0,1,0.1920501,0,G,../runs/JSP-tai_jsp080-G-42.json,1.125535809659084,10.08739985433358,14.84753491023083
tai_jsp080,JSP,XE,73,completed,True,6048.0,459503.0,1.091899823618882,32.9078039,33.70755559997633,1000,1000,100,20,2000,501+,Taillard,extension,1.0,1,0.1837354,0,G,../runs/JSP-tai_jsp080-G-73.json,1.1283133265612921,10.123816460305889,14.868283561568507
tai_jsp080,JSP,XHT,19,timeout,False,,,,,240.4518285000231,,1000,100,20,2000,501+,Taillard,extension,1.0,,,,T-B,../runs/JSP-tai_jsp080-T-B-19.json,,,
tai_jsp080,JSP,XHT,42,completed,True,5492.0,400026.0,1.1043603905807229,238.4042244,239.25760999997146,1000,1000,100,20,2000,501+,Taillard,extension,1.0,7,0.2012339,0,T-B,../runs/JSP-tai_jsp080-T-B-42.json,7.189152706477131e-06,0.0,0.0
tai_jsp080,JSP,XHT,73,completed,True,5503.0,404790.0,1.1037250674439125,238.8422857,239.73275159997866,1000,1000,100,20,2000,501+,Taillard,extension,1.0,9,0.1780889,0,T-B,../runs/JSP-tai_jsp080-T-B-73.json,0.05753579091665184,0.20029133284777956,1.19092259003164
tai_jsp080,JSP,XHE,19,completed,True,5495.0,412512.0,1.1029829425190976,133.6379287,134.4394830999663,1000,1000,100,20,2000,501+,Taillard,extension,1.0,8,0.1799376,0,T-G,../runs/JSP-tai_jsp080-T-G-19.json,0.12473531000409821,0.05462490895848937,3.1212971156874714
tai_jsp080,JSP,XHE,42,completed,True,5492.0,400026.0,1.1043603852718078,126.3621824,127.25595650007017,1000,1000,100,20,2000,501+,Taillard,extension,1.0,6,0.1947398,0,T-G,../runs/JSP-tai_jsp080-T-G-42.json,7.669875734528375e-06,0.0,0.0
tai_jsp080,JSP,XHE,73,completed,True,5503.0,404790.0,1.1037250677840083,140.5055079,141.38671370001975,1000,1000,100,20,2000,501+,Taillard,extension,1.0,9,0.1819816,0,T-G,../runs/JSP-tai_jsp080-T-G-73.json,0.057535760120941415,0.20029133284777956,1.19092259003164
tai_jsp080,JSP,XTE,19,completed,True,5815.0,442627.0,1.0962502111122296,137.3748889,138.19579170004,1000,1000,100,20,2000,501+,Taillard,extension,1.0,5,0.1767561,0,B-G,../runs/JSP-tai_jsp080-B-G-19.json,0.7343851109446464,5.88128186453023,10.64955777874439
tai_jsp080,JSP,XTE,42,completed,True,5815.0,444001.0,1.0961027575886393,116.8987635,117.71015159995295,1000,1000,100,20,2000,501+,Taillard,extension,1.0,4,0.1812465,0,B-G,../runs/JSP-tai_jsp080-B-G-42.json,0.7477370487945834,5.88128186453023,10.993035452695565
tai_jsp080,JSP,XTE,73,completed,True,5766.0,443128.0,1.0967304954305825,109.8115202,110.77502489998005,1000,1000,100,20,2000,501+,Taillard,extension,1.0,5,0.2054141,0,B-G,../runs/JSP-tai_jsp080-B-G-73.json,0.6908952965759885,4.989075018208311,10.774799638023524
tai_jsp080,JSP,XHTE,19,completed,True,5495.0,412512.0,1.1029826262632663,153.3461325,154.17580910003744,1000,1000,100,20,2000,501+,Taillard,extension,1.0,8,0.1915624,0,T-B-G,../runs/JSP-tai_jsp080-T-B-G-19.json,0.12476394701528282,0.05462490895848937,3.1212971156874714
tai_jsp080,JSP,XHTE,42,completed,True,5492.0,403086.0,1.104027093342058,169.2900699,170.16451470006723,1000,1000,100,20,2000,501+,Taillard,extension,1.0,6,0.1915351,0,T-B-G,../runs/JSP-tai_jsp080-T-B-G-42.json,0.03018730223411925,0.0,0.7649502782319129
tai_jsp080,JSP,XHTE,73,completed,True,5503.0,404848.0,1.1037186244032828,158.284232,159.13590999995358,1000,1000,100,20,2000,501+,Taillard,extension,1.0,7,0.1801083,0,T-B-G,../runs/JSP-tai_jsp080-T-B-G-73.json,0.058119209175899744,0.20029133284777956,1.205421647592897
tai_jsp080,JSP,NSGA-II,19,completed,True,5705,513544,1.089814721732928,10.62562530010473,11.373617699951865,1000,1000,100,20,2000,501+,Taillard,extension,1.0,4,0.03523670008871704,0,NSGA-II,../runs/JSP-tai_jsp080-NSGA-II-19.json,1.3171196033742838,3.8783685360524345,28.37765545239559
tai_jsp080,JSP,NSGA-II,42,completed,True,5694,512825,1.0900113412824997,11.087269700015895,12.599034899962135,1000,1000,100,20,2000,501+,Taillard,extension,1.0,9,0.03229180001653731,0,NSGA-II,../runs/JSP-tai_jsp080-NSGA-II-42.json,1.2993156747733048,3.678077203204655,28.1979171353862
tai_jsp080,JSP,NSGA-II,73,completed,True,5697,511670,1.0901036792587417,10.103146699955687,10.844123300048523,1000,1000,100,20,2000,501+,Taillard,extension,1.0,1,0.030945600010454655,0,NSGA-II,../runs/JSP-tai_jsp080-NSGA-II-73.json,1.2909544576931498,3.7327021121631443,27.909185902916313
tai_jsp080,JSP,SPEA2,19,completed,True,5729,514252,1.0894790964777112,10.156352600082755,10.9352879000362,1000,1000,100,20,2000,501+,Taillard,extension,1.0,2,0.03300550009589642,0,SPEA2,../runs/JSP-tai_jsp080-SPEA2-19.json,1.3475105186905756,4.315367807720327,28.554643948143376
tai_jsp080,JSP,SPEA2,42,completed,True,5695,514006,1.0898735774550636,11.337744200020097,12.063226799946278,1000,1000,100,20,2000,501+,Taillard,extension,1.0,6,0.030089500010944903,0,SPEA2,../runs/JSP-tai_jsp080-SPEA2-42.json,1.3117902092375067,3.696285506190833,28.493147945383555
tai_jsp080,JSP,SPEA2,73,completed,True,5715,517444,1.089287023101461,10.638219400076196,11.381875499966554,1000,1000,100,20,2000,501+,Taillard,extension,1.0,4,0.030875000054948032,0,SPEA2,../runs/JSP-tai_jsp080-SPEA2-73.json,1.3649027906409206,4.060451565914058,29.352592081514707
tai_jsp080,JSP,MOEA/D,19,completed,True,5702,521923,1.088945564276223,11.167323100031354,11.835629500099458,1000,1000,100,20,2000,501+,Taillard,extension,1.0,6,0.026460600085556507,0,MOEA-D,../runs/JSP-tai_jsp080-MOEA-D-19.json,1.3958219365648894,3.823743627093945,30.472269302495334
tai_jsp080,JSP,MOEA/D,42,completed,True,5750,511910,1.0895036195639713,11.424249000032432,12.108823299990036,1000,1000,100,20,2000,501+,Taillard,extension,1.0,6,0.02543500007595867,0,MOEA-D,../runs/JSP-tai_jsp080-MOEA-D-42.json,1.3452899496891657,4.697742170429708,27.969182003169802
tai_jsp080,JSP,MOEA/D,73,completed,True,5632,518202,1.0901036860923121,10.847501199925318,11.615480700042099,1000,1000,100,20,2000,501+,Taillard,extension,1.0,3,0.028331600013189018,0,MOEA-D,../runs/JSP-tai_jsp080-MOEA-D-73.json,1.2909538389123565,2.549162418062645,29.542079764815288
tai_jsp080,JSP,SMS-EMOA,19,completed,True,5687,517493,1.0895848288323813,11.727277699974366,12.466805699979886,1000,1000,100,20,2000,501+,Taillard,extension,1.0,4,0.03129870002157986,0,SMS-EMOA,../runs/JSP-tai_jsp080-SMS-EMOA-19.json,1.3379364387099302,3.5506190823015205,29.364841285316444
tai_jsp080,JSP,SMS-EMOA,42,completed,True,5743,516617,1.0890730643501612,10.122511300025508,10.815439600031823,1000,1000,100,20,2000,501+,Taillard,extension,1.0,5,0.032825500005856156,0,SMS-EMOA,../runs/JSP-tai_jsp080-SMS-EMOA-42.json,1.3842767864617578,4.570284049526574,29.14585551939124
tai_jsp080,JSP,SMS-EMOA,73,completed,True,5702,517457,1.0894263232311474,10.170439600013196,10.909332999959588,1000,1000,100,20,2000,501+,Taillard,extension,1.0,3,0.03322480001952499,0,SMS-EMOA,../runs/JSP-tai_jsp080-SMS-EMOA-73.json,1.352289143786145,3.823743627093945,29.355841870278443
ta001,PFSP,XG,19,completed,True,1386.0,16158.0,0.7838425160400311,0.0101121,0.6699794000014663,1,1000,20,5,100,1-150,Taillard,legacy,1.0,1,0.0100875,0,F,../runs/PFSP-ta001-F-19.json,3.875999842534217,8.450704225352123,12.076021363667898
ta001,PFSP,XG,42,completed,True,1386.0,16158.0,0.7838425160400311,0.0108282,0.7460163000505418,1,1000,20,5,100,1-150,Taillard,legacy,1.0,1,0.0108032,0,F,../runs/PFSP-ta001-F-42.json,3.875999842534217,8.450704225352123,12.076021363667898
ta001,PFSP,XG,73,completed,True,1386.0,16158.0,0.7838425160400311,0.0101616,0.6678657000884414,1,1000,20,5,100,1-150,Taillard,legacy,1.0,1,0.0101349,0,F,../runs/PFSP-ta001-F-73.json,3.875999842534217,8.450704225352123,12.076021363667898
ta001,PFSP,XH,19,completed,True,1329.0,15922.0,0.7962042184489384,9.8332048,10.603579599992372,1000,1000,20,5,100,1-150,Taillard,legacy,1.0,2,0.013186,0,T,../runs/PFSP-ta001-T-19.json,2.3600623168391066,3.9906103286384997,10.43906499271694
ta001,PFSP,XH,42,completed,True,1329.0,15917.0,0.7962448469422516,10.1430445,10.933393300045282,1000,1000,20,5,100,1-150,Taillard,legacy,1.0,2,0.0107139,0,T,../runs/PFSP-ta001-T-42.json,2.3550799725317817,3.9906103286384997,10.404383713671361
ta001,PFSP,XH,73,completed,True,1329.0,15884.0,0.7965141398605357,9.3643166,10.152671899995767,1000,1000,20,5,100,1-150,Taillard,legacy,1.0,2,0.0111652,0,T,../runs/PFSP-ta001-T-73.json,2.3220561035914855,3.9906103286384997,10.175487271970596
ta001,PFSP,XT,19,completed,True,1297.0,15182.0,0.8081668896072819,10.0352993,10.769473299966194,1000,1000,20,5,100,1-150,Taillard,legacy,1.0,1,0.0104749,0,B,../runs/PFSP-ta001-B-19.json,0.8930587022385472,1.4866979655712154,5.306235693972394
ta001,PFSP,XT,42,completed,True,1301.0,15197.0,0.807286796395898,8.9422724,9.778707299963571,1000,1000,20,5,100,1-150,Taillard,legacy,1.0,3,0.0109309,0,B,../runs/PFSP-ta001-B-42.json,1.0009860961454842,1.7996870109546093,5.410279531109108
ta001,PFSP,XT,73,completed,True,1297.0,15330.0,0.8069455823920765,9.3753874,10.11570429999847,1000,1000,20,5,100,1-150,Taillard,legacy,1.0,2,0.0104687,0,B,../runs/PFSP-ta001-B-73.json,1.0428297755656346,1.4866979655712154,6.332801553721312
ta001,PFSP,XE,19,completed,True,1278.0,14726.0,0.8154493308185026,9.4672705,10.153977999929339,1000,1000,20,5,100,1-150,Taillard,legacy,1.0,1,0.010419,0,G,../runs/PFSP-ta001-G-19.json,0.0,0.0,2.1433030450163093
ta001,PFSP,XE,42,completed,True,1297.0,14644.0,0.812594666470132,9.8161676,10.58432929997798,1000,1000,20,5,100,1-150,Taillard,legacy,1.0,3,0.0105975,0,G,../runs/PFSP-ta001-G-42.json,0.3500725600578014,1.4866979655712154,1.5745300686689223
ta001,PFSP,XE,73,completed,True,1297.0,14631.0,0.8126958792748609,9.1396404,9.861794299911708,1000,1000,20,5,100,1-150,Taillard,legacy,1.0,4,0.0107252,0,G,../runs/PFSP-ta001-G-73.json,0.33766065401978906,1.4866979655712154,1.484358743150449
ta001,PFSP,XHT,19,completed,True,1297.0,14960.0,0.809989027774174,9.4402448,10.12352959997952,1000,1000,20,5,100,1-150,Taillard,legacy,1.0,3,0.010161,0,T-B,../runs/PFSP-ta001-T-B-19.json,0.6696066619918395,1.4866979655712154,3.7663869043490283
ta001,PFSP,XHT,42,completed,True,1297.0,14989.0,0.8097555008850278,9.7761498,10.532842300017364,1000,1000,20,5,100,1-150,Taillard,legacy,1.0,1,0.0112869,0,T-B,../runs/PFSP-ta001-T-B-42.json,0.6982444792443032,1.4866979655712154,3.9675383228133354
ta001,PFSP,XHT,73,completed,True,1297.0,14973.0,0.8098822733081091,9.2289661,9.984727300005034,1000,1000,20,5,100,1-150,Taillard,legacy,1.0,3,0.0108691,0,T-B,../runs/PFSP-ta001-T-B-73.json,0.6826981518036845,1.4866979655712154,3.856558229867524
ta001,PFSP,XHE,19,completed,True,1297.0,14923.0,0.8102755335482538,9.265646,9.928503699949943,1000,1000,20,5,100,1-150,Taillard,legacy,1.0,3,0.010352,0,T-G,../runs/PFSP-ta001-T-G-19.json,0.6344719499684515,1.4866979655712154,3.5097454394118044
ta001,PFSP,XHE,42,completed,True,1297.0,14990.0,0.8097357326134662,9.7194028,10.442170799942687,1000,1000,20,5,100,1-150,Taillard,legacy,1.0,5,0.0109296,0,T-G,../runs/PFSP-ta001-T-G-42.json,0.7006686975021936,1.4866979655712154,3.9744745786224556
ta001,PFSP,XHE,73,completed,True,1297.0,14963.0,0.8099679365086421,8.4468512,9.0755058999639,1000,1000,20,5,100,1-150,Taillard,legacy,1.0,4,0.00992,0,T-G,../runs/PFSP-ta001-T-G-73.json,0.6721931213504839,1.4866979655712154,3.7871956717763666
ta001,PFSP,XTE,19,completed,True,1297.0,14558.0,0.8133008390749379,9.1829351,9.88762339996174,1000,1000,20,5,100,1-150,Taillard,legacy,1.0,3,0.0111479,0,B-G,../runs/PFSP-ta001-B-G-19.json,0.26347335908757374,1.4866979655712154,0.9780120690850991
ta001,PFSP,XTE,42,completed,True,1297.0,15001.0,0.8096564107832633,9.1203178,9.796764299971983,1000,1000,20,5,100,1-150,Taillard,legacy,1.0,2,0.0100989,0,B-G,../runs/PFSP-ta001-B-G-42.json,0.7103960744470283,1.4866979655712154,4.050773392522711
ta001,PFSP,XTE,73,completed,True,1297.0,14611.0,0.8128645393516142,9.4535936,10.270488500013016,1000,1000,20,5,100,1-150,Taillard,legacy,1.0,2,0.0112687,0,B-G,../runs/PFSP-ta001-B-G-73.json,0.31697756920027187,1.4866979655712154,1.3456336269681568
ta001,PFSP,XHTE,19,completed,True,1297.0,14629.0,0.8126545674417925,9.4129925,10.019135599955916,1000,1000,20,5,100,1-150,Taillard,legacy,1.0,4,0.0101644,0,T-B-G,../runs/PFSP-ta001-T-B-G-19.json,0.3427267974951631,1.4866979655712154,1.4704862315322087
ta001,PFSP,XHTE,42,completed,True,1295.0,14466.0,0.8144319623894619,9.678481,10.533013099920936,1000,1000,20,5,100,1-150,Taillard,legacy,1.0,3,0.0120642,0,T-B-G,../runs/PFSP-ta001-T-B-G-42.json,0.12476169770345713,1.3302034428795073,0.3398765346465993
ta001,PFSP,XHTE,73,completed,True,1297.0,14614.0,0.8128421055089388,9.2665161,10.023081200080924,1000,1000,20,5,100,1-150,Taillard,legacy,1.0,2,0.0100956,0,T-B-G,../runs/PFSP-ta001-T-B-G-73.json,0.31972867117897597,1.4866979655712154,1.366442394395495
ta001,PFSP,NSGA-II,19,completed,True,1322,15197,0.803395550266258,0.13489330001175404,0.882175299921073,1000,1000,20,5,100,1-150,Taillard,legacy,1.0,4,0.004432299989275634,0,NSGA-II,../runs/PFSP-ta001-NSGA-II-19.json,1.478176521421104,3.4428794992175327,5.410279531109108
ta001,PFSP,NSGA-II,42,completed,True,1297,15152,0.8083994529666607,0.13155649998225272,0.8648365000262856,1000,1000,20,5,100,1-150,Taillard,legacy,1.0,3,0.006175499991513789,0,NSGA-II,../runs/PFSP-ta001-NSGA-II-42.json,0.8645390443530743,1.4866979655712154,5.098148019698967
ta001,PFSP,NSGA-II,73,completed,True,1318,14945,0.8062061490861685,0.13644609996117651,0.9111779999220744,1000,1000,20,5,100,1-150,Taillard,legacy,1.0,3,0.004847700009122491,0,NSGA-II,../runs/PFSP-ta001-NSGA-II-73.json,1.133507795396227,3.1298904538341166,3.6623430672123147
ta001,PFSP,SPEA2,19,completed,True,1298,15088,0.8087251535198363,0.15003540006000549,0.8382952000247315,1000,1000,20,5,100,1-150,Taillard,legacy,1.0,4,0.004063899978064001,0,SPEA2,../runs/PFSP-ta001-SPEA2-19.json,0.8245978069436721,1.5649452269170583,4.654227647915654
ta001,PFSP,SPEA2,42,completed,True,1297,15214,0.8078626940141661,0.15484339999966323,0.8688000000547618,1000,1000,20,5,100,1-150,Taillard,legacy,1.0,4,0.0039055999368429184,0,SPEA2,../runs/PFSP-ta001-SPEA2-42.json,0.9303627481944687,1.4866979655712154,5.52819587986404
ta001,PFSP,SPEA2,73,completed,True,1306,14991,0.8079988326545946,0.15315429994370788,0.8149373999331146,1000,1000,20,5,100,1-150,Taillard,legacy,1.0,9,0.003854600014165044,0,SPEA2,../runs/PFSP-ta001-SPEA2-73.json,0.9136678248824581,2.1909233176838905,3.9814108344315757
ta001,PFSP,MOEA/D,19,completed,True,1297,14501,0.8137723003852351,0.2781744999811053,1.0918597999261692,1000,1000,20,5,100,1-150,Taillard,legacy,1.0,1,0.004391200025565922,0,MOEA-D,../runs/PFSP-ta001-MOEA-D-19.json,0.20565722110338358,1.4866979655712154,0.5826454879656051
ta001,PFSP,MOEA/D,42,completed,True,1297,14777,0.8114944482269679,0.24950619996525347,0.9339912999421358,1000,1000,20,5,100,1-150,Taillard,legacy,1.0,3,0.004202799987979233,0,MOEA-D,../runs/PFSP-ta001-MOEA-D-42.json,0.4849942776413818,1.4866979655712154,2.4970520912811267
ta001,PFSP,MOEA/D,73,completed,True,1297,14417,0.8144510234072019,0.3333800999680534,1.0621399000519887,1000,1000,20,5,100,1-150,Taillard,legacy,1.0,3,0.005730899982154369,0,MOEA-D,../runs/PFSP-ta001-MOEA-D-73.json,0.12242421123807024,1.4866979655712154,0.0
ta001,PFSP,SMS-EMOA,19,completed,True,1297,14938,0.810119281482841,0.12304940004833043,0.7975501000182703,1000,1000,20,5,100,1-150,Taillard,legacy,1.0,3,0.004414900089614093,0,SMS-EMOA,../runs/PFSP-ta001-SMS-EMOA-19.json,0.6536334183157133,1.4866979655712154,3.613789276548518
ta001,PFSP,SMS-EMOA,42,completed,True,1307,15099,0.8069464133588272,0.13267319998703897,0.9130926999496296,1000,1000,20,5,100,1-150,Taillard,legacy,1.0,5,0.004581899964250624,0,SMS-EMOA,../runs/PFSP-ta001-SMS-EMOA-42.json,1.0427278726368727,2.2691705790297334,4.730526461815909
ta001,PFSP,SMS-EMOA,73,completed,True,1297,14717,0.8119304129650549,0.12324200000148267,0.800334700034,1000,1000,20,5,100,1-150,Taillard,legacy,1.0,8,0.004156799986958504,0,SMS-EMOA,../runs/PFSP-ta001-SMS-EMOA-73.json,0.43153114736332876,1.4866979655712154,2.0808767427342723
ta002,PFSP,XG,19,completed,True,1483.0,19109.0,0.7462589986760706,0.0115147,0.7538864999078214,1,1000,20,5,100,1-150,Taillard,legacy,1.0,1,0.0114909,0,F,../runs/PFSP-ta002-F-19.json,5.878986714062218,8.406432748538005,22.008683437619723
ta002,PFSP,XG,42,completed,True,1483.0,19109.0,0.7462589986760706,0.0107035,0.6660526999039575,1,1000,20,5,100,1-150,Taillard,legacy,1.0,1,0.0106784,0,F,../runs/PFSP-ta002-F-42.json,5.878986714062218,8.406432748538005,22.008683437619723
ta002,PFSP,XG,73,completed,True,1483.0,19109.0,0.7462589986760706,0.0112639,0.627737500006333,1,1000,20,5,100,1-150,Taillard,legacy,1.0,1,0.0112393,0,F,../runs/PFSP-ta002-F-73.json,5.878986714062218,8.406432748538005,22.008683437619723
ta002,PFSP,XH,19,completed,True,1432.0,17116.0,0.7710579865129866,9.6528788,10.353523100027815,1000,1000,20,5,100,1-150,Taillard,legacy,1.0,3,0.0111179,0,T,../runs/PFSP-ta002-T-19.json,2.7512443782014895,4.678362573099415,9.283616396373384
ta002,PFSP,XH,42,completed,True,1432.0,17652.0,0.7668093861506544,10.7894745,11.484742500004359,1000,1000,20,5,100,1-150,Taillard,legacy,1.0,1,0.0108576,0,T,../runs/PFSP-ta002-T-42.json,3.2870939583863,4.678362573099415,12.705912399438123
ta002,PFSP,XH,73,completed,True,1432.0,17087.0,0.7712894823162961,10.0047927,10.691463300026953,1000,1000,20,5,100,1-150,Taillard,legacy,1.0,2,0.0108718,0,T,../runs/PFSP-ta002-T-73.json,2.722047250103077,4.678362573099415,9.098454858894133
ta002,PFSP,XT,19,completed,True,1419.0,17896.0,0.767194982105617,9.38758,10.212804600014351,1000,1000,20,5,100,1-150,Taillard,legacy,1.0,1,0.0110458,0,B,../runs/PFSP-ta002-B-19.json,3.238461135111237,3.7280701754385914,14.263823266504927
ta002,PFSP,XT,42,completed,True,1420.0,17817.0,0.7676448907224781,9.7848094,10.442126699956134,1000,1000,20,5,100,1-150,Taillard,legacy,1.0,1,0.0108774,0,B,../runs/PFSP-ta002-B-42.json,3.1817169551681235,3.801169590643272,13.75941769888902
ta002,PFSP,XT,73,completed,True,1415.0,17765.0,0.7689517788747312,9.9146784,10.568097400013357,1000,1000,20,5,100,1-150,Taillard,legacy,1.0,2,0.0109014,0,B,../runs/PFSP-ta002-B-73.json,3.016887268210011,3.435672514619892,13.427403907546932
ta002,PFSP,XE,19,completed,True,1396.0,15770.0,0.7883088941217887,9.5883676,10.244702500058338,1000,1000,20,5,100,1-150,Taillard,legacy,1.0,2,0.0111552,0,G,../runs/PFSP-ta002-G-19.json,0.5754945284534907,2.0467836257309857,0.6895671050951346
ta002,PFSP,XE,42,completed,True,1368.0,15841.0,0.7928383976304388,9.6522212,10.361000000033528,1000,1000,20,5,100,1-150,Taillard,legacy,1.0,2,0.0117685,0,G,../runs/PFSP-ta002-G-42.json,0.004216378812826882,0.0,1.1428936278891522
ta002,PFSP,XE,73,completed,True,1383.0,15662.0,0.7915435261090874,8.8444807,9.697308100061491,1000,1000,20,5,100,1-150,Taillard,legacy,1.0,3,0.0120249,0,G,../runs/PFSP-ta002-G-73.json,0.1675304827377655,1.0964912280701844,0.0
ta002,PFSP,XHT,19,completed,True,1432.0,17033.0,0.7717092984269894,10.9816912,11.743565799901262,1000,1000,20,5,100,1-150,Taillard,legacy,1.0,5,0.011183,0,T-B,../runs/PFSP-ta002-T-B-19.json,2.6690984510905125,4.678362573099415,8.753671306346567
ta002,PFSP,XHT,42,completed,True,1412.0,17153.0,0.7743629467002806,10.7594648,11.611963900038972,1000,1000,20,5,100,1-150,Taillard,legacy,1.0,3,0.0119977,0,T-B,../runs/PFSP-ta002-T-B-42.json,2.3344102733536376,3.2163742690058506,9.5198569786745
ta002,PFSP,XHT,73,completed,True,1412.0,17110.0,0.7747040533785391,9.4338905,10.188016599975526,1000,1000,20,5,100,1-150,Taillard,legacy,1.0,3,0.0119189,0,T-B,../runs/PFSP-ta002-T-B-73.json,2.291388606273914,3.2163742690058506,9.245307112756995
ta002,PFSP,XHE,19,completed,True,1432.0,16444.0,0.7763924053914869,9.1987159,9.870342499925755,1000,1000,20,5,100,1-150,Taillard,legacy,1.0,2,0.0106919,0,T-G,../runs/PFSP-ta002-T-G-19.json,2.078447251430726,4.678362573099415,4.992976631336998
ta002,PFSP,XHE,42,completed,True,1412.0,16013.0,0.7834525855146467,10.5560265,11.253827799926512,1000,1000,20,5,100,1-150,Taillard,legacy,1.0,1,0.0105703,0,T-G,../runs/PFSP-ta002-T-G-42.json,1.187990575729747,3.2163742690058506,2.2410930915591987
ta002,PFSP,XHE,73,completed,True,1412.0,16222.0,0.7817868351980356,9.6392905,10.467717300052755,1000,1000,20,5,100,1-150,Taillard,legacy,1.0,1,0.012043,0,T-G,../runs/PFSP-ta002-T-G-73.json,1.3980813189689578,3.2163742690058506,3.575533137530318
ta002,PFSP,XTE,19,completed,True,1407.0,16011.0,0.7843786624370853,9.1148415,10.004755499889143,1000,1000,20,5,100,1-150,Taillard,legacy,1.0,2,0.0111955,0,B-G,../runs/PFSP-ta002-B-G-19.json,1.0711902443765853,2.8508771929824483,2.228323330353721
ta002,PFSP,XTE,42,completed,True,1410.0,16145.0,0.7827596093044867,10.0330015,10.77995379990898,1000,1000,20,5,100,1-150,Taillard,legacy,1.0,4,0.0116508,0,B-G,../runs/PFSP-ta002-B-G-42.json,1.2753913617825963,3.0701754385964897,3.0838973311199114
ta002,PFSP,XTE,73,completed,True,1400.0,16158.0,0.7844777864005061,9.890671,10.70158510003239,1000,1000,20,5,100,1-150,Taillard,legacy,1.0,2,0.011952,0,B-G,../runs/PFSP-ta002-B-G-73.json,1.0586883544233094,2.3391812865497075,3.166900778955428
ta002,PFSP,XHTE,19,completed,True,1412.0,16021.0,0.7833883469311683,9.446524,10.346798399928957,1000,1000,20,5,100,1-150,Taillard,legacy,1.0,3,0.0115237,0,T-B-G,../runs/PFSP-ta002-T-B-G-19.json,1.1960925893466867,3.2163742690058506,2.2921721363810432
ta002,PFSP,XHTE,42,completed,True,1413.0,16328.0,0.7807597682767761,9.4149197,10.1825657999143,1000,1000,20,5,100,1-150,Taillard,legacy,1.0,3,0.0136745,0,T-B-G,../runs/PFSP-ta002-T-B-G-42.json,1.527618891732463,3.289473684210531,4.252330481419997
ta002,PFSP,XHTE,73,completed,True,1412.0,16156.0,0.7823128542059654,9.1551581,9.891161200008355,1000,1000,20,5,100,1-150,Taillard,legacy,1.0,2,0.01182,0,T-B-G,../runs/PFSP-ta002-T-B-G-73.json,1.331737808040645,3.2163742690058506,3.1541310177499726
ta002,PFSP,NSGA-II,19,completed,True,1383,15972,0.7890519317874058,0.1259311999892816,0.8253557001007721,1000,1000,20,5,100,1-150,Taillard,legacy,1.0,3,0.005076099885627627,0,NSGA-II,../runs/PFSP-ta002-NSGA-II-19.json,0.48177980190202696,1.0964912280701844,1.9793129868471482
ta002,PFSP,NSGA-II,42,completed,True,1372,15838,0.7921250072596853,0.12826879997737706,0.9692116000223905,1000,1000,20,5,100,1-150,Taillard,legacy,1.0,4,0.0052417999831959605,0,NSGA-II,../runs/PFSP-ta002-NSGA-II-42.json,0.09419187617082381,0.29239766081872176,1.1237389860809577
ta002,PFSP,NSGA-II,73,completed,True,1387,16208,0.786425424736029,0.12763010000344366,0.7618900000816211,1000,1000,20,5,100,1-150,Taillard,legacy,1.0,4,0.0038974001072347164,0,NSGA-II,../runs/PFSP-ta002-NSGA-II-73.json,0.8130448258639622,1.388888888888884,3.486144809092062
ta002,PFSP,SPEA2,19,completed,True,1373,16248,0.7886319875210458,0.17416150006465614,0.9133470000233501,1000,1000,20,5,100,1-150,Taillard,legacy,1.0,4,0.004882900044322014,0,SPEA2,../runs/PFSP-ta002-SPEA2-19.json,0.5347447643929915,0.3654970760234022,3.7415400332013737
ta002,PFSP,SPEA2,42,completed,True,1371,15909,0.7917274161565627,0.14539709989912808,0.8234022000106052,1000,1000,20,5,100,1-150,Taillard,legacy,1.0,4,0.003938799956813455,0,SPEA2,../runs/PFSP-ta002-SPEA2-42.json,0.14433757299425753,0.21929824561404132,1.5770655088749752
ta002,PFSP,SPEA2,73,completed,True,1387,16342,0.7853604985566561,0.14882909995503724,0.7932048999937251,1000,1000,20,5,100,1-150,Taillard,legacy,1.0,4,0.0046357999090105295,0,SPEA2,../runs/PFSP-ta002-SPEA2-73.json,0.9473573517499112,1.388888888888884,4.341718809858253
ta002,PFSP,MOEA/D,19,completed,True,1373,15881,0.7916139609820074,0.28551089996472,1.0175894000567496,1000,1000,20,5,100,1-150,Taillard,legacy,1.0,1,0.004590099910274148,0,MOEA-D,../runs/PFSP-ta002-MOEA-D-19.json,0.15864696961207514,0.3654970760234022,1.3982888519984638
ta002,PFSP,MOEA/D,42,completed,True,1383,15870,0.7898779361722555,0.24710589996539056,0.9306272999383509,1000,1000,20,5,100,1-150,Taillard,legacy,1.0,3,0.005854999995790422,0,MOEA-D,../runs/PFSP-ta002-MOEA-D-42.json,0.37760099827136573,1.0964912280701844,1.3280551653684025
ta002,PFSP,MOEA/D,73,completed,True,1372,15747,0.7928718281102122,0.28889250010252,1.0300361999543384,1000,1000,20,5,100,1-150,Taillard,legacy,1.0,3,0.00603330007288605,0,MOEA-D,../runs/PFSP-ta002-MOEA-D-73.json,0.0,0.29239766081872176,0.5427148512322733
ta002,PFSP,SMS-EMOA,19,completed,True,1373,16222,0.7888299854332196,0.13450410007499158,0.8544951999792829,1000,1000,20,5,100,1-150,Taillard,legacy,1.0,6,0.00510140007827431,0,SMS-EMOA,../runs/PFSP-ta002-SMS-EMOA-19.json,0.5097725172839351,0.3654970760234022,3.575533137530318
ta002,PFSP,SMS-EMOA,42,completed,True,1381,16103,0.7883725760059406,0.12347270001191646,0.8087308999383822,1000,1000,20,5,100,1-150,Taillard,legacy,1.0,2,0.003527300083078444,0,SMS-EMOA,../runs/PFSP-ta002-SMS-EMOA-42.json,0.567462727865542,0.9502923976608235,2.815732345805144
ta002,PFSP,SMS-EMOA,73,completed,True,1383,16273,0.7866146802834656,0.15293280000332743,0.8754198999376968,1000,1000,20,5,100,1-150,Taillard,legacy,1.0,5,0.004766799975186586,0,SMS-EMOA,../runs/PFSP-ta002-SMS-EMOA-73.json,0.7891751989297369,1.0964912280701844,3.9011620482696907
ta003,PFSP,XG,19,completed,True,1277.0,16893.0,0.7540635373673285,0.0128411,0.7796007000142708,1,1000,20,5,100,1-150,Taillard,legacy,1.0,1,0.0128191,0,F,../runs/PFSP-ta003-F-19.json,6.9639612401189215,13.612099644128106,20.621206711888608
ta003,PFSP,XG,42,completed,True,1277.0,16893.0,0.7540635373673285,0.011497,0.7626717999810353,1,1000,20,5,100,1-150,Taillard,legacy,1.0,1,0.011469,0,F,../runs/PFSP-ta003-F-42.json,6.9639612401189215,13.612099644128106,20.621206711888608
ta003,PFSP,XG,73,completed,True,1277.0,16893.0,0.7540635373673285,0.0115188,0.6754356999881566,1,1000,20,5,100,1-150,Taillard,legacy,1.0,1,0.0114929,0,F,../runs/PFSP-ta003-F-73.json,6.9639612401189215,13.612099644128106,20.621206711888608
ta003,PFSP,XH,19,completed,True,1230.0,15956.0,0.7718912030896881,9.983256,10.727469700039364,1000,1000,20,5,100,1-150,Taillard,legacy,1.0,2,0.0117855,0,T,../runs/PFSP-ta003-T-19.json,4.764391420134784,9.430604982206404,13.930739021777928
ta003,PFSP,XH,42,completed,True,1230.0,15956.0,0.7718912030896881,9.9773576,10.729535499936901,1000,1000,20,5,100,1-150,Taillard,legacy,1.0,2,0.0142096,0,T,../runs/PFSP-ta003-T-42.json,4.764391420134784,9.430604982206404,13.930739021777928
ta003,PFSP,XH,73,completed,True,1250.0,15932.0,0.7680830306481295,10.8943974,11.582330900011584,1000,1000,20,5,100,1-150,Taillard,legacy,1.0,1,0.0113611,0,T,../runs/PFSP-ta003-T-73.json,5.234242117483323,11.209964412811392,13.759371652981066
ta003,PFSP,XT,19,completed,True,1226.0,15950.0,0.7727503669358121,9.2059858,9.92063949990552,1000,1000,20,5,100,1-150,Taillard,legacy,1.0,4,0.0118195,0,B,../runs/PFSP-ta003-B-19.json,4.658388149948611,9.074733096085419,13.887897179578722
ta003,PFSP,XT,42,completed,True,1204.0,15777.0,0.778754338684407,10.6333384,11.33115840004757,1000,1000,20,5,100,1-150,Taillard,legacy,1.0,1,0.0110651,0,B,../runs/PFSP-ta003-B-42.json,3.9176206673228076,7.117437722419928,12.652624062834693
ta003,PFSP,XT,73,completed,True,1218.0,15747.0,0.7762030896879545,10.5994687,11.346731300000101,1000,1000,20,5,100,1-150,Taillard,legacy,1.0,1,0.0113921,0,B,../runs/PFSP-ta003-B-73.json,4.2323926842124715,8.362989323843406,12.43841485183863
ta003,PFSP,XE,19,completed,True,1132.0,14156.0,0.8082770792734613,9.4299612,10.117571400012821,1000,1000,20,5,100,1-150,Taillard,legacy,1.0,2,0.0108293,0,G,../runs/PFSP-ta003-G-19.json,0.27511748074694475,0.7117437722419906,1.0781863620135557
ta003,PFSP,XE,42,completed,True,1132.0,14500.0,0.8050900699211663,10.0708332,10.878227600012906,1000,1000,20,5,100,1-150,Taillard,legacy,1.0,8,0.0129352,0,G,../runs/PFSP-ta003-G-42.json,0.6683293401393509,0.7117437722419906,3.534451981435205
ta003,PFSP,XE,73,completed,True,1132.0,14159.0,0.8081452146265035,8.9433475,9.617068499908783,1000,1000,20,5,100,1-150,Taillard,legacy,1.0,8,0.0112429,0,G,../runs/PFSP-ta003-G-73.json,0.29138688484551256,0.7117437722419906,1.0996072831131798
ta003,PFSP,XHT,19,completed,True,1230.0,15746.0,0.7737854689881768,10.873886,11.542592799989507,1000,1000,20,5,100,1-150,Taillard,legacy,1.0,2,0.0117964,0,T-B,../runs/PFSP-ta003-T-B-19.json,4.530677698651031,9.430604982206404,12.431274544805436
ta003,PFSP,XHT,42,completed,True,1229.0,15881.0,0.7727717912715845,9.761568,10.504977399948984,1000,1000,20,5,100,1-150,Taillard,legacy,1.0,1,0.0133198,0,T-B,../runs/PFSP-ta003-T-B-42.json,4.655744824506469,9.341637010676163,13.395215994287746
ta003,PFSP,XHT,73,completed,True,1224.0,15583.0,0.7764780775746517,10.0444515,10.69138460000977,1000,1000,20,5,100,1-150,Taillard,legacy,1.0,1,0.0115938,0,T-B,../runs/PFSP-ta003-T-B-73.json,4.1984647956228915,8.896797153024917,11.267404498393429
ta003,PFSP,XHE,19,completed,True,1140.0,14400.0,0.8043776049495369,9.8058854,10.524590900051408,1000,1000,20,5,100,1-150,Taillard,legacy,1.0,2,0.0111516,0,T-G,../runs/PFSP-ta003-T-G-19.json,0.7562329655380617,1.4234875444839812,2.8204212781149485
ta003,PFSP,XHE,42,completed,True,1153.0,14455.0,0.8011430041698057,10.029657,10.75042910000775,1000,1000,20,5,100,1-150,Taillard,legacy,1.0,4,0.0120478,0,T-G,../runs/PFSP-ta003-T-G-42.json,1.1553166350209754,2.5800711743772187,3.2131381649410873
ta003,PFSP,XHE,73,completed,True,1132.0,14130.0,0.8083628072682176,9.6019802,10.396995699964464,1000,1000,20,5,100,1-150,Taillard,legacy,1.0,7,0.013206,0,T-G,../runs/PFSP-ta003-T-G-73.json,0.26454039718869504,0.7117437722419906,0.8925383791503094
ta003,PFSP,XTE,19,completed,True,1194.0,14486.0,0.7925211561336932,9.3450424,10.390274200006388,1000,1000,20,5,100,1-150,Taillard,legacy,1.0,6,0.0112537,0,B-G,../runs/PFSP-ta003-B-G-19.json,2.219076581391133,6.227758007117434,3.4344876829703663
ta003,PFSP,XTE,42,completed,True,1162.0,14505.0,0.798885084545548,9.6229955,10.282473800005391,1000,1000,20,5,100,1-150,Taillard,legacy,1.0,7,0.011541,0,B-G,../runs/PFSP-ta003-B-G-42.json,1.433897798635575,3.380782918149472,3.5701535166012155
ta003,PFSP,XTE,73,completed,True,1162.0,14503.0,0.7989032586257916,9.4202986,10.224114799988456,1000,1000,20,5,100,1-150,Taillard,legacy,1.0,4,0.0112326,0,B-G,../runs/PFSP-ta003-B-G-73.json,1.4316554883391897,3.380782918149472,3.555872902534807
ta003,PFSP,XHTE,19,completed,True,1141.0,14591.0,0.8023964498297067,9.7636411,10.341311800060794,1000,1000,20,5,100,1-150,Taillard,legacy,1.0,4,0.0116269,0,T-B-G,../runs/PFSP-ta003-T-B-G-19.json,1.0006670422226027,1.5124555160142439,4.184219921456633
ta003,PFSP,XHTE,42,completed,True,1127.0,14630.0,0.8048842062574199,10.0314924,10.751804600004107,1000,1000,20,5,100,1-150,Taillard,legacy,1.0,3,0.0110333,0,T-B-G,../runs/PFSP-ta003-T-B-G-42.json,0.6937287114793689,0.2669039145907437,4.462691895751525
ta003,PFSP,XHTE,73,completed,True,1136.0,14214.0,0.8067746572023754,9.2346526,9.973702100105584,1000,1000,20,5,100,1-150,Taillard,legacy,1.0,7,0.0123131,0,T-B-G,../runs/PFSP-ta003-T-B-G-73.json,0.4604856773411714,1.067615658362997,1.4923241699392964
ta003,PFSP,NSGA-II,19,completed,True,1165,14312,0.7999615816731331,0.1359013000037521,0.8820452999789268,1000,1000,20,5,100,1-150,Taillard,legacy,1.0,5,0.004049599985592067,0,NSGA-II,../runs/PFSP-ta003-NSGA-II-19.json,1.3010800405503842,3.6476868327402157,2.192074259193144
ta003,PFSP,NSGA-II,42,completed,True,1170,14408,0.7981199989154028,0.1228952999226749,0.7881572999758646,1000,1000,20,5,100,1-150,Taillard,legacy,1.0,4,0.004033499979414046,0,NSGA-II,../runs/PFSP-ta003-NSGA-II-42.json,1.5282937385179496,4.0925266903914626,2.877543734380583
ta003,PFSP,NSGA-II,73,completed,True,1142,14408,0.8038198412951038,0.12487709999550134,0.760714300093241,1000,1000,20,5,100,1-150,Taillard,legacy,1.0,4,0.003930999897420406,0,NSGA-II,../runs/PFSP-ta003-NSGA-II-73.json,0.825049608169881,1.6014234875444844,2.877543734380583
ta003,PFSP,SPEA2,19,completed,True,1149,14743,0.7992984316957092,0.15804170002229512,0.8921485999599099,1000,1000,20,5,100,1-150,Taillard,legacy,1.0,7,0.004762999946251512,0,SPEA2,../runs/PFSP-ta003-SPEA2-19.json,1.382899202923138,2.2241992882562345,5.269546590503382
ta003,PFSP,SPEA2,42,completed,True,1165,14535,0.7979642707673882,0.14793890004511923,0.8070433000102639,1000,1000,20,5,100,1-150,Taillard,legacy,1.0,4,0.0038395000156015158,0,SPEA2,../runs/PFSP-ta003-SPEA2-42.json,1.5475074112348053,3.6476868327402157,3.784362727597279
ta003,PFSP,SPEA2,73,completed,True,1169,14485,0.79766308042172,0.1662155999802053,0.8906919000437483,1000,1000,20,5,100,1-150,Taillard,legacy,1.0,3,0.004795299959369004,0,SPEA2,../runs/PFSP-ta003-SPEA2-73.json,1.5846681480760516,4.0035587188612,3.427347375937173
ta003,PFSP,MOEA/D,19,completed,True,1124,14126,0.810216926557429,0.23985060001723468,0.8017779999645427,1000,1000,20,5,100,1-150,Taillard,legacy,1.0,2,0.003687600023113191,0,MOEA-D,../runs/PFSP-ta003-MOEA-D-19.json,0.035779947295089265,0.0,0.8639771510174921
ta003,PFSP,MOEA/D,42,completed,True,1136,14042,0.8085324359468598,0.31668759998865426,1.0702574000461027,1000,1000,20,5,100,1-150,Taillard,legacy,1.0,6,0.004519699956290424,0,MOEA-D,../runs/PFSP-ta003-MOEA-D-42.json,0.24361168291080482,1.067615658362997,0.2641913602284829
ta003,PFSP,MOEA/D,73,completed,True,1128,14005,0.8105069255081989,0.2626648999284953,0.9306470999727026,1000,1000,20,5,100,1-150,Taillard,legacy,1.0,3,0.004610899952240288,0,MOEA-D,../runs/PFSP-ta003-MOEA-D-73.json,0.0,0.3558718861210064,0.0
ta003,PFSP,SMS-EMOA,19,completed,True,1162,14419,0.7996807452127404,0.1284072999842465,0.8166343999328092,1000,1000,20,5,100,1-150,Taillard,legacy,1.0,6,0.003902900032699108,0,SMS-EMOA,../runs/PFSP-ta003-SMS-EMOA-19.json,1.335729523676854,3.380782918149472,2.9560871117457976
ta003,PFSP,SMS-EMOA,42,completed,True,1175,14560,0.7956880179100044,0.12627260002773255,0.7876502999570221,1000,1000,20,5,100,1-150,Taillard,legacy,1.0,5,0.003509800066240132,0,SMS-EMOA,../runs/PFSP-ta003-SMS-EMOA-42.json,1.8283505213607887,4.5373665480427094,3.9628704034273543
ta003,PFSP,SMS-EMOA,73,completed,True,1172,14498,0.7968323530694696,0.13461619999725372,0.8333108000224456,1000,1000,20,5,100,1-150,Taillard,legacy,1.0,7,0.004563299939036369,0,SMS-EMOA,../runs/PFSP-ta003-SMS-EMOA-73.json,1.6871629357337214,4.270462633451966,3.520171367368796
ta004,PFSP,XG,19,completed,True,1553.0,19717.0,0.7626820444435827,0.0110464,0.7219200000399724,1,1000,20,5,100,1-150,Taillard,legacy,1.0,1,0.0110232,0,F,../runs/PFSP-ta004-F-19.json,7.7469992488772395,17.03089675960814,24.19375157470396
ta004,PFSP,XG,42,completed,True,1553.0,19717.0,0.7626820444435827,0.0107527,0.7796283999923617,1,1000,20,5,100,1-150,Taillard,legacy,1.0,1,0.0107265,0,F,../runs/PFSP-ta004-F-42.json,7.7469992488772395,17.03089675960814,24.19375157470396
ta004,PFSP,XG,73,completed,True,1553.0,19717.0,0.7626820444435827,0.0108067,0.7447464999277145,1,1000,20,5,100,1-150,Taillard,legacy,1.0,1,0.0107792,0,F,../runs/PFSP-ta004-F-73.json,7.7469992488772395,17.03089675960814,24.19375157470396
ta004,PFSP,XH,19,completed,True,1500.0,19245.0,0.7748729921608076,9.9969309,10.668816999997944,1000,1000,20,5,100,1-150,Taillard,legacy,1.0,1,0.0116698,0,T,../runs/PFSP-ta004-T-19.json,6.272398506526544,13.03692539562924,21.2207105064248
ta004,PFSP,XH,42,completed,True,1530.0,19225.0,0.7700710365434416,10.2274074,10.882039300049655,1000,1000,20,5,100,1-150,Taillard,legacy,1.0,2,0.0118625,0,T,../runs/PFSP-ta004-T-42.json,6.853236640062155,15.297663903541814,21.094734189972275
ta004,PFSP,XH,73,completed,True,1500.0,19253.0,0.7748121493884244,9.1839588,10.021876299986616,1000,1000,20,5,100,1-150,Taillard,legacy,1.0,2,0.0130321,0,T,../runs/PFSP-ta004-T-73.json,6.279757966956057,13.03692539562924,21.271101033005802
ta004,PFSP,XT,19,completed,True,1417.0,17386.0,0.802553038461558,9.8736775,10.651273100054823,1000,1000,20,5,100,1-150,Taillard,legacy,1.0,1,0.0113418,0,B,../runs/PFSP-ta004-B-19.json,2.9242571011035334,6.782215523737745,9.511211892164283
ta004,PFSP,XT,42,completed,True,1423.0,17452.0,0.8010498025846217,9.7891141,10.54218739992939,1000,1000,20,5,100,1-150,Taillard,legacy,1.0,2,0.0111078,0,B,../runs/PFSP-ta004-B-42.json,3.1060865036631524,7.234363225320273,9.926933736457544
ta004,PFSP,XT,73,completed,True,1417.0,17452.0,0.8020538244963813,9.5814305,10.394510700018145,1000,1000,20,5,100,1-150,Taillard,legacy,1.0,2,0.0114127,0,B,../runs/PFSP-ta004-B-73.json,2.9846413551186113,6.782215523737745,9.926933736457544
ta004,PFSP,XE,19,completed,True,1352.0,16207.0,0.8224387567805264,9.7832875,10.492911499924958,1000,1000,20,5,100,1-150,Taillard,legacy,1.0,9,0.0106238,0,G,../runs/PFSP-ta004-G-19.json,0.5189071910308707,1.8839487565938118,2.0849080372889794
ta004,PFSP,XE,42,completed,True,1327.0,16202.0,0.826728711514894,9.7820291,10.644541499903426,1000,1000,20,5,100,1-150,Taillard,legacy,1.0,5,0.0113747,0,G,../runs/PFSP-ta004-G-42.json,0.0,0.0,2.053413958175865
ta004,PFSP,XE,73,completed,True,1348.0,15952.0,0.8250429929692573,10.4651017,11.157233899924904,1000,1000,20,5,100,1-150,Taillard,legacy,1.0,8,0.0109245,0,G,../runs/PFSP-ta004-G-73.json,0.2039022622726816,1.5825169555388152,0.47871000251953344
ta004,PFSP,XHT,19,completed,True,1425.0,17427.0,0.8009016056794984,10.6089457,11.397214600001462,1000,1000,20,5,100,1-150,Taillard,legacy,1.0,2,0.0113768,0,T-B,../runs/PFSP-ta004-T-B-19.json,3.124012203237758,7.385079125847782,9.769463340891903
ta004,PFSP,XHT,42,completed,True,1413.0,17354.0,0.8034636639599132,10.0604946,10.783404899993911,1000,1000,20,5,100,1-150,Taillard,legacy,1.0,2,0.0113183,0,T-B,../runs/PFSP-ta004-T-B-42.json,2.814109057897607,6.480783722682748,9.309649785840257
ta004,PFSP,XHT,73,completed,True,1417.0,17394.0,0.8024928127302887,10.1194518,10.874949700082652,1000,1000,20,5,100,1-150,Taillard,legacy,1.0,1,0.0114205,0,T-B,../runs/PFSP-ta004-T-B-73.json,2.9315419250645736,6.782215523737745,9.561602418745284
ta004,PFSP,XHE,19,completed,True,1400.0,16449.0,0.8124546550337207,8.9699965,9.765597800025716,1000,1000,20,5,100,1-150,Taillard,legacy,1.0,4,0.010715,0,T-G,../runs/PFSP-ta004-T-G-19.json,1.7265707943077913,5.501130369253948,3.609221466364332
ta004,PFSP,XHE,42,completed,True,1359.0,16767.0,0.8169924937578109,10.2467186,10.955114900018089,1000,1000,20,5,100,1-150,Taillard,legacy,1.0,5,0.0112157,0,T-G,../runs/PFSP-ta004-T-G-42.json,1.1776798871836136,2.4114544084400835,5.612244897959173
ta004,PFSP,XHE,73,completed,True,1353.0,16212.0,0.8222394635192701,8.8709572,9.608791100094095,1000,1000,20,5,100,1-150,Taillard,legacy,1.0,5,0.0114487,0,T-G,../runs/PFSP-ta004-T-G-73.json,0.5430134375516982,1.9593067068575776,2.1164021164021163
ta004,PFSP,XTE,19,completed,True,1361.0,16282.0,0.8203370108563978,9.2799951,10.065985499997623,1000,1000,20,5,100,1-150,Taillard,legacy,1.0,4,0.0110381,0,B-G,../runs/PFSP-ta004-B-G-19.json,0.7731315689743168,2.562170308967593,2.557319223985899
ta004,PFSP,XTE,42,completed,True,1381.0,16345.0,0.8164797360549969,10.1988335,11.02066639997065,1000,1000,20,5,100,1-150,Taillard,legacy,1.0,7,0.0118729,0,B-G,../runs/PFSP-ta004-B-G-42.json,1.2397023736017254,4.069329314242642,2.9541446208112943
ta004,PFSP,XTE,73,completed,True,1406.0,16442.0,0.8114775140773525,9.0247823,9.767634299932979,1000,1000,20,5,100,1-150,Taillard,legacy,1.0,7,0.0110522,0,B-G,../runs/PFSP-ta004-B-G-73.json,1.8447644584153045,5.953278070836476,3.5651297556059447
ta004,PFSP,XHTE,19,completed,True,1359.0,16334.0,0.8202776596864628,9.2312522,10.023989099892788,1000,1000,20,5,100,1-150,Taillard,legacy,1.0,5,0.0132097,0,T-B-G,../runs/PFSP-ta004-T-B-G-19.json,0.7803106071652355,2.4114544084400835,2.8848576467624065
ta004,PFSP,XHTE,42,completed,True,1391.0,16588.0,0.8129332028438295,9.550526,10.32159910001792,1000,1000,20,5,100,1-150,Taillard,legacy,1.0,7,0.0119571,0,T-B-G,../runs/PFSP-ta004-T-B-G-42.json,1.6686862907888678,4.822908816880189,4.4847568657092385
ta004,PFSP,XHTE,73,completed,True,1357.0,16526.0,0.8191753736624691,9.5112593,10.17172609991394,1000,1000,20,5,100,1-150,Taillard,legacy,1.0,3,0.0107198,0,T-B-G,../runs/PFSP-ta004-T-B-G-73.json,0.9136416513930268,2.260738507912574,4.094230284706479
ta004,PFSP,NSGA-II,19,completed,True,1398,16468,0.812655389526722,0.1368635999970138,0.8987943000392988,1000,1000,20,5,100,1-150,Taillard,legacy,1.0,3,0.004100600024685264,0,NSGA-II,../runs/PFSP-ta004-NSGA-II-19.json,1.702290218321334,5.350414468726461,3.7288989669941985
ta004,PFSP,NSGA-II,42,completed,True,1393,16695,0.811781426029867,0.13456829998176545,0.8765500999288633,1000,1000,20,5,100,1-150,Taillard,legacy,1.0,5,0.004370299982838333,0,NSGA-II,../runs/PFSP-ta004-NSGA-II-42.json,1.8080036748255202,4.973624717407676,5.158730158730163
ta004,PFSP,NSGA-II,73,completed,True,1371,16872,0.8141243874922491,0.13330960005987436,0.8879974000155926,1000,1000,20,5,100,1-150,Taillard,legacy,1.0,6,0.0044238000409677625,0,NSGA-II,../runs/PFSP-ta004-NSGA-II-73.json,1.5246021877659,3.3157498116051176,6.273620559334847
ta004,PFSP,SPEA2,19,completed,True,1396,16553,0.8123345769440197,0.14799249998759478,0.8009074999717996,1000,1000,20,5,100,1-150,Taillard,legacy,1.0,2,0.004203699994832277,0,SPEA2,../runs/PFSP-ta004-SPEA2-19.json,1.7410952795504864,5.199698568198952,4.264298311917369
ta004,PFSP,SPEA2,42,completed,True,1375,16453,0.8166206373933967,0.14993600000161678,0.8143521999008954,1000,1000,20,5,100,1-150,Taillard,legacy,1.0,5,0.004222800023853779,0,SPEA2,../runs/PFSP-ta004-SPEA2-42.json,1.2226591360272598,3.6171816126601364,3.6344167296548324
ta004,PFSP,SPEA2,73,completed,True,1376,16436,0.8166025609221063,0.15223150001838803,0.8385630999691784,1000,1000,20,5,100,1-150,Taillard,legacy,1.0,5,0.004364700056612492,0,SPEA2,../runs/PFSP-ta004-SPEA2-73.json,1.2248456418348708,3.69253956292388,3.527336860670194
ta004,PFSP,MOEA/D,19,completed,True,1377,16315,0.8173755286405301,0.33861740003339946,1.1151558000128716,1000,1000,20,5,100,1-150,Taillard,legacy,1.0,5,0.005108700017444789,0,MOEA-D,../runs/PFSP-ta004-MOEA-D-19.json,1.1313484997061751,3.7678975131876458,2.7651801461325176
ta004,PFSP,MOEA/D,42,completed,True,1342,15876,0.8266830923430992,0.2867770999437198,1.0283030000282452,1000,1000,20,5,100,1-150,Taillard,legacy,1.0,3,0.006328999996185303,0,MOEA-D,../runs/PFSP-ta004-MOEA-D-42.json,0.005518034049067921,1.130369253956287,0.0
ta004,PFSP,MOEA/D,73,completed,True,1349,16013,0.824423405616132,0.2673073000041768,0.9173702000407502,1000,1000,20,5,100,1-150,Taillard,legacy,1.0,4,0.004898500046692789,0,MOEA-D,../runs/PFSP-ta004-MOEA-D-73.json,0.27884672041179615,1.6578749058025588,0.8629377676996786
ta004,PFSP,SMS-EMOA,19,completed,True,1411,16297,0.8117299500045587,0.12168340000789613,0.7858768999576569,1000,1000,20,5,100,1-150,Taillard,legacy,1.0,5,0.004994599963538349,0,SMS-EMOA,../runs/PFSP-ta004-SMS-EMOA-19.json,1.8142301460477461,6.330067822155239,2.651801461325265
ta004,PFSP,SMS-EMOA,42,completed,True,1397,16701,0.8110592193875831,0.12664629996288568,0.7775642999913543,1000,1000,20,5,100,1-150,Taillard,legacy,1.0,7,0.004131400026381016,0,SMS-EMOA,../runs/PFSP-ta004-SMS-EMOA-42.json,1.8953608250278697,5.275056518462695,5.1965230536659135
ta004,PFSP,SMS-EMOA,73,completed,True,1356,16673,0.818170022908596,0.13491350004915148,0.858133599977009,1000,1000,20,5,100,1-150,Taillard,legacy,1.0,3,0.004397399956360459,0,SMS-EMOA,../runs/PFSP-ta004-SMS-EMOA-73.json,1.0352475349035828,2.1853805576488305,5.020156210632409
ta005,PFSP,XG,19,completed,True,1413.0,14957.0,0.7743656831256273,0.0108316,0.7783870999701321,1,1000,20,5,100,1-150,Taillard,legacy,1.0,1,0.010808,0,F,../runs/PFSP-ta005-F-19.json,4.644234734123454,13.040000000000006,7.4034180669251715
ta005,PFSP,XG,42,completed,True,1413.0,14957.0,0.7743656831256273,0.0129159,1.1422064000507817,1,1000,20,5,100,1-150,Taillard,legacy,1.0,1,0.0128868,0,F,../runs/PFSP-ta005-F-42.json,4.644234734123454,13.040000000000006,7.4034180669251715
ta005,PFSP,XG,73,completed,True,1413.0,14957.0,0.7743656831256273,0.012062,0.6821381999179721,1,1000,20,5,100,1-150,Taillard,legacy,1.0,1,0.0120362,0,F,../runs/PFSP-ta005-F-73.json,4.644234734123454,13.040000000000006,7.4034180669251715
ta005,PFSP,XH,19,completed,True,1301.0,14796.0,0.7970978533953861,11.1336987,11.842050299979746,1000,1000,20,5,100,1-150,Taillard,legacy,1.0,2,0.0106577,0,T,../runs/PFSP-ta005-T-19.json,1.844984277313888,4.079999999999995,6.247307195174501
ta005,PFSP,XH,42,completed,True,1301.0,14764.0,0.7973429092731323,11.613887,12.341829200042412,1000,1000,20,5,100,1-150,Taillard,legacy,1.0,4,0.0108697,0,T,../runs/PFSP-ta005-T-42.json,1.8148079778411708,4.079999999999995,6.017521183397956
ta005,PFSP,XH,73,completed,True,1316.0,14764.0,0.7944302991642487,10.0689374,10.808328100014478,1000,1000,20,5,100,1-150,Taillard,legacy,1.0,3,0.0114238,0,T,../runs/PFSP-ta005-T-73.json,2.173468197303241,5.279999999999996,6.017521183397956
ta005,PFSP,XT,19,completed,True,1328.0,14568.0,0.7938584788864514,9.7073562,10.410653900005855,1000,1000,20,5,100,1-150,Taillard,legacy,1.0,4,0.0104523,0,B,../runs/PFSP-ta005-B-19.json,2.2438824232588805,6.240000000000001,4.610081861266702
ta005,PFSP,XT,42,completed,True,1328.0,14691.0,0.7928398027569683,9.9566111,10.645100599969737,1000,1000,20,5,100,1-150,Taillard,legacy,1.0,1,0.0106399,0,B,../runs/PFSP-ta005-B-42.json,2.3693226952152258,6.240000000000001,5.49332184403275
ta005,PFSP,XT,73,completed,True,1323.0,14708.0,0.79363185741402,9.7449963,10.404226599959657,1000,1000,20,5,100,1-150,Taillard,legacy,1.0,3,0.0103665,0,B,../runs/PFSP-ta005-B-73.json,2.2717887011328597,5.840000000000001,5.615395662789036
ta005,PFSP,XE,19,completed,True,1263.0,14054.0,0.8106598385058903,8.7500818,9.536468699923716,1000,1000,20,5,100,1-150,Taillard,legacy,1.0,7,0.011506,0,G,../runs/PFSP-ta005-G-19.json,0.17495486237821822,1.0399999999999965,0.9191440471061352
ta005,PFSP,XE,42,completed,True,1283.0,14012.0,0.8071973253621892,9.1100386,9.785801900085062,1000,1000,20,5,100,1-150,Taillard,legacy,1.0,8,0.0107084,0,G,../runs/PFSP-ta005-G-42.json,0.601330407880285,2.639999999999998,0.6175499066494394
ta005,PFSP,XE,73,completed,True,1290.0,13926.0,0.8065610851478449,8.8164263,9.571679200045764,1000,1000,20,5,100,1-150,Taillard,legacy,1.0,7,0.0110478,0,G,../runs/PFSP-ta005-G-73.json,0.6796773360226216,3.200000000000003,0.0
ta005,PFSP,XHT,19,completed,True,1268.0,14660.0,0.8045865212075481,9.9729026,12.16135279997252,1000,1000,20,5,100,1-150,Taillard,legacy,1.0,3,0.0112383,0,T-B,../runs/PFSP-ta005-T-B-19.json,0.9228260959643131,1.4399999999999968,5.270716645124218
ta005,PFSP,XHT,42,completed,True,1285.0,14764.0,0.8003965366266815,10.1137159,10.897663299925625,1000,1000,20,5,100,1-150,Taillard,legacy,1.0,3,0.011422,0,T-B,../runs/PFSP-ta005-T-B-42.json,1.4387828265726155,2.8000000000000025,6.017521183397956
ta005,PFSP,XHT,73,completed,True,1316.0,14416.0,0.7973797339202784,11.1489636,11.858340200036764,1000,1000,20,5,100,1-150,Taillard,legacy,1.0,6,0.0104414,0,T-B,../runs/PFSP-ta005-T-B-73.json,1.8102733729564613,5.279999999999996,3.518598305328169
ta005,PFSP,XHE,19,completed,True,1254.0,14578.0,0.8079855993819383,10.3800642,11.102917900076136,1000,1000,20,5,100,1-150,Taillard,legacy,1.0,2,0.010665,0,T-G,../runs/PFSP-ta005-T-G-19.json,0.5042619633064294,0.32000000000000917,4.6818899899468525
ta005,PFSP,XHE,42,completed,True,1250.0,14764.0,0.8070738000984077,10.5792082,11.333837899961509,1000,1000,20,5,100,1-150,Taillard,legacy,1.0,3,0.0106809,0,T-G,../runs/PFSP-ta005-T-G-42.json,0.6165413686889054,0.0,6.017521183397956
ta005,PFSP,XHE,73,completed,True,1266.0,14425.0,0.8069615523245715,10.4697362,11.183672299957834,1000,1000,20,5,100,1-150,Taillard,legacy,1.0,8,0.0103837,0,T-G,../runs/PFSP-ta005-T-G-73.json,0.6303636139236568,1.2799999999999923,3.583225621140307
ta005,PFSP,XTE,19,completed,True,1275.0,14298.0,0.8063160920713828,9.0958247,9.879830899997614,1000,1000,20,5,100,1-150,Taillard,legacy,1.0,5,0.0115417,0,B-G,../runs/PFSP-ta005-B-G-19.json,0.7098459021147918,2.0000000000000018,2.6712623869022067
ta005,PFSP,XTE,42,completed,True,1289.0,14054.0,0.8056727156053171,9.5694237,10.171116200042889,1000,1000,20,5,100,1-150,Taillard,legacy,1.0,5,0.0106288,0,B-G,../runs/PFSP-ta005-B-G-42.json,0.7890715917503677,3.1199999999999894,0.9191440471061352
ta005,PFSP,XTE,73,completed,True,1263.0,14202.0,0.8094289102429463,8.9736405,9.739410000038333,1000,1000,20,5,100,1-150,Taillard,legacy,1.0,8,0.0114438,0,B-G,../runs/PFSP-ta005-B-G-73.json,0.3265319648482645,1.0399999999999965,1.9819043515725943
ta005,PFSP,XHTE,19,completed,True,1254.0,14091.0,0.812080613024808,9.7435584,10.436663500033319,1000,1000,20,5,100,1-150,Taillard,legacy,1.0,9,0.0107074,0,T-B-G,../runs/PFSP-ta005-T-B-G-19.json,0.0,0.32000000000000917,1.1848341232227444
ta005,PFSP,XHTE,42,completed,True,1250.0,14764.0,0.8071324706786884,9.9482333,10.629555499996059,1000,1000,20,5,100,1-150,Taillard,legacy,1.0,6,0.0119504,0,T-B-G,../runs/PFSP-ta005-T-B-G-42.json,0.6093166450174103,0.0,6.017521183397956
ta005,PFSP,XHTE,73,completed,True,1293.0,14368.0,0.8022382932734073,10.612927299999999,11.556336699984968,1000,1000,20,5,100,1-150,Taillard,legacy,1.0,6,0.0111538,0,T-B-G,../runs/PFSP-ta005-T-B-G-73.json,1.2119880210833212,3.4399999999999986,3.1739192876633737
ta005,PFSP,NSGA-II,19,completed,True,1313,14602,0.7963800006839264,0.12112289993092418,0.7782903000479564,1000,1000,20,5,100,1-150,Taillard,legacy,1.0,4,0.004291099961847067,0,NSGA-II,../runs/PFSP-ta005-NSGA-II-19.json,1.9333810078780878,5.04,4.854229498779272
ta005,PFSP,NSGA-II,42,completed,True,1303,14608,0.7982274852129316,0.13095390005037189,0.8910524999955669,1000,1000,20,5,100,1-150,Taillard,legacy,1.0,7,0.004502000054344535,0,NSGA-II,../runs/PFSP-ta005-NSGA-II-42.json,1.7058808681907567,4.239999999999999,4.897314375987372
ta005,PFSP,NSGA-II,73,completed,True,1303,14824,0.7964095464596608,0.12997409992385656,0.8237888000439852,1000,1000,20,5,100,1-150,Taillard,legacy,1.0,4,0.003917799913324416,0,NSGA-II,../runs/PFSP-ta005-NSGA-II-73.json,1.9297427267443656,4.239999999999999,6.44836995547895
ta005,PFSP,SPEA2,19,completed,True,1316,14420,0.7973405191778106,0.15928090002853423,0.8107446000212803,1000,1000,20,5,100,1-150,Taillard,legacy,1.0,4,0.0032238999847322702,0,SPEA2,../runs/PFSP-ta005-SPEA2-19.json,1.815102295336679,5.279999999999996,3.5473215568002203
ta005,PFSP,SPEA2,42,completed,True,1310,14640,0.7966807775074487,0.1466952000046149,0.7745423000305891,1000,1000,20,5,100,1-150,Taillard,legacy,1.0,4,0.0030483000446110964,0,SPEA2,../runs/PFSP-ta005-SPEA2-42.json,1.8963432041553818,4.800000000000004,5.127100387763894
ta005,PFSP,SPEA2,73,completed,True,1296,14749,0.7984306315653679,0.15610399993602186,0.8173146999906749,1000,1000,20,5,100,1-150,Taillard,legacy,1.0,3,0.004050099989399314,0,SPEA2,../runs/PFSP-ta005-SPEA2-73.json,1.6808653279626107,3.6799999999999944,5.9098089903777185
ta005,PFSP,MOEA/D,19,completed,True,1271,14481,0.8054897864043243,0.31873009994160384,1.0387527999700978,1000,1000,20,5,100,1-150,Taillard,legacy,1.0,3,0.0047756999265402555,0,MOEA-D,../runs/PFSP-ta005-MOEA-D-19.json,0.8115975821580634,1.6799999999999926,3.9853511417492493
ta005,PFSP,MOEA/D,42,completed,True,1258,14008,0.8119836810660694,0.28575329994782805,0.9227144999895245,1000,1000,20,5,100,1-150,Taillard,legacy,1.0,5,0.003556799958460033,0,MOEA-D,../runs/PFSP-ta005-MOEA-D-42.json,0.011936248345789657,0.6399999999999961,0.5888266551773658
ta005,PFSP,MOEA/D,73,completed,True,1250,14376,0.8104721181746756,0.2911487999372184,0.9497306999983266,1000,1000,20,5,100,1-150,Taillard,legacy,1.0,2,0.0038296999409794807,0,MOEA-D,../runs/PFSP-ta005-MOEA-D-73.json,0.1980708348819249,0.0,3.231365790607499
ta005,PFSP,SMS-EMOA,19,completed,True,1306,14486,0.7986372263160555,0.14068269997369498,0.913482700008899,1000,1000,20,5,100,1-150,Taillard,legacy,1.0,9,0.005265299929305911,0,SMS-EMOA,../runs/PFSP-ta005-SMS-EMOA-19.json,1.6554251503036244,4.479999999999995,4.021255206089336
ta005,PFSP,SMS-EMOA,42,completed,True,1296,14319,0.8020101751045663,0.11979680007789284,0.8069991000229493,1000,1000,20,5,100,1-150,Taillard,legacy,1.0,7,0.003653499996289611,0,SMS-EMOA,../runs/PFSP-ta005-SMS-EMOA-42.json,1.2400786028780808,3.6799999999999944,2.8220594571305435
ta005,PFSP,SMS-EMOA,73,completed,True,1310,14709,0.7960786343386725,0.14130899996962398,0.9050117000006139,1000,1000,20,5,100,1-150,Taillard,legacy,1.0,5,0.004246599972248077,0,SMS-EMOA,../runs/PFSP-ta005-SMS-EMOA-73.json,1.970491405592345,4.800000000000004,5.622576475657048
ta008,PFSP,XG,19,completed,True,1417.0,17120.0,0.7763501534040355,0.010934,0.7220913999481127,1,1000,20,5,100,1-150,Taillard,extension,1.0,1,0.0109132,0,F,../runs/PFSP-ta008-F-19.json,6.530767954409211,15.484922575387117,17.4855888004392
ta008,PFSP,XG,42,completed,True,1417.0,17120.0,0.7763501534040355,0.0112553,0.8069432999473065,1,1000,20,5,100,1-150,Taillard,extension,1.0,1,0.0112293,0,F,../runs/PFSP-ta008-F-42.json,6.530767954409211,15.484922575387117,17.4855888004392
ta008,PFSP,XG,73,completed,True,1417.0,17120.0,0.7763501534040355,0.011929,0.6793998000212014,1,1000,20,5,100,1-150,Taillard,extension,1.0,1,0.011903,0,F,../runs/PFSP-ta008-F-73.json,6.530767954409211,15.484922575387117,17.4855888004392
ta008,PFSP,XH,19,completed,True,1329.0,15885.0,0.8020883193040506,9.772206,10.502263300004415,1000,1000,20,5,100,1-150,Taillard,extension,1.0,1,0.0112509,0,T,../runs/PFSP-ta008-T-19.json,3.43200306025917,8.312958435207829,9.010430963491633
ta008,PFSP,XH,42,completed,True,1329.0,15885.0,0.8020883193040506,11.785248,12.605584400007501,1000,1000,20,5,100,1-150,Taillard,extension,1.0,1,0.0134995,0,T,../runs/PFSP-ta008-T-42.json,3.43200306025917,8.312958435207829,9.010430963491633
ta008,PFSP,XH,73,completed,True,1329.0,15885.0,0.8020883193040506,10.3009006,11.081704799900763,1000,1000,20,5,100,1-150,Taillard,extension,1.0,1,0.011355,0,T,../runs/PFSP-ta008-T-73.json,3.43200306025917,8.312958435207829,9.010430963491633
ta008,PFSP,XT,19,completed,True,1333.0,15964.0,0.8007185864338815,9.7062708,10.445245999959297,1000,1000,20,5,100,1-150,Taillard,extension,1.0,5,0.0119722,0,B,../runs/PFSP-ta008-B-19.json,3.5969130289388307,8.63895680521598,9.552566566017017
ta008,PFSP,XT,42,completed,True,1332.0,15738.0,0.8027296763727235,10.9959736,11.704221399966627,1000,1000,20,5,100,1-150,Taillard,extension,1.0,2,0.0114348,0,B,../runs/PFSP-ta008-B-42.json,3.3547864172108977,8.557457212713926,8.00164699423551
ta008,PFSP,XT,73,completed,True,1332.0,15922.0,0.8012434875964252,9.662228,10.432337500038557,1000,1000,20,5,100,1-150,Taillard,extension,1.0,2,0.011235,0,B,../runs/PFSP-ta008-B-73.json,3.533717178010387,8.557457212713926,9.264342574800999
ta008,PFSP,XE,19,completed,True,1239.0,14682.0,0.8283206730342814,9.6244904,10.284317499957979,1000,1000,20,5,100,1-150,Taillard,extension,1.0,3,0.0110725,0,G,../runs/PFSP-ta008-G-19.json,0.27374006879569146,0.9779951100244544,0.7548723579467564
ta008,PFSP,XE,42,completed,True,1239.0,14837.0,0.8270310498406978,9.8630348,10.560250699985772,1000,1000,20,5,100,1-150,Taillard,extension,1.0,2,0.0118656,0,G,../runs/PFSP-ta008-G-42.json,0.4290051756600577,0.9779951100244544,1.8185561350535284
ta008,PFSP,XE,73,completed,True,1283.0,15077.0,0.8169943441889322,9.2074674,9.857118399930187,1000,1000,20,5,100,1-150,Taillard,extension,1.0,6,0.0111547,0,G,../runs/PFSP-ta008-G-73.json,1.6373815319018936,4.563977180114098,3.4655503705737
ta008,PFSP,XHT,19,completed,True,1329.0,15526.0,0.8049911259073768,9.8211445,10.581170000019483,1000,1000,20,5,100,1-150,Taillard,extension,1.0,1,0.0113953,0,T-B,../runs/PFSP-ta008-T-B-19.json,3.08251758286201,8.312958435207829,6.546802086192693
ta008,PFSP,XHT,42,completed,True,1280.0,15762.0,0.811968315953585,10.1005173,10.86747109994758,1000,1000,20,5,100,1-150,Taillard,extension,1.0,2,0.0115025,0,T-B,../runs/PFSP-ta008-T-B-42.json,2.242493796435552,4.319478402607979,8.16634641778753
ta008,PFSP,XHT,73,completed,True,1283.0,15692.0,0.8119829413499315,10.5935743,11.233712499961257,1000,1000,20,5,100,1-150,Taillard,extension,1.0,5,0.0111606,0,T-B,../runs/PFSP-ta008-T-B-73.json,2.240732961380798,4.563977180114098,7.685973099094157
ta008,PFSP,XHE,19,completed,True,1282.0,14892.0,0.8186412389179825,9.4255977,10.197956999996677,1000,1000,20,5,100,1-150,Taillard,extension,1.0,10,0.0137925,0,T-G,../runs/PFSP-ta008-T-G-19.json,1.4391024629672122,4.482477587612066,2.1959923140268955
ta008,PFSP,XHE,42,completed,True,1283.0,14899.0,0.818437750209121,10.4431987,11.14714090002235,1000,1000,20,5,100,1-150,Taillard,extension,1.0,4,0.0112965,0,T-G,../runs/PFSP-ta008-T-G-42.json,1.4636016316269096,4.563977180114098,2.2440296458962283
ta008,PFSP,XHE,73,completed,True,1284.0,15103.0,0.8165651944218404,9.7729934,10.459672200027853,1000,1000,20,5,100,1-150,Taillard,extension,1.0,8,0.0112373,0,T-G,../runs/PFSP-ta008-T-G-73.json,1.689049325083547,4.645476772616131,3.6439747460883964
ta008,PFSP,XTE,19,completed,True,1266.0,14572.0,0.8242243377924227,9.4015595,10.13674520002678,1000,1000,20,5,100,1-150,Taillard,extension,1.0,6,0.0110077,0,B-G,../runs/PFSP-ta008-B-G-19.json,0.7669212803650072,3.17848410757946,0.0
ta008,PFSP,XTE,42,completed,True,1263.0,14927.0,0.8219057492608458,9.0749572,9.840832000016235,1000,1000,20,5,100,1-150,Taillard,extension,1.0,4,0.0132387,0,B-G,../runs/PFSP-ta008-B-G-42.json,1.0460694051202757,2.933985330073341,2.436178973373604
ta008,PFSP,XTE,73,completed,True,1250.0,15031.0,0.8234089319290858,9.7512698,10.571469300077297,1000,1000,20,5,100,1-150,Taillard,extension,1.0,9,0.0123746,0,B-G,../runs/PFSP-ta008-B-G-73.json,0.8650926525446634,1.8744906275468542,3.149876475432345
ta008,PFSP,XHTE,19,completed,True,1285.0,15002.0,0.8172019493511781,9.7588473,10.601451199967414,1000,1000,20,5,100,1-150,Taillard,extension,1.0,9,0.0125807,0,T-B-G,../runs/PFSP-ta008-T-B-G-19.json,1.6123867598924702,4.726976365118185,2.950864671973652
ta008,PFSP,XHTE,42,completed,True,1251.0,15266.0,0.8213117087480593,9.8394252,10.595355600002222,1000,1000,20,5,100,1-150,Taillard,extension,1.0,2,0.0114821,0,T-B-G,../runs/PFSP-ta008-T-B-G-42.json,1.1175893375768742,1.9559902200489088,4.762558331045841
ta008,PFSP,XHTE,73,completed,True,1283.0,15513.0,0.8134440719837014,9.8591723,10.628961900016293,1000,1000,20,5,100,1-150,Taillard,extension,1.0,5,0.0121619,0,T-B-G,../runs/PFSP-ta008-T-B-G-73.json,2.064819093575221,4.563977180114098,6.457589898435345
ta008,PFSP,NSGA-II,19,completed,True,1276,15198,0.8172558049429675,0.12166249996516854,0.7553273000521585,1000,1000,20,5,100,1-150,Taillard,extension,1.0,4,0.003472000011242926,0,NSGA-II,../runs/PFSP-ta008-NSGA-II-19.json,1.6059027773958512,3.9934800325998276,4.2959099643151255
ta008,PFSP,NSGA-II,42,completed,True,1301,15288,0.8119252335266857,0.13807980006095022,0.8798954000230879,1000,1000,20,5,100,1-150,Taillard,extension,1.0,6,0.005513700074516237,0,NSGA-II,../runs/PFSP-ta008-NSGA-II-42.json,2.247680736039137,6.030969845150769,4.913532802635201
ta008,PFSP,NSGA-II,73,completed,True,1303,15583,0.8091929969786973,0.13545309996698052,0.9246483999304473,1000,1000,20,5,100,1-150,Taillard,extension,1.0,6,0.00478099996689707,0,NSGA-II,../runs/PFSP-ta008-NSGA-II-73.json,2.576630309614425,6.193969030154856,6.93796321712874
ta008,PFSP,SPEA2,19,completed,True,1283,15186,0.8160982519654659,0.15260600007604808,0.8616558000212535,1000,1000,20,5,100,1-150,Taillard,extension,1.0,4,0.00464050006121397,0,SPEA2,../runs/PFSP-ta008-SPEA2-19.json,1.7452671961246446,4.563977180114098,4.213560252539117
ta008,PFSP,SPEA2,42,completed,True,1289,15247,0.814483775403175,0.14935990003868937,0.8325023000361398,1000,1000,20,5,100,1-150,Taillard,extension,1.0,5,0.004169499967247248,0,SPEA2,../runs/PFSP-ta008-SPEA2-42.json,1.9396432566834987,5.052974735126314,4.632171287400499
ta008,PFSP,SPEA2,73,completed,True,1292,14997,0.816002768263738,0.15084319992456585,0.8225473000202328,1000,1000,20,5,100,1-150,Taillard,extension,1.0,5,0.003992299898527563,0,SPEA2,../runs/PFSP-ta008-SPEA2-73.json,1.7567630246940635,5.2974735126324335,2.916552292066976
ta008,PFSP,MOEA/D,19,completed,True,1227,14674,0.8305943425590155,0.2510017999447882,0.9413849000120535,1000,1000,20,5,100,1-150,Taillard,extension,1.0,1,0.004945299937389791,0,MOEA-D,../runs/PFSP-ta008-MOEA-D-19.json,0.0,0.0,0.6999725500960841
ta008,PFSP,MOEA/D,42,completed,True,1258,14950,0.8226094104448647,0.28998240001965314,0.9971569000044838,1000,1000,20,5,100,1-150,Taillard,extension,1.0,7,0.005029399995692074,0,MOEA-D,../runs/PFSP-ta008-MOEA-D-42.json,0.9613516135385303,2.526487367563157,2.5940159209442815
ta008,PFSP,MOEA/D,73,completed,True,1283,15620,0.8125645954091678,0.35289590002503246,1.0229662000201643,1000,1000,20,5,100,1-150,Taillard,extension,1.0,9,0.0033857000526040792,0,MOEA-D,../runs/PFSP-ta008-MOEA-D-73.json,2.170704304859461,4.563977180114098,7.191874828438105
ta008,PFSP,SMS-EMOA,19,completed,True,1283,14982,0.8176401484452149,0.13278590003028512,0.9271942999912426,1000,1000,20,5,100,1-150,Taillard,extension,1.0,8,0.0041961000533774495,0,SMS-EMOA,../runs/PFSP-ta008-SMS-EMOA-19.json,1.5596294665202515,4.563977180114098,2.813615152346971
ta008,PFSP,SMS-EMOA,42,completed,True,1291,15406,0.812856733133039,0.13476869999431074,0.7884107000427321,1000,1000,20,5,100,1-150,Taillard,extension,1.0,3,0.0037973999278619885,0,SMS-EMOA,../runs/PFSP-ta008-SMS-EMOA-42.json,2.1355321746266642,5.215973920130401,5.723304968432608
ta008,PFSP,SMS-EMOA,73,completed,True,1287,15469,0.8130731369220324,0.13013429997954518,0.9250039999606088,1000,1000,20,5,100,1-150,Taillard,extension,1.0,4,0.004192200023680925,0,SMS-EMOA,../runs/PFSP-ta008-SMS-EMOA-73.json,2.109478085656258,4.88997555012225,6.155640955256647
ta013,PFSP,XG,19,completed,True,1917.0,24514.0,0.8840529423908717,0.0234833,0.8403207000810653,1,1000,20,10,200,151-500,Taillard,extension,1.0,1,0.023427,0,F,../runs/PFSP-ta013-F-19.json,5.530525108970286,21.329113924050635,19.30695478658686
ta013,PFSP,XG,42,completed,True,1917.0,24514.0,0.8840529423908717,0.0224913,0.7491164000239223,1,1000,20,10,200,151-500,Taillard,extension,1.0,1,0.0224437,0,F,../runs/PFSP-ta013-F-42.json,5.530525108970286,21.329113924050635,19.30695478658686
ta013,PFSP,XG,73,completed,True,1917.0,24514.0,0.8840529423908717,0.0214982,0.7199768000282347,1,1000,20,10,200,151-500,Taillard,extension,1.0,1,0.0214381,0,F,../runs/PFSP-ta013-F-73.json,5.530525108970286,21.329113924050635,19.30695478658686
ta013,PFSP,XH,19,completed,True,1713.0,23449.0,0.9091859433647953,22.7657131,23.429955500061624,1000,1000,20,10,200,151-500,Taillard,extension,1.0,2,0.022516,0,T,../runs/PFSP-ta013-T-19.json,2.8448246372076658,8.417721518987342,14.12371635761911
ta013,PFSP,XH,42,completed,True,1719.0,23159.0,0.9099434910672825,23.7871676,24.469386599957943,1000,1000,20,10,200,151-500,Taillard,extension,1.0,3,0.0217308,0,T,../runs/PFSP-ta013-T-42.json,2.7638734517896,8.797468354430382,12.712318099965936
ta013,PFSP,XH,73,completed,True,1776.0,23449.0,0.9029025216450696,21.7576687,22.470515899942257,1000,1000,20,10,200,151-500,Taillard,extension,1.0,2,0.0223076,0,T,../runs/PFSP-ta013-T-73.json,3.5162680790178813,12.40506329113924,14.12371635761911
ta013,PFSP,XT,19,completed,True,1817.0,23239.0,0.8998454974941609,20.1201652,20.84684080001898,1000,1000,20,10,200,151-500,Taillard,extension,1.0,5,0.0227154,0,B,../runs/PFSP-ta013-B-19.json,3.8429402186801465,14.999999999999991,13.101669343456468
ta013,PFSP,XT,42,completed,True,1804.0,23122.0,0.9016824249490771,23.0606051,23.8094892000081,1000,1000,20,10,200,151-500,Taillard,extension,1.0,3,0.0244718,0,B,../runs/PFSP-ta013-B-42.json,3.64664702880676,14.177215189873426,12.532243149851553
ta013,PFSP,XT,73,completed,True,1807.0,23089.0,0.9015347671392584,19.8739386,20.603068799944595,1000,1000,20,10,200,151-500,Taillard,extension,1.0,4,0.0218948,0,B,../runs/PFSP-ta013-B-73.json,3.662425671790981,14.367088607594948,12.371635761911715
ta013,PFSP,XE,19,completed,True,1584.0,20547.0,0.9358080410742459,19.6884327,20.435404999996535,1000,1000,20,10,200,151-500,Taillard,extension,1.0,10,0.0215428,0,G,../runs/PFSP-ta013-G-19.json,0.0,0.25316455696202667,0.0
ta013,PFSP,XE,42,completed,True,1587.0,20898.0,0.933840856060267,18.6463228,19.331840300001204,1000,1000,20,10,200,151-500,Taillard,extension,1.0,4,0.0220767,0,G,../runs/PFSP-ta013-G-42.json,0.21021245037824432,0.44303797468354666,1.708278580814726
ta013,PFSP,XE,73,completed,True,1634.0,20868.0,0.929255052751322,20.3153594,21.030570999952033,1000,1000,20,10,200,151-500,Taillard,extension,1.0,6,0.0219403,0,G,../runs/PFSP-ta013-G-73.json,0.7002492001886851,3.417721518987338,1.562271864505771
ta013,PFSP,XHT,19,completed,True,1696.0,23354.0,0.9113313716040835,21.9229922,22.7043290999718,1000,1000,20,10,200,151-500,Taillard,extension,1.0,6,0.0224764,0,T-B,../runs/PFSP-ta013-T-B-19.json,2.615565200964154,7.341772151898729,13.661361755974099
ta013,PFSP,XHT,42,completed,True,1719.0,23072.0,0.910362094672194,22.7687908,23.478040699963458,1000,1000,20,10,200,151-500,Taillard,extension,1.0,5,0.0220491,0,T-B,../runs/PFSP-ta013-T-B-42.json,2.719141670640235,8.797468354430382,12.288898622669976
ta013,PFSP,XHT,73,completed,True,1754.0,23449.0,0.905121700048606,20.7510813,21.49876220000442,1000,1000,20,10,200,151-500,Taillard,extension,1.0,4,0.0234514,0,T-B,../runs/PFSP-ta013-T-B-73.json,3.2791277354716875,11.012658227848092,14.12371635761911
ta013,PFSP,XHE,19,completed,True,1639.0,21612.0,0.925220310321047,21.3481801,22.075007600011304,1000,1000,20,10,200,151-500,Taillard,extension,1.0,9,0.0230753,0,T-G,../runs/PFSP-ta013-T-G-19.json,1.1313998478838516,3.734177215189871,5.183238428967729
ta013,PFSP,XHE,42,completed,True,1607.0,21589.0,0.9285346384474902,22.5866941,23.31281539995689,1000,1000,20,10,200,151-500,Taillard,extension,1.0,7,0.021768,0,T-G,../runs/PFSP-ta013-T-G-42.json,0.7772323283743443,1.70886075949368,5.071299946464203
ta013,PFSP,XHE,73,completed,True,1614.0,21523.0,0.9281505273532755,18.5601256,19.34768369991798,1000,1000,20,10,200,151-500,Taillard,extension,1.0,5,0.0255909,0,T-G,../runs/PFSP-ta013-T-G-73.json,0.8182782563163293,2.1518987341772045,4.750085170584506
ta013,PFSP,XTE,19,completed,True,1642.0,21425.0,0.925824369201181,19.8728747,20.61931530002039,1000,1000,20,10,200,151-500,Taillard,extension,1.0,5,0.0221476,0,B-G,../runs/PFSP-ta013-B-G-19.json,1.0668504046625005,3.924050632911391,4.273129897308614
ta013,PFSP,XTE,42,completed,True,1664.0,21683.0,0.9223706024365971,21.3569941,22.1581593999872,1000,1000,20,10,200,151-500,Taillard,extension,1.0,6,0.0226422,0,B-G,../runs/PFSP-ta013-B-G-42.json,1.4359182703990725,5.316455696202538,5.52878765756557
ta013,PFSP,XTE,73,completed,True,1589.0,21733.0,0.9296667936154778,22.0415829,22.69066640001256,1000,1000,20,10,200,151-500,Taillard,extension,1.0,4,0.0226846,0,B-G,../runs/PFSP-ta013-B-G-73.json,0.6562507682364327,0.56962025316456,5.77213218474717
ta013,PFSP,XHTE,19,completed,True,1664.0,22357.0,0.9191904858192173,19.0721164,19.80120149999857,1000,1000,20,10,200,151-500,Taillard,extension,1.0,5,0.0230696,0,T-B-G,../runs/PFSP-ta013-T-B-G-19.json,1.775744012196434,5.316455696202538,8.80907188397333
ta013,PFSP,XHTE,42,completed,True,1663.0,22372.0,0.9192303487916016,23.792508,24.527118999976665,1000,1000,20,10,200,151-500,Taillard,extension,1.0,5,0.0223627,0,T-B-G,../runs/PFSP-ta013-T-B-G-42.json,1.77148427401993,5.253164556962031,8.882075242127808
ta013,PFSP,XHTE,73,completed,True,1661.0,21865.0,0.9218361644497072,25.0956602,25.87301209999714,1000,1000,20,10,200,151-500,Taillard,extension,1.0,3,0.0228883,0,T-B-G,../runs/PFSP-ta013-T-B-G-73.json,1.4930280582436395,5.126582278481018,6.414561736506541
ta013,PFSP,NSGA-II,19,completed,True,1649,21616,0.9241915761928269,0.2179242999991402,1.001080600079149,1000,1000,20,10,200,151-500,Taillard,extension,1.0,4,0.0054490999318659306,0,NSGA-II,../runs/PFSP-ta013-NSGA-II-19.json,1.2413298851422616,4.367088607594938,5.2027059911422535
ta013,PFSP,NSGA-II,42,completed,True,1661,21254,0.9246755955500701,0.21482829994056374,0.9971029000589624,1000,1000,20,10,200,151-500,Taillard,extension,1.0,7,0.004431299981661141,0,NSGA-II,../runs/PFSP-ta013-NSGA-II-42.json,1.189607807964177,5.126582278481018,3.4408916143475965
ta013,PFSP,NSGA-II,73,completed,True,1665,21673,0.9223235400251085,0.2094269999070093,0.8712620000587776,1000,1000,20,10,200,151-500,Taillard,extension,1.0,4,0.005042799981310964,0,NSGA-II,../runs/PFSP-ta013-NSGA-II-73.json,1.4409473371972736,5.379746835443044,5.480118752129259
ta013,PFSP,SPEA2,19,completed,True,1619,21463,0.9279090411257553,0.2345561000984162,0.9301981999306008,1000,1000,20,10,200,151-500,Taillard,extension,1.0,8,0.00445230002515018,0,SPEA2,../runs/PFSP-ta013-SPEA2-19.json,0.8440833591708663,2.468354430379738,4.458071737966618
ta013,PFSP,SPEA2,42,completed,True,1644,21505,0.9252224557990121,0.22536470007617027,0.9476462999591604,1000,1000,20,10,200,151-500,Taillard,extension,1.0,7,0.003919200040400028,0,SPEA2,../runs/PFSP-ta013-SPEA2-42.json,1.1311705831339336,4.0506329113924044,4.662481140799146
ta013,PFSP,SPEA2,73,completed,True,1644,21375,0.9258048127071355,0.22958809998817742,0.9463966999901459,1000,1000,20,10,200,151-500,Taillard,extension,1.0,6,0.004022700013592839,0,SPEA2,../runs/PFSP-ta013-SPEA2-73.json,1.0689402022691863,4.0506329113924044,4.029785370127015
ta013,PFSP,MOEA/D,19,completed,True,1586,21037,0.9332795308032648,0.344580200035125,0.9833058000076562,1000,1000,20,10,200,151-500,Taillard,extension,1.0,3,0.005287399981170893,0,MOEA-D,../runs/PFSP-ta013-MOEA-D-19.json,0.2701953990562611,0.37974683544304,2.3847763663795263
ta013,PFSP,MOEA/D,42,completed,True,1604,20961,0.9318413554893151,0.3839189999271184,1.0977272999007255,1000,1000,20,10,200,151-500,Taillard,extension,1.0,4,0.005231599905528128,0,MOEA-D,../runs/PFSP-ta013-MOEA-D-42.json,0.4238781257294266,1.51898734177216,2.0148926850635185
ta013,PFSP,MOEA/D,73,completed,True,1580,21329,0.9324819554701878,0.3814517999999225,1.1013130999635905,1000,1000,20,10,200,151-500,Taillard,extension,1.0,6,0.003634100081399083,0,MOEA-D,../runs/PFSP-ta013-MOEA-D-73.json,0.35542391794796124,0.0,3.805908405119962
ta013,PFSP,SMS-EMOA,19,completed,True,1662,21816,0.9219184178876803,0.1995001999894157,0.8408635000232607,1000,1000,20,10,200,151-500,Taillard,extension,1.0,10,0.004234299995005131,0,SMS-EMOA,../runs/PFSP-ta013-SMS-EMOA-19.json,1.48423849517485,5.189873417721524,6.176084099868584
ta013,PFSP,SMS-EMOA,42,completed,True,1656,21199,0.9254379650927888,0.20031230000313371,0.8548200000077486,1000,1000,20,10,200,151-500,Taillard,extension,1.0,6,0.0038831999991089106,0,SMS-EMOA,../runs/PFSP-ta013-SMS-EMOA-42.json,1.1081413630035675,4.810126582278484,3.173212634447853
ta013,PFSP,SMS-EMOA,73,completed,True,1656,21559,0.9237496433089057,0.22192909999284893,0.8868453999748453,1000,1000,20,10,200,151-500,Taillard,extension,1.0,5,0.004784699995070696,0,SMS-EMOA,../runs/PFSP-ta013-SMS-EMOA-73.json,1.2885546218963762,4.810126582278484,4.925293230155248
ta018,PFSP,XG,19,completed,True,1989.0,26918.0,0.8668328549292256,0.0218663,0.6794176999246702,1,1000,20,10,200,151-500,Taillard,extension,1.0,1,0.0218146,0,F,../runs/PFSP-ta018-F-19.json,7.118431766432975,25.094339622641513,27.59764884338263
ta018,PFSP,XG,42,completed,True,1989.0,26918.0,0.8668328549292256,0.0224823,0.6753825000487268,1,1000,20,10,200,151-500,Taillard,extension,1.0,1,0.0224284,0,F,../runs/PFSP-ta018-F-42.json,7.118431766432975,25.094339622641513,27.59764884338263
ta018,PFSP,XG,73,completed,True,1989.0,26918.0,0.8668328549292256,0.0220094,0.7612970999907702,1,1000,20,10,200,151-500,Taillard,extension,1.0,1,0.0219553,0,F,../runs/PFSP-ta018-F-73.json,7.118431766432975,25.094339622641513,27.59764884338263
ta018,PFSP,XH,19,completed,True,1945.0,25662.0,0.8768471897143002,20.8387795,21.511075599933974,1000,1000,20,10,200,151-500,Taillard,extension,1.0,2,0.0210122,0,T,../runs/PFSP-ta018-T-19.json,6.045390851607902,22.32704402515724,21.64391353811148
ta018,PFSP,XH,42,completed,True,1916.0,25414.0,0.8808246517752384,21.8295394,22.56717260007281,1000,1000,20,10,200,151-500,Taillard,extension,1.0,1,0.0218711,0,T,../runs/PFSP-ta018-T-42.json,5.619203828690289,20.503144654088047,20.46833522942737
ta018,PFSP,XH,73,completed,True,1916.0,25461.0,0.8806095150572971,18.7681169,19.501885500038043,1000,1000,20,10,200,151-500,Taillard,extension,1.0,1,0.0245059,0,T,../runs/PFSP-ta018-T-73.json,5.642255834199061,20.503144654088047,20.691126279863493
ta018,PFSP,XT,19,completed,True,1854.0,24140.0,0.8927799304523454,19.3397497,20.05876309995074,1000,1000,20,10,200,151-500,Taillard,extension,1.0,2,0.0224316,0,B,../runs/PFSP-ta018-B-19.json,4.3381898178753815,16.603773584905657,14.429275692074327
ta018,PFSP,XT,42,completed,True,1848.0,24104.0,0.8935239524271817,21.9152801,22.629478799994104,1000,1000,20,10,200,151-500,Taillard,extension,1.0,3,0.0211545,0,B,../runs/PFSP-ta018-B-42.json,4.258467496057438,16.226415094339618,14.258627227910514
ta018,PFSP,XT,73,completed,True,1868.0,24310.0,0.8906130089010867,25.8909029,26.88048070005607,1000,1000,20,10,200,151-500,Taillard,extension,1.0,2,0.0246724,0,B,../runs/PFSP-ta018-B-73.json,4.570376531583243,17.484276729559745,15.235115661736831
ta018,PFSP,XE,19,completed,True,1677.0,21103.0,0.924533071648102,18.3978561,19.18720039993059,1000,1000,20,10,200,151-500,Taillard,extension,1.0,2,0.0236843,0,G,../runs/PFSP-ta018-G-19.json,0.9358250668940138,5.471698113207557,0.03318164580963234
ta018,PFSP,XE,42,completed,True,1648.0,21617.0,0.9250171746741579,19.412984,20.112738399999216,1000,1000,20,10,200,151-500,Taillard,extension,1.0,3,0.0206674,0,G,../runs/PFSP-ta018-G-42.json,0.8839531887216423,3.647798742138364,2.4696624952597723
ta018,PFSP,XE,73,completed,True,1655.0,21567.0,0.9245411125780785,18.5319298,19.35627659992315,1000,1000,20,10,200,151-500,Taillard,extension,1.0,6,0.0218947,0,G,../runs/PFSP-ta018-G-73.json,0.9349634772784055,4.088050314465419,2.2326507394766715
ta018,PFSP,XHT,19,completed,True,1833.0,23598.0,0.8973587303830417,19.1825193,19.908639100030996,1000,1000,20,10,200,151-500,Taillard,extension,1.0,1,0.023938,0,T-B,../runs/PFSP-ta018-T-B-19.json,3.847569145421126,15.283018867924536,11.86006825938566
ta018,PFSP,XHT,42,completed,True,1852.0,23950.0,0.8938489210012517,21.3215184,22.034337799996138,1000,1000,20,10,200,151-500,Taillard,extension,1.0,5,0.0219482,0,T-B,../runs/PFSP-ta018-T-B-42.json,4.22364695295665,16.477987421383645,13.528631020098603
ta018,PFSP,XHT,73,completed,True,1822.0,23925.0,0.8969295331371254,21.302314,21.994548300048336,1000,1000,20,10,200,151-500,Taillard,extension,1.0,4,0.0219809,0,T-B,../runs/PFSP-ta018-T-B-73.json,3.8935578421526174,14.591194968553456,13.410125142207052
ta018,PFSP,XHE,19,completed,True,1674.0,21663.0,0.9221965359492937,20.9541702,21.647378899971955,1000,1000,20,10,200,151-500,Taillard,extension,1.0,4,0.0217837,0,T-G,../runs/PFSP-ta018-T-G-19.json,1.186186020225366,5.283018867924527,2.6877133105801976
ta018,PFSP,XHE,42,completed,True,1665.0,21842.0,0.9222482323335035,18.5745778,19.373877199948765,1000,1000,20,10,200,151-500,Taillard,extension,1.0,4,0.0233811,0,T-G,../runs/PFSP-ta018-T-G-42.json,1.180646727142387,4.716981132075482,3.5362153962836596
ta018,PFSP,XHE,73,completed,True,1654.0,21411.0,0.9253743970245919,19.7529493,20.53212039999198,1000,1000,20,10,200,151-500,Taillard,extension,1.0,3,0.0216659,0,T-G,../runs/PFSP-ta018-T-G-73.json,0.8456766375644964,4.025157232704402,1.4931740614334554
ta018,PFSP,XTE,19,completed,True,1674.0,22130.0,0.9199877838364345,20.0412879,20.789922799915075,1000,1000,20,10,200,151-500,Taillard,extension,1.0,3,0.0229487,0,B-G,../runs/PFSP-ta018-B-G-19.json,1.422854899254311,5.283018867924527,4.901403109594238
ta018,PFSP,XTE,42,completed,True,1679.0,21937.0,0.9204062850677093,21.2710945,21.989263499970548,1000,1000,20,10,200,151-500,Taillard,extension,1.0,4,0.0211317,0,B-G,../runs/PFSP-ta018-B-G-42.json,1.3780122857707133,5.59748427672957,3.986537732271511
ta018,PFSP,XTE,73,completed,True,1658.0,21779.0,0.9232382320483419,20.8890005,21.687747200019658,1000,1000,20,10,200,151-500,Taillard,extension,1.0,4,0.0247357,0,B-G,../runs/PFSP-ta018-B-G-73.json,1.0745677690801814,4.276729559748427,3.2375805839969685
ta018,PFSP,XHTE,19,completed,True,1709.0,22398.0,0.9152465206284772,18.7666318,19.408588999998756,1000,1000,20,10,200,151-500,Taillard,extension,1.0,6,0.0220045,0,T-B-G,../runs/PFSP-ta018-T-B-G-19.json,1.9308835920513245,7.484276729559758,6.171786120591571
ta018,PFSP,XHTE,42,completed,True,1682.0,21914.0,0.9202241755101838,18.911836,19.65311259997543,1000,1000,20,10,200,151-500,Taillard,extension,1.0,2,0.0233402,0,T-B-G,../runs/PFSP-ta018-T-B-G-42.json,1.397525414740286,5.786163522012577,3.8775123246113097
ta018,PFSP,XHTE,73,completed,True,1654.0,21536.0,0.9247815792300398,18.0134186,18.72293189994525,1000,1000,20,10,200,151-500,Taillard,extension,1.0,6,0.0227266,0,T-B-G,../runs/PFSP-ta018-T-B-G-73.json,0.909197356837721,4.025157232704402,2.085703450891163
ta018,PFSP,NSGA-II,19,completed,True,1639,22084,0.9237135276956346,0.20794919994659722,0.9805767999496311,1000,1000,20,10,200,151-500,Taillard,extension,1.0,2,0.004008800024166703,0,NSGA-II,../runs/PFSP-ta018-NSGA-II-19.json,1.0236396058892039,3.0817610062893186,4.68335229427379
ta018,PFSP,NSGA-II,42,completed,True,1683,21674,0.9212343626599452,0.20041679998394102,0.8517039000289515,1000,1000,20,10,200,151-500,Taillard,extension,1.0,2,0.006112199975177646,0,NSGA-II,../runs/PFSP-ta018-NSGA-II-42.json,1.28928336306251,5.849056603773595,2.7398558968524833
ta018,PFSP,NSGA-II,73,completed,True,1692,21785,0.9197914046649287,0.21923069993499666,0.9720961999846622,1000,1000,20,10,200,151-500,Taillard,extension,1.0,6,0.004341799998655915,0,NSGA-II,../runs/PFSP-ta018-NSGA-II-73.json,1.4438970244046834,6.41509433962264,3.2660219946909264
ta018,PFSP,SPEA2,19,completed,True,1667,21855,0.9219742569281568,0.24212009995244443,0.9368949000490829,1000,1000,20,10,200,151-500,Taillard,extension,1.0,4,0.005298599950037897,0,SPEA2,../runs/PFSP-ta018-SPEA2-19.json,1.2100033270466493,4.842767295597494,3.59783845278725
ta018,PFSP,SPEA2,42,completed,True,1678,22118,0.9196375215345084,0.22671389998868108,0.9113130000187084,1000,1000,20,10,200,151-500,Taillard,extension,1.0,5,0.004167500068433583,0,SPEA2,../runs/PFSP-ta018-SPEA2-42.json,1.460385677778686,5.534591194968552,4.8445202882063
ta018,PFSP,SPEA2,73,completed,True,1671,22146,0.9202168968474368,0.2316376999951899,0.8884326999541372,1000,1000,20,10,200,151-500,Taillard,extension,1.0,3,0.004217199981212616,0,SPEA2,../runs/PFSP-ta018-SPEA2-73.json,1.3983053270460233,5.094339622641519,4.977246871444829
ta018,PFSP,MOEA/D,19,completed,True,1601,21339,0.9310403767668457,0.3267679000273347,0.9932647999376059,1000,1000,20,10,200,151-500,Taillard,extension,1.0,3,0.005478500039316714,0,MOEA-D,../runs/PFSP-ta018-MOEA-D-19.json,0.2385641117210735,0.6918238993710801,1.1518771331058053
ta018,PFSP,MOEA/D,42,completed,True,1625,21245,0.9290799169367376,0.35269079997669905,1.1279193999944255,1000,1000,20,10,200,151-500,Taillard,extension,1.0,2,0.0051871000323444605,0,MOEA-D,../runs/PFSP-ta018-MOEA-D-42.json,0.4486283501078492,2.2012578616352307,0.7062950322336059
ta018,PFSP,MOEA/D,73,completed,True,1590,21096,0.9332668164575151,0.4058879000367597,1.1752897000405937,1000,1000,20,10,200,151-500,Taillard,extension,1.0,9,0.006550500052981079,0,MOEA-D,../runs/PFSP-ta018-MOEA-D-73.json,0.0,0.0,0.0
ta018,PFSP,SMS-EMOA,19,completed,True,1697,21805,0.919221338619583,0.22623309993650764,0.9759030001005158,1000,1000,20,10,200,151-500,Taillard,extension,1.0,5,0.004920099978335202,0,SMS-EMOA,../runs/PFSP-ta018-SMS-EMOA-19.json,1.5049798825212513,6.729559748427683,3.360826697004171
ta018,PFSP,SMS-EMOA,42,completed,True,1648,21656,0.9248225783757373,0.1996774000581354,0.883136099902913,1000,1000,20,10,200,151-500,Taillard,extension,1.0,4,0.004275100072845817,0,SMS-EMOA,../runs/PFSP-ta018-SMS-EMOA-42.json,0.9048042781409804,3.647798742138364,2.6545316647705652
ta018,PFSP,SMS-EMOA,73,completed,True,1710,22188,0.9161264354519986,0.2040609000250697,0.8749241000041366,1000,1000,20,10,200,151-500,Taillard,extension,1.0,6,0.004083600011654198,0,SMS-EMOA,../runs/PFSP-ta018-SMS-EMOA-73.json,1.8366002844264595,7.547169811320753,5.176336746302623
ta021,PFSP,XG,19,completed,True,2827.0,39813.0,0.9622899562855253,0.045322,0.8721113000065088,1,1000,20,20,400,151-500,Taillard,extension,1.0,1,0.0452329,0,F,../runs/PFSP-ta021-F-19.json,3.10752053326655,17.546777546777538,13.63779078064793
ta021,PFSP,XG,42,completed,True,2827.0,39813.0,0.9622899562855253,0.0454279,0.6886397999478504,1,1000,20,20,400,151-500,Taillard,extension,1.0,1,0.0453422,0,F,../runs/PFSP-ta021-F-42.json,3.10752053326655,17.546777546777538,13.63779078064793
ta021,PFSP,XG,73,completed,True,2827.0,39813.0,0.9622899562855253,0.0444899,0.7173506999388337,1,1000,20,20,400,151-500,Taillard,extension,1.0,1,0.0443973,0,F,../runs/PFSP-ta021-F-73.json,3.10752053326655,17.546777546777538,13.63779078064793
ta021,PFSP,XH,19,completed,True,2621.0,39123.0,0.9741016573118424,44.9415954,45.737357200006954,1000,1000,20,20,400,151-500,Taillard,extension,1.0,9,0.0470926,0,T,../runs/PFSP-ta021-T-19.json,1.9182064479597583,8.981288981288982,11.668331668331678
ta021,PFSP,XH,42,completed,True,2564.0,39032.0,0.9771615422403835,48.833244,49.50894369999878,1000,1000,20,20,400,151-500,Taillard,extension,1.0,1,0.045519,0,T,../runs/PFSP-ta021-T-42.json,1.6101082124199584,6.611226611226617,11.408591408591406
ta021,PFSP,XH,73,completed,True,2577.0,39011.0,0.9765605015511047,48.3171869,48.99822339997627,1000,1000,20,20,400,151-500,Taillard,extension,1.0,3,0.0448164,0,T,../runs/PFSP-ta021-T-73.json,1.670626689480048,7.151767151767152,11.348651348651352
ta021,PFSP,XT,19,completed,True,2663.0,37980.0,0.9747731539511565,50.1413293,50.86414339998737,1000,1000,20,20,400,151-500,Taillard,extension,1.0,2,0.0445586,0,B,../runs/PFSP-ta021-B-19.json,1.8505937976232012,10.727650727650717,8.40587983445127
ta021,PFSP,XT,42,completed,True,2664.0,37929.0,0.9748438551720966,47.4935042,48.151313000009395,1000,1000,20,20,400,151-500,Taillard,extension,1.0,2,0.0442288,0,B,../runs/PFSP-ta021-B-42.json,1.843474928145794,10.769230769230775,8.260311117453977
ta021,PFSP,XT,73,completed,True,2689.0,38283.0,0.9727595823909374,44.7977432,45.58870059996843,1000,1000,20,20,400,151-500,Taillard,extension,1.0,2,0.0460261,0,B,../runs/PFSP-ta021-B-73.json,2.053339279667321,11.80873180873181,9.270729270729273
ta021,PFSP,XE,19,completed,True,2405.0,36008.0,0.9923344705155431,43.3616476,44.09995419997722,1000,1000,20,20,400,151-500,Taillard,extension,1.0,9,0.0456912,0,G,../runs/PFSP-ta021-G-19.json,0.08235388873780725,0.0,2.7772227772227875
ta021,PFSP,XE,42,completed,True,2435.0,35477.0,0.9921272860422918,42.1066547,42.93024360004347,1000,1000,20,20,400,151-500,Taillard,extension,1.0,10,0.0493105,0,G,../runs/PFSP-ta021-G-42.json,0.10321518650903139,1.2474012474012364,1.261595547309824
ta021,PFSP,XE,73,completed,True,2493.0,35815.0,0.988423181090569,41.3819684,42.153723899973556,1000,1000,20,20,400,151-500,Taillard,extension,1.0,11,0.045833,0,G,../runs/PFSP-ta021-G-73.json,0.47617960397297043,3.6590436590436592,2.226345083487935
ta021,PFSP,XHT,19,completed,True,2527.0,38693.0,0.9798089237947012,45.2765895,46.03799420001451,1000,1000,20,20,400,151-500,Taillard,extension,1.0,1,0.0506218,0,T-B,../runs/PFSP-ta021-T-B-19.json,1.3435447289118607,5.072765072765062,10.44098758384473
ta021,PFSP,XHT,42,completed,True,2651.0,38153.0,0.9749543325307868,51.0177548,51.74739460006822,1000,1000,20,20,400,151-500,Taillard,extension,1.0,3,0.0473942,0,T-B,../runs/PFSP-ta021-T-B-42.json,1.8323510198700155,10.228690228690219,8.899671756814609
ta021,PFSP,XHT,73,completed,True,2507.0,38180.0,0.9820352579194553,48.5332887,49.2915384999942,1000,1000,20,20,400,151-500,Taillard,extension,1.0,1,0.0457182,0,T-B,../runs/PFSP-ta021-T-B-73.json,1.1193762939616492,4.24116424116423,8.976737548166124
ta021,PFSP,XHE,19,completed,True,2486.0,36743.0,0.9865357269634121,50.6969912,51.370194300077856,1000,1000,20,20,400,151-500,Taillard,extension,1.0,7,0.0452662,0,T-G,../runs/PFSP-ta021-T-G-19.json,0.6662263867180385,3.3679833679833626,4.87512487512487
ta021,PFSP,XHE,42,completed,True,2470.0,37235.0,0.9861495794144742,46.9538912,47.71773779997602,1000,1000,20,20,400,151-500,Taillard,extension,1.0,7,0.0450977,0,T-G,../runs/PFSP-ta021-T-G-42.json,0.7051073842928357,2.7027027027026973,6.279434850863419
ta021,PFSP,XHE,73,completed,True,2458.0,37096.0,0.9870754288069855,48.921739,49.612140999990515,1000,1000,20,20,400,151-500,Taillard,extension,1.0,4,0.0450154,0,T-G,../runs/PFSP-ta021-T-G-73.json,0.6118840864009378,2.2037422037421983,5.882688739831599
ta021,PFSP,XTE,19,completed,True,2491.0,36098.0,0.987844566952861,49.2036333,49.92194299993571,1000,1000,20,20,400,151-500,Taillard,extension,1.0,6,0.048423,0,B-G,../runs/PFSP-ta021-B-G-19.json,0.5344399631202701,3.575883575883565,3.0341087483944706
ta021,PFSP,XTE,42,completed,True,2450.0,36086.0,0.9899189731063307,60.8199098,61.74691280000843,1000,1000,20,20,400,151-500,Taillard,extension,1.0,4,0.0561158,0,B-G,../runs/PFSP-ta021-B-G-42.json,0.3255690772527964,1.8711018711018657,2.999857285571572
ta021,PFSP,XTE,73,completed,True,2474.0,35895.0,0.9891700204724624,47.500886,48.283795800060034,1000,1000,20,20,400,151-500,Taillard,extension,1.0,9,0.0452852,0,B-G,../runs/PFSP-ta021-B-G-73.json,0.4009807317386871,2.8690228690228636,2.454688168973873
ta021,PFSP,XHTE,19,completed,True,2444.0,36537.0,0.9891254908529454,44.5472329,45.34259030001704,1000,1000,20,20,400,151-500,Taillard,extension,1.0,2,0.0471786,0,T-B-G,../runs/PFSP-ta021-T-B-G-19.json,0.4054643961649007,1.6216216216216273,4.2871414299985755
ta021,PFSP,XHTE,42,completed,True,2518.0,36976.0,0.984385358326753,46.9866178,47.71920719998889,1000,1000,20,20,400,151-500,Taillard,extension,1.0,2,0.0458214,0,T-B-G,../runs/PFSP-ta021-T-B-G-42.json,0.8827458958456713,4.698544698544693,5.54017411160268
ta021,PFSP,XHTE,73,completed,True,2446.0,36945.0,0.9880359226509317,44.3503278,45.07073409995064,1000,1000,20,20,400,151-500,Taillard,extension,1.0,9,0.0457231,0,T-B-G,../runs/PFSP-ta021-T-B-G-73.json,0.5151724565594429,1.7047817047816993,5.45169116597688
ta021,PFSP,NSGA-II,19,completed,True,2471,35190,0.9910250447397075,0.35574239993002266,1.0241444000275806,1000,1000,20,20,400,151-500,Taillard,extension,1.0,4,0.004328100010752678,0,NSGA-II,../runs/PFSP-ta021-NSGA-II-19.json,0.21419929486476974,2.7442827442827333,0.4424147281290036
ta021,PFSP,NSGA-II,42,completed,True,2457,35496,0.990992648834019,0.36935659998562187,1.0331958999158815,1000,1000,20,20,400,151-500,Taillard,extension,1.0,3,0.0039898999966681,0,NSGA-II,../runs/PFSP-ta021-NSGA-II-42.json,0.2174612219026928,2.1621621621621623,1.3158270301127484
ta021,PFSP,NSGA-II,73,completed,True,2448,35282,0.9919429953287773,0.39848270011134446,1.199789399979636,1000,1000,20,20,400,151-500,Taillard,extension,1.0,4,0.004159200005233288,0,NSGA-II,../runs/PFSP-ta021-NSGA-II-73.json,0.12177132341816277,1.7879417879417936,0.7050092764378402
ta021,PFSP,SPEA2,19,completed,True,2449,35583,0.9911710924380701,0.40217120002489537,1.087487299926579,1000,1000,20,20,400,151-500,Taillard,extension,1.0,9,0.0041027000406757,0,SPEA2,../runs/PFSP-ta021-SPEA2-19.json,0.19949382743021937,1.8295218295218296,1.5641501355787124
ta021,PFSP,SPEA2,42,completed,True,2449,35722,0.9908453934918439,0.41363900003489107,1.1440167999826372,1000,1000,20,20,400,151-500,Taillard,extension,1.0,5,0.00445649994071573,0,SPEA2,../runs/PFSP-ta021-SPEA2-42.json,0.232288286369986,1.8295218295218296,1.9608962466105329
ta021,PFSP,SPEA2,73,completed,True,2484,35740,0.9890507671210388,0.3829263999359682,1.0520596998976544,1000,1000,20,20,400,151-500,Taillard,extension,1.0,4,0.004409199929796159,0,SPEA2,../runs/PFSP-ta021-SPEA2-73.json,0.4129882901972137,3.2848232848232906,2.0122734408448695
ta021,PFSP,MOEA/D,19,completed,True,2425,35264,0.9931523701134233,0.5212058000033721,1.1326713000889868,1000,1000,20,20,400,151-500,Taillard,extension,1.0,5,0.003972500097006559,0,MOEA-D,../runs/PFSP-ta021-MOEA-D-19.json,0.0,0.8316008316008316,0.6536320822035036
ta021,PFSP,MOEA/D,42,completed,True,2443,35035,0.9928059133969643,0.49293239996768534,1.1669353999895975,1000,1000,20,20,400,151-500,Taillard,extension,1.0,4,0.005129899946041405,0,MOEA-D,../runs/PFSP-ta021-MOEA-D-42.json,0.03488454812018427,1.580041580041569,0.0
ta021,PFSP,MOEA/D,73,completed,True,2412,35684,0.9927733734625945,0.55902819999028,1.3064875000854954,1000,1000,20,20,400,151-500,Taillard,extension,1.0,9,0.006268800003454089,0,MOEA-D,../runs/PFSP-ta021-MOEA-D-73.json,0.03816097733174706,0.2910602910602966,1.8524332810047062
ta021,PFSP,SMS-EMOA,19,completed,True,2471,35771,0.9896296036218041,0.37432989990338683,1.130036300048232,1000,1000,20,20,400,151-500,Taillard,extension,1.0,5,0.004961199942044914,0,SMS-EMOA,../runs/PFSP-ta021-SMS-EMOA-19.json,0.3547055414283351,2.7442827442827333,2.10075638647067
ta021,PFSP,SMS-EMOA,42,completed,True,2465,35695,0.9901041616176843,0.38699030003044754,1.1361589999869466,1000,1000,20,20,400,151-500,Taillard,extension,1.0,4,0.004648300004191697,0,SMS-EMOA,../runs/PFSP-ta021-SMS-EMOA-42.json,0.30692254154222054,2.494802494802495,1.8838304552590168
ta021,PFSP,SMS-EMOA,73,completed,True,2456,35567,0.9908669510172483,0.3839985999511555,1.171087000053376,1000,1000,20,20,400,151-500,Taillard,extension,1.0,8,0.005677200038917363,0,SMS-EMOA,../runs/PFSP-ta021-SMS-EMOA-73.json,0.23011767025375995,2.1205821205821263,1.5184815184815292
ta025,PFSP,XG,19,completed,True,2765.0,39774.0,0.9676388557122304,0.0457775,0.8052823001053184,1,1000,20,20,400,151-500,Taillard,extension,1.0,1,0.0456844,0,F,../runs/PFSP-ta025-F-19.json,2.8041223274278715,16.22530474989492,10.933229207340878
ta025,PFSP,XG,42,completed,True,2765.0,39774.0,0.9676388557122304,0.050637,0.8223461000015959,1,1000,20,20,400,151-500,Taillard,extension,1.0,1,0.0505432,0,F,../runs/PFSP-ta025-F-42.json,2.8041223274278715,16.22530474989492,10.933229207340878
ta025,PFSP,XG,73,completed,True,2765.0,39774.0,0.9676388557122304,0.0470794,0.8702815000433475,1,1000,20,20,400,151-500,Taillard,extension,1.0,1,0.0469781,0,F,../runs/PFSP-ta025-F-73.json,2.8041223274278715,16.22530474989492,10.933229207340878
ta025,PFSP,XH,19,completed,True,2641.0,39004.0,0.9755378432867478,50.5473767,51.33391330006998,1000,1000,20,20,400,151-500,Taillard,extension,1.0,5,0.0459147,0,T,../runs/PFSP-ta025-T-19.json,2.0106971507746874,11.01303068516184,8.785630613041784
ta025,PFSP,XH,42,completed,True,2639.0,39004.0,0.975633918444541,50.800045,51.58137440006249,1000,1000,20,20,400,151-500,Taillard,extension,1.0,5,0.04735,0,T,../runs/PFSP-ta025-T-42.json,2.0010467432604484,10.92896174863387,8.785630613041784
ta025,PFSP,XH,73,completed,True,2608.0,38985.0,0.9772045758007745,43.3404264,44.07384889991954,1000,1000,20,20,400,151-500,Taillard,extension,1.0,3,0.0469222,0,T,../runs/PFSP-ta025-T-73.json,1.843279804323672,9.6258932324506,8.732637920455177
ta025,PFSP,XT,19,completed,True,2643.0,38466.0,0.9767160916315377,41.9693122,42.74506270000711,1000,1000,20,20,400,151-500,Taillard,extension,1.0,9,0.0456735,0,B,../runs/PFSP-ta025-B-19.json,1.8923462998223228,11.097099621689788,7.2851006861159195
ta025,PFSP,XT,42,completed,True,2625.0,38484.0,0.9775606332498693,44.3385847,45.18974119995255,1000,1000,20,20,400,151-500,Taillard,extension,1.0,3,0.0463024,0,B,../runs/PFSP-ta025-B-42.json,1.8075151013434931,10.340479192938211,7.335304289619016
ta025,PFSP,XT,73,completed,True,2626.0,38549.0,0.9773571054056541,46.330611,47.005465000052936,1000,1000,20,20,400,151-500,Taillard,extension,1.0,2,0.0440917,0,B,../runs/PFSP-ta025-B-73.json,1.8279587486118132,10.382513661202175,7.516595080046851
ta025,PFSP,XE,19,completed,True,2443.0,35984.0,0.9924795168974857,39.8779423,40.72654419997707,1000,1000,20,20,400,151-500,Taillard,extension,1.0,8,0.050728,0,G,../runs/PFSP-ta025-G-19.json,0.3089663592534042,2.690205968894488,0.36258158085569203
ta025,PFSP,XE,42,completed,True,2461.0,36377.0,0.9906560989229053,43.5905128,44.286388799897395,1000,1000,20,20,400,151-500,Taillard,extension,1.0,9,0.0450014,0,G,../runs/PFSP-ta025-G-42.json,0.4921222023213545,3.4468263976460634,1.4586935906732768
ta025,PFSP,XE,73,completed,True,2424.0,36378.0,0.992477397074017,45.3365767,46.04700090002734,1000,1000,20,20,400,151-500,Taillard,extension,1.0,8,0.045697,0,G,../runs/PFSP-ta025-G-73.json,0.30917928797296046,1.8915510718789497,1.461482679756787
ta025,PFSP,XHT,19,completed,True,2538.0,38491.0,0.9818197623837812,43.7087283,44.48276279994752,1000,1000,20,20,400,151-500,Taillard,extension,1.0,2,0.0470276,0,T-B,../runs/PFSP-ta025-T-B-19.json,1.3797007449360188,6.683480453972268,7.354827913203543
ta025,PFSP,XHT,42,completed,True,2558.0,38818.0,0.9800577419440079,43.3145683,44.027276600012556,1000,1000,20,20,400,151-500,Taillard,extension,1.0,3,0.0481381,0,T-B,../runs/PFSP-ta025-T-B-42.json,1.556689424245239,7.524169819251791,8.266860043509784
ta025,PFSP,XHT,73,completed,True,2575.0,38747.0,0.979391585133252,44.1574974,44.86580250004772,1000,1000,20,20,400,151-500,Taillard,extension,1.0,2,0.0485427,0,T-B,../runs/PFSP-ta025-T-B-73.json,1.623602503961652,8.238755779739382,8.06883471858091
ta025,PFSP,XHE,19,completed,True,2430.0,37260.0,0.9900773593407347,48.0961195,48.77108149998821,1000,1000,20,20,400,151-500,Taillard,extension,1.0,5,0.0438234,0,T-G,../runs/PFSP-ta025-T-G-19.json,0.5502545326849684,2.1437578814627933,3.921459251408499
ta025,PFSP,XHE,42,completed,True,2392.0,37495.0,0.9913875305719051,43.3998656,44.12280360003933,1000,1000,20,20,400,151-500,Taillard,extension,1.0,5,0.0460454,0,T-G,../runs/PFSP-ta025-T-G-42.json,0.4186524975215211,0.5464480874316946,4.576895186032237
ta025,PFSP,XHE,73,completed,True,2452.0,37091.0,0.9893829284215238,45.343822,46.10802470007911,1000,1000,20,20,400,151-500,Taillard,extension,1.0,8,0.046318,0,T-G,../runs/PFSP-ta025-T-G-73.json,0.6200076459226489,3.0685161832702867,3.4501031962960838
ta025,PFSP,XTE,19,completed,True,2434.0,37078.0,0.9903108709574469,48.3246866,49.13599949993659,1000,1000,20,20,400,151-500,Taillard,extension,1.0,6,0.0456283,0,B-G,../runs/PFSP-ta025-B-G-19.json,0.5267991222298263,2.3118957545187113,3.4138450382105168
ta025,PFSP,XTE,42,completed,True,2423.0,36935.0,0.9912016355963853,41.0395575,41.92412109998986,1000,1000,20,20,400,151-500,Taillard,extension,1.0,4,0.048199,0,B-G,../runs/PFSP-ta025-B-G-42.json,0.4373249859131345,1.8495166036149646,3.0150052992692578
ta025,PFSP,XTE,73,completed,True,2473.0,37532.0,0.9872975706508893,49.300629,50.040929800015874,1000,1000,20,20,400,151-500,Taillard,extension,1.0,7,0.0447061,0,B-G,../runs/PFSP-ta025-B-G-73.json,0.8294744088390149,3.951240016813795,4.68009148212194
ta025,PFSP,XHTE,19,completed,True,2476.0,37312.0,0.9876714878496379,41.2457382,42.00900330010336,1000,1000,20,20,400,151-500,Taillard,extension,1.0,8,0.0467021,0,T-B-G,../runs/PFSP-ta025-T-B-G-19.json,0.7919157575977054,4.077343421605706,4.066491883750767
ta025,PFSP,XHTE,42,completed,True,2523.0,37654.0,0.9845490547224724,49.0763697,49.737651300034486,1000,1000,20,20,400,151-500,Taillard,extension,1.0,4,0.0444458,0,T-B-G,../runs/PFSP-ta025-T-B-G-42.json,1.1055530474576414,6.052963430012603,5.020360350309594
ta025,PFSP,XHTE,73,completed,True,2454.0,36744.0,0.9900981982040029,50.6990738,51.374414999969304,1000,1000,20,20,400,151-500,Taillard,extension,1.0,5,0.0450054,0,T-B-G,../runs/PFSP-ta025-T-B-G-73.json,0.5481613430687204,3.1525851197982346,2.4822892843197497
ta025,PFSP,NSGA-II,19,completed,True,2507,36418,0.988281837112893,0.3775448000524193,1.1202683000592515,1000,1000,20,20,400,151-500,Taillard,extension,1.0,8,0.005106099997647107,0,NSGA-II,../runs/PFSP-ta025-NSGA-II-19.json,0.7306083473188729,5.380411937788998,1.5730462430969983
ta025,PFSP,NSGA-II,42,completed,True,2472,36272,0.9903601925240582,0.37229189998470247,1.1123603000305593,1000,1000,20,20,400,151-500,Taillard,extension,1.0,4,0.004272999940440059,0,NSGA-II,../runs/PFSP-ta025-NSGA-II-42.json,0.5218449464785335,3.90920554854981,1.1658392369052306
ta025,PFSP,NSGA-II,73,completed,True,2485,36620,0.9888936415988284,0.3938368000090122,1.1554553000023589,1000,1000,20,20,400,151-500,Taillard,extension,1.0,4,0.005807099980302155,0,NSGA-II,../runs/PFSP-ta025-NSGA-II-73.json,0.6691547651032859,4.455653635981505,2.136442237965075
ta025,PFSP,SPEA2,19,completed,True,2492,36107,0.9897652600535021,0.46080529992468655,1.281622700043954,1000,1000,20,20,400,151-500,Taillard,extension,1.0,4,0.004212699946947396,0,SPEA2,../runs/PFSP-ta025-SPEA2-19.json,0.5816037948239261,4.749894913829333,0.7056395381268565
ta025,PFSP,SPEA2,42,completed,True,2448,36207,0.9916903630109426,0.3868089000461623,1.0221552000148222,1000,1000,20,20,400,151-500,Taillard,extension,1.0,5,0.005839399993419647,0,SPEA2,../runs/PFSP-ta025-SPEA2-42.json,0.3882340572881393,2.9003783102143688,0.9845484464773735
ta025,PFSP,SPEA2,73,completed,True,2491,36423,0.9890584233125974,0.3821108000120148,1.138691799947992,1000,1000,20,20,400,151-500,Taillard,extension,1.0,6,0.0044099000515416265,0,SPEA2,../runs/PFSP-ta025-SPEA2-73.json,0.6526030286784557,4.7078604455653705,1.5869916885145274
ta025,PFSP,MOEA/D,19,completed,True,2454,35854,0.9922605112433447,0.4923291999148205,1.1630952000850812,1000,1000,20,20,400,151-500,Taillard,extension,1.0,6,0.005069699953310192,0,MOEA-D,../runs/PFSP-ta025-MOEA-D-19.json,0.33096469741833445,3.1525851197982346,0.0
ta025,PFSP,MOEA/D,42,completed,True,2379,36027,0.9955554483205105,0.4894874000456184,1.1039854999398813,1000,1000,20,20,400,151-500,Taillard,extension,1.0,2,0.004711900022812188,0,MOEA-D,../runs/PFSP-ta025-MOEA-D-42.json,0.0,0.0,0.4825124114464119
ta025,PFSP,MOEA/D,73,completed,True,2416,36785,0.9919070942932854,0.494309899979271,1.1260930999414995,1000,1000,20,20,400,151-500,Taillard,extension,1.0,2,0.005121199996210635,0,MOEA-D,../runs/PFSP-ta025-MOEA-D-73.json,0.36646417167218726,1.555275325767136,2.596641936743449
ta025,PFSP,SMS-EMOA,19,completed,True,2508,36431,0.9882055202094754,0.3797505999682471,1.2061937999678776,1000,1000,20,20,400,151-500,Taillard,extension,1.0,7,0.00497080001514405,0,SMS-EMOA,../runs/PFSP-ta025-SMS-EMOA-19.json,0.7382741085325106,5.422446406052961,1.6093044011825652
ta025,PFSP,SMS-EMOA,42,completed,True,2508,36129,0.9889198683477405,0.35657820000778884,1.013198500033468,1000,1000,20,20,400,151-500,Taillard,extension,1.0,5,0.003759999992325902,0,SMS-EMOA,../runs/PFSP-ta025-SMS-EMOA-42.json,0.6665203815582665,5.422446406052961,0.7669994979639716
ta025,PFSP,SMS-EMOA,73,completed,True,2527,36603,0.986862866865454,0.38774549996014684,1.104385199956596,1000,1000,20,20,400,151-500,Taillard,extension,1.0,2,0.004431899986229837,0,SMS-EMOA,../runs/PFSP-ta025-SMS-EMOA-73.json,0.8731388562757347,6.221101303068521,2.089027723545489
ta038,PFSP,XG,19,completed,True,2981.0,86418.0,0.8255444210576157,0.0409652,0.7190871000057086,1,1000,50,5,250,151-500,Taillard,extension,1.0,1,0.0409167,0,F,../runs/PFSP-ta038-F-19.json,4.172584423106662,8.557902403495987,19.098676957001093
ta038,PFSP,XG,42,completed,True,2981.0,86418.0,0.8255444210576157,0.045525,0.8208383000455797,1,1000,50,5,250,151-500,Taillard,extension,1.0,1,0.0454664,0,F,../runs/PFSP-ta038-F-42.json,4.172584423106662,8.557902403495987,19.098676957001093
ta038,PFSP,XG,73,completed,True,2981.0,86418.0,0.8255444210576157,0.0415722,0.6849269000813365,1,1000,50,5,250,151-500,Taillard,extension,1.0,1,0.0415148,0,F,../runs/PFSP-ta038-F-73.json,4.172584423106662,8.557902403495987,19.098676957001093
ta038,PFSP,XH,19,completed,True,2885.0,80875.0,0.8407283991571419,46.6543529,47.35947610007133,1000,1000,50,5,250,151-500,Taillard,extension,1.0,3,0.0416186,0,T,../runs/PFSP-ta038-T-19.json,2.4100609993644606,5.061908230152956,11.459481808158767
ta038,PFSP,XH,42,completed,True,2885.0,80875.0,0.8407293962503164,47.4184579,48.1572231000755,1000,1000,50,5,250,151-500,Taillard,extension,1.0,4,0.0435691,0,T,../runs/PFSP-ta038-T-42.json,2.4099452589396386,5.061908230152956,11.459481808158767
ta038,PFSP,XH,73,completed,True,2913.0,80875.0,0.8385456576315533,46.8827464,47.59388419997413,1000,1000,50,5,250,151-500,Taillard,extension,1.0,2,0.0416524,0,T,../runs/PFSP-ta038-T-73.json,2.6634289271636136,6.08157319737801,11.459481808158767
ta038,PFSP,XT,19,completed,True,2905.0,83282.0,0.8358098851416249,40.6168779,41.38795489992481,1000,1000,50,5,250,151-500,Taillard,extension,1.0,6,0.0457961,0,B,../runs/PFSP-ta038-B-19.json,2.9809914963350503,5.790240349599407,14.776736493936049
ta038,PFSP,XT,42,completed,True,2908.0,83321.0,0.8355268089048665,44.6211723,45.27726430003531,1000,1000,50,5,250,151-500,Taillard,extension,1.0,2,0.0420124,0,B,../runs/PFSP-ta038-B-42.json,3.0138503752613177,5.899490167516386,14.830485115766256
ta038,PFSP,XT,73,completed,True,2885.0,83198.0,0.8374882229486276,46.489232,47.19808619993273,1000,1000,50,5,250,151-500,Taillard,extension,1.0,2,0.0402386,0,B,../runs/PFSP-ta038-B-73.json,2.7861736641171087,5.061908230152956,14.660970231532522
ta038,PFSP,XE,19,completed,True,2770.0,72560.0,0.8614908542484762,40.6810362,41.44899159995839,1000,1000,50,5,250,151-500,Taillard,extension,1.0,8,0.0428367,0,G,../runs/PFSP-ta038-G-19.json,0.0,0.8739985433357633,0.0
ta038,PFSP,XE,42,completed,True,2773.0,74048.0,0.8591250575889025,44.5124766,45.18099059991073,1000,1000,50,5,250,151-500,Taillard,extension,1.0,14,0.0450819,0,G,../runs/PFSP-ta038-G-42.json,0.2746165728755745,0.9832483612527421,2.050716648291062
ta038,PFSP,XE,73,completed,True,2778.0,75375.0,0.8568724898379544,39.5047416,40.241943200002424,1000,1000,50,5,250,151-500,Taillard,extension,1.0,12,0.0420446,0,G,../runs/PFSP-ta038-G-73.json,0.5360897782891283,1.1653313911143437,3.8795479603087157
ta038,PFSP,XHT,19,completed,True,2859.0,80875.0,0.8427680455064107,42.7431049,43.47883939999156,1000,1000,50,5,250,151-500,Taillard,extension,1.0,4,0.0443904,0,T-B,../runs/PFSP-ta038-T-B-19.json,2.173303250955383,4.115076474872548,11.459481808158767
ta038,PFSP,XHT,42,completed,True,2869.0,80875.0,0.8419861314717942,43.7423716,44.52963990007993,1000,1000,50,5,250,151-500,Taillard,extension,1.0,2,0.0446348,0,T-B,../runs/PFSP-ta038-T-B-42.json,2.264066145391286,4.479242534595773,11.459481808158767
ta038,PFSP,XHT,73,completed,True,2859.0,80875.0,0.842771625509748,46.4035654,47.092206400004216,1000,1000,50,5,250,151-500,Taillard,extension,1.0,4,0.0428787,0,T-B,../runs/PFSP-ta038-T-B-73.json,2.1728876918905793,4.115076474872548,11.459481808158767
ta038,PFSP,XHE,19,completed,True,2775.0,74733.0,0.8580161649026733,40.5206321,41.290447500068694,1000,1000,50,5,250,151-500,Taillard,extension,1.0,6,0.0464552,0,T-G,../runs/PFSP-ta038-T-G-19.json,0.40333444385013406,1.0560815731973872,2.9947629547960375
ta038,PFSP,XHE,42,completed,True,2785.0,74711.0,0.8572593288096662,40.0361874,40.80549399997108,1000,1000,50,5,250,151-500,Taillard,extension,1.0,6,0.043479,0,T-G,../runs/PFSP-ta038-T-G-42.json,0.49118634492079094,1.4202476329206126,2.9644432194046333
ta038,PFSP,XHE,73,completed,True,2816.0,74333.0,0.8553299021321863,38.3972047,39.11841859994456,1000,1000,50,5,250,151-500,Taillard,extension,1.0,8,0.0452726,0,T-G,../runs/PFSP-ta038-T-G-73.json,0.7151500315884851,2.549162418062645,2.443495038588761
ta038,PFSP,XTE,19,completed,True,2802.0,78290.0,0.8508564233424006,43.4006372,44.20585690008011,1000,1000,50,5,250,151-500,Taillard,extension,1.0,11,0.0414992,0,B-G,../runs/PFSP-ta038-B-G-19.json,1.2344217995619355,2.039329934450107,7.896912899669228
ta038,PFSP,XTE,42,completed,True,2824.0,74668.0,0.8542420807059613,39.7091705,40.51770810002927,1000,1000,50,5,250,151-500,Taillard,extension,1.0,2,0.0472718,0,B-G,../runs/PFSP-ta038-B-G-42.json,0.8414219961555336,2.8404952658412252,2.9051819184123584
ta038,PFSP,XTE,73,completed,True,2763.0,74553.0,0.8592164283451856,43.9637431,44.64578460005578,1000,1000,50,5,250,151-500,Taillard,extension,1.0,4,0.0426158,0,B-G,../runs/PFSP-ta038-B-G-73.json,0.26401045258624967,0.6190823015294944,2.7466923925027587
ta038,PFSP,XHTE,19,completed,True,2804.0,74020.0,0.856735778753502,46.9551031,47.71090549998917,1000,1000,50,5,250,151-500,Taillard,extension,1.0,5,0.0439135,0,T-B-G,../runs/PFSP-ta038-T-B-G-19.json,0.5519589060666519,2.112163146394752,2.012127894156568
ta038,PFSP,XHTE,42,completed,True,2820.0,78078.0,0.8497433349865392,44.6083927,45.38511679996736,1000,1000,50,5,250,151-500,Taillard,extension,1.0,7,0.0458136,0,T-B-G,../runs/PFSP-ta038-T-B-G-42.json,1.363626694816733,2.694828841951935,7.604740904079388
ta038,PFSP,XHTE,73,completed,True,2746.0,76021.0,0.8584973485779336,40.1942362,40.96743179997429,1000,1000,50,5,250,151-500,Taillard,extension,1.0,1,0.0444662,0,T-B-G,../runs/PFSP-ta038-T-B-G-73.json,0.3474796808091485,0.0,4.769845644983461
ta038,PFSP,NSGA-II,19,completed,True,2838,77035,0.849791858004348,0.26681280008051544,0.9523478000191972,1000,1000,50,5,250,151-500,Taillard,extension,1.0,3,0.00461090006865561,0,NSGA-II,../runs/PFSP-ta038-NSGA-II-19.json,1.3579942475807072,3.350327749453741,6.1673098125689
ta038,PFSP,NSGA-II,42,completed,True,2801,75822,0.8544109605529068,0.25235260010231286,0.8850682000629604,1000,1000,50,5,250,151-500,Taillard,extension,1.0,4,0.004432799993082881,0,NSGA-II,../runs/PFSP-ta038-NSGA-II-42.json,0.8218187878205052,2.0029133284777956,4.4955898566703345
ta038,PFSP,NSGA-II,73,completed,True,2801,76438,0.8535395201564953,0.28871420002542436,1.0826775999739766,1000,1000,50,5,250,151-500,Taillard,extension,1.0,8,0.006040200009010732,0,NSGA-II,../runs/PFSP-ta038-NSGA-II-73.json,0.9229737092121826,2.0029133284777956,5.344542447629541
ta038,PFSP,SPEA2,19,completed,True,2835,77770,0.849009531758886,0.27260210004169494,0.926671399967745,1000,1000,50,5,250,151-500,Taillard,extension,1.0,4,0.004617099999450147,0,SPEA2,../runs/PFSP-ta038-SPEA2-19.json,1.4488049905623468,3.2410779315367844,7.1802646085997734
ta038,PFSP,SPEA2,42,completed,True,2819,75784,0.8530432067349903,0.2994433999992907,0.9418783000437543,1000,1000,50,5,250,151-500,Taillard,extension,1.0,5,0.0034938000608235598,0,SPEA2,../runs/PFSP-ta038-SPEA2-42.json,0.9805847005601831,2.6584122359796014,4.443219404630661
ta038,PFSP,SPEA2,73,completed,True,2766,76699,0.8559157990299002,0.31127780000679195,1.0290024999994785,1000,1000,50,5,250,151-500,Taillard,extension,1.0,6,0.004930199938826263,0,SPEA2,../runs/PFSP-ta038-SPEA2-73.json,0.6471403835667355,0.7283321194464731,5.704244762954791
ta038,PFSP,MOEA/D,19,completed,True,2846,74808,0.8523125712868068,0.413226000033319,1.0762364999391139,1000,1000,50,5,250,151-500,Taillard,extension,1.0,4,0.004481400013901293,0,MOEA-D,../runs/PFSP-ta038-MOEA-D-19.json,1.0653952872983208,3.6416605972323435,3.0981256890848963
ta038,PFSP,MOEA/D,42,completed,True,2748,76098,0.8582213496061752,0.46093470009509474,1.1973368999315426,1000,1000,50,5,250,151-500,Taillard,extension,1.0,9,0.006804700009524822,0,MOEA-D,../runs/PFSP-ta038-MOEA-D-42.json,0.37951704608090164,0.0728332119446451,4.875964718853365
ta038,PFSP,MOEA/D,73,completed,True,2783,75181,0.8567499406409224,0.4609759000595659,1.2157604000531137,1000,1000,50,5,250,151-500,Taillard,extension,1.0,10,0.006061700056307018,0,MOEA-D,../runs/PFSP-ta038-MOEA-D-73.json,0.5503150247241462,1.3474144209759675,3.6121830209481898
ta038,PFSP,SMS-EMOA,19,completed,True,2837,76534,0.8505995358093084,0.27681059995666146,1.0200373999541625,1000,1000,50,5,250,151-500,Taillard,extension,1.0,2,0.005247899913229048,0,SMS-EMOA,../runs/PFSP-ta038-SMS-EMOA-19.json,1.2642407502594821,3.3139111434814295,5.476846747519293
ta038,PFSP,SMS-EMOA,42,completed,True,2832,77206,0.8500415987480773,0.2493481000419706,0.8745271000079811,1000,1000,50,5,250,151-500,Taillard,extension,1.0,2,0.004472000058740377,0,SMS-EMOA,../runs/PFSP-ta038-SMS-EMOA-42.json,1.3290048807757415,3.1318281136198056,6.40297684674751
ta038,PFSP,SMS-EMOA,73,completed,True,2856,75889,0.8499792173461866,0.2737018000334501,1.020978899905458,1000,1000,50,5,250,151-500,Taillard,extension,1.0,5,0.004538699984550476,0,SMS-EMOA,../runs/PFSP-ta038-SMS-EMOA-73.json,1.3362459793414438,4.005826656955569,4.587927232635058
ta039,PFSP,XG,19,completed,True,3025.0,87863.0,0.7967232438339562,0.0458582,0.7850662999553606,1,1000,50,5,250,151-500,Taillard,extension,1.0,1,0.0458029,0,F,../runs/PFSP-ta039-F-19.json,7.005278919731772,15.67877629063097,25.134230577511918
ta039,PFSP,XG,42,completed,True,3025.0,87863.0,0.7967232438339562,0.0461722,0.817028799909167,1,1000,50,5,250,151-500,Taillard,extension,1.0,1,0.0461183,0,F,../runs/PFSP-ta039-F-42.json,7.005278919731772,15.67877629063097,25.134230577511918
ta039,PFSP,XG,73,completed,True,3025.0,87863.0,0.7967232438339562,0.0441742,0.6835308999288827,1,1000,50,5,250,151-500,Taillard,extension,1.0,1,0.0441239,0,F,../runs/PFSP-ta039-F-73.json,7.005278919731772,15.67877629063097,25.134230577511918
ta039,PFSP,XH,19,completed,True,2749.0,79378.0,0.8316003169713468,50.9262314,51.660274200025015,1000,1000,50,5,250,151-500,Taillard,extension,1.0,5,0.045866,0,T,../runs/PFSP-ta039-T-19.json,2.934375110147791,5.124282982791595,13.049918108666247
ta039,PFSP,XH,42,completed,True,2750.0,79378.0,0.831516332772354,46.7468005,47.486741200089455,1000,1000,50,5,250,151-500,Taillard,extension,1.0,4,0.0471215,0,T,../runs/PFSP-ta039-T-42.json,2.944177870668374,5.162523900573612,13.049918108666247
ta039,PFSP,XH,73,completed,True,2753.0,79378.0,0.8312844528951184,46.1911898,46.95852429990191,1000,1000,50,5,250,151-500,Taillard,extension,1.0,4,0.0476173,0,T,../runs/PFSP-ta039-T-73.json,2.9712432345504247,5.277246653919687,13.049918108666247
ta039,PFSP,XT,19,completed,True,2900.0,83119.0,0.8138695564026961,49.2678099,49.965084700030275,1000,1000,50,5,250,151-500,Taillard,extension,1.0,2,0.0444528,0,B,../runs/PFSP-ta039-B-19.json,5.003935834506845,10.898661567877621,18.377839492985835
ta039,PFSP,XT,42,completed,True,2911.0,83162.0,0.8128994468711704,48.2086854,48.96724080003332,1000,1000,50,5,250,151-500,Taillard,extension,1.0,4,0.0479262,0,B,../runs/PFSP-ta039-B-42.json,5.11716846076663,11.319311663479926,18.43907996866767
ta039,PFSP,XT,73,completed,True,2904.0,83226.0,0.8133832090415579,48.0792798,48.73741239996161,1000,1000,50,5,250,151-500,Taillard,extension,1.0,3,0.0444769,0,B,../runs/PFSP-ta039-B-73.json,5.060703021289958,11.051625239005736,18.530228583635978
ta039,PFSP,XE,19,completed,True,2642.0,71418.0,0.8526510276485643,47.6060223,48.33522979996633,1000,1000,50,5,250,151-500,Taillard,extension,1.0,8,0.0446777,0,G,../runs/PFSP-ta039-G-19.json,0.4773048751324893,1.032504780114718,1.713309121982487
ta039,PFSP,XE,42,completed,True,2623.0,70957.0,0.8549609620678874,45.8139392,46.54687479999848,1000,1000,50,5,250,151-500,Taillard,extension,1.0,8,0.0475332,0,G,../runs/PFSP-ta039-G-42.json,0.20768589677186977,0.305927342256207,1.0567542547888609
ta039,PFSP,XE,73,completed,True,2635.0,73497.0,0.8501370904776194,41.8609051,42.6274609999964,1000,1000,50,5,250,151-500,Taillard,extension,1.0,11,0.0468368,0,G,../runs/PFSP-ta039-G-73.json,0.7707353578435661,0.7648183556405286,4.6742149113437215
ta039,PFSP,XHT,19,completed,True,2734.0,79378.0,0.8328380535956218,44.00804,44.72187160002068,1000,1000,50,5,250,151-500,Taillard,extension,1.0,2,0.0495758,0,T-B,../runs/PFSP-ta039-T-B-19.json,2.7899046518850334,4.550669216061176,13.049918108666247
ta039,PFSP,XHT,42,completed,True,2737.0,79378.0,0.832589755080007,50.4954717,51.17511419998482,1000,1000,50,5,250,151-500,Taillard,extension,1.0,5,0.0449107,0,T-B,../runs/PFSP-ta039-T-B-42.json,2.818886423639466,4.665391969407273,13.049918108666247
ta039,PFSP,XHT,73,completed,True,2730.0,79378.0,0.8331828633623218,45.6249648,46.44004939997103,1000,1000,50,5,250,151-500,Taillard,extension,1.0,2,0.0453932,0,T-B,../runs/PFSP-ta039-T-B-73.json,2.749657943472561,4.397705544933084,13.049918108666247
ta039,PFSP,XHE,19,completed,True,2734.0,73522.0,0.8418018542915586,43.1790342,43.9671132999938,1000,1000,50,5,250,151-500,Taillard,extension,1.0,7,0.0470927,0,T-G,../runs/PFSP-ta039-T-G-19.json,1.7436365129935294,4.550669216061176,4.709819839065732
ta039,PFSP,XHE,42,completed,True,2680.0,72808.0,0.8473912394620887,39.8315982,40.625233899918385,1000,1000,50,5,250,151-500,Taillard,extension,1.0,6,0.0469898,0,T-G,../runs/PFSP-ta039-T-G-42.json,1.0912351691562905,2.48565965583174,3.692943103325508
ta039,PFSP,XHE,73,completed,True,2715.0,74873.0,0.8413913511367854,46.791628,47.478697999962606,1000,1000,50,5,250,151-500,Taillard,extension,1.0,3,0.0454462,0,T-G,../runs/PFSP-ta039-T-G-73.json,1.7915510512929278,3.8240917782026873,6.633910133162435
ta039,PFSP,XTE,19,completed,True,2664.0,71926.0,0.8500633709926712,49.648043799999996,50.475484299939126,1000,1000,50,5,250,151-500,Taillard,extension,1.0,7,0.0491003,0,B-G,../runs/PFSP-ta039-B-G-19.json,0.7793400056858357,1.873804971319304,2.4368012532934635
ta039,PFSP,XTE,42,completed,True,2707.0,74957.0,0.8419304633558184,40.3180163,41.05336130002979,1000,1000,50,5,250,151-500,Taillard,extension,1.0,4,0.0495985,0,B-G,../runs/PFSP-ta039-B-G-42.json,1.7286250718791862,3.518164435946458,6.753542690308345
ta039,PFSP,XTE,73,completed,True,2636.0,73294.0,0.8503387787407983,50.1480322,50.88295220001601,1000,1000,50,5,250,151-500,Taillard,extension,1.0,8,0.0445521,0,B-G,../runs/PFSP-ta039-B-G-73.json,0.7471940040238434,0.8030592734225683,4.385102898241122
ta039,PFSP,XHTE,19,completed,True,2684.0,79378.0,0.8371323306657268,43.7377289,44.51800549996551,1000,1000,50,5,250,151-500,Taillard,extension,1.0,11,0.0465697,0,T-B-G,../runs/PFSP-ta039-T-B-G-19.json,2.2886702502701195,2.6386233269598547,13.049918108666247
ta039,PFSP,XHTE,42,completed,True,2685.0,74016.0,0.8451738460229522,40.6519931,41.42410809989087,1000,1000,50,5,250,151-500,Taillard,extension,1.0,5,0.0502969,0,T-B-G,../runs/PFSP-ta039-T-B-G-42.json,1.3500526267786195,2.6768642447418722,5.413373210852379
ta039,PFSP,XHTE,73,completed,True,2745.0,75793.0,0.8374865599310065,44.5018446,45.16771109995898,1000,1000,50,5,250,151-500,Taillard,extension,1.0,8,0.0466677,0,T-B-G,../runs/PFSP-ta039-T-B-G-73.json,2.2473240839845254,4.97131931166348,7.944171473331907
ta039,PFSP,NSGA-II,19,completed,True,2665,74670,0.8458429252598957,0.2895604999503121,1.0837537000188604,1000,1000,50,5,250,151-500,Taillard,extension,1.0,7,0.005177499959245324,0,NSGA-II,../runs/PFSP-ta039-NSGA-II-19.json,1.2719567038823043,1.9120458891013437,6.344798120059814
ta039,PFSP,NSGA-II,42,completed,True,2659,73300,0.8483709221892707,0.26235460001043975,0.8900940000312403,1000,1000,50,5,250,151-500,Taillard,extension,1.0,8,0.0035791000118479133,0,NSGA-II,../runs/PFSP-ta039-NSGA-II-42.json,0.9768851452721772,1.6826003824091718,4.393648080894397
ta039,PFSP,NSGA-II,73,completed,True,2667,73223,0.8478787349018907,0.24925180000718683,0.8807251000544056,1000,1000,50,5,250,151-500,Taillard,extension,1.0,2,0.004320400068536401,0,NSGA-II,../runs/PFSP-ta039-NSGA-II-73.json,1.0343339769253057,1.988527724665401,4.283984903510651
ta039,PFSP,SPEA2,19,completed,True,2685,73441,0.8460230650152555,0.29083940002601594,0.9630687000462785,1000,1000,50,5,250,151-500,Taillard,extension,1.0,4,0.003888599923811853,0,SPEA2,../runs/PFSP-ta039-SPEA2-19.json,1.2509305239198132,2.6768642447418722,4.594459873246448
ta039,PFSP,SPEA2,42,completed,True,2684,72833,0.8470042032744822,0.30175029998645186,1.0211801000405103,1000,1000,50,5,250,151-500,Taillard,extension,1.0,8,0.005062400014139712,0,SPEA2,../runs/PFSP-ta039-SPEA2-42.json,1.136410608172278,2.6386233269598547,3.728548031047496
ta039,PFSP,SPEA2,73,completed,True,2688,73552,0.8456003296165591,0.29232989996671677,0.9366754000075161,1000,1000,50,5,250,151-500,Taillard,extension,1.0,5,0.003808699897490442,0,SPEA2,../runs/PFSP-ta039-SPEA2-73.json,1.3002728279090325,2.791586998087947,4.752545752332127
ta039,PFSP,MOEA/D,19,completed,True,2615,70215,0.8567402908238909,0.39523560006637126,1.0343856000108644,1000,1000,50,5,250,151-500,Taillard,extension,1.0,8,0.005083100055344403,0,MOEA-D,../runs/PFSP-ta039-MOEA-D-19.json,0.0,0.0,0.0
ta039,PFSP,MOEA/D,42,completed,True,2626,71051,0.8545734950250271,0.453903799992986,1.2232547000749037,1000,1000,50,5,250,151-500,Taillard,extension,1.0,7,0.0057073000352829695,0,MOEA-D,../runs/PFSP-ta039-MOEA-D-42.json,0.25291162585339144,0.42065009560230404,1.1906287830235618
ta039,PFSP,MOEA/D,73,completed,True,2655,73388,0.8486366424313919,0.42907249997369945,1.1732644999865443,1000,1000,50,5,250,151-500,Taillard,extension,1.0,5,0.005924200057052076,0,MOEA-D,../runs/PFSP-ta039-MOEA-D-73.json,0.9458698837084056,1.5296367112810794,4.518977426475823
ta039,PFSP,SMS-EMOA,19,completed,True,2673,73868,0.8463921367983348,0.2938480000011623,1.0935401000315323,1000,1000,50,5,250,151-500,Taillard,extension,1.0,5,0.007558800047263503,0,SMS-EMOA,../runs/PFSP-ta039-SMS-EMOA-19.json,1.2078519168982615,2.2179732313575506,5.202592038738163
ta039,PFSP,SMS-EMOA,42,completed,True,2670,73964,0.8464724652575756,0.2600422000978142,0.8563544999342412,1000,1000,50,5,250,151-500,Taillard,extension,1.0,6,0.0033881000708788633,0,SMS-EMOA,../runs/PFSP-ta039-SMS-EMOA-42.json,1.1984758597545553,2.103250478011476,5.339314961190622
ta039,PFSP,SMS-EMOA,73,completed,True,2657,75287,0.8455917849179104,0.2691429000115022,1.001431299955584,1000,1000,50,5,250,151-500,Taillard,extension,1.0,8,0.0053149000741541386,0,SMS-EMOA,../runs/PFSP-ta039-SMS-EMOA-73.json,1.3012701778341018,1.6061185468451145,7.2235277362386885
ta041,PFSP,XG,19,completed,True,3754.0,111554.0,0.9609998500341267,0.0796732,0.7505704000359401,1,1000,50,10,500,151-500,Taillard,extension,1.0,1,0.0795562,0,F,../runs/PFSP-ta041-F-19.json,3.1484472144621023,15.259441203561552,16.221453575595923
ta041,PFSP,XG,42,completed,True,3754.0,111554.0,0.9609998500341267,0.0832927,0.8303649000590667,1,1000,50,10,500,151-500,Taillard,extension,1.0,1,0.0831903,0,F,../runs/PFSP-ta041-F-42.json,3.1484472144621023,15.259441203561552,16.221453575595923
ta041,PFSP,XG,73,completed,True,3754.0,111554.0,0.9609998500341267,0.0845473,0.8397062999429181,1,1000,50,10,500,151-500,Taillard,extension,1.0,1,0.0844446,0,F,../runs/PFSP-ta041-F-73.json,3.1484472144621023,15.259441203561552,16.221453575595923
ta041,PFSP,XH,19,completed,True,3692.0,109341.0,0.9651776169902067,94.9719726,95.83455510006752,1000,1000,50,10,500,151-500,Taillard,extension,1.0,2,0.08903,0,T,../runs/PFSP-ta041-T-19.json,2.727403218609148,13.35584894074302,13.915860976829464
ta041,PFSP,XH,42,completed,True,3579.0,109717.0,0.969425803082491,103.7539967,104.60141829994973,1000,1000,50,10,500,151-500,Taillard,extension,1.0,5,0.0824604,0,T,../runs/PFSP-ta041-T-42.json,2.299262236542343,9.88639852625115,14.307592932155355
ta041,PFSP,XH,73,completed,True,3692.0,108870.0,0.965535082585991,96.0110075,96.7674296000041,1000,1000,50,10,500,151-500,Taillard,extension,1.0,3,0.0857208,0,T,../runs/PFSP-ta041-T-73.json,2.691377096422043,13.35584894074302,13.425154192365385
ta041,PFSP,XT,19,completed,True,3608.0,106936.0,0.9703992716623546,93.1931691,94.06992769998033,1000,1000,50,10,500,151-500,Taillard,extension,1.0,2,0.0965215,0,B,../runs/PFSP-ta041-B-19.json,2.2011540593721013,10.776788455634012,11.4102350391732
ta041,PFSP,XT,42,completed,True,3661.0,107697.0,0.9676780811098238,94.4432013,95.30387029994745,1000,1000,50,10,500,151-500,Taillard,extension,1.0,6,0.0907261,0,B,../runs/PFSP-ta041-B-42.json,2.475401272239608,12.404052809333743,12.203075512585437
ta041,PFSP,XT,73,completed,True,3667.0,107450.0,0.9676238837478773,89.9350107,90.69276569993235,1000,1000,50,10,500,151-500,Taillard,extension,1.0,1,0.082707,0,B,../runs/PFSP-ta041-B-73.json,2.480863394487809,12.588271415412965,11.945740956826146
ta041,PFSP,XE,19,completed,True,3257.0,99803.0,0.9901018465738641,80.8742829,81.63826419995166,1000,1000,50,10,500,151-500,Taillard,extension,1.0,5,0.0856652,0,G,../runs/PFSP-ta041-G-19.json,0.21548780356018815,0.0,3.9787881313552154
ta041,PFSP,XE,42,completed,True,3316.0,97708.0,0.9893200064443425,90.0466046,90.87651800003368,1000,1000,50,10,500,151-500,Taillard,extension,1.0,4,0.0870924,0,G,../runs/PFSP-ta041-G-42.json,0.294283269107376,1.8114829597789317,1.796132688781471
ta041,PFSP,XE,73,completed,True,3331.0,102705.0,0.9848589900795227,85.3340375,86.07434310007375,1000,1000,50,10,500,151-500,Taillard,extension,1.0,10,0.0808207,0,G,../runs/PFSP-ta041-G-73.json,0.7438737262954298,2.2720294749769776,7.002208701450252
ta041,PFSP,XHT,19,completed,True,3648.0,106908.0,0.9688040189838257,91.2987303,92.01476920000277,1000,1000,50,10,500,151-500,Taillard,extension,1.0,2,0.0821836,0,T-B,../runs/PFSP-ta041-T-B-19.json,2.361926924212121,12.004912496162113,11.381063510585099
ta041,PFSP,XHT,42,completed,True,3579.0,110873.0,0.9685603197092112,100.9452956,101.65889700001571,1000,1000,50,10,500,151-500,Taillard,extension,1.0,6,0.0808805,0,T-B,../runs/PFSP-ta041-T-B-42.json,2.3864874412176995,9.88639852625115,15.51196032672113
ta041,PFSP,XHT,73,completed,True,3631.0,106303.0,0.9699502914239458,94.7065819,95.43038269993849,1000,1000,50,10,500,151-500,Taillard,extension,1.0,4,0.0821903,0,T-B,../runs/PFSP-ta041-T-B-73.json,2.2464032165476877,11.482959778937673,10.750750125020847
ta041,PFSP,XHE,19,completed,True,3357.0,101702.0,0.9845678549864288,94.1741356,94.86787029996049,1000,1000,50,10,500,151-500,Taillard,extension,1.0,7,0.0835392,0,T-G,../runs/PFSP-ta041-T-G-19.json,0.7732149232118513,3.0703101013202394,5.957242873812296
ta041,PFSP,XHE,42,completed,True,3399.0,105643.0,0.979840595196902,101.3168445,102.11754459992517,1000,1000,50,10,500,151-500,Taillard,extension,1.0,5,0.0849571,0,T-G,../runs/PFSP-ta041-T-G-42.json,1.2496379434860372,4.359840343874732,10.063135522587107
ta041,PFSP,XHE,73,completed,True,3385.0,101041.0,0.9839395979111444,88.8945756,89.59012179996353,1000,1000,50,10,500,151-500,Taillard,extension,1.0,7,0.0861875,0,T-G,../runs/PFSP-ta041-T-G-73.json,0.8365319708551366,3.929996929689894,5.268586431071842
ta041,PFSP,XTE,19,completed,True,3387.0,102374.0,0.9828404217075921,97.3746246,98.11026349989697,1000,1000,50,10,500,151-500,Taillard,extension,1.0,6,0.0817181,0,B-G,../runs/PFSP-ta041-B-G-19.json,0.9473092223762136,3.991403131716309,6.657359559926657
ta041,PFSP,XTE,42,completed,True,3416.0,102685.0,0.9814268508753831,105.8822104,106.61001860001124,1000,1000,50,10,500,151-500,Taillard,extension,1.0,5,0.0831978,0,B-G,../runs/PFSP-ta041-B-G-42.json,1.0897718149218028,4.881793061099171,6.981371895315891
ta041,PFSP,XTE,73,completed,True,3430.0,103693.0,0.9800814419453662,93.1112257,93.89764199999627,1000,1000,50,10,500,151-500,Taillard,extension,1.0,8,0.0839672,0,B-G,../runs/PFSP-ta041-B-G-73.json,1.2253649099665531,5.3116364752840095,8.03154692448742
ta041,PFSP,XHTE,19,completed,True,3408.0,103324.0,0.9812588969698894,90.5363963,91.35595250001643,1000,1000,50,10,500,151-500,Taillard,extension,1.0,5,0.087032,0,T-B-G,../runs/PFSP-ta041-T-B-G-19.json,1.106698556942498,4.6361682529935555,7.647107851308554
ta041,PFSP,XHTE,42,completed,True,3414.0,105679.0,0.9792021317439409,103.6633723,104.42536310001742,1000,1000,50,10,500,151-500,Taillard,extension,1.0,9,0.0809217,0,T-B-G,../runs/PFSP-ta041-T-B-G-42.json,1.3139836109842262,4.820386859072756,10.100641773628949
ta041,PFSP,XHTE,73,completed,True,3445.0,103326.0,0.979758090379518,83.816451,84.63196480006445,1000,1000,50,10,500,151-500,Taillard,extension,1.0,2,0.0876594,0,T-B-G,../runs/PFSP-ta041-T-B-G-73.json,1.2579529496493103,5.772182990482033,7.649191531921984
ta041,PFSP,NSGA-II,19,completed,True,3393,100820,0.9837928652561073,0.4778196000261232,1.2092799000674859,1000,1000,50,10,500,151-500,Taillard,extension,1.0,2,0.005148900090716779,0,NSGA-II,../runs/PFSP-ta041-NSGA-II-19.json,0.8513199913570912,4.17562173779551,5.038339723287222
ta041,PFSP,NSGA-II,42,completed,True,3416,102005,0.9819429184933575,0.4814478000625968,1.1913278999272734,1000,1000,50,10,500,151-500,Taillard,extension,1.0,5,0.004405700019560754,0,NSGA-II,../runs/PFSP-ta041-NSGA-II-42.json,1.037761452858399,4.881793061099171,6.272920486747791
ta041,PFSP,NSGA-II,73,completed,True,3409,101035,0.9829761611085539,0.4629440000280738,1.1237236000597477,1000,1000,50,10,500,151-500,Taillard,extension,1.0,5,0.004732300061732531,0,NSGA-II,../runs/PFSP-ta041-NSGA-II-73.json,0.9336291247603157,4.666871354006763,5.262335389231532
ta041,PFSP,SPEA2,19,completed,True,3389,100859,0.9839147381787592,0.46922620001714677,1.1354543999768794,1000,1000,50,10,500,151-500,Taillard,extension,1.0,5,0.0047704000025987625,0,SPEA2,../runs/PFSP-ta041-SPEA2-19.json,0.8390373861090983,4.052809333742702,5.078971495249207
ta041,PFSP,SPEA2,42,completed,True,3436,101452,0.9815570938239078,0.503266999963671,1.227342199999839,1000,1000,50,10,500,151-500,Taillard,extension,1.0,5,0.004007899900898337,0,SPEA2,../runs/PFSP-ta041-SPEA2-42.json,1.0766456611523423,5.49585508136321,5.69678279713286
ta041,PFSP,SPEA2,73,completed,True,3392,101180,0.983555132331233,0.5217417000094429,1.293003399972804,1000,1000,50,10,500,151-500,Taillard,extension,1.0,4,0.006155700073577464,0,SPEA2,../runs/PFSP-ta041-SPEA2-73.json,0.8752792072940219,4.144918636782324,5.413402233705611
ta041,PFSP,MOEA/D,19,completed,True,3277,95984,0.9922400027618612,0.6061504000099376,1.2867830999894068,1000,1000,50,10,500,151-500,Taillard,extension,1.0,3,0.005573499947786331,0,MOEA-D,../runs/PFSP-ta041-MOEA-D-19.json,0.0,0.614062020264039,0.0
ta041,PFSP,MOEA/D,42,completed,True,3275,98575,0.9903181014269615,0.7332944999216124,1.5995387000730261,1000,1000,50,10,500,151-500,Taillard,extension,1.0,6,0.009880799916572869,0,MOEA-D,../runs/PFSP-ta041-MOEA-D-42.json,0.19369319212590996,0.5526558182376462,2.69940823470578
ta041,PFSP,MOEA/D,73,completed,True,3284,100326,0.9886028866525931,0.6566663000266999,1.406104899942875,1000,1000,50,10,500,151-500,Taillard,extension,1.0,4,0.006385200074873865,0,MOEA-D,../runs/PFSP-ta041-MOEA-D-73.json,0.36655608513508353,0.8289837273564693,4.523670611768638
ta041,PFSP,SMS-EMOA,19,completed,True,3329,102074,0.9854148472563932,0.5132066999794915,1.2861439000116661,1000,1000,50,10,500,151-500,Taillard,extension,1.0,4,0.004491399973630905,0,SMS-EMOA,../runs/PFSP-ta041-SMS-EMOA-19.json,0.6878532901788303,2.2106232729505626,6.344807467911329
ta041,PFSP,SMS-EMOA,42,completed,True,3353,99950,0.9860834056284824,0.4399250999558717,1.0856089999433607,1000,1000,50,10,500,151-500,Taillard,extension,1.0,3,0.004457599949091673,0,SMS-EMOA,../runs/PFSP-ta041-SMS-EMOA-42.json,0.6204745944773604,2.9474976972674316,4.131938656442746
ta041,PFSP,SMS-EMOA,73,completed,True,3403,102042,0.9824424472944876,0.4393138999585062,1.1784909999696538,1000,1000,50,10,500,151-500,Taillard,extension,1.0,5,0.004507799982093275,0,SMS-EMOA,../runs/PFSP-ta041-SMS-EMOA-73.json,0.9874179069683242,4.48265274792754,6.311468578096346
ta049,PFSP,XG,19,completed,True,3546.0,109627.0,0.9637043256811653,0.0813444,0.7193411999614909,1,1000,50,10,500,151-500,Taillard,extension,1.0,1,0.0812477,0,F,../runs/PFSP-ta049-F-19.json,2.93809072088288,14.424007744433688,14.229298433901905
ta049,PFSP,XG,42,completed,True,3546.0,109627.0,0.9637043256811653,0.0990686,0.857574800029397,1,1000,50,10,500,151-500,Taillard,extension,1.0,1,0.0989469,0,F,../runs/PFSP-ta049-F-42.json,2.93809072088288,14.424007744433688,14.229298433901905
ta049,PFSP,XG,73,completed,True,3546.0,109627.0,0.9637043256811653,0.0852805,0.8523606000235304,1,1000,50,10,500,151-500,Taillard,extension,1.0,1,0.0851815,0,F,../runs/PFSP-ta049-F-73.json,2.93809072088288,14.424007744433688,14.229298433901905
ta049,PFSP,XH,19,completed,True,3381.0,107146.0,0.9724895046303008,102.7370962,103.44577560003381,1000,1000,50,10,500,151-500,Taillard,extension,1.0,5,0.0841183,0,T,../runs/PFSP-ta049-T-19.json,2.0532692881689574,9.099709583736693,11.644142501380617
ta049,PFSP,XH,42,completed,True,3384.0,107254.0,0.9722729268922761,94.6787596,95.4383190999506,1000,1000,50,10,500,151-500,Taillard,extension,1.0,6,0.0848219,0,T,../runs/PFSP-ta049-T-42.json,2.075082460736366,9.196515004840267,11.75667649602483
ta049,PFSP,XH,73,completed,True,3378.0,107254.0,0.9725285724379523,101.0313781,101.7234397000866,1000,1000,50,10,500,151-500,Taillard,extension,1.0,7,0.087056,0,T,../runs/PFSP-ta049-T-73.json,2.0493344754873632,9.002904162633119,11.75667649602483
ta049,PFSP,XT,19,completed,True,3429.0,106339.0,0.9711504754466604,103.3739416,104.0753371999599,1000,1000,50,10,500,151-500,Taillard,extension,1.0,3,0.0880628,0,B,../runs/PFSP-ta049-B-19.json,2.188132986173774,10.648596321393988,10.803263485844683
ta049,PFSP,XT,42,completed,True,3477.0,105543.0,0.9697788139055847,83.1613076,83.93307200004347,1000,1000,50,10,500,151-500,Taillard,extension,1.0,5,0.0828727,0,B,../runs/PFSP-ta049-B-42.json,2.3262833342771017,12.197483059051306,9.97384626605955
ta049,PFSP,XT,73,completed,True,3451.0,105694.0,0.97074011502183,93.844299,94.5880658000242,1000,1000,50,10,500,151-500,Taillard,extension,1.0,4,0.0863186,0,B,../runs/PFSP-ta049-B-73.json,2.2294634702913707,11.358502742820264,10.131185462275072
ta049,PFSP,XE,19,completed,True,3254.0,97183.0,0.9857035805163755,83.4211301,84.20576499996241,1000,1000,50,10,500,151-500,Taillard,extension,1.0,7,0.0851876,0,G,../runs/PFSP-ta049-G-19.json,0.7223803415462582,5.0016134236850585,1.2628814954517509
ta049,PFSP,XE,42,completed,True,3219.0,98881.0,0.9858179046100971,96.1526873,96.96913749992382,1000,1000,50,10,500,151-500,Taillard,extension,1.0,7,0.091328,0,G,../runs/PFSP-ta049-G-42.json,0.7108659023998043,3.8722168441432725,3.032165966802469
ta049,PFSP,XE,73,completed,True,3139.0,98473.0,0.9894932204617863,88.6389126,89.5082851999905,1000,1000,50,10,500,151-500,Taillard,extension,1.0,8,0.0862768,0,G,../runs/PFSP-ta049-G-73.json,0.340697206190399,1.290738948047765,2.6070375425909953
ta049,PFSP,XHT,19,completed,True,3350.0,107171.0,0.9737612694849315,104.6171062,105.33939039998222,1000,1000,50,10,500,151-500,Taillard,extension,1.0,10,0.0842115,0,T-B,../runs/PFSP-ta049-T-B-19.json,1.9251802865373868,8.099386898999672,11.670192037177895
ta049,PFSP,XHT,42,completed,True,3339.0,107254.0,0.9741531815326638,99.2598614,101.42662009992637,1000,1000,50,10,500,151-500,Taillard,extension,1.0,8,0.0843722,0,T-B,../runs/PFSP-ta049-T-B-42.json,1.8857078772011482,7.744433688286545,11.75667649602483
ta049,PFSP,XHT,73,completed,True,3344.0,107254.0,0.9739439829009027,95.9595869,96.79396969999652,1000,1000,50,10,500,151-500,Taillard,extension,1.0,7,0.0941914,0,T-B,../runs/PFSP-ta049-T-B-73.json,1.9067778444890493,7.905776056792524,11.75667649602483
ta049,PFSP,XHE,19,completed,True,3260.0,104923.0,0.9793010175300099,88.9052652,89.69772709999233,1000,1000,50,10,500,151-500,Taillard,extension,1.0,8,0.0897591,0,T-G,../runs/PFSP-ta049-T-G-19.json,1.367230604407954,5.195224265892229,9.327817778287194
ta049,PFSP,XHE,42,completed,True,3243.0,102782.0,0.9817173116401805,100.1687865,100.97227510006633,1000,1000,50,10,500,151-500,Taillard,extension,1.0,2,0.0906539,0,T-G,../runs/PFSP-ta049-T-G-42.json,1.123867455085903,4.646660212971931,7.096935532608817
ta049,PFSP,XHE,73,completed,True,3236.0,105011.0,0.9802312401810033,93.9939994,94.73550409998279,1000,1000,50,10,500,151-500,Taillard,extension,1.0,9,0.0888967,0,T-G,../runs/PFSP-ta049-T-G-73.json,1.2735408863543518,4.42078089706357,9.419512144293595
ta049,PFSP,XTE,19,completed,True,3243.0,99164.0,0.984590810639137,78.1534683,78.9426533000078,1000,1000,50,10,500,151-500,Taillard,extension,1.0,2,0.0842844,0,B-G,../runs/PFSP-ta049-B-G-19.json,0.8344557634311967,4.646660212971931,3.3270467120275926
ta049,PFSP,XTE,42,completed,True,3251.0,101252.0,0.9825844600471602,83.2476422,84.08749700000044,1000,1000,50,10,500,151-500,Taillard,extension,1.0,10,0.084052,0,B-G,../runs/PFSP-ta049-B-G-42.json,1.0365304184379753,4.904808002581484,5.502703941815756
ta049,PFSP,XTE,73,completed,True,3321.0,101757.0,0.9792706944314539,89.2628143,90.08306139998604,1000,1000,50,10,500,151-500,Taillard,extension,1.0,8,0.0847159,0,B-G,../runs/PFSP-ta049-B-G-73.json,1.370284671680111,7.163601161665056,6.028904564920645
ta049,PFSP,XHTE,19,completed,True,3269.0,106285.0,0.9778516965594228,96.0405247,96.75849599996582,1000,1000,50,10,500,151-500,Taillard,extension,1.0,4,0.0837793,0,T-B-G,../runs/PFSP-ta049-T-B-G-19.json,1.5132026176226998,5.485640529202973,10.746996488522576
ta049,PFSP,XHTE,42,completed,True,3280.0,104838.0,0.9785393896000935,103.7757219,104.58388159994502,1000,1000,50,10,500,151-500,Taillard,extension,1.0,6,0.0843826,0,T-B-G,../runs/PFSP-ta049-T-B-G-42.json,1.443939880342493,5.8405937399161,9.239249356576472
ta049,PFSP,XHTE,73,completed,True,3253.0,105682.0,0.9789971318050331,107.2447736,107.96810080006253,1000,1000,50,10,500,151-500,Taillard,extension,1.0,3,0.0904986,0,T-B-G,../runs/PFSP-ta049-T-B-G-73.json,1.397837220859599,4.969344949983867,10.11868168509238
ta049,PFSP,NSGA-II,19,completed,True,3317,98943,0.9816653950452359,0.49531039991416037,1.164202700019814,1000,1000,50,10,500,151-500,Taillard,extension,1.0,3,0.004459199961274862,0,NSGA-II,../runs/PFSP-ta049-NSGA-II-19.json,1.1290963657531239,7.034527266860269,3.096768815579698
ta049,PFSP,NSGA-II,42,completed,True,3301,99910,0.9815689673581975,0.4911363000283018,1.2789292000234127,1000,1000,50,10,500,151-500,Taillard,extension,1.0,3,0.0055763000855222344,0,NSGA-II,../runs/PFSP-ta049-NSGA-II-42.json,1.1388083232092616,6.518231687641185,4.10436486021819
ta049,PFSP,NSGA-II,73,completed,True,3271,99536,0.9831258486600871,0.48192320007365197,1.1794479000382125,1000,1000,50,10,500,151-500,Taillard,extension,1.0,2,0.005198600003495812,0,NSGA-II,../runs/PFSP-ta049-NSGA-II-73.json,0.982003100221851,5.550177476605356,3.7146638046910097
ta049,PFSP,SPEA2,19,completed,True,3339,99844,0.9800315710551682,0.4882610000204295,1.1183330999920145,1000,1000,50,10,500,151-500,Taillard,extension,1.0,5,0.004793300060555339,0,SPEA2,../runs/PFSP-ta049-SPEA2-19.json,1.2936510654426803,7.744433688286545,4.03559408571339
ta049,PFSP,SPEA2,42,completed,True,3249,98237,0.9850662400508784,0.47291360003873706,1.1343810999533162,1000,1000,50,10,500,151-500,Taillard,extension,1.0,3,0.004561400040984154,0,SPEA2,../runs/PFSP-ta049-SPEA2-42.json,0.7865716923511457,4.8402710551790795,2.361129924664751
ta049,PFSP,SPEA2,73,completed,True,3291,99679,0.9821605292494866,0.5354339999612421,1.3388792000478134,1000,1000,50,10,500,151-500,Taillard,extension,1.0,10,0.007417900022119284,0,SPEA2,../runs/PFSP-ta049-SPEA2-73.json,1.079227676847938,6.195546950629227,3.8636671494513886
ta049,PFSP,MOEA/D,19,completed,True,3190,95971,0.9893555754795257,0.6019131999928504,1.2518094000406563,1000,1000,50,10,500,151-500,Taillard,extension,1.0,1,0.0052374000661075115,0,MOEA-D,../runs/PFSP-ta049-MOEA-D-19.json,0.35456046738461255,2.936431106808657,0.0
ta049,PFSP,MOEA/D,42,completed,True,3105,98040,0.9912668616563969,0.6972225999925286,1.4671092999633402,1000,1000,50,10,500,151-500,Taillard,extension,1.0,5,0.006104000029154122,0,MOEA-D,../runs/PFSP-ta049-MOEA-D-42.json,0.16206046446641809,0.1936108422071703,2.1558595825822424
ta049,PFSP,MOEA/D,73,completed,True,3099,96340,0.9928759209855212,0.6721383000258356,1.3909912999952212,1000,1000,50,10,500,151-500,Taillard,extension,1.0,6,0.00617830001283437,0,MOEA-D,../runs/PFSP-ta049-MOEA-D-73.json,0.0,0.0,0.38449114836773823
ta049,PFSP,SMS-EMOA,19,completed,True,3328,99670,0.9806307695326171,0.44356849999167025,1.100743499933742,1000,1000,50,10,500,151-500,Taillard,extension,1.0,5,0.0053131000604480505,0,SMS-EMOA,../runs/PFSP-ta049-SMS-EMOA-19.json,1.2333012810653798,7.389480477573418,3.8542893165643743
ta049,PFSP,SMS-EMOA,42,completed,True,3290,100329,0.9817030033519817,0.4484105999581516,1.0797429999802262,1000,1000,50,10,500,151-500,Taillard,extension,1.0,1,0.004520399961620569,0,SMS-EMOA,../runs/PFSP-ta049-SMS-EMOA-42.json,1.1253085503825533,6.163278476928036,4.540955080180464
ta049,PFSP,SMS-EMOA,73,completed,True,3271,99389,0.9832227106037587,0.4381236999761313,1.073264499893412,1000,1000,50,10,500,151-500,Taillard,extension,1.0,7,0.004280099994502962,0,SMS-EMOA,../runs/PFSP-ta049-SMS-EMOA-73.json,0.9722474055147701,5.550177476605356,3.561492534203037
ta059,PFSP,XG,19,completed,True,4893.0,153705.0,1.0405541270094383,0.1823724,0.8622126000700518,1,1000,50,20,1000,501+,Taillard,extension,1.0,1,0.1821546,0,F,../runs/PFSP-ta059-F-19.json,2.2064540364681973,18.935342732134174,13.239866208908602
ta059,PFSP,XG,42,completed,True,4893.0,153705.0,1.0405541270094383,0.1870309,0.8747468000510707,1,1000,50,20,1000,501+,Taillard,extension,1.0,1,0.1868135,0,F,../runs/PFSP-ta059-F-42.json,2.2064540364681973,18.935342732134174,13.239866208908602
ta059,PFSP,XG,73,completed,True,4893.0,153705.0,1.0405541270094383,0.1822823,0.806676699896343,1,1000,50,20,1000,501+,Taillard,extension,1.0,1,0.1820516,0,F,../runs/PFSP-ta059-F-73.json,2.2064540364681973,18.935342732134174,13.239866208908602
ta059,PFSP,XH,19,completed,True,4554.0,145750.0,1.050815844793858,192.437645,193.26431660004891,1000,1000,50,20,1000,501+,Taillard,extension,1.0,5,0.2065801,0,T,../runs/PFSP-ta059-T-19.json,1.242035421648413,10.6951871657754,7.379138609338853
ta059,PFSP,XH,42,completed,True,4612.0,145636.0,1.0496520063563448,211.402533,212.16137879993767,1000,1000,50,20,1000,501+,Taillard,extension,1.0,4,0.1946731,0,T,../runs/PFSP-ta059-T-42.json,1.3514154959557323,12.105007292173076,7.295150809671869
ta059,PFSP,XH,73,completed,True,4511.0,145046.0,1.051997595611519,204.231258,204.90688089991454,1000,1000,50,20,1000,501+,Taillard,extension,1.0,4,0.2044517,0,T,../runs/PFSP-ta059-T-73.json,1.130971902793787,9.649975692756453,6.860477109640906
ta059,PFSP,XT,19,completed,True,4629.0,147263.0,1.0486414691480046,208.578921,209.31677679996938,1000,1000,50,20,1000,501+,Taillard,extension,1.0,3,0.190785,0,B,../runs/PFSP-ta059-B-19.json,1.4463879864456741,12.51823043266893,8.493818792638553
ta059,PFSP,XT,42,completed,True,4656.0,146486.0,1.0483915084512645,212.1383226,212.8701338999672,1000,1000,50,20,1000,501+,Taillard,extension,1.0,4,0.18564,0,B,../runs/PFSP-ta059-B-42.json,1.4698798378075861,13.174526008750597,7.921375631750327
ta059,PFSP,XT,73,completed,True,4597.0,146648.0,1.0495555191741648,190.9642604,191.75073739991058,1000,1000,50,20,1000,501+,Taillard,extension,1.0,4,0.1964477,0,B,../runs/PFSP-ta059-B-73.json,1.360483571743898,11.74039863879437,8.040726715487656
ta059,PFSP,XE,19,completed,True,4279.0,139181.0,1.0592197392451057,184.0276043,184.73678070004098,1000,1000,50,20,1000,501+,Taillard,extension,1.0,9,0.1879793,0,G,../runs/PFSP-ta059-G-19.json,0.45221909498336377,4.010695187165769,2.5395258372994167
ta059,PFSP,XE,42,completed,True,4200.0,138427.0,1.0611782900211426,175.3712894,176.17815259995405,1000,1000,50,20,1000,501+,Taillard,extension,1.0,8,0.2042572,0,G,../runs/PFSP-ta059-G-42.json,0.2681502220946985,2.0904229460379176,1.9840275833615806
ta059,PFSP,XE,73,completed,True,4234.0,138361.0,1.0604935064509473,228.3611052,229.20886529993732,1000,1000,50,20,1000,501+,Taillard,extension,1.0,8,0.214967,0,G,../runs/PFSP-ta059-G-73.json,0.3325076753099676,2.9168692270296503,1.935403067764896
ta059,PFSP,XHT,19,completed,True,4581.0,145160.0,1.0504907559898706,224.1580624,224.9042982000392,1000,1000,50,20,1000,501+,Taillard,extension,1.0,3,0.1909086,0,T-B,../runs/PFSP-ta059-T-B-19.json,1.2725879763591852,11.351482741857065,6.9444649093079125
ta059,PFSP,XHT,42,completed,True,4589.0,145326.0,1.0502576229591403,226.775931,227.55646320001688,1000,1000,50,20,1000,501+,Taillard,extension,1.0,2,0.1949481,0,T-B,../runs/PFSP-ta059-T-B-42.json,1.2944983269738808,11.545940690325708,7.066762933384418
ta059,PFSP,XHT,73,completed,True,4525.0,144472.0,1.0519373361478555,185.4130369,186.08075429999735,1000,1000,50,20,1000,501+,Taillard,extension,1.0,3,0.1871104,0,T-B,../runs/PFSP-ta059-T-B-73.json,1.1366352185950168,9.990277102576561,6.437591170966739
ta059,PFSP,XHE,19,completed,True,4212.0,139562.0,1.060464254816837,228.7987462,229.58694039995316,1000,1000,50,20,1000,501+,Taillard,extension,1.0,4,0.1954402,0,T-G,../runs/PFSP-ta059-T-G-19.json,0.3352568076718687,2.382109868740878,2.820221904607534
ta059,PFSP,XHE,42,completed,True,4325.0,141217.0,1.057431763674057,206.0527459,206.75398480007425,1000,1000,50,20,1000,501+,Taillard,extension,1.0,5,0.1929349,0,T-G,../runs/PFSP-ta059-T-G-42.json,0.6202569381386858,5.128828390860485,4.0395184699485664
ta059,PFSP,XHE,73,completed,True,4321.0,141094.0,1.0575650701267238,197.9721506,198.65356629993767,1000,1000,50,20,1000,501+,Taillard,extension,1.0,5,0.1856194,0,T-G,../runs/PFSP-ta059-T-G-73.json,0.6077285070194005,5.031599416626165,3.9489000545184005
ta059,PFSP,XTE,19,completed,True,4267.0,141825.0,1.0583970362458526,205.6301476,206.43565100000706,1000,1000,50,20,1000,501+,Taillard,extension,1.0,1,0.2062042,0,B-G,../runs/PFSP-ta059-B-G-19.json,0.529538516898509,3.7190082644628086,4.487453401505892
ta059,PFSP,XTE,42,completed,True,4389.0,142242.0,1.055679004641348,179.4652414,180.29188190004788,1000,1000,50,20,1000,501+,Taillard,extension,1.0,5,0.1951748,0,B-G,../runs/PFSP-ta059-B-G-42.json,0.7849850542250958,6.68449197860963,4.794671931866734
ta059,PFSP,XTE,73,completed,True,4308.0,140216.0,1.0581912937860272,205.5534303,206.2376399000641,1000,1000,50,20,1000,501+,Taillard,extension,1.0,7,0.1819297,0,B-G,../runs/PFSP-ta059-B-G-73.json,0.5488746419297086,4.715605250364607,3.302046650065571
ta059,PFSP,XHTE,19,completed,True,4384.0,140823.0,1.0563588052047634,204.0841158,204.9231697000796,1000,1000,50,20,1000,501+,Taillard,extension,1.0,6,0.1965368,0,T-B-G,../runs/PFSP-ta059-T-B-G-19.json,0.7210959148533092,6.562955760816713,3.749244846538091
ta059,PFSP,XHTE,42,completed,True,4416.0,142401.0,1.0550509976198972,197.6755658,198.34965280001052,1000,1000,50,20,1000,501+,Taillard,extension,1.0,4,0.2039177,0,T-B-G,../runs/PFSP-ta059-T-B-G-42.json,0.8440065235783334,7.340787554691297,4.911812810349647
ta059,PFSP,XHTE,73,completed,True,4375.0,142851.0,1.055724175478553,207.5189438,208.26769779995084,1000,1000,50,20,1000,501+,Taillard,extension,1.0,8,0.1872548,0,T-B-G,../runs/PFSP-ta059-T-B-G-73.json,0.7807398004418098,6.344190568789498,5.243343598508843
ta059,PFSP,NSGA-II,19,completed,True,4308,138989,1.0586900164503619,1.0369740999303758,1.772278600023128,1000,1000,50,20,1000,501+,Taillard,extension,1.0,5,0.005626300000585616,0,NSGA-II,../runs/PFSP-ta059-NSGA-II-19.json,0.5020035983850146,4.715605250364607,2.3980727010181724
ta059,PFSP,NSGA-II,42,completed,True,4361,141613,1.0565182178504233,1.0210856999037787,1.7341570999706164,1000,1000,50,20,1000,501+,Taillard,extension,1.0,7,0.005095699918456376,0,NSGA-II,../runs/PFSP-ta059-NSGA-II-42.json,0.7061139667875027,6.003889158969367,4.3312655635286745
ta059,PFSP,NSGA-II,73,completed,True,4258,138833,1.059797445988894,1.1182406999869272,1.852743300027214,1000,1000,50,20,1000,501+,Taillard,extension,1.0,3,0.004690799978561699,0,NSGA-II,../runs/PFSP-ta059-NSGA-II-73.json,0.39792495541326467,3.5002430724355937,2.283142027789653
ta059,PFSP,SPEA2,19,completed,True,4267,137264,1.0602445980320336,1.1971117000794038,2.3309623000677675,1000,1000,50,20,1000,501+,Taillard,extension,1.0,8,0.005483300075866282,0,SPEA2,../runs/PFSP-ta059-SPEA2-19.json,0.35590063130707117,3.7190082644628086,1.127204679741256
ta059,PFSP,SPEA2,42,completed,True,4338,140062,1.057628272478749,1.0120366000337526,1.6550111999968067,1000,1000,50,20,1000,501+,Taillard,extension,1.0,5,0.005320600001141429,0,SPEA2,../runs/PFSP-ta059-SPEA2-42.json,0.6017886121524874,5.44482255712202,3.18858944700664
ta059,PFSP,SPEA2,73,completed,True,4328,137936,1.0586984989546475,1.0540141999954358,1.6920021999394521,1000,1000,50,20,1000,501+,Taillard,extension,1.0,5,0.005571900052018464,0,SPEA2,../runs/PFSP-ta059-SPEA2-73.json,0.50120639413469,5.201750121536208,1.6222906567256556
ta059,PFSP,MOEA/D,19,completed,True,4217,135734,1.06191857555729,1.27341919997707,1.9720225000055507,1000,1000,50,20,1000,501+,Taillard,extension,1.0,1,0.005668699974194169,0,MOEA-D,../runs/PFSP-ta059-MOEA-D-19.json,0.19857657308767207,2.503646086533795,0.0
ta059,PFSP,MOEA/D,42,completed,True,4250,136934,1.0607395501756813,1.3863506000488997,2.215979399974458,1000,1000,50,20,1000,501+,Taillard,extension,1.0,4,0.006173699977807701,0,MOEA-D,../runs/PFSP-ta059-MOEA-D-42.json,0.30938394951881554,3.305785123966931,0.8840821017578548
ta059,PFSP,MOEA/D,73,completed,True,4114,135840,1.06403149283233,1.1869071000255644,1.8470435999333858,1000,1000,50,20,1000,501+,Taillard,extension,1.0,4,0.00533369998447597,0,MOEA-D,../runs/PFSP-ta059-MOEA-D-73.json,0.0,0.0,0.07809391898860873
ta059,PFSP,SMS-EMOA,19,completed,True,4318,138089,1.058845968506374,1.188225300051272,1.9734748000046238,1000,1000,50,20,1000,501+,Taillard,extension,1.0,4,0.006922699976712465,0,SMS-EMOA,../runs/PFSP-ta059-SMS-EMOA-19.json,0.48734688408071936,4.958677685950419,1.7350111246997812
ta059,PFSP,SMS-EMOA,42,completed,True,4340,140969,1.0572178682977773,1.005147600080818,1.720926299924031,1000,1000,50,20,1000,501+,Taillard,extension,1.0,7,0.005870299995876849,0,SMS-EMOA,../runs/PFSP-ta059-SMS-EMOA-42.json,0.6403592920370849,5.493437044239191,3.856808168918624
ta059,PFSP,SMS-EMOA,73,completed,True,4285,139868,1.0588148706460672,1.1674818999599665,1.9718480999581516,1000,1000,50,20,1000,501+,Taillard,extension,1.0,3,0.005648499936796725,0,SMS-EMOA,../runs/PFSP-ta059-SMS-EMOA-73.json,0.49026952880659724,4.156538648517261,3.045662840555785
ta060,PFSP,XG,19,completed,True,4843.0,150358.0,1.0450387792103193,0.1837261,0.8704180000349879,1,1000,50,20,1000,501+,Taillard,extension,1.0,1,0.1834874,0,F,../runs/PFSP-ta060-F-19.json,1.890667438109106,17.178804742317922,11.251859031749678
ta060,PFSP,XG,42,completed,True,4843.0,150358.0,1.0450387792103193,0.1913524,0.946114500053227,1,1000,50,20,1000,501+,Taillard,extension,1.0,1,0.1911189,0,F,../runs/PFSP-ta060-F-42.json,1.890667438109106,17.178804742317922,11.251859031749678
ta060,PFSP,XG,73,completed,True,4843.0,150358.0,1.0450387792103193,0.1893087,0.875549599993974,1,1000,50,20,1000,501+,Taillard,extension,1.0,1,0.1890726,0,F,../runs/PFSP-ta060-F-73.json,1.890667438109106,17.178804742317922,11.251859031749678
ta060,PFSP,XH,19,completed,True,4549.0,147543.0,1.0522067581868628,201.7534297,202.58523540000897,1000,1000,50,20,1000,501+,Taillard,extension,1.0,6,0.1998475,0,T,../runs/PFSP-ta060-T-19.json,1.2177300819109393,10.065327849020079,9.16900355898218
ta060,PFSP,XH,42,completed,True,4510.0,146711.0,1.0533402759732153,217.6222366,218.50383399997372,1000,1000,50,20,1000,501+,Taillard,extension,1.0,3,0.1968413,0,T,../runs/PFSP-ta060-T-42.json,1.1113142477060967,9.121703363174461,8.553395831329391
ta060,PFSP,XH,73,completed,True,4510.0,147385.0,1.0530710576894027,221.1806126,221.94315379997715,1000,1000,50,20,1000,501+,Taillard,extension,1.0,6,0.1823545,0,T,../runs/PFSP-ta060-T-73.json,1.136588741498823,9.121703363174461,9.052097283778892
ta060,PFSP,XT,19,completed,True,4578.0,145510.0,1.0524218549918225,166.0441524,166.7984549999237,1000,1000,50,20,1000,501+,Taillard,extension,1.0,4,0.1929916,0,B,../runs/PFSP-ta060-B-19.json,1.1975365691048956,10.766997338495043,7.664760157157557
ta060,PFSP,XT,42,completed,True,4573.0,145782.0,1.0524167952408945,211.2765887,212.018026500009,1000,1000,50,20,1000,501+,Taillard,extension,1.0,2,0.1892241,0,B,../runs/PFSP-ta060-B-42.json,1.198011583809,10.646019840309705,7.866016529659414
ta060,PFSP,XT,73,completed,True,4604.0,146631.0,1.0514395227119802,185.2839465,186.08286039996892,1000,1000,50,20,1000,501+,Taillard,extension,1.0,3,0.1769811,0,B,../runs/PFSP-ta060-B-73.json,1.2897589499835882,11.396080329058789,8.494202780593563
ta060,PFSP,XE,19,completed,True,4235.0,139952.0,1.0617209492200295,219.0149499,219.73932330007665,1000,1000,50,20,1000,501+,Taillard,extension,1.0,7,0.177246,0,G,../runs/PFSP-ta060-G-19.json,0.32452788626069484,2.4679409629808857,3.552322957284826
ta060,PFSP,XE,42,completed,True,4283.0,139990.0,1.060715187490506,215.3897201,216.12408900004812,1000,1000,50,20,1000,501+,Taillard,extension,1.0,5,0.187541,0,G,../runs/PFSP-ta060-G-42.json,0.41894984835706417,3.6293249455601195,3.580439656384349
ta060,PFSP,XE,73,completed,True,4174.0,135151.0,1.0649104338704491,214.272352,215.0371746000601,1000,1000,50,20,1000,501+,Taillard,extension,1.0,10,0.1793947,0,G,../runs/PFSP-ta060-G-73.json,0.02509573456052072,0.9920154851197571,0.0
ta060,PFSP,XHT,19,completed,True,4450.0,146064.0,1.0548378205837314,224.5319462,225.43457809998654,1000,1000,50,20,1000,501+,Taillard,extension,1.0,2,0.188829,0,T-B,../runs/PFSP-ta060-T-B-19.json,0.9707231948741457,7.66997338495039,8.074672033503273
ta060,PFSP,XHT,42,completed,True,4466.0,147604.0,1.0538886846688234,223.7169229,224.55645879998337,1000,1000,50,20,1000,501+,Taillard,extension,1.0,6,0.1864239,0,T-B,../runs/PFSP-ta060-T-B-42.json,1.059829066325646,8.057101379143482,9.214138260168259
ta060,PFSP,XHT,73,completed,True,4430.0,147604.0,1.0546273817757734,203.06037,203.85823509993497,1000,1000,50,20,1000,501+,Taillard,extension,1.0,5,0.1958307,0,T-B,../runs/PFSP-ta060-T-B-73.json,0.99047941005449,7.186063392209041,9.214138260168259
ta060,PFSP,XHE,19,completed,True,4279.0,141743.0,1.0600923942988583,228.8791175,229.7131777999457,1000,1000,50,20,1000,501+,Taillard,extension,1.0,7,0.1949326,0,T-G,../runs/PFSP-ta060-T-G-19.json,0.4774183239506957,3.532542947011863,4.877507380633506
ta060,PFSP,XHE,42,completed,True,4304.0,147604.0,1.057223962913423,187.6310702,188.42016009998042,1000,1000,50,20,1000,501+,Taillard,extension,1.0,8,0.1913241,0,T-G,../runs/PFSP-ta060-T-G-42.json,0.7467096596629252,4.13743043793855,9.214138260168259
ta060,PFSP,XHE,73,completed,True,4302.0,145362.0,1.0581672974340839,201.7937226,202.56152409990318,1000,1000,50,20,1000,501+,Taillard,extension,1.0,4,0.1877007,0,T-G,../runs/PFSP-ta060-T-G-73.json,0.6581484291652839,4.08903943866441,7.555253013296248
ta060,PFSP,XTE,19,completed,True,4264.0,141458.0,1.0605155293016635,181.5017067,182.28795169992372,1000,1000,50,20,1000,501+,Taillard,extension,1.0,10,0.1829626,0,B-G,../runs/PFSP-ta060-B-G-19.json,0.43769396775008573,3.169610452455851,4.666632137387072
ta060,PFSP,XTE,42,completed,True,4370.0,142043.0,1.0580960729938143,196.1588324,196.89650210004766,1000,1000,50,20,1000,501+,Taillard,extension,1.0,5,0.1776736,0,B-G,../runs/PFSP-ta060-B-G-42.json,0.6648350540408021,5.734333413984993,5.099481320892929
ta060,PFSP,XTE,73,completed,True,4243.0,138791.0,1.0620225992336334,186.3491532,187.06542140000965,1000,1000,50,20,1000,501+,Taillard,extension,1.0,2,0.1782018,0,B-G,../runs/PFSP-ta060-B-G-73.json,0.29620866778696797,2.661504960077421,2.693283808480884
ta060,PFSP,XHTE,19,completed,True,4247.0,140537.0,1.061233592490097,221.879796,222.64194120001048,1000,1000,50,20,1000,501+,Taillard,extension,1.0,9,0.1789571,0,T-B-G,../runs/PFSP-ta060-T-B-G-19.json,0.3702814453098058,2.7582869586256997,3.9851721407906604
ta060,PFSP,XHTE,42,completed,True,4338.0,145493.0,1.0573729727416559,224.066186,224.83303990005516,1000,1000,50,20,1000,501+,Taillard,extension,1.0,9,0.1788966,0,T-B-G,../runs/PFSP-ta060-T-B-G-42.json,0.7327204612868288,4.96007742559883,7.652181633876176
ta060,PFSP,XHTE,73,completed,True,4289.0,146397.0,1.058019256792931,227.3292908,228.0549588999711,1000,1000,50,20,1000,501+,Taillard,extension,1.0,6,0.1762023,0,T-B-G,../runs/PFSP-ta060-T-B-G-73.json,0.6720466392456048,3.7744979433825376,8.321063107191208
ta060,PFSP,NSGA-II,19,completed,True,4307,139707,1.0603323679324006,1.032727099955082,1.7017738999566063,1000,1000,50,20,1000,501+,Taillard,extension,1.0,3,0.005483499960973859,0,NSGA-II,../runs/PFSP-ta060-NSGA-II-19.json,0.45488934848331164,4.2100169368497475,3.3710442394062845
ta060,PFSP,NSGA-II,42,completed,True,4325,141682,1.0591671200808588,1.0031489999964833,1.6839600999373943,1000,1000,50,20,1000,501+,Taillard,extension,1.0,4,0.005601400043815374,0,NSGA-II,../runs/PFSP-ta060-NSGA-II-42.json,0.5642840343631383,4.645535930316957,4.8323726794474275
ta060,PFSP,NSGA-II,73,completed,True,4344,140311,1.059324961867245,1.068544500041753,1.7559851000551134,1000,1000,50,20,1000,501+,Taillard,extension,1.0,4,0.0053250000346452,0,NSGA-II,../runs/PFSP-ta060-NSGA-II-73.json,0.5494656825270283,5.105250423421248,3.817951772461914
ta060,PFSP,SPEA2,19,completed,True,4304,139920,1.0603085621653925,1.0212031999835745,1.6152342000277713,1000,1000,50,20,1000,501+,Taillard,extension,1.0,4,0.0043947999365627766,0,SPEA2,../runs/PFSP-ta060-SPEA2-19.json,0.45712425876487384,4.13743043793855,3.5286457369904767
ta060,PFSP,SPEA2,42,completed,True,4403,141581,1.0576004004688966,1.0884571000933647,1.8527567000128329,1000,1000,50,20,1000,501+,Taillard,extension,1.0,5,0.006243000039830804,0,SPEA2,../runs/PFSP-ta060-SPEA2-42.json,0.7113693086123751,6.532784902008237,4.757641452893435
ta060,PFSP,SPEA2,73,completed,True,4329,138622,1.0603138774008183,1.065220299991779,1.734305299934931,1000,1000,50,20,1000,501+,Taillard,extension,1.0,3,0.005067300051450729,0,SPEA2,../runs/PFSP-ta060-SPEA2-73.json,0.45662525890917127,4.742317928865236,2.568238488801411
ta060,PFSP,MOEA/D,19,completed,True,4196,136479,1.063922620486933,1.1816677999449894,1.9040283999638632,1000,1000,50,20,1000,501+,Taillard,extension,1.0,5,0.0068431999534368515,0,MOEA-D,../runs/PFSP-ta060-MOEA-D-19.json,0.11783268717935336,1.5243164771352458,0.9826046422150014
ta060,PFSP,MOEA/D,42,completed,True,4133,136596,1.0651777480506976,1.2751252999296412,2.029959800071083,1000,1000,50,20,1000,501+,Taillard,extension,1.0,5,0.0065142998937517405,0,MOEA-D,../runs/PFSP-ta060-MOEA-D-42.json,0.0,0.0,1.0691744789161683
ta060,PFSP,MOEA/D,73,completed,True,4158,138053,1.0640720824033472,1.2844649000326172,1.9899796000681818,1000,1000,50,20,1000,501+,Taillard,extension,1.0,10,0.006540699978359044,0,MOEA-D,../runs/PFSP-ta060-MOEA-D-73.json,0.1038010462924066,0.6048874909266866,2.1472279154427287
ta060,PFSP,SMS-EMOA,19,completed,True,4352,139667,1.059416451297705,1.1145422999979928,1.894462399999611,1000,1000,50,20,1000,501+,Taillard,extension,1.0,10,0.005727699957787991,0,SMS-EMOA,../runs/PFSP-ta060-SMS-EMOA-19.json,0.5408765591973785,5.298814420517783,3.3414477140383703
ta060,PFSP,SMS-EMOA,42,completed,True,4417,141715,1.0572574144535478,1.0979166000615805,1.8470267000375316,1000,1000,50,20,1000,501+,Taillard,extension,1.0,3,0.005493000033311546,0,SMS-EMOA,../runs/PFSP-ta060-SMS-EMOA-42.json,0.7435691941222289,6.8715218969271685,4.856789812875961
ta060,PFSP,SMS-EMOA,73,completed,True,4269,140740,1.0606979967436876,1.1188129999209195,1.8968609999865294,1000,1000,50,20,1000,501+,Taillard,extension,1.0,8,0.006202699965797365,0,SMS-EMOA,../runs/PFSP-ta060-SMS-EMOA-73.json,0.42056373363112964,3.2905879506411884,4.135374507032874
ta064,PFSP,XG,19,completed,True,5450.0,291665.0,0.8545078989056912,0.169282,0.9713795999996364,1,1000,100,5,500,151-500,Taillard,extension,1.0,1,0.1691652,0,F,../runs/PFSP-ta064-F-19.json,2.9180671182441387,7.579944729569688,11.599387794145777
ta064,PFSP,XG,42,completed,True,5450.0,291665.0,0.8545078989056912,0.1698962,0.804601899930276,1,1000,100,5,500,151-500,Taillard,extension,1.0,1,0.1697952,0,F,../runs/PFSP-ta064-F-42.json,2.9180671182441387,7.579944729569688,11.599387794145777
ta064,PFSP,XG,73,completed,True,5450.0,291665.0,0.8545078989056912,0.1660505,0.95082889997866,1,1000,100,5,500,151-500,Taillard,extension,1.0,1,0.1659427,0,F,../runs/PFSP-ta064-F-73.json,2.9180671182441387,7.579944729569688,11.599387794145777
ta064,PFSP,XH,19,completed,True,5263.0,290610.0,0.862414958112794,151.5037819,152.30608499993104,1000,1000,100,5,500,151-500,Taillard,extension,1.0,10,0.1616243,0,T,../runs/PFSP-ta064-T-19.json,2.01973418039878,3.8886695617844413,11.195714559020464
ta064,PFSP,XH,42,completed,True,5233.0,291569.0,0.8632769439517446,180.1338052,180.85230869997758,1000,1000,100,5,500,151-500,Taillard,extension,1.0,5,0.1495651,0,T,../runs/PFSP-ta064-T-42.json,1.9218026674552524,3.2964863797868116,11.562655442892677
ta064,PFSP,XH,73,completed,True,5197.0,290905.0,0.8649658124390366,156.1682051,156.86061719991267,1000,1000,100,5,500,151-500,Taillard,extension,1.0,7,0.1589424,0,T,../runs/PFSP-ta064-T-73.json,1.7299277680665304,2.5858665613896603,11.308590013391996
ta064,PFSP,XT,19,completed,True,5402.0,288390.0,0.8576555263899295,145.2194513,145.9951617999468,1000,1000,100,5,500,151-500,Taillard,extension,1.0,4,0.1597158,0,B,../runs/PFSP-ta064-B-19.json,2.560460406178733,6.632451638373471,10.346278936292318
ta064,PFSP,XT,42,completed,True,5399.0,288713.0,0.8576601314129134,158.2386665,158.95878959994297,1000,1000,100,5,500,151-500,Taillard,extension,1.0,4,0.1566942,0,B,../runs/PFSP-ta064-B-42.json,2.559937222562969,6.573233320173699,10.469867993112691
ta064,PFSP,XT,73,completed,True,5408.0,288176.0,0.8574888469279045,143.1967979,143.91384170006495,1000,1000,100,5,500,151-500,Taillard,extension,1.0,2,0.1596116,0,B,../runs/PFSP-ta064-B-73.json,2.579397111580517,6.750888274772993,10.264396403290599
ta064,PFSP,XE,19,completed,True,5154.0,262444.0,0.8773254734003106,149.6950874,150.39407659997232,1000,1000,100,5,500,151-500,Taillard,extension,1.0,5,0.1560324,0,G,../runs/PFSP-ta064-G-19.json,0.32572802056239913,1.7370706671930414,0.418595752821882
ta064,PFSP,XE,42,completed,True,5094.0,261350.0,0.8801925070305999,147.4913268,148.31613699998707,1000,1000,100,5,500,151-500,Taillard,extension,1.0,13,0.1711531,0,G,../runs/PFSP-ta064-G-42.json,0.0,0.5527043031977819,0.0
ta064,PFSP,XE,73,completed,True,5066.0,265844.0,0.87969299038129,149.6298785,150.33205079997424,1000,1000,100,5,500,151-500,Taillard,extension,1.0,11,0.1534649,0,G,../runs/PFSP-ta064-G-73.json,0.0567508409035522,0.0,1.719533193036149
ta064,PFSP,XHT,19,completed,True,5280.0,288804.0,0.862397957262917,176.2905968,176.9803883000277,1000,1000,100,5,500,151-500,Taillard,extension,1.0,8,0.1512655,0,T-B,../runs/PFSP-ta064-T-B-19.json,2.02166567262817,4.224240031583104,10.504687201071361
ta064,PFSP,XHT,42,completed,True,5233.0,288012.0,0.8645630644755251,164.0021828,164.8648194000125,1000,1000,100,5,500,151-500,Taillard,extension,1.0,6,0.163016,0,T-B,../runs/PFSP-ta064-T-B-42.json,1.7756845724354098,3.2964863797868116,10.20164530323322
ta064,PFSP,XHT,73,completed,True,5265.0,288506.0,0.8631155097124773,153.8963626,154.73938619997352,1000,1000,100,5,500,151-500,Taillard,extension,1.0,10,0.1721204,0,T-B,../runs/PFSP-ta064-T-B-73.json,1.940143455178145,3.9281484405842892,10.390663860723159
ta064,PFSP,XHE,19,completed,True,5157.0,271399.0,0.8738878470027022,173.885586,174.595511399908,1000,1000,100,5,500,151-500,Taillard,extension,1.0,11,0.1640701,0,T-G,../runs/PFSP-ta064-T-G-19.json,0.7162819471352999,1.7962889853928132,3.845035393150953
ta064,PFSP,XHE,42,completed,True,5209.0,277621.0,0.8694823866842106,192.5212829,193.2954201999819,1000,1000,100,5,500,151-500,Taillard,extension,1.0,3,0.1684806,0,T-G,../runs/PFSP-ta064-T-G-42.json,1.2167929470929928,2.8227398341887033,6.225750908743066
ta064,PFSP,XHE,73,completed,True,5165.0,269694.0,0.8741749875720711,147.998001,148.7716290000826,1000,1000,100,5,500,151-500,Taillard,extension,1.0,10,0.1583561,0,T-G,../runs/PFSP-ta064-T-G-73.json,0.6836594734064949,1.9542045005921826,3.1926535297493785
ta064,PFSP,XTE,19,completed,True,5135.0,274624.0,0.8736143893663375,141.2946526,142.1276615000097,1000,1000,100,5,500,151-500,Taillard,extension,1.0,7,0.1727153,0,B-G,../runs/PFSP-ta064-B-G-19.json,0.7473498821813696,1.3620213185945529,5.079012818060069
ta064,PFSP,XTE,42,completed,True,5169.0,276004.0,0.8717165969719752,152.9621935,153.62491389992647,1000,1000,100,5,500,151-500,Taillard,extension,1.0,4,0.1559414,0,B-G,../runs/PFSP-ta064-B-G-42.json,0.9629609421714869,2.0331622581918563,5.6070403673235125
ta064,PFSP,XTE,73,completed,True,5102.0,266257.0,0.8780644412195817,158.9095883,159.685071600019,1000,1000,100,5,500,151-500,Taillard,extension,1.0,7,0.16484,0,B-G,../runs/PFSP-ta064-B-G-73.json,0.24177277061780966,0.7106198183971513,1.8775588291563006
ta064,PFSP,XHTE,19,completed,True,5125.0,266951.0,0.8768602607692394,147.3033437,148.0754625000991,1000,1000,100,5,500,151-500,Taillard,extension,1.0,11,0.1622955,0,T-B-G,../runs/PFSP-ta064-T-B-G-19.json,0.37858153014754814,1.1646269245953356,2.1431031184235616
ta064,PFSP,XHTE,42,completed,True,5183.0,275211.0,0.8714312704901827,153.1015025,153.8323274999857,1000,1000,100,5,500,151-500,Taillard,extension,1.0,5,0.1514157,0,T-B-G,../runs/PFSP-ta064-T-B-G-42.json,0.9953773146710865,2.3095144097907694,5.303615840826481
ta064,PFSP,XHTE,73,completed,True,5181.0,275137.0,0.8715434857102651,164.6244046,165.24367209989578,1000,1000,100,5,500,151-500,Taillard,extension,1.0,4,0.1489139,0,T-B-G,../runs/PFSP-ta064-T-B-G-73.json,0.9826283740488773,2.2700355309909215,5.275301320068881
ta064,PFSP,NSGA-II,19,completed,True,5164,274234,0.8725653138801027,0.48134529998060316,1.1646179999224842,1000,1000,100,5,500,151-500,Taillard,extension,1.0,8,0.004599699983373284,0,NSGA-II,../runs/PFSP-ta064-NSGA-II-19.json,0.8665369324976635,1.9344650611922587,4.929787641094308
ta064,PFSP,NSGA-II,42,completed,True,5215,274190,0.8704848974438818,0.5251954999985173,1.2406908000120893,1000,1000,100,5,500,151-500,Taillard,extension,1.0,8,0.00619610003195703,0,NSGA-II,../runs/PFSP-ta064-NSGA-II-42.json,1.1028961856841435,2.941176470588225,4.912951980103308
ta064,PFSP,NSGA-II,73,completed,True,5180,275586,0.8714142470229714,0.5317286000354216,1.2369723999872804,1000,1000,100,5,500,151-500,Taillard,extension,1.0,4,0.005675100022926927,0,NSGA-II,../runs/PFSP-ta064-NSGA-II-73.json,0.9973113764899733,2.2502960915909975,5.447101587908931
ta064,PFSP,SPEA2,19,completed,True,5201,272105,0.87183632832474,0.5371674000052735,1.2521906000329182,1000,1000,100,5,500,151-500,Taillard,extension,1.0,3,0.005666399956680834,0,SPEA2,../runs/PFSP-ta064-SPEA2-19.json,0.9493580823642933,2.664824318989334,4.115171226324854
ta064,PFSP,SPEA2,42,completed,True,5189,273960,0.8716451794946851,0.5481870999792591,1.2909431000007316,1000,1000,100,5,500,151-500,Taillard,extension,1.0,3,0.005058799986727536,0,SPEA2,../runs/PFSP-ta064-SPEA2-42.json,0.9710747896218619,2.427951046190291,4.8249473885594085
ta064,PFSP,SPEA2,73,completed,True,5188,271984,0.8723812584543937,0.5036808999720961,1.1597172999754548,1000,1000,100,5,500,151-500,Taillard,extension,1.0,11,0.00471429992467165,0,SPEA2,../runs/PFSP-ta064-SPEA2-73.json,0.8874477473749587,2.408211606790367,4.068873158599584
ta064,PFSP,MOEA/D,19,completed,True,5103,267816,0.8774431836418913,0.716776099987328,1.463458799989894,1000,1000,100,5,500,151-500,Taillard,extension,1.0,11,0.007103299954906106,0,MOEA-D,../runs/PFSP-ta064-MOEA-D-19.json,0.3123547822491357,0.7303592577970752,2.474076908360434
ta064,PFSP,MOEA/D,42,completed,True,5071,263962,0.880188446915977,0.7597751999273896,1.5144433999666944,1000,1000,100,5,500,151-500,Taillard,extension,1.0,5,0.007054099929518998,0,MOEA-D,../runs/PFSP-ta064-MOEA-D-42.json,0.00046127575393795084,0.09869719699959756,0.9994260570116653
ta064,PFSP,MOEA/D,73,completed,True,5134,267697,0.8762158106792564,0.6438589999452233,1.3129518000641838,1000,1000,100,5,500,151-500,Taillard,extension,1.0,6,0.005600899923592806,0,MOEA-D,../runs/PFSP-ta064-MOEA-D-73.json,0.4517984781260309,1.342281879194629,2.428544097952945
ta064,PFSP,SMS-EMOA,19,completed,True,5146,275013,0.8730067162363072,0.4655104000121355,1.1440381000284106,1000,1000,100,5,500,151-500,Taillard,extension,1.0,3,0.005096899927593768,0,SMS-EMOA,../runs/PFSP-ta064-SMS-EMOA-19.json,0.816388544198654,1.5791551519936942,5.22785536636694
ta064,PFSP,SMS-EMOA,42,completed,True,5225,276660,0.869163701200079,0.48330590000841767,1.2421963000670075,1000,1000,100,5,500,151-500,Taillard,extension,1.0,5,0.00526549993082881,0,SMS-EMOA,../runs/PFSP-ta064-SMS-EMOA-42.json,1.252999286227452,3.138570864587442,5.8580447675530944
ta064,PFSP,SMS-EMOA,73,completed,True,5153,276685,0.8721241144875401,0.5144345000153407,1.342172099975869,1000,1000,100,5,500,151-500,Taillard,extension,1.0,2,0.00551139994058758,0,SMS-EMOA,../runs/PFSP-ta064-SMS-EMOA-73.json,0.9166622617907905,1.7173312277931396,5.867610484025243
ta069,PFSP,XG,19,completed,True,6031.0,333398.0,0.8414368134116,0.1491231,0.9322912000352517,1,1000,100,5,500,151-500,Taillard,extension,1.0,1,0.1489967,0,F,../runs/PFSP-ta069-F-19.json,4.113876123511673,9.118870996924189,18.070070438745912
ta069,PFSP,XG,42,completed,True,6031.0,333398.0,0.8414368134116,0.1442377,0.8288377999560907,1,1000,100,5,500,151-500,Taillard,extension,1.0,1,0.144141,0,F,../runs/PFSP-ta069-F-42.json,4.113876123511673,9.118870996924189,18.070070438745912
ta069,PFSP,XG,73,completed,True,6031.0,333398.0,0.8414368134116,0.1370798,0.828336099977605,1,1000,100,5,500,151-500,Taillard,extension,1.0,1,0.136985,0,F,../runs/PFSP-ta069-F-73.json,4.113876123511673,9.118870996924189,18.070070438745912
ta069,PFSP,XH,19,completed,True,5915.0,326790.0,0.8479979366585644,177.3451668,178.08162880002055,1000,1000,100,5,500,151-500,Taillard,extension,1.0,4,0.137765,0,T,../runs/PFSP-ta069-T-19.json,3.3662018283063477,7.020083227790841,15.729903354782504
ta069,PFSP,XH,42,completed,True,5914.0,326790.0,0.848032633047324,149.8553216,150.7007776000537,1000,1000,100,5,500,151-500,Taillard,extension,1.0,4,0.1396236,0,T,../runs/PFSP-ta069-T-42.json,3.3622479934162564,7.001990229781074,15.729903354782504
ta069,PFSP,XH,73,completed,True,5954.0,326790.0,0.846554094273042,157.0441805,157.80208319996018,1000,1000,100,5,500,151-500,Taillard,extension,1.0,2,0.1541413,0,T,../runs/PFSP-ta069-T-73.json,3.5307352164701045,7.725710150171894,15.729903354782504
ta069,PFSP,XT,19,completed,True,5946.0,328015.0,0.8464429958391573,144.7945748,145.60419490002096,1000,1000,100,5,500,151-500,Taillard,extension,1.0,2,0.1530027,0,B,../runs/PFSP-ta069-B-19.json,3.5433954638281473,7.580966166093717,16.16372670191555
ta069,PFSP,XT,42,completed,True,5955.0,328795.0,0.8458417069866951,146.1402104,146.93541419995017,1000,1000,100,5,500,151-500,Taillard,extension,1.0,2,0.1622508,0,B,../runs/PFSP-ta069-B-42.json,3.6119154720732904,7.7438031481816605,16.43995707804924
ta069,PFSP,XT,73,completed,True,5941.0,327867.0,0.84668061811173,167.1755871,167.86403990001418,1000,1000,100,5,500,151-500,Taillard,extension,1.0,3,0.142254,0,B,../runs/PFSP-ta069-B-73.json,3.516317163591498,7.490501176044861,16.11131375875172
ta069,PFSP,XE,19,completed,True,5527.0,283318.0,0.8775376242087556,158.8116476,159.61978979990818,1000,1000,100,5,500,151-500,Taillard,extension,1.0,9,0.1461856,0,G,../runs/PFSP-ta069-G-19.json,0.0,0.0,0.33466372493120566
ta069,PFSP,XE,42,completed,True,5609.0,288811.0,0.8725291477633667,158.4286234,159.18962509999983,1000,1000,100,5,500,151-500,Taillard,extension,1.0,5,0.1474182,0,G,../runs/PFSP-ta069-G-42.json,0.5707420750084569,1.4836258368011501,2.279963027626586
ta069,PFSP,XE,73,completed,True,5560.0,282373.0,0.8766012178531042,141.0908333,141.86332169990055,1000,1000,100,5,500,151-500,Taillard,extension,1.0,8,0.1504459,0,G,../runs/PFSP-ta069-G-73.json,0.10670839971057555,0.5970689343224089,0.0
ta069,PFSP,XHT,19,completed,True,5915.0,326148.0,0.8482394463283622,171.434061,172.15243240003474,1000,1000,100,5,500,151-500,Taillard,extension,1.0,2,0.1407084,0,T-B,../runs/PFSP-ta069-T-B-19.json,3.3386805388327945,7.020083227790841,15.502544506734006
ta069,PFSP,XHT,42,completed,True,5915.0,322160.0,0.8495587861154793,160.0786853,160.75544810004067,1000,1000,100,5,500,151-500,Taillard,extension,1.0,2,0.1381715,0,T-B,../runs/PFSP-ta069-T-B-42.json,3.188334872650478,7.020083227790841,14.090228173373509
ta069,PFSP,XHT,73,completed,True,5931.0,326286.0,0.8475903579333582,146.3202909,147.11423760000616,1000,1000,100,5,500,151-500,Taillard,extension,1.0,3,0.1475774,0,T-B,../runs/PFSP-ta069-T-B-73.json,3.412647554844128,7.309571195947173,15.551416034819198
ta069,PFSP,XHE,19,completed,True,5708.0,304610.0,0.8633663107027573,156.4038963,157.1891768000787,1000,1000,100,5,500,151-500,Taillard,extension,1.0,7,0.1495805,0,T-G,../runs/PFSP-ta069-T-G-19.json,1.6148952609041811,3.274832639768399,7.875044710365375
ta069,PFSP,XHE,42,completed,True,5757.0,307392.0,0.8605565436977342,144.2200103,144.90726969996467,1000,1000,100,5,500,151-500,Taillard,extension,1.0,4,0.1406184,0,T-G,../runs/PFSP-ta069-T-G-42.json,1.9350829004434633,4.16138954224714,8.860266385242221
ta069,PFSP,XHE,73,completed,True,5722.0,302470.0,0.8635595062879893,153.7375241,154.53247850004118,1000,1000,100,5,500,151-500,Taillard,extension,1.0,6,0.1385816,0,T-G,../runs/PFSP-ta069-T-G-73.json,1.5928796139504375,3.528134611905198,7.117181883537027
ta069,PFSP,XTE,19,completed,True,5779.0,310131.0,0.8587937712133952,158.0150906,158.74950929998886,1000,1000,100,5,500,151-500,Taillard,extension,1.0,4,0.1448072,0,B-G,../runs/PFSP-ta069-B-G-19.json,2.135960040717466,4.559435498462094,9.830259975280931
ta069,PFSP,XTE,42,completed,True,5706.0,306387.0,0.8628372491906627,158.0427698,158.75705949997064,1000,1000,100,5,500,151-500,Taillard,extension,1.0,4,0.1372105,0,B-G,../runs/PFSP-ta069-B-G-42.json,1.6751845861136316,3.238646643748866,8.50435416983919
ta069,PFSP,XTE,73,completed,True,5651.0,308831.0,0.8640942911065449,136.3144637,137.07722500001546,1000,1000,100,5,500,151-500,Taillard,extension,1.0,2,0.1537252,0,B-G,../runs/PFSP-ta069-B-G-73.json,1.531938088048601,2.243531753211503,9.369876015058098
ta069,PFSP,XHTE,19,completed,True,5701.0,308607.0,0.8622744500844474,153.9164825,154.73225100000855,1000,1000,100,5,500,151-500,Taillard,extension,1.0,1,0.1446673,0,T-B-G,../runs/PFSP-ta069-T-B-G-19.json,1.7393184865515554,3.1481816537000107,9.290548317296633
ta069,PFSP,XHTE,42,completed,True,5703.0,300153.0,0.8650737388734666,160.6732999,161.40178499999456,1000,1000,100,5,500,151-500,Taillard,extension,1.0,2,0.139395,0,T-B-G,../runs/PFSP-ta069-T-B-G-42.json,1.420324894505487,3.184367649719566,6.296636009816803
ta069,PFSP,XHTE,73,completed,True,5709.0,309651.0,0.8616103939439008,168.9914292,169.78259630000684,1000,1000,100,5,500,151-500,Taillard,extension,1.0,8,0.1406557,0,T-B-G,../runs/PFSP-ta069-T-B-G-73.json,1.8149911554180664,3.292925637778188,9.660272051506347
ta069,PFSP,NSGA-II,19,completed,True,5605,295743,0.870291509937826,0.46661450003739446,1.1261440000962466,1000,1000,100,5,500,151-500,Taillard,extension,1.0,4,0.005335099995136261,0,NSGA-II,../runs/PFSP-ta069-NSGA-II-19.json,0.8257326034838863,1.4112538447620837,4.734871960137821
ta069,PFSP,NSGA-II,42,completed,True,5613,296039,0.8698948188293499,0.5227433999534696,1.3051844999426976,1000,1000,100,5,500,151-500,Taillard,extension,1.0,6,0.007487799972295761,0,NSGA-II,../runs/PFSP-ta069-NSGA-II-42.json,0.8709376291753723,1.5559978288402387,4.839697846465496
ta069,PFSP,NSGA-II,73,completed,True,5637,298622,0.8681007654892512,0.4759714000392705,1.1593569000251591,1000,1000,100,5,500,151-500,Taillard,extension,1.0,7,0.0050422000931575894,0,NSGA-II,../runs/PFSP-ta069-NSGA-II-73.json,1.0753793864978989,1.990229781074726,5.754445361277449
ta069,PFSP,SPEA2,19,completed,True,5600,297344,0.8699405663102516,0.4943074999609962,1.1625720999436453,1000,1000,100,5,500,151-500,Taillard,extension,1.0,8,0.004978799959644675,0,SPEA2,../runs/PFSP-ta069-SPEA2-19.json,0.8657244645611573,1.3207888547132285,5.301852514227634
ta069,PFSP,SPEA2,42,completed,True,5611,293686,0.8707797950848851,0.49910749995615333,1.1930851999204606,1000,1000,100,5,500,151-500,Taillard,extension,1.0,3,0.005301399971358478,0,SPEA2,../runs/PFSP-ta069-SPEA2-42.json,0.7700899582469445,1.5198118328207055,4.0064028784621675
ta069,PFSP,SPEA2,73,completed,True,5631,297256,0.8687861659184355,0.5708503000205383,1.3002139000454918,1000,1000,100,5,500,151-500,Taillard,extension,1.0,9,0.005716700106859207,0,SPEA2,../runs/PFSP-ta069-SPEA2-73.json,0.9972744243542775,1.8816717930161042,5.270688061535633
ta069,PFSP,MOEA/D,19,completed,True,5571,288458,0.8741007990994786,0.792029200005345,1.4283816000679508,1000,1000,100,5,500,151-500,Taillard,extension,1.0,8,0.005136599997058511,0,MOEA-D,../runs/PFSP-ta069-MOEA-D-19.json,0.3916441887464206,0.796091912429886,2.154951075350686
ta069,PFSP,MOEA/D,42,completed,True,5545,290765,0.8743077223611484,0.7056877999566495,1.408735999953933,1000,1000,100,5,500,151-500,Taillard,extension,1.0,3,0.005592799978330731,0,MOEA-D,../runs/PFSP-ta069-MOEA-D-42.json,0.36806420129501527,0.32567396417586547,2.9719555339922765
ta069,PFSP,MOEA/D,73,completed,True,5537,292176,0.8741283667320814,0.6867008999688551,1.4260358000174165,1000,1000,100,5,500,151-500,Taillard,extension,1.0,6,0.006570499972440302,0,MOEA-D,../runs/PFSP-ta069-MOEA-D-73.json,0.3885027128891716,0.18092998009771044,3.4716492015879785
ta069,PFSP,SMS-EMOA,19,completed,True,5626,302085,0.8673318956888145,0.5021060999715701,1.2446607000892982,1000,1000,100,5,500,151-500,Taillard,extension,1.0,6,0.006326999980956316,0,SMS-EMOA,../runs/PFSP-ta069-SMS-EMOA-19.json,1.1629961198692973,1.791206802967249,6.980837403009499
ta069,PFSP,SMS-EMOA,42,completed,True,5575,297970,0.8706911458099563,0.4697701999684796,1.1209833999164402,1000,1000,100,5,500,151-500,Taillard,extension,1.0,5,0.004849600023590028,0,SMS-EMOA,../runs/PFSP-ta069-SMS-EMOA-42.json,0.780192006578917,0.8684639044689746,5.523545098150318
ta069,PFSP,SMS-EMOA,73,completed,True,5654,296461,0.8681928483289774,0.46979979996103793,1.1169918000232428,1000,1000,100,5,500,151-500,Taillard,extension,1.0,5,0.004648500005714595,0,SMS-EMOA,../runs/PFSP-ta069-SMS-EMOA-73.json,1.064886065506776,2.297810747240825,4.989145562783981
ta075,PFSP,XG,19,completed,True,6831.0,378374.0,0.9855429148820068,0.2759781,0.9806752000004053,1,1000,100,10,1000,501+,Taillard,extension,1.0,1,0.2757888,0,F,../runs/PFSP-ta075-F-19.json,2.983214494287312,16.51031894934334,16.095202152695308
ta075,PFSP,XG,42,completed,True,6831.0,378374.0,0.9855429148820068,0.2690248,0.915601999964565,1,1000,100,10,1000,501+,Taillard,extension,1.0,1,0.2688445,0,F,../runs/PFSP-ta075-F-42.json,2.983214494287312,16.51031894934334,16.095202152695308
ta075,PFSP,XG,73,completed,True,6831.0,378374.0,0.9855429148820068,0.2685027,1.0460874999407679,1,1000,100,10,1000,501+,Taillard,extension,1.0,1,0.2682662,0,F,../runs/PFSP-ta075-F-73.json,2.983214494287312,16.51031894934334,16.095202152695308
ta075,PFSP,XH,19,timeout,False,,,,,240.34148730000015,,1000,100,10,1000,501+,Taillard,extension,1.0,,,,T,../runs/PFSP-ta075-T-19.json,,,
ta075,PFSP,XH,42,timeout,False,,,,,240.4039585000137,,1000,100,10,1000,501+,Taillard,extension,1.0,,,,T,../runs/PFSP-ta075-T-42.json,,,
ta075,PFSP,XH,73,timeout,False,,,,,240.44433600001503,,1000,100,10,1000,501+,Taillard,extension,1.0,,,,T,../runs/PFSP-ta075-T-73.json,,,
ta075,PFSP,XT,19,timeout,False,,,,,240.42831670003943,,1000,100,10,1000,501+,Taillard,extension,1.0,,,,B,../runs/PFSP-ta075-B-19.json,,,
ta075,PFSP,XT,42,timeout,False,,,,,240.46478520007804,,1000,100,10,1000,501+,Taillard,extension,1.0,,,,B,../runs/PFSP-ta075-B-42.json,,,
ta075,PFSP,XT,73,timeout,False,,,,,240.50721760001034,,1000,100,10,1000,501+,Taillard,extension,1.0,,,,B,../runs/PFSP-ta075-B-73.json,,,
ta075,PFSP,XE,19,timeout,False,,,,,240.44746170006692,,1000,100,10,1000,501+,Taillard,extension,1.0,,,,G,../runs/PFSP-ta075-G-19.json,,,
ta075,PFSP,XE,42,timeout,False,,,,,240.46454289997928,,1000,100,10,1000,501+,Taillard,extension,1.0,,,,G,../runs/PFSP-ta075-G-42.json,,,
ta075,PFSP,XE,73,timeout,False,,,,,240.4830965999281,,1000,100,10,1000,501+,Taillard,extension,1.0,,,,G,../runs/PFSP-ta075-G-73.json,,,
ta075,PFSP,XHT,19,timeout,False,,,,,240.33521349995863,,1000,100,10,1000,501+,Taillard,extension,1.0,,,,T-B,../runs/PFSP-ta075-T-B-19.json,,,
ta075,PFSP,XHT,42,timeout,False,,,,,240.46963479998522,,1000,100,10,1000,501+,Taillard,extension,1.0,,,,T-B,../runs/PFSP-ta075-T-B-42.json,,,
ta075,PFSP,XHT,73,timeout,False,,,,,240.36427590006497,,1000,100,10,1000,501+,Taillard,extension,1.0,,,,T-B,../runs/PFSP-ta075-T-B-73.json,,,
ta075,PFSP,XHE,19,timeout,False,,,,,240.4518901000265,,1000,100,10,1000,501+,Taillard,extension,1.0,,,,T-G,../runs/PFSP-ta075-T-G-19.json,,,
ta075,PFSP,XHE,42,timeout,False,,,,,240.42639300005976,,1000,100,10,1000,501+,Taillard,extension,1.0,,,,T-G,../runs/PFSP-ta075-T-G-42.json,,,
ta075,PFSP,XHE,73,timeout,False,,,,,240.45698399993125,,1000,100,10,1000,501+,Taillard,extension,1.0,,,,T-G,../runs/PFSP-ta075-T-G-73.json,,,
ta075,PFSP,XTE,19,timeout,False,,,,,240.4426959999837,,1000,100,10,1000,501+,Taillard,extension,1.0,,,,B-G,../runs/PFSP-ta075-B-G-19.json,,,
ta075,PFSP,XTE,42,timeout,False,,,,,240.3577893000329,,1000,100,10,1000,501+,Taillard,extension,1.0,,,,B-G,../runs/PFSP-ta075-B-G-42.json,,,
ta075,PFSP,XTE,73,timeout,False,,,,,240.46549839992076,,1000,100,10,1000,501+,Taillard,extension,1.0,,,,B-G,../runs/PFSP-ta075-B-G-73.json,,,
ta075,PFSP,XHTE,19,timeout,False,,,,,240.3604697000701,,1000,100,10,1000,501+,Taillard,extension,1.0,,,,T-B-G,../runs/PFSP-ta075-T-B-G-19.json,,,
ta075,PFSP,XHTE,42,timeout,False,,,,,240.48965000000317,,1000,100,10,1000,501+,Taillard,extension,1.0,,,,T-B-G,../runs/PFSP-ta075-T-B-G-42.json,,,
ta075,PFSP,XHTE,73,timeout,False,,,,,240.26020580006298,,1000,100,10,1000,501+,Taillard,extension,1.0,,,,T-B-G,../runs/PFSP-ta075-T-B-G-73.json,,,
ta075,PFSP,NSGA-II,19,completed,True,5998,342700,1.00973138761852,1.024075899971649,1.6425832000095397,1000,1000,100,10,1000,501+,Taillard,extension,1.0,2,0.004795699962414801,0,NSGA-II,../runs/PFSP-ta075-NSGA-II-19.json,0.6021026870251855,2.302575473307189,5.149470570728121
ta075,PFSP,NSGA-II,42,completed,True,6004,336147,1.010891491252661,1.086126699927263,1.8029200000455603,1000,1000,100,10,1000,501+,Taillard,extension,1.0,6,0.005646799923852086,0,NSGA-II,../runs/PFSP-ta075-NSGA-II-42.json,0.48790215477203525,2.4049121610097313,3.1388359613030214
ta075,PFSP,NSGA-II,73,completed,True,6044,341016,1.0090985842185098,1.1374463000101969,1.94901750003919,1000,1000,100,10,1000,501+,Taillard,extension,1.0,8,0.007007400039583445,0,NSGA-II,../runs/PFSP-ta075-NSGA-II-73.json,0.6643958158164653,3.0871567456933313,4.632774602122636
ta075,PFSP,SPEA2,19,completed,True,6008,341518,1.0097533500517126,1.0368704999564216,1.712421300006099,1000,1000,100,10,1000,501+,Taillard,extension,1.0,5,0.004789699916727841,0,SPEA2,../runs/PFSP-ta075-SPEA2-19.json,0.5999407064172901,2.473136619478078,4.78680154763329
ta075,PFSP,SPEA2,42,completed,True,6105,341312,1.0077825687128674,1.0924455999629572,1.775400000042282,1000,1000,100,10,1000,501+,Taillard,extension,1.0,6,0.00630399992223829,0,SPEA2,../runs/PFSP-ta075-SPEA2-42.json,0.793944303360905,4.12757973733584,4.723595271188685
ta075,PFSP,SPEA2,73,completed,True,6099,340243,1.0081125666921444,1.0483392999740317,1.6430592999095097,1000,1000,100,10,1000,501+,Taillard,extension,1.0,8,0.005101999966427684,0,SPEA2,../runs/PFSP-ta075-SPEA2-73.json,0.7614593220481747,4.025243049633298,4.395597652162975
ta075,PFSP,MOEA/D,19,completed,True,5935,337160,1.0121300686429886,1.422444999916479,2.9657757999375463,1000,1000,100,10,1000,501+,Taillard,extension,1.0,6,0.007411199971102178,0,MOEA-D,../runs/PFSP-ta075-MOEA-D-19.json,0.3659766706605394,1.2280402524305067,3.4496512915864974
ta075,PFSP,MOEA/D,42,completed,True,5863,325917,1.0158478347275015,1.3249102999689057,2.084496899973601,1000,1000,100,10,1000,501+,Taillard,extension,1.0,5,0.007197299972176552,0,MOEA-D,../runs/PFSP-ta075-MOEA-D-42.json,0.0,0.0,0.0
ta075,PFSP,MOEA/D,73,completed,True,5891,330710,1.0143176402239706,1.388167499913834,2.168812399962917,1000,1000,100,10,1000,501+,Taillard,extension,1.0,9,0.007956699933856726,0,MOEA-D,../runs/PFSP-ta075-MOEA-D-73.json,0.15063225526698032,0.4775712092785156,1.4706198203837229
ta075,PFSP,SMS-EMOA,19,completed,True,6105,341913,1.0076580436799683,1.208646300015971,2.0509687999729067,1000,1000,100,10,1000,501+,Taillard,extension,1.0,8,0.0062629000749439,0,SMS-EMOA,../runs/PFSP-ta075-SMS-EMOA-19.json,0.8062025401402884,4.12757973733584,4.907998048582929
ta075,PFSP,SMS-EMOA,42,completed,True,6006,340140,1.0100688618369291,1.0826995000243187,1.7572727999649942,1000,1000,100,10,1000,501+,Taillard,extension,1.0,5,0.005393699975684285,0,SMS-EMOA,../runs/PFSP-ta075-SMS-EMOA-42.json,0.5688817451801276,2.4390243902439046,4.363994513940672
ta075,PFSP,SMS-EMOA,73,completed,True,6082,342183,1.0080892101282695,1.1806710000382736,2.0895623000105843,1000,1000,100,10,1000,501+,Taillard,extension,1.0,3,0.006335200043395162,0,SMS-EMOA,../runs/PFSP-ta075-SMS-EMOA-73.json,0.7637585407969327,3.735289101142758,4.990841226447218
ta077,PFSP,XG,19,completed,True,6341.0,366477.0,0.9951848658841824,0.3002111,1.078830900019966,1,1000,100,10,1000,501+,Taillard,extension,1.0,1,0.2999841,0,F,../runs/PFSP-ta077-F-19.json,1.8048828275501916,8.970613507475523,13.79011625018629
ta077,PFSP,XG,42,completed,True,6341.0,366477.0,0.9951848658841824,0.2795317,0.9529108999995515,1,1000,100,10,1000,501+,Taillard,extension,1.0,1,0.2793432,0,F,../runs/PFSP-ta077-F-42.json,1.8048828275501916,8.970613507475523,13.79011625018629
ta077,PFSP,XG,73,completed,True,6341.0,366477.0,0.9951848658841824,0.2978185,0.9898747999686748,1,1000,100,10,1000,501+,Taillard,extension,1.0,1,0.2975923,0,F,../runs/PFSP-ta077-F-73.json,1.8048828275501916,8.970613507475523,13.79011625018629
ta077,PFSP,XH,19,timeout,False,,,,,240.32216839992907,,1000,100,10,1000,501+,Taillard,extension,1.0,,,,T,../runs/PFSP-ta077-T-19.json,,,
ta077,PFSP,XH,42,timeout,False,,,,,240.4122941000387,,1000,100,10,1000,501+,Taillard,extension,1.0,,,,T,../runs/PFSP-ta077-T-42.json,,,
ta077,PFSP,XH,73,timeout,False,,,,,240.49565170006827,,1000,100,10,1000,501+,Taillard,extension,1.0,,,,T,../runs/PFSP-ta077-T-73.json,,,
ta077,PFSP,XT,19,timeout,False,,,,,240.37252640002407,,1000,100,10,1000,501+,Taillard,extension,1.0,,,,B,../runs/PFSP-ta077-B-19.json,,,
ta077,PFSP,XT,42,timeout,False,,,,,240.39905319991522,,1000,100,10,1000,501+,Taillard,extension,1.0,,,,B,../runs/PFSP-ta077-B-42.json,,,
ta077,PFSP,XT,73,timeout,False,,,,,240.34589180001058,,1000,100,10,1000,501+,Taillard,extension,1.0,,,,B,../runs/PFSP-ta077-B-73.json,,,
ta077,PFSP,XE,19,timeout,False,,,,,240.46247439994477,,1000,100,10,1000,501+,Taillard,extension,1.0,,,,G,../runs/PFSP-ta077-G-19.json,,,
ta077,PFSP,XE,42,timeout,False,,,,,240.43805479991715,,1000,100,10,1000,501+,Taillard,extension,1.0,,,,G,../runs/PFSP-ta077-G-42.json,,,
ta077,PFSP,XE,73,timeout,False,,,,,240.44884969992563,,1000,100,10,1000,501+,Taillard,extension,1.0,,,,G,../runs/PFSP-ta077-G-73.json,,,
ta077,PFSP,XHT,19,timeout,False,,,,,240.49276380008087,,1000,100,10,1000,501+,Taillard,extension,1.0,,,,T-B,../runs/PFSP-ta077-T-B-19.json,,,
ta077,PFSP,XHT,42,timeout,False,,,,,240.4629367000889,,1000,100,10,1000,501+,Taillard,extension,1.0,,,,T-B,../runs/PFSP-ta077-T-B-42.json,,,
ta077,PFSP,XHT,73,timeout,False,,,,,240.34122649999335,,1000,100,10,1000,501+,Taillard,extension,1.0,,,,T-B,../runs/PFSP-ta077-T-B-73.json,,,
ta077,PFSP,XHE,19,timeout,False,,,,,240.49706219998188,,1000,100,10,1000,501+,Taillard,extension,1.0,,,,T-G,../runs/PFSP-ta077-T-G-19.json,,,
ta077,PFSP,XHE,42,timeout,False,,,,,240.30248840001877,,1000,100,10,1000,501+,Taillard,extension,1.0,,,,T-G,../runs/PFSP-ta077-T-G-42.json,,,
ta077,PFSP,XHE,73,timeout,False,,,,,240.4219829000067,,1000,100,10,1000,501+,Taillard,extension,1.0,,,,T-G,../runs/PFSP-ta077-T-G-73.json,,,
ta077,PFSP,XTE,19,timeout,False,,,,,240.4283653999446,,1000,100,10,1000,501+,Taillard,extension,1.0,,,,B-G,../runs/PFSP-ta077-B-G-19.json,,,
ta077,PFSP,XTE,42,timeout,False,,,,,240.33936910005286,,1000,100,10,1000,501+,Taillard,extension,1.0,,,,B-G,../runs/PFSP-ta077-B-G-42.json,,,
ta077,PFSP,XTE,73,timeout,False,,,,,240.38199220004026,,1000,100,10,1000,501+,Taillard,extension,1.0,,,,B-G,../runs/PFSP-ta077-B-G-73.json,,,
ta077,PFSP,XHTE,19,timeout,False,,,,,240.3901205000002,,1000,100,10,1000,501+,Taillard,extension,1.0,,,,T-B-G,../runs/PFSP-ta077-T-B-G-19.json,,,
ta077,PFSP,XHTE,42,timeout,False,,,,,240.48729379998986,,1000,100,10,1000,501+,Taillard,extension,1.0,,,,T-B-G,../runs/PFSP-ta077-T-B-G-42.json,,,
ta077,PFSP,XHTE,73,timeout,False,,,,,240.392314500059,,1000,100,10,1000,501+,Taillard,extension,1.0,,,,T-B-G,../runs/PFSP-ta077-T-B-G-73.json,,,
ta077,PFSP,NSGA-II,19,completed,True,6063,338593,1.0065438557661717,1.14671110000927,1.9423733999719843,1000,1000,100,10,1000,501+,Taillard,extension,1.0,11,0.007378399954177439,0,NSGA-II,../runs/PFSP-ta077-NSGA-II-19.json,0.6840887111408511,4.193160336827639,5.132209747131
ta077,PFSP,NSGA-II,42,completed,True,6060,342614,1.0058081699595864,1.1308541999896988,1.8439753000857309,1000,1000,100,10,1000,501+,Taillard,extension,1.0,6,0.0072975000366568565,0,NSGA-II,../runs/PFSP-ta077-NSGA-II-42.json,0.7566789970829157,4.141605086784672,6.380719360127185
ta077,PFSP,NSGA-II,73,completed,True,6081,338321,1.0062251809310285,1.0553570000920445,1.7559189000166953,1000,1000,100,10,1000,501+,Taillard,extension,1.0,6,0.00586730008944869,0,NSGA-II,../runs/PFSP-ta077-NSGA-II-73.json,0.7155324296393095,4.502491837085421,5.047754483580902
ta077,PFSP,SPEA2,19,completed,True,5980,337841,1.0084433878844528,1.1845485999947414,1.9101489000022411,1000,1000,100,10,1000,501+,Taillard,extension,1.0,2,0.0072231999365612864,0,SPEA2,../runs/PFSP-ta077-SPEA2-19.json,0.49666144478895946,2.7667984189723382,4.89871578319836
ta077,PFSP,SPEA2,42,completed,True,6059,338762,1.0065985216150697,1.0949468000326306,1.763510699965991,1000,1000,100,10,1000,501+,Taillard,extension,1.0,4,0.005513100069947541,0,SPEA2,../runs/PFSP-ta077-SPEA2-42.json,0.6786948193908016,4.124420003437024,5.184683789557365
ta077,PFSP,SPEA2,73,completed,True,6035,335500,1.0077434720504155,1.1545846000080928,1.8803342999890447,1000,1000,100,10,1000,501+,Taillard,extension,1.0,4,0.006188099971041083,0,SPEA2,../runs/PFSP-ta077-SPEA2-73.json,0.5657222994002176,3.711978003093308,4.17184162154105
ta077,PFSP,MOEA/D,19,completed,True,5910,322064,1.0130695509236523,1.2389025000156835,1.8285369999939576,1000,1000,100,10,1000,501+,Taillard,extension,1.0,2,0.005435599945485592,0,MOEA-D,../runs/PFSP-ta077-MOEA-D-19.json,0.04019688502151508,1.5638425846365323,0.0
ta077,PFSP,MOEA/D,42,completed,True,5819,329610,1.013476937082771,1.2942415000870824,1.9826815999113023,1000,1000,100,10,1000,501+,Taillard,extension,1.0,9,0.006501900032162666,0,MOEA-D,../runs/PFSP-ta077-MOEA-D-42.json,0.0,0.0,2.3430125689303916
ta077,PFSP,MOEA/D,73,completed,True,5877,330570,1.0120653149126921,1.3902242999756709,2.2002266000490636,1000,1000,100,10,1000,501+,Taillard,extension,1.0,5,0.007546999957412481,0,MOEA-D,../runs/PFSP-ta077-MOEA-D-73.json,0.1392850807382051,0.996734834163937,2.6410899696954537
ta077,PFSP,SMS-EMOA,19,completed,True,6046,337263,1.007164980449395,1.0991375000448897,1.8199090000707656,1000,1000,100,10,1000,501+,Taillard,extension,1.0,6,0.0053946999832987785,0,SMS-EMOA,../runs/PFSP-ta077-SMS-EMOA-19.json,0.6228021973094466,3.9010139199175065,4.719248348154403
ta077,PFSP,SMS-EMOA,42,completed,True,6005,343965,1.0066880314694924,1.093980100005865,1.8744060000171885,1000,1000,100,10,1000,501+,Taillard,extension,1.0,9,0.00569819996599108,0,SMS-EMOA,../runs/PFSP-ta077-SMS-EMOA-42.json,0.6698628616868207,3.19642550266368,6.800201202245515
ta077,PFSP,SMS-EMOA,73,completed,True,6025,342108,1.006645900433742,1.1754634999670088,1.859093299950473,1000,1000,100,10,1000,501+,Taillard,extension,1.0,4,0.007054399931803346,0,SMS-EMOA,../runs/PFSP-ta077-SMS-EMOA-73.json,0.6740199405712799,3.54012716961678,6.22360773014059
ta085,PFSP,XG,19,completed,True,7828.0,464592.0,1.0754274979136438,0.5722479,1.3080345999915153,1,1000,100,20,2000,501+,Taillard,extension,1.0,1,0.571768,0,F,../runs/PFSP-ta085-F-19.json,1.252789661430287,12.746651303471124,9.671357955913518
ta085,PFSP,XG,42,completed,True,7828.0,464592.0,1.0754274979136438,0.6303353,1.4347963000182062,1,1000,100,20,2000,501+,Taillard,extension,1.0,1,0.6298095,0,F,../runs/PFSP-ta085-F-42.json,1.252789661430287,12.746651303471124,9.671357955913518
ta085,PFSP,XG,73,completed,True,7828.0,464592.0,1.0754274979136438,0.6281062,1.3972295999992639,1,1000,100,20,2000,501+,Taillard,extension,1.0,1,0.6276224,0,F,../runs/PFSP-ta085-F-73.json,1.252789661430287,12.746651303471124,9.671357955913518
ta085,PFSP,XH,19,timeout,False,,,,,240.33043339999858,,1000,100,20,2000,501+,Taillard,extension,1.0,,,,T,../runs/PFSP-ta085-T-19.json,,,
ta085,PFSP,XH,42,timeout,False,,,,,240.4713366999058,,1000,100,20,2000,501+,Taillard,extension,1.0,,,,T,../runs/PFSP-ta085-T-42.json,,,
ta085,PFSP,XH,73,timeout,False,,,,,240.34315430000424,,1000,100,20,2000,501+,Taillard,extension,1.0,,,,T,../runs/PFSP-ta085-T-73.json,,,
ta085,PFSP,XT,19,timeout,False,,,,,240.35000880004372,,1000,100,20,2000,501+,Taillard,extension,1.0,,,,B,../runs/PFSP-ta085-B-19.json,,,
ta085,PFSP,XT,42,timeout,False,,,,,240.3135709000053,,1000,100,20,2000,501+,Taillard,extension,1.0,,,,B,../runs/PFSP-ta085-B-42.json,,,
ta085,PFSP,XT,73,timeout,False,,,,,240.3629215999972,,1000,100,20,2000,501+,Taillard,extension,1.0,,,,B,../runs/PFSP-ta085-B-73.json,,,
ta085,PFSP,XE,19,timeout,False,,,,,240.3314742000075,,1000,100,20,2000,501+,Taillard,extension,1.0,,,,G,../runs/PFSP-ta085-G-19.json,,,
ta085,PFSP,XE,42,timeout,False,,,,,240.4642667999724,,1000,100,20,2000,501+,Taillard,extension,1.0,,,,G,../runs/PFSP-ta085-G-42.json,,,
ta085,PFSP,XE,73,timeout,False,,,,,240.49518319999333,,1000,100,20,2000,501+,Taillard,extension,1.0,,,,G,../runs/PFSP-ta085-G-73.json,,,
ta085,PFSP,XHT,19,timeout,False,,,,,240.46331280004233,,1000,100,20,2000,501+,Taillard,extension,1.0,,,,T-B,../runs/PFSP-ta085-T-B-19.json,,,
ta085,PFSP,XHT,42,timeout,False,,,,,240.43805220001377,,1000,100,20,2000,501+,Taillard,extension,1.0,,,,T-B,../runs/PFSP-ta085-T-B-42.json,,,
ta085,PFSP,XHT,73,timeout,False,,,,,240.3579877000302,,1000,100,20,2000,501+,Taillard,extension,1.0,,,,T-B,../runs/PFSP-ta085-T-B-73.json,,,
ta085,PFSP,XHE,19,timeout,False,,,,,240.44875740003772,,1000,100,20,2000,501+,Taillard,extension,1.0,,,,T-G,../runs/PFSP-ta085-T-G-19.json,,,
ta085,PFSP,XHE,42,timeout,False,,,,,240.50045849999879,,1000,100,20,2000,501+,Taillard,extension,1.0,,,,T-G,../runs/PFSP-ta085-T-G-42.json,,,
ta085,PFSP,XHE,73,timeout,False,,,,,240.36610490002204,,1000,100,20,2000,501+,Taillard,extension,1.0,,,,T-G,../runs/PFSP-ta085-T-G-73.json,,,
ta085,PFSP,XTE,19,timeout,False,,,,,240.41185130004305,,1000,100,20,2000,501+,Taillard,extension,1.0,,,,B-G,../runs/PFSP-ta085-B-G-19.json,,,
ta085,PFSP,XTE,42,timeout,False,,,,,240.9356364000123,,1000,100,20,2000,501+,Taillard,extension,1.0,,,,B-G,../runs/PFSP-ta085-B-G-42.json,,,
ta085,PFSP,XTE,73,timeout,False,,,,,240.47011380002368,,1000,100,20,2000,501+,Taillard,extension,1.0,,,,B-G,../runs/PFSP-ta085-B-G-73.json,,,
ta085,PFSP,XHTE,19,timeout,False,,,,,240.39753750001546,,1000,100,20,2000,501+,Taillard,extension,1.0,,,,T-B-G,../runs/PFSP-ta085-T-B-G-19.json,,,
ta085,PFSP,XHTE,42,timeout,False,,,,,240.48261579999235,,1000,100,20,2000,501+,Taillard,extension,1.0,,,,T-B-G,../runs/PFSP-ta085-T-B-G-42.json,,,
ta085,PFSP,XHTE,73,timeout,False,,,,,240.41932119999547,,1000,100,20,2000,501+,Taillard,extension,1.0,,,,T-B-G,../runs/PFSP-ta085-T-B-G-73.json,,,
ta085,PFSP,NSGA-II,19,completed,True,7268,437518,1.0841709978041376,2.5212257000384852,3.288987400010228,1000,1000,100,20,2000,501+,Taillard,extension,1.0,6,0.0075258000288158655,0,NSGA-II,../runs/PFSP-ta085-NSGA-II-19.json,0.44994965179981916,4.68097364251765,3.28028289371185
ta085,PFSP,NSGA-II,42,completed,True,7307,435126,1.084002460776713,2.4243646999821067,3.1176341999089345,1000,1000,100,20,2000,501+,Taillard,extension,1.0,9,0.006528099998831749,0,NSGA-II,../runs/PFSP-ta085-NSGA-II-42.json,0.4654249500688601,5.24269047961976,2.71562855564631
ta085,PFSP,NSGA-II,73,completed,True,7147,435766,1.0856396524467227,2.5920817999867722,3.341182900010608,1000,1000,100,20,2000,501+,Taillard,extension,1.0,3,0.007086999947205186,0,NSGA-II,../runs/PFSP-ta085-NSGA-II-73.json,0.31509579211386196,2.938211147918768,2.8667066394096663
ta085,PFSP,SPEA2,19,completed,True,7177,430889,1.0858229463777165,2.532850999967195,3.2165868000593036,1000,1000,100,20,2000,501+,Taillard,extension,1.0,4,0.006555399973876774,0,SPEA2,../runs/PFSP-ta085-SPEA2-19.json,0.2982654949597152,3.3703010226127095,1.7154444292317272
ta085,PFSP,SPEA2,42,completed,True,7249,436439,1.0844850623606497,2.502821100060828,3.25897540000733,1000,1000,100,20,2000,501+,Taillard,extension,1.0,4,0.0072478000074625015,0,SPEA2,../runs/PFSP-ta085-SPEA2-42.json,0.4211118185828422,4.407316721878152,3.0255746868670608
ta085,PFSP,SPEA2,73,completed,True,7240,433086,1.0849268989028393,2.3632286998908967,3.016717900056392,1000,1000,100,20,2000,501+,Taillard,extension,1.0,5,0.006532499915920198,0,SPEA2,../runs/PFSP-ta085-SPEA2-73.json,0.38054178847712894,4.27768975946996,2.2340671636506215
ta085,PFSP,MOEA/D,19,completed,True,6943,423622,1.0890712701922194,2.7833418999798596,3.5270874000852928,1000,1000,100,20,2000,501+,Taillard,extension,1.0,11,0.0070946000050753355,0,MOEA-D,../runs/PFSP-ta085-MOEA-D-19.json,0.0,0.0,0.0
ta085,PFSP,MOEA/D,42,completed,True,7065,430785,1.0870295756037034,2.768775500007905,3.5443869000300765,1000,1000,100,20,2000,501+,Taillard,extension,1.0,7,0.00803030002862215,0,MOEA-D,../runs/PFSP-ta085-MOEA-D-42.json,0.1874711641374649,1.7571654904219969,1.6908942406201666
ta085,PFSP,MOEA/D,73,completed,True,7046,432129,1.087092549143448,3.016683299909346,3.7821241000201553,1000,1000,100,20,2000,501+,Taillard,extension,1.0,7,0.010979000013321638,0,MOEA-D,../runs/PFSP-ta085-MOEA-D-73.json,0.1816888483728074,1.4835085697825212,2.008158216523226
ta085,PFSP,SMS-EMOA,19,completed,True,7283,436548,1.0841117783454999,2.6441214999649674,3.4419067999115214,1000,1000,100,20,2000,501+,Taillard,extension,1.0,3,0.008089200011454523,0,SMS-EMOA,../runs/PFSP-ta085-SMS-EMOA-19.json,0.4553872627494959,4.89701857986462,3.051305173008001
ta085,PFSP,SMS-EMOA,42,completed,True,7280,436003,1.0842007675846663,2.53854149999097,3.2600890999892727,1000,1000,100,20,2000,501+,Taillard,extension,1.0,3,0.006549699930474162,0,SMS-EMOA,../runs/PFSP-ta085-SMS-EMOA-42.json,0.4472161502059868,4.8538095923952085,2.9226527423032778
ta085,PFSP,SMS-EMOA,73,completed,True,7325,440465,1.0832600080135568,2.740770500036888,3.554716999991797,1000,1000,100,20,2000,501+,Taillard,extension,1.0,7,0.007327000028453767,0,SMS-EMOA,../runs/PFSP-ta085-SMS-EMOA-73.json,0.5335979689958137,5.501944404436121,3.9759502575409167
ta088,PFSP,XG,19,completed,True,7905.0,481270.0,1.0763048932007038,0.5758672,1.1805573999881744,1,1000,100,20,2000,501+,Taillard,extension,1.0,1,0.5754863,0,F,../runs/PFSP-ta088-F-19.json,1.1591777582521279,10.066833751044268,11.837167203850063
ta088,PFSP,XG,42,completed,True,7905.0,481270.0,1.0763048932007038,0.6136329,1.352289800066501,1,1000,100,20,2000,501+,Taillard,extension,1.0,1,0.6132034,0,F,../runs/PFSP-ta088-F-42.json,1.1591777582521279,10.066833751044268,11.837167203850063
ta088,PFSP,XG,73,completed,True,7905.0,481270.0,1.0763048932007038,0.6112877,1.3133971000788733,1,1000,100,20,2000,501+,Taillard,extension,1.0,1,0.610857,0,F,../runs/PFSP-ta088-F-73.json,1.1591777582521279,10.066833751044268,11.837167203850063
ta088,PFSP,XH,19,timeout,False,,,,,240.41750370000955,,1000,100,20,2000,501+,Taillard,extension,1.0,,,,T,../runs/PFSP-ta088-T-19.json,,,
ta088,PFSP,XH,42,timeout,False,,,,,240.48024639999494,,1000,100,20,2000,501+,Taillard,extension,1.0,,,,T,../runs/PFSP-ta088-T-42.json,,,
ta088,PFSP,XH,73,timeout,False,,,,,240.4188588000834,,1000,100,20,2000,501+,Taillard,extension,1.0,,,,T,../runs/PFSP-ta088-T-73.json,,,
ta088,PFSP,XT,19,timeout,False,,,,,240.32084820000455,,1000,100,20,2000,501+,Taillard,extension,1.0,,,,B,../runs/PFSP-ta088-B-19.json,,,
ta088,PFSP,XT,42,timeout,False,,,,,240.34575569990557,,1000,100,20,2000,501+,Taillard,extension,1.0,,,,B,../runs/PFSP-ta088-B-42.json,,,
ta088,PFSP,XT,73,timeout,False,,,,,240.37305870000273,,1000,100,20,2000,501+,Taillard,extension,1.0,,,,B,../runs/PFSP-ta088-B-73.json,,,
ta088,PFSP,XE,19,timeout,False,,,,,240.32466719998047,,1000,100,20,2000,501+,Taillard,extension,1.0,,,,G,../runs/PFSP-ta088-G-19.json,,,
ta088,PFSP,XE,42,timeout,False,,,,,240.35298429999966,,1000,100,20,2000,501+,Taillard,extension,1.0,,,,G,../runs/PFSP-ta088-G-42.json,,,
ta088,PFSP,XE,73,timeout,False,,,,,240.33178410003893,,1000,100,20,2000,501+,Taillard,extension,1.0,,,,G,../runs/PFSP-ta088-G-73.json,,,
ta088,PFSP,XHT,19,timeout,False,,,,,240.45102550007869,,1000,100,20,2000,501+,Taillard,extension,1.0,,,,T-B,../runs/PFSP-ta088-T-B-19.json,,,
ta088,PFSP,XHT,42,timeout,False,,,,,240.35114430007525,,1000,100,20,2000,501+,Taillard,extension,1.0,,,,T-B,../runs/PFSP-ta088-T-B-42.json,,,
ta088,PFSP,XHT,73,timeout,False,,,,,240.34565979999024,,1000,100,20,2000,501+,Taillard,extension,1.0,,,,T-B,../runs/PFSP-ta088-T-B-73.json,,,
ta088,PFSP,XHE,19,timeout,False,,,,,240.38264470000286,,1000,100,20,2000,501+,Taillard,extension,1.0,,,,T-G,../runs/PFSP-ta088-T-G-19.json,,,
ta088,PFSP,XHE,42,timeout,False,,,,,240.44134209991898,,1000,100,20,2000,501+,Taillard,extension,1.0,,,,T-G,../runs/PFSP-ta088-T-G-42.json,,,
ta088,PFSP,XHE,73,timeout,False,,,,,240.48147740005516,,1000,100,20,2000,501+,Taillard,extension,1.0,,,,T-G,../runs/PFSP-ta088-T-G-73.json,,,
ta088,PFSP,XTE,19,timeout,False,,,,,240.465415499988,,1000,100,20,2000,501+,Taillard,extension,1.0,,,,B-G,../runs/PFSP-ta088-B-G-19.json,,,
ta088,PFSP,XTE,42,timeout,False,,,,,240.46720109996386,,1000,100,20,2000,501+,Taillard,extension,1.0,,,,B-G,../runs/PFSP-ta088-B-G-42.json,,,
ta088,PFSP,XTE,73,timeout,False,,,,,240.39823729998898,,1000,100,20,2000,501+,Taillard,extension,1.0,,,,B-G,../runs/PFSP-ta088-B-G-73.json,,,
ta088,PFSP,XHTE,19,timeout,False,,,,,240.47437539999373,,1000,100,20,2000,501+,Taillard,extension,1.0,,,,T-B-G,../runs/PFSP-ta088-T-B-G-19.json,,,
ta088,PFSP,XHTE,42,timeout,False,,,,,240.49049869994633,,1000,100,20,2000,501+,Taillard,extension,1.0,,,,T-B-G,../runs/PFSP-ta088-T-B-G-42.json,,,
ta088,PFSP,XHTE,73,timeout,False,,,,,240.47495910001453,,1000,100,20,2000,501+,Taillard,extension,1.0,,,,T-B-G,../runs/PFSP-ta088-T-B-G-73.json,,,
ta088,PFSP,NSGA-II,19,completed,True,7388,448381,1.0849661247723181,2.6378654999425635,3.463548199972138,1000,1000,100,20,2000,501+,Taillard,extension,1.0,9,0.007663100026547909,0,NSGA-II,../runs/PFSP-ta088-NSGA-II-19.json,0.36378673515760074,2.868281815650242,4.194445670890556
ta088,PFSP,NSGA-II,42,completed,True,7339,447679,1.0855447016297046,2.5146099999547005,3.2389420999679714,1000,1000,100,20,2000,501+,Taillard,extension,1.0,6,0.006879699998535216,0,NSGA-II,../runs/PFSP-ta088-NSGA-II-42.json,0.3106540097789545,2.186020607073247,4.031315429285831
ta088,PFSP,NSGA-II,73,completed,True,7429,446712,1.0847097558210945,2.72773679997772,3.5383962000487372,1000,1000,100,20,2000,501+,Taillard,extension,1.0,5,0.007643899996764958,0,NSGA-II,../runs/PFSP-ta088-NSGA-II-73.json,0.38732998772132987,3.4391534391534417,3.8066046833716394
ta088,PFSP,SPEA2,19,completed,True,7364,446243,1.0854309467470213,2.5385910000186414,3.246751199942082,1000,1000,100,20,2000,501+,Taillard,extension,1.0,6,0.006744000012986362,0,SPEA2,../runs/PFSP-ta088-SPEA2-19.json,0.3211005163492153,2.5341130604288553,3.6976188097069373
ta088,PFSP,SPEA2,42,completed,True,7403,447644,1.0848852952900723,2.5579085000790656,3.2564349999884143,1000,1000,100,20,2000,501+,Taillard,extension,1.0,3,0.007239800062961876,0,SPEA2,../runs/PFSP-ta088-SPEA2-42.json,0.37120958767553613,3.0771372876636116,4.023182155131755
ta088,PFSP,SPEA2,73,completed,True,7373,446104,1.0853517773295225,2.577032499946654,3.254351899959147,1000,1000,100,20,2000,501+,Taillard,extension,1.0,4,0.006464099977165461,0,SPEA2,../runs/PFSP-ta088-SPEA2-73.json,0.32837091934694307,2.6594263436368726,3.6653180923521766
ta088,PFSP,MOEA/D,19,completed,True,7182,430331,1.0889274985675905,2.770892700063996,3.4745287999976426,1000,1000,100,20,2000,501+,Taillard,extension,1.0,3,0.007159400032833219,0,MOEA-D,../runs/PFSP-ta088-MOEA-D-19.json,0.0,0.0,0.0
ta088,PFSP,MOEA/D,42,completed,True,7224,441764,1.0873361806634734,2.762767400010489,3.5172437999863178,1000,1000,100,20,2000,501+,Taillard,extension,1.0,4,0.008396100020036101,0,MOEA-D,../runs/PFSP-ta088-MOEA-D-42.json,0.14613625849383416,0.5847953216374213,2.6567920972460746
ta088,PFSP,MOEA/D,73,completed,True,7293,439510,1.086847749236098,3.0568321000318974,3.9831408000318334,1000,1000,100,20,2000,501+,Taillard,extension,1.0,8,0.010197600000537932,0,MOEA-D,../runs/PFSP-ta088-MOEA-D-73.json,0.19099061546598017,1.5455304928989166,2.1330092417232382
ta088,PFSP,SMS-EMOA,19,completed,True,7427,446134,1.0847886015893373,2.5732337000081316,3.2095481998985633,1000,1000,100,20,2000,501+,Taillard,extension,1.0,2,0.006327599985525012,0,SMS-EMOA,../runs/PFSP-ta088-SMS-EMOA-19.json,0.3800893065605937,3.4113060428849984,3.672289470198531
ta088,PFSP,SMS-EMOA,42,completed,True,7392,444408,1.0853256999857717,2.3754766000201926,3.0808382000541314,1000,1000,100,20,2000,501+,Taillard,extension,1.0,8,0.006797899957746267,0,SMS-EMOA,../runs/PFSP-ta088-SMS-EMOA-42.json,0.33076569253295274,2.923976608187129,3.2712028647715385
ta088,PFSP,SMS-EMOA,73,completed,True,7408,442643,1.085336376447474,2.594144699978642,3.3626380000496283,1000,1000,100,20,2000,501+,Taillard,extension,1.0,8,0.006338700070045888,0,SMS-EMOA,../runs/PFSP-ta088-SMS-EMOA-73.json,0.329785235917035,3.14675577833472,2.8610534681442923
ta091,PFSP,XG,19,completed,True,12343.0,1330170.0,1.0100515543801585,1.0101388,1.7611734999809414,1,1000,200,10,2000,501+,Taillard,extension,1.0,1,1.0096956,0,F,../runs/PFSP-ta091-F-19.json,1.7033560214843924,10.126695217701641,9.75199219787819
ta091,PFSP,XG,42,completed,True,12343.0,1330170.0,1.0100515543801585,0.9726623,1.672630999935791,1,1000,200,10,2000,501+,Taillard,extension,1.0,1,0.9721883,0,F,../runs/PFSP-ta091-F-42.json,1.7033560214843924,10.126695217701641,9.75199219787819
ta091,PFSP,XG,73,completed,True,12343.0,1330170.0,1.0100515543801585,1.0887002,1.8411461000796407,1,1000,200,10,2000,501+,Taillard,extension,1.0,1,1.088276,0,F,../runs/PFSP-ta091-F-73.json,1.7033560214843924,10.126695217701641,9.75199219787819
ta091,PFSP,XH,19,timeout,False,,,,,240.3868131999625,,1000,200,10,2000,501+,Taillard,extension,1.0,,,,T,../runs/PFSP-ta091-T-19.json,,,
ta091,PFSP,XH,42,timeout,False,,,,,240.4116791000124,,1000,200,10,2000,501+,Taillard,extension,1.0,,,,T,../runs/PFSP-ta091-T-42.json,,,
ta091,PFSP,XH,73,timeout,False,,,,,240.35985450004227,,1000,200,10,2000,501+,Taillard,extension,1.0,,,,T,../runs/PFSP-ta091-T-73.json,,,
ta091,PFSP,XT,19,timeout,False,,,,,240.43409150000662,,1000,200,10,2000,501+,Taillard,extension,1.0,,,,B,../runs/PFSP-ta091-B-19.json,,,
ta091,PFSP,XT,42,timeout,False,,,,,240.4785467000911,,1000,200,10,2000,501+,Taillard,extension,1.0,,,,B,../runs/PFSP-ta091-B-42.json,,,
ta091,PFSP,XT,73,timeout,False,,,,,240.46280920004938,,1000,200,10,2000,501+,Taillard,extension,1.0,,,,B,../runs/PFSP-ta091-B-73.json,,,
ta091,PFSP,XE,19,timeout,False,,,,,240.40766589995474,,1000,200,10,2000,501+,Taillard,extension,1.0,,,,G,../runs/PFSP-ta091-G-19.json,,,
ta091,PFSP,XE,42,timeout,False,,,,,240.4778999000555,,1000,200,10,2000,501+,Taillard,extension,1.0,,,,G,../runs/PFSP-ta091-G-42.json,,,
ta091,PFSP,XE,73,timeout,False,,,,,240.34132120001595,,1000,200,10,2000,501+,Taillard,extension,1.0,,,,G,../runs/PFSP-ta091-G-73.json,,,
ta091,PFSP,XHT,19,timeout,False,,,,,240.45793749997392,,1000,200,10,2000,501+,Taillard,extension,1.0,,,,T-B,../runs/PFSP-ta091-T-B-19.json,,,
ta091,PFSP,XHT,42,timeout,False,,,,,240.39782069996,,1000,200,10,2000,501+,Taillard,extension,1.0,,,,T-B,../runs/PFSP-ta091-T-B-42.json,,,
ta091,PFSP,XHT,73,timeout,False,,,,,240.48399670002982,,1000,200,10,2000,501+,Taillard,extension,1.0,,,,T-B,../runs/PFSP-ta091-T-B-73.json,,,
ta091,PFSP,XHE,19,timeout,False,,,,,240.41108750004787,,1000,200,10,2000,501+,Taillard,extension,1.0,,,,T-G,../runs/PFSP-ta091-T-G-19.json,,,
ta091,PFSP,XHE,42,timeout,False,,,,,240.37303250003606,,1000,200,10,2000,501+,Taillard,extension,1.0,,,,T-G,../runs/PFSP-ta091-T-G-42.json,,,
ta091,PFSP,XHE,73,timeout,False,,,,,240.47291820007376,,1000,200,10,2000,501+,Taillard,extension,1.0,,,,T-G,../runs/PFSP-ta091-T-G-73.json,,,
ta091,PFSP,XTE,19,timeout,False,,,,,240.42857540003024,,1000,200,10,2000,501+,Taillard,extension,1.0,,,,B-G,../runs/PFSP-ta091-B-G-19.json,,,
ta091,PFSP,XTE,42,timeout,False,,,,,240.43873920000624,,1000,200,10,2000,501+,Taillard,extension,1.0,,,,B-G,../runs/PFSP-ta091-B-G-42.json,,,
ta091,PFSP,XTE,73,timeout,False,,,,,240.44935940008145,,1000,200,10,2000,501+,Taillard,extension,1.0,,,,B-G,../runs/PFSP-ta091-B-G-73.json,,,
ta091,PFSP,XHTE,19,timeout,False,,,,,240.49675360007677,,1000,200,10,2000,501+,Taillard,extension,1.0,,,,T-B-G,../runs/PFSP-ta091-T-B-G-19.json,,,
ta091,PFSP,XHTE,42,timeout,False,,,,,240.5272403000854,,1000,200,10,2000,501+,Taillard,extension,1.0,,,,T-B-G,../runs/PFSP-ta091-T-B-G-42.json,,,
ta091,PFSP,XHTE,73,timeout,False,,,,,240.5564144999953,,1000,200,10,2000,501+,Taillard,extension,1.0,,,,T-B-G,../runs/PFSP-ta091-T-B-G-73.json,,,
ta091,PFSP,NSGA-II,19,completed,True,11476,1243281,1.023240785375662,2.5797151000006124,3.369497700012289,1000,1000,200,10,2000,501+,Taillard,extension,1.0,8,0.00782589998561889,0,NSGA-II,../runs/PFSP-ta091-NSGA-II-19.json,0.41980060503734595,2.3911491791577477,2.5828026581340646
ta091,PFSP,NSGA-II,42,completed,True,11484,1240944,1.0232738003735218,2.570754599990323,3.2734744999324903,1000,1000,200,10,2000,501+,Taillard,extension,1.0,9,0.007475399994291365,0,NSGA-II,../runs/PFSP-ta091-NSGA-II-42.json,0.4165876368710131,2.4625267665952855,2.389977375826957
ta091,PFSP,NSGA-II,73,completed,True,11499,1231728,1.0235698117429775,2.495700499974191,3.199126199935563,1000,1000,200,10,2000,501+,Taillard,extension,1.0,4,0.007660100003704429,0,NSGA-II,../runs/PFSP-ta091-NSGA-II-73.json,0.38778027147386984,2.596359743040688,1.6295675334040638
ta091,PFSP,SPEA2,19,completed,True,11435,1253001,1.023189685078105,2.759793100063689,3.4808069999562576,1000,1000,200,10,2000,501+,Taillard,extension,1.0,2,0.0077683000126853585,0,SPEA2,../runs/PFSP-ta091-SPEA2-19.json,0.42477360639986417,2.0253390435403196,3.384797413814433
ta091,PFSP,SPEA2,42,completed,True,11536,1245642,1.0225059072714309,2.6446619000053033,3.44722199998796,1000,1000,200,10,2000,501+,Taillard,extension,1.0,8,0.007813300006091595,0,SPEA2,../runs/PFSP-ta091-SPEA2-42.json,0.4913177974677274,2.9264810849393363,2.777608174405799
ta091,PFSP,SPEA2,73,completed,True,11469,1245151,1.023222009040411,2.6636312999762595,3.4865229000570253,1000,1000,200,10,2000,501+,Taillard,extension,1.0,8,0.007282499922439456,0,SPEA2,../runs/PFSP-ta091-SPEA2-73.json,0.42162788873725265,2.3286937901498828,2.7370958878791596
ta091,PFSP,MOEA/D,19,completed,True,11271,1232768,1.0258794461966616,2.8007399999769405,3.562901100027375,1000,1000,200,10,2000,501+,Taillard,extension,1.0,10,0.007506699999794364,0,MOEA-D,../runs/PFSP-ta091-MOEA-D-19.json,0.1630102440136172,0.5620985010706736,1.7153776718719316
ta091,PFSP,MOEA/D,42,completed,True,11232,1221987,1.0268135616328793,2.9508577999658883,3.6990070999599993,1000,1000,200,10,2000,501+,Taillard,extension,1.0,9,0.007703999988734722,0,MOEA-D,../runs/PFSP-ta091-MOEA-D-42.json,0.07210358477375278,0.21413276231263545,0.8258400730046356
ta091,PFSP,MOEA/D,73,completed,True,11208,1211978,1.0275544652378186,3.0411711999913678,3.8352451000828296,1000,1000,200,10,2000,501+,Taillard,extension,1.0,9,0.00942620006389916,0,MOEA-D,../runs/PFSP-ta091-MOEA-D-73.json,0.0,0.0,0.0
ta091,PFSP,SMS-EMOA,19,completed,True,11535,1255682,1.0220243077743416,2.5712284001056105,3.2968509000493214,1000,1000,200,10,2000,501+,Taillard,extension,1.0,4,0.006903100060299039,0,SMS-EMOA,../runs/PFSP-ta091-SMS-EMOA-19.json,0.5381863103672169,2.9175588865096413,3.606006049614763
ta091,PFSP,SMS-EMOA,42,completed,True,11574,1253633,1.0217219595808513,2.6649856000440195,3.4332906999625266,1000,1000,200,10,2000,501+,Taillard,extension,1.0,4,0.008816299960017204,0,SMS-EMOA,../runs/PFSP-ta091-SMS-EMOA-42.json,0.5676103656089282,3.2655246252676573,3.4369435748833777
ta091,PFSP,SMS-EMOA,73,completed,True,11540,1245161,1.0224879375091056,2.5119383999845013,3.1800822999794036,1000,1000,200,10,2000,501+,Taillard,extension,1.0,6,0.00655459996778518,0,SMS-EMOA,../runs/PFSP-ta091-SMS-EMOA-73.json,0.49306658674684867,2.962169878658094,2.737920985364428
ta093,PFSP,XG,19,completed,True,11988.0,1319039.0,1.015651226453123,1.1135101,1.898711199988611,1,1000,200,10,2000,501+,Taillard,extension,1.0,1,1.1130613,0,F,../runs/PFSP-ta093-F-19.json,1.009081278979429,5.6490702388296565,7.184131041930586
ta093,PFSP,XG,42,completed,True,11988.0,1319039.0,1.015651226453123,0.9998262,1.6797624999890104,1,1000,200,10,2000,501+,Taillard,extension,1.0,1,0.9994832,0,F,../runs/PFSP-ta093-F-42.json,1.009081278979429,5.6490702388296565,7.184131041930586
ta093,PFSP,XG,73,completed,True,11988.0,1319039.0,1.015651226453123,1.0955712,1.9007735999766737,1,1000,200,10,2000,501+,Taillard,extension,1.0,1,1.0950829,0,F,../runs/PFSP-ta093-F-73.json,1.009081278979429,5.6490702388296565,7.184131041930586
ta093,PFSP,XH,19,timeout,False,,,,,240.46594289992936,,1000,200,10,2000,501+,Taillard,extension,1.0,,,,T,../runs/PFSP-ta093-T-19.json,,,
ta093,PFSP,XH,42,timeout,False,,,,,240.42724039999302,,1000,200,10,2000,501+,Taillard,extension,1.0,,,,T,../runs/PFSP-ta093-T-42.json,,,
ta093,PFSP,XH,73,timeout,False,,,,,240.45342189993244,,1000,200,10,2000,501+,Taillard,extension,1.0,,,,T,../runs/PFSP-ta093-T-73.json,,,
ta093,PFSP,XT,19,timeout,False,,,,,240.45376579998992,,1000,200,10,2000,501+,Taillard,extension,1.0,,,,B,../runs/PFSP-ta093-B-19.json,,,
ta093,PFSP,XT,42,timeout,False,,,,,240.40360720001627,,1000,200,10,2000,501+,Taillard,extension,1.0,,,,B,../runs/PFSP-ta093-B-42.json,,,
ta093,PFSP,XT,73,timeout,False,,,,,240.43242470000405,,1000,200,10,2000,501+,Taillard,extension,1.0,,,,B,../runs/PFSP-ta093-B-73.json,,,
ta093,PFSP,XE,19,timeout,False,,,,,240.41029120003805,,1000,200,10,2000,501+,Taillard,extension,1.0,,,,G,../runs/PFSP-ta093-G-19.json,,,
ta093,PFSP,XE,42,timeout,False,,,,,240.45167610002682,,1000,200,10,2000,501+,Taillard,extension,1.0,,,,G,../runs/PFSP-ta093-G-42.json,,,
ta093,PFSP,XE,73,timeout,False,,,,,240.4444292000262,,1000,200,10,2000,501+,Taillard,extension,1.0,,,,G,../runs/PFSP-ta093-G-73.json,,,
ta093,PFSP,XHT,19,timeout,False,,,,,240.44913740002085,,1000,200,10,2000,501+,Taillard,extension,1.0,,,,T-B,../runs/PFSP-ta093-T-B-19.json,,,
ta093,PFSP,XHT,42,timeout,False,,,,,240.4729401000077,,1000,200,10,2000,501+,Taillard,extension,1.0,,,,T-B,../runs/PFSP-ta093-T-B-42.json,,,
ta093,PFSP,XHT,73,timeout,False,,,,,240.51311099994928,,1000,200,10,2000,501+,Taillard,extension,1.0,,,,T-B,../runs/PFSP-ta093-T-B-73.json,,,
ta093,PFSP,XHE,19,timeout,False,,,,,240.40047740004957,,1000,200,10,2000,501+,Taillard,extension,1.0,,,,T-G,../runs/PFSP-ta093-T-G-19.json,,,
ta093,PFSP,XHE,42,timeout,False,,,,,240.34324189997278,,1000,200,10,2000,501+,Taillard,extension,1.0,,,,T-G,../runs/PFSP-ta093-T-G-42.json,,,
ta093,PFSP,XHE,73,timeout,False,,,,,240.47628020006232,,1000,200,10,2000,501+,Taillard,extension,1.0,,,,T-G,../runs/PFSP-ta093-T-G-73.json,,,
ta093,PFSP,XTE,19,timeout,False,,,,,240.37826569995377,,1000,200,10,2000,501+,Taillard,extension,1.0,,,,B-G,../runs/PFSP-ta093-B-G-19.json,,,
ta093,PFSP,XTE,42,timeout,False,,,,,240.41302610002458,,1000,200,10,2000,501+,Taillard,extension,1.0,,,,B-G,../runs/PFSP-ta093-B-G-42.json,,,
ta093,PFSP,XTE,73,timeout,False,,,,,240.44525260000955,,1000,200,10,2000,501+,Taillard,extension,1.0,,,,B-G,../runs/PFSP-ta093-B-G-73.json,,,
ta093,PFSP,XHTE,19,timeout,False,,,,,240.38279910001438,,1000,200,10,2000,501+,Taillard,extension,1.0,,,,T-B-G,../runs/PFSP-ta093-T-B-G-19.json,,,
ta093,PFSP,XHTE,42,timeout,False,,,,,240.37459760007914,,1000,200,10,2000,501+,Taillard,extension,1.0,,,,T-B-G,../runs/PFSP-ta093-T-B-G-42.json,,,
ta093,PFSP,XHTE,73,timeout,False,,,,,240.4926475000102,,1000,200,10,2000,501+,Taillard,extension,1.0,,,,T-B-G,../runs/PFSP-ta093-T-B-G-73.json,,,
ta093,PFSP,NSGA-II,19,completed,True,11589,1256527,1.0227759120664268,2.690306399948895,3.4762537999777123,1000,1000,200,10,2000,501+,Taillard,extension,1.0,4,0.011054800008423626,0,NSGA-II,../runs/PFSP-ta093-NSGA-II-19.json,0.3146704851064386,2.1327223054551814,2.104452276031199
ta093,PFSP,NSGA-II,42,completed,True,11641,1255298,1.0223022998350018,2.5144487998913974,3.2493216999573633,1000,1000,200,10,2000,501+,Taillard,extension,1.0,4,0.006688699941150844,0,NSGA-II,../runs/PFSP-ta093-NSGA-II-42.json,0.3608313213120051,2.5909932140653957,2.004584647363261
ta093,PFSP,NSGA-II,73,completed,True,11691,1263467,1.021392101501623,2.715434300014749,3.5015049000503495,1000,1000,200,10,2000,501+,Taillard,extension,1.0,7,0.009118199930526316,0,NSGA-II,../runs/PFSP-ta093-NSGA-II-73.json,0.4495442248095616,3.0316383184982865,2.668391529859937
ta093,PFSP,SPEA2,19,completed,True,11687,1256590,1.0217686490207138,2.623686199891381,3.347222900018096,1000,1000,200,10,2000,501+,Taillard,extension,1.0,5,0.007504699984565377,0,SPEA2,../runs/PFSP-ta093-SPEA2-19.json,0.41284384589395096,2.996386710143639,2.1095716093152417
ta093,PFSP,SPEA2,42,completed,True,11648,1258950,1.0220543245977827,2.7212861999869347,3.3626156999962404,1000,1000,200,10,2000,501+,Taillard,extension,1.0,2,0.00675879989285022,0,SPEA2,../runs/PFSP-ta093-SPEA2-42.json,0.38500034303229347,2.652683528685995,2.301343459320404
ta093,PFSP,SPEA2,73,completed,True,11566,1246385,1.0235042818986404,2.6053875000216067,3.3680249999742955,1000,1000,200,10,2000,501+,Taillard,extension,1.0,5,0.007626699982210994,0,SPEA2,../runs/PFSP-ta093-SPEA2-73.json,0.24367958096379594,1.9300255574160596,1.2803208765598706
ta093,PFSP,MOEA/D,19,completed,True,11481,1237307,1.0248229180238237,3.3916590999579057,4.099634999991395,1000,1000,200,10,2000,501+,Taillard,extension,1.0,1,0.008684800006449223,0,MOEA-D,../runs/PFSP-ta093-MOEA-D-19.json,0.11515809830239254,1.1809288798801498,0.5426493281078137
ta093,PFSP,MOEA/D,42,completed,True,11347,1241290,1.0260044452314503,2.906318199937232,3.6524553999770433,1000,1000,200,10,2000,501+,Taillard,extension,1.0,7,0.009381999960169196,0,MOEA-D,../runs/PFSP-ta093-MOEA-D-42.json,0.0,0.0,0.8663049546207668
ta093,PFSP,MOEA/D,73,completed,True,11464,1230629,1.0253229736427318,3.104354100069031,3.783002599957399,1000,1000,200,10,2000,501+,Taillard,extension,1.0,4,0.007808200083673,0,MOEA-D,../runs/PFSP-ta093-MOEA-D-73.json,0.06641994504855697,1.0311095443729545,0.0
ta093,PFSP,SMS-EMOA,19,completed,True,11715,1256591,1.0214801443553019,2.625495900050737,3.2932011000812054,1000,1000,200,10,2000,501+,Taillard,extension,1.0,5,0.006709099980071187,0,SMS-EMOA,../runs/PFSP-ta093-SMS-EMOA-19.json,0.4409630871655579,3.243147968626059,2.1096528685737193
ta093,PFSP,SMS-EMOA,42,completed,True,11683,1256116,1.0218311186795588,2.654128000023775,3.4319969000061974,1000,1000,200,10,2000,501+,Taillard,extension,1.0,7,0.007953800028190017,0,SMS-EMOA,../runs/PFSP-ta093-SMS-EMOA-42.json,0.4067552115673445,2.961135101789014,2.0710547207972496
ta093,PFSP,SMS-EMOA,73,completed,True,11640,1261354,1.0220191299457986,2.707244799938053,3.483822000096552,1000,1000,200,10,2000,501+,Taillard,extension,1.0,3,0.008403199957683682,0,SMS-EMOA,../runs/PFSP-ta093-SMS-EMOA-73.json,0.38843060614154323,2.582180311976745,2.4966907166985353
ta106,PFSP,XG,19,completed,True,13218.0,1522748.0,1.0980409856436883,2.27543,3.080047099967487,1,1000,200,20,4000,501+,Taillard,extension,1.0,1,2.2744203,0,F,../runs/PFSP-ta106-F-19.json,0.5986379561632393,6.502296350012093,6.2769618602872335
ta106,PFSP,XG,42,completed,True,13218.0,1522748.0,1.0980409856436883,2.416502,3.1805121999932453,1,1000,200,20,4000,501+,Taillard,extension,1.0,1,2.4155486,0,F,../runs/PFSP-ta106-F-42.json,0.5986379561632393,6.502296350012093,6.2769618602872335
ta106,PFSP,XG,73,completed,True,13218.0,1522748.0,1.0980409856436883,2.1242189,2.8656546999700367,1,1000,200,20,4000,501+,Taillard,extension,1.0,1,2.1233245,0,F,../runs/PFSP-ta106-F-73.json,0.5986379561632393,6.502296350012093,6.2769618602872335
ta106,PFSP,XH,19,timeout,False,,,,,240.43821930000558,,1000,200,20,4000,501+,Taillard,extension,1.0,,,,T,../runs/PFSP-ta106-T-19.json,,,
ta106,PFSP,XH,42,timeout,False,,,,,240.44074950006325,,1000,200,20,4000,501+,Taillard,extension,1.0,,,,T,../runs/PFSP-ta106-T-42.json,,,
ta106,PFSP,XH,73,timeout,False,,,,,240.51186580001377,,1000,200,20,4000,501+,Taillard,extension,1.0,,,,T,../runs/PFSP-ta106-T-73.json,,,
ta106,PFSP,XT,19,timeout,False,,,,,240.45828829996753,,1000,200,20,4000,501+,Taillard,extension,1.0,,,,B,../runs/PFSP-ta106-B-19.json,,,
ta106,PFSP,XT,42,timeout,False,,,,,240.48965310002677,,1000,200,20,4000,501+,Taillard,extension,1.0,,,,B,../runs/PFSP-ta106-B-42.json,,,
ta106,PFSP,XT,73,timeout,False,,,,,240.30870229995344,,1000,200,20,4000,501+,Taillard,extension,1.0,,,,B,../runs/PFSP-ta106-B-73.json,,,
ta106,PFSP,XE,19,timeout,False,,,,,240.46297979995143,,1000,200,20,4000,501+,Taillard,extension,1.0,,,,G,../runs/PFSP-ta106-G-19.json,,,
ta106,PFSP,XE,42,timeout,False,,,,,240.47709669999313,,1000,200,20,4000,501+,Taillard,extension,1.0,,,,G,../runs/PFSP-ta106-G-42.json,,,
ta106,PFSP,XE,73,timeout,False,,,,,240.42371700005606,,1000,200,20,4000,501+,Taillard,extension,1.0,,,,G,../runs/PFSP-ta106-G-73.json,,,
ta106,PFSP,XHT,19,timeout,False,,,,,240.48246990004554,,1000,200,20,4000,501+,Taillard,extension,1.0,,,,T-B,../runs/PFSP-ta106-T-B-19.json,,,
ta106,PFSP,XHT,42,timeout,False,,,,,240.3704151000129,,1000,200,20,4000,501+,Taillard,extension,1.0,,,,T-B,../runs/PFSP-ta106-T-B-42.json,,,
ta106,PFSP,XHT,73,timeout,False,,,,,240.38435379997827,,1000,200,20,4000,501+,Taillard,extension,1.0,,,,T-B,../runs/PFSP-ta106-T-B-73.json,,,
ta106,PFSP,XHE,19,timeout,False,,,,,240.33384690003004,,1000,200,20,4000,501+,Taillard,extension,1.0,,,,T-G,../runs/PFSP-ta106-T-G-19.json,,,
ta106,PFSP,XHE,42,timeout,False,,,,,240.3450096999295,,1000,200,20,4000,501+,Taillard,extension,1.0,,,,T-G,../runs/PFSP-ta106-T-G-42.json,,,
ta106,PFSP,XHE,73,timeout,False,,,,,240.42825970007107,,1000,200,20,4000,501+,Taillard,extension,1.0,,,,T-G,../runs/PFSP-ta106-T-G-73.json,,,
ta106,PFSP,XTE,19,timeout,False,,,,,240.38487019995227,,1000,200,20,4000,501+,Taillard,extension,1.0,,,,B-G,../runs/PFSP-ta106-B-G-19.json,,,
ta106,PFSP,XTE,42,timeout,False,,,,,240.42661020008381,,1000,200,20,4000,501+,Taillard,extension,1.0,,,,B-G,../runs/PFSP-ta106-B-G-42.json,,,
ta106,PFSP,XTE,73,timeout,False,,,,,240.35681110003497,,1000,200,20,4000,501+,Taillard,extension,1.0,,,,B-G,../runs/PFSP-ta106-B-G-73.json,,,
ta106,PFSP,XHTE,19,timeout,False,,,,,240.37187270005234,,1000,200,20,4000,501+,Taillard,extension,1.0,,,,T-B-G,../runs/PFSP-ta106-T-B-G-19.json,,,
ta106,PFSP,XHTE,42,timeout,False,,,,,240.3241157999728,,1000,200,20,4000,501+,Taillard,extension,1.0,,,,T-B-G,../runs/PFSP-ta106-T-B-G-42.json,,,
ta106,PFSP,XHTE,73,timeout,False,,,,,240.39510799990967,,1000,200,20,4000,501+,Taillard,extension,1.0,,,,T-B-G,../runs/PFSP-ta106-T-B-G-73.json,,,
ta106,PFSP,NSGA-II,19,completed,True,12886,1464754,1.1013021370161062,5.631597599945962,6.3172406000085175,1000,1000,200,20,4000,501+,Taillard,extension,1.0,3,0.008782100048847497,0,NSGA-II,../runs/PFSP-ta106-NSGA-II-19.json,0.3034186588075527,3.8272500201434134,2.229393827936832
ta106,PFSP,NSGA-II,42,completed,True,12936,1469068,1.1009248460903007,5.6106619000202045,6.358385700033978,1000,1000,200,20,4000,501+,Taillard,extension,1.0,4,0.01036379998549819,0,NSGA-II,../runs/PFSP-ta106-NSGA-II-42.json,0.3375733328153441,4.230118443316422,2.5304802936325865
ta106,PFSP,NSGA-II,73,completed,True,12875,1462586,1.1014161355081487,6.337023700005375,7.120769100030884,1000,1000,200,20,4000,501+,Taillard,extension,1.0,5,0.009417299996130168,0,NSGA-II,../runs/PFSP-ta106-NSGA-II-73.json,0.2930988205427587,3.7386189670453707,2.0780828734564327
ta106,PFSP,SPEA2,19,completed,True,12916,1468528,1.101045061201249,6.067768199951388,6.891802700003609,1000,1000,200,20,4000,501+,Taillard,extension,1.0,8,0.009022300015203655,0,SPEA2,../runs/PFSP-ta106-SPEA2-19.json,0.32669072831993384,4.068971074047223,2.4927921407638554
ta106,PFSP,SPEA2,42,completed,True,12882,1473829,1.1010887981967983,6.058727200026624,6.890439399983734,1000,1000,200,20,4000,501+,Taillard,extension,1.0,4,0.011068299994803965,0,SPEA2,../runs/PFSP-ta106-SPEA2-42.json,0.3227313889271888,3.7950205462895736,2.8627641747585697
ta106,PFSP,SPEA2,73,completed,True,12861,1458439,1.1015977618363766,5.919544199947268,6.693670799955726,1000,1000,200,20,4000,501+,Taillard,extension,1.0,4,0.010539099923335016,0,SPEA2,../runs/PFSP-ta106-SPEA2-73.json,0.27665689838782814,3.6258158085569203,1.7886518179997202
ta106,PFSP,MOEA/D,19,completed,True,12411,1432811,1.1046538629515397,6.935557799995877,7.642951900023036,1000,1000,200,20,4000,501+,Taillard,extension,1.0,3,0.009823399945162237,0,MOEA-D,../runs/PFSP-ta106-MOEA-D-19.json,0.0,0.0,0.0
ta106,PFSP,MOEA/D,42,completed,True,12543,1435256,1.1038887380014235,6.6314558000303805,7.469248100067489,1000,1000,200,20,4000,501+,Taillard,extension,1.0,6,0.01062910002656281,0,MOEA-D,../runs/PFSP-ta106-MOEA-D-42.json,0.06926377354729008,1.0635726371766907,0.17064358104452726
ta106,PFSP,MOEA/D,73,completed,True,12611,1448437,1.103185815161308,6.807947300025262,7.56640609994065,1000,1000,200,20,4000,501+,Taillard,extension,1.0,7,0.009847800014540553,0,MOEA-D,../runs/PFSP-ta106-MOEA-D-73.json,0.1328966330058412,1.611473692691967,1.0905834754199928
ta106,PFSP,SMS-EMOA,19,completed,True,13020,1473542,1.1003632483843346,5.816336899995804,6.533240400021896,1000,1000,200,20,4000,501+,Taillard,extension,1.0,4,0.009290300076827407,0,SMS-EMOA,../runs/PFSP-ta106-SMS-EMOA-19.json,0.3884125798230498,4.906937394247035,2.8427336194375874
ta106,PFSP,SMS-EMOA,42,completed,True,13013,1480637,1.100216777874081,6.020064300042577,6.861063299933448,1000,1000,200,20,4000,501+,Taillard,extension,1.0,7,0.009616800001822412,0,SMS-EMOA,../runs/PFSP-ta106-SMS-EMOA-42.json,0.4016719830774118,4.85053581500281,3.337914072407311
ta106,PFSP,SMS-EMOA,73,completed,True,12924,1473510,1.1008739198206088,5.917406899970956,6.725300399935804,1000,1000,200,20,4000,501+,Taillard,extension,1.0,4,0.010389399947598577,0,SMS-EMOA,../runs/PFSP-ta106-SMS-EMOA-73.json,0.3421834891185971,4.1334300217549025,2.8405002474157337
ta109,PFSP,XG,19,completed,True,13876.0,1583557.0,1.0927531978984817,2.6451491000000003,3.462629900081083,1,1000,200,20,4000,501+,Taillard,extension,1.0,1,2.6443041000000003,0,F,../runs/PFSP-ta109-F-19.json,0.9876622824954939,10.680386057270486,10.165391711352711
ta109,PFSP,XG,42,completed,True,13876.0,1583557.0,1.0927531978984817,2.5352366,3.3510570999933407,1,1000,200,20,4000,501+,Taillard,extension,1.0,1,2.5344481,0,F,../runs/PFSP-ta109-F-42.json,0.9876622824954939,10.680386057270486,10.165391711352711
ta109,PFSP,XG,73,completed,True,13876.0,1583557.0,1.0927531978984817,2.575601,3.324850399978459,1,1000,200,20,4000,501+,Taillard,extension,1.0,1,2.574615,0,F,../runs/PFSP-ta109-F-73.json,0.9876622824954939,10.680386057270486,10.165391711352711
ta109,PFSP,XH,19,timeout,False,,,,,241.42847339995205,,1000,200,20,4000,501+,Taillard,extension,1.0,,,,T,../runs/PFSP-ta109-T-19.json,,,
ta109,PFSP,XH,42,timeout,False,,,,,240.38716359995306,,1000,200,20,4000,501+,Taillard,extension,1.0,,,,T,../runs/PFSP-ta109-T-42.json,,,
ta109,PFSP,XH,73,timeout,False,,,,,240.41579060000367,,1000,200,20,4000,501+,Taillard,extension,1.0,,,,T,../runs/PFSP-ta109-T-73.json,,,
ta109,PFSP,XT,19,timeout,False,,,,,240.49371800001245,,1000,200,20,4000,501+,Taillard,extension,1.0,,,,B,../runs/PFSP-ta109-B-19.json,,,
ta109,PFSP,XT,42,timeout,False,,,,,240.47087329998612,,1000,200,20,4000,501+,Taillard,extension,1.0,,,,B,../runs/PFSP-ta109-B-42.json,,,
ta109,PFSP,XT,73,timeout,False,,,,,240.4158363000024,,1000,200,20,4000,501+,Taillard,extension,1.0,,,,B,../runs/PFSP-ta109-B-73.json,,,
ta109,PFSP,XE,19,timeout,False,,,,,240.441188900033,,1000,200,20,4000,501+,Taillard,extension,1.0,,,,G,../runs/PFSP-ta109-G-19.json,,,
ta109,PFSP,XE,42,timeout,False,,,,,240.43001829995774,,1000,200,20,4000,501+,Taillard,extension,1.0,,,,G,../runs/PFSP-ta109-G-42.json,,,
ta109,PFSP,XE,73,timeout,False,,,,,240.53450930002145,,1000,200,20,4000,501+,Taillard,extension,1.0,,,,G,../runs/PFSP-ta109-G-73.json,,,
ta109,PFSP,XHT,19,timeout,False,,,,,240.5162884000456,,1000,200,20,4000,501+,Taillard,extension,1.0,,,,T-B,../runs/PFSP-ta109-T-B-19.json,,,
ta109,PFSP,XHT,42,timeout,False,,,,,240.43953630002216,,1000,200,20,4000,501+,Taillard,extension,1.0,,,,T-B,../runs/PFSP-ta109-T-B-42.json,,,
ta109,PFSP,XHT,73,timeout,False,,,,,240.48222210002132,,1000,200,20,4000,501+,Taillard,extension,1.0,,,,T-B,../runs/PFSP-ta109-T-B-73.json,,,
ta109,PFSP,XHE,19,timeout,False,,,,,240.44701380003244,,1000,200,20,4000,501+,Taillard,extension,1.0,,,,T-G,../runs/PFSP-ta109-T-G-19.json,,,
ta109,PFSP,XHE,42,timeout,False,,,,,240.45673510001507,,1000,200,20,4000,501+,Taillard,extension,1.0,,,,T-G,../runs/PFSP-ta109-T-G-42.json,,,
ta109,PFSP,XHE,73,timeout,False,,,,,240.51841619994957,,1000,200,20,4000,501+,Taillard,extension,1.0,,,,T-G,../runs/PFSP-ta109-T-G-73.json,,,
ta109,PFSP,XTE,19,timeout,False,,,,,240.3426821999019,,1000,200,20,4000,501+,Taillard,extension,1.0,,,,B-G,../runs/PFSP-ta109-B-G-19.json,,,
ta109,PFSP,XTE,42,timeout,False,,,,,240.42551150009967,,1000,200,20,4000,501+,Taillard,extension,1.0,,,,B-G,../runs/PFSP-ta109-B-G-42.json,,,
ta109,PFSP,XTE,73,timeout,False,,,,,240.4400998998899,,1000,200,20,4000,501+,Taillard,extension,1.0,,,,B-G,../runs/PFSP-ta109-B-G-73.json,,,
ta109,PFSP,XHTE,19,timeout,False,,,,,240.4595742999809,,1000,200,20,4000,501+,Taillard,extension,1.0,,,,T-B-G,../runs/PFSP-ta109-T-B-G-19.json,,,
ta109,PFSP,XHTE,42,timeout,False,,,,,240.4585557000246,,1000,200,20,4000,501+,Taillard,extension,1.0,,,,T-B-G,../runs/PFSP-ta109-T-B-G-42.json,,,
ta109,PFSP,XHTE,73,timeout,False,,,,,240.29272210004274,,1000,200,20,4000,501+,Taillard,extension,1.0,,,,T-B-G,../runs/PFSP-ta109-T-B-G-73.json,,,
ta109,PFSP,NSGA-II,19,completed,True,12923,1467260,1.1008248686671307,5.938310300000012,6.658047000062652,1000,1000,200,20,4000,501+,Taillard,extension,1.0,3,0.009336200077086687,0,NSGA-II,../runs/PFSP-ta109-NSGA-II-19.json,0.2563031854670439,3.078886495971922,2.0748054174237973
ta109,PFSP,NSGA-II,42,completed,True,12904,1463048,1.1010349455721307,5.560649699997157,6.267842400004156,1000,1000,200,20,4000,501+,Taillard,extension,1.0,5,0.008600399945862591,0,NSGA-II,../runs/PFSP-ta109-NSGA-II-42.json,0.23726850727574522,2.927335088139116,1.78178367593409
ta109,PFSP,NSGA-II,73,completed,True,12909,1461513,1.1010481816959188,5.929232400027104,6.7115162999834865,1000,1000,200,20,4000,501+,Taillard,extension,1.0,6,0.00944080005865544,0,NSGA-II,../runs/PFSP-ta109-NSGA-II-73.json,0.23606920668244324,2.9672170375687923,1.6749963128793288
ta109,PFSP,SPEA2,19,completed,True,12871,1460521,1.1012754680344363,5.9994353000074625,6.887635400053114,1000,1000,200,20,4000,501+,Taillard,extension,1.0,8,0.01106599997729063,0,SPEA2,../runs/PFSP-ta109-SPEA2-19.json,0.2154752136827809,2.6641142219031577,1.6059845447031984
ta109,PFSP,SPEA2,42,completed,True,12784,1465446,1.1016112532207571,5.819718100014143,6.599652100005187,1000,1000,200,20,4000,501+,Taillard,extension,1.0,3,0.010579099995084107,0,SPEA2,../runs/PFSP-ta109-SPEA2-42.json,0.18505034159596034,1.9701683018265914,1.9486084945695037
ta109,PFSP,SPEA2,73,completed,True,12876,1465668,1.1011162153855283,6.577535200049169,7.318787700030953,1000,1000,200,20,4000,501+,Taillard,extension,1.0,5,0.0091163000324741,0,SPEA2,../runs/PFSP-ta109-SPEA2-73.json,0.2299048004242521,2.7039961713328564,1.9640526604314923
ta109,PFSP,MOEA/D,19,completed,True,12725,1441092,1.1025574104213782,7.118206100072712,7.85910929995589,1000,1000,200,20,4000,501+,Taillard,extension,1.0,4,0.010814000037498772,0,MOEA-D,../runs/PFSP-ta109-MOEA-D-19.json,0.09932079492255275,1.4995612985562845,0.25434175852003804
ta109,PFSP,MOEA/D,42,completed,True,12618,1438980,1.1031820502241207,6.6294971000170335,7.309233500040136,1000,1000,200,20,4000,501+,Taillard,extension,1.0,6,0.00838300003670156,0,MOEA-D,../runs/PFSP-ta109-MOEA-D-42.json,0.04272334252445331,0.6460875807609456,0.10741347788700839
ta109,PFSP,MOEA/D,73,completed,True,12537,1437436,1.1036535679182258,6.528523800079711,7.28854360000696,1000,1000,200,20,4000,501+,Taillard,extension,1.0,5,0.009722799994051456,0,MOEA-D,../runs/PFSP-ta109-MOEA-D-73.json,0.0,0.0,0.0
ta109,PFSP,SMS-EMOA,19,completed,True,12838,1472058,1.101152764047481,5.969213300035335,6.746377700008452,1000,1000,200,20,4000,501+,Taillard,extension,1.0,3,0.01173859997652471,0,SMS-EMOA,../runs/PFSP-ta109-SMS-EMOA-19.json,0.22659319404566558,2.400893355667222,2.4085941913239983
ta109,PFSP,SMS-EMOA,42,completed,True,12856,1470626,1.1010937913870646,5.637584200012498,6.327476399950683,1000,1000,200,20,4000,501+,Taillard,extension,1.0,4,0.008409400004893541,0,SMS-EMOA,../runs/PFSP-ta109-SMS-EMOA-42.json,0.23193659727749338,2.544468373614106,2.308972364682682
ta109,PFSP,SMS-EMOA,73,completed,True,12973,1471371,1.1004522599042381,5.952035999973305,6.661673999973573,1000,1000,200,20,4000,501+,Taillard,extension,1.0,2,0.00946159998420626,0,SMS-EMOA,../runs/PFSP-ta109-SMS-EMOA-73.json,0.2900645734355001,3.477705990268798,2.3608007591294555
ta117,PFSP,XG,19,completed,True,30516.0,8234405.0,1.1080392401118402,20.0980381,21.058381899958476,1,1000,500,20,10000,501+,Taillard,extension,1.0,1,20.095656,0,F,../runs/PFSP-ta117-F-19.json,0.5954881668862488,7.280717173492701,6.77295460233116
ta117,PFSP,XG,42,completed,True,30516.0,8234405.0,1.1080392401118402,21.1837508,22.12116480001714,1,1000,500,20,10000,501+,Taillard,extension,1.0,1,21.181099,0,F,../runs/PFSP-ta117-F-42.json,0.5954881668862488,7.280717173492701,6.77295460233116
ta117,PFSP,XG,73,completed,True,30516.0,8234405.0,1.1080392401118402,19.3274304,20.423334800056182,1,1000,500,20,10000,501+,Taillard,extension,1.0,1,19.3253876,0,F,../runs/PFSP-ta117-F-73.json,0.5954881668862488,7.280717173492701,6.77295460233116
ta117,PFSP,XH,19,timeout,False,,,,,240.55251989990938,,1000,500,20,10000,501+,Taillard,extension,1.0,,,,T,../runs/PFSP-ta117-T-19.json,,,
ta117,PFSP,XH,42,timeout,False,,,,,240.45229110005312,,1000,500,20,10000,501+,Taillard,extension,1.0,,,,T,../runs/PFSP-ta117-T-42.json,,,
ta117,PFSP,XH,73,timeout,False,,,,,240.4463094000239,,1000,500,20,10000,501+,Taillard,extension,1.0,,,,T,../runs/PFSP-ta117-T-73.json,,,
ta117,PFSP,XT,19,timeout,False,,,,,240.46546800003853,,1000,500,20,10000,501+,Taillard,extension,1.0,,,,B,../runs/PFSP-ta117-B-19.json,,,
ta117,PFSP,XT,42,timeout,False,,,,,240.4653871000046,,1000,500,20,10000,501+,Taillard,extension,1.0,,,,B,../runs/PFSP-ta117-B-42.json,,,
ta117,PFSP,XT,73,timeout,False,,,,,240.2981081000762,,1000,500,20,10000,501+,Taillard,extension,1.0,,,,B,../runs/PFSP-ta117-B-73.json,,,
ta117,PFSP,XE,19,timeout,False,,,,,240.42468860000372,,1000,500,20,10000,501+,Taillard,extension,1.0,,,,G,../runs/PFSP-ta117-G-19.json,,,
ta117,PFSP,XE,42,timeout,False,,,,,240.43369820003863,,1000,500,20,10000,501+,Taillard,extension,1.0,,,,G,../runs/PFSP-ta117-G-42.json,,,
ta117,PFSP,XE,73,timeout,False,,,,,240.41894230002072,,1000,500,20,10000,501+,Taillard,extension,1.0,,,,G,../runs/PFSP-ta117-G-73.json,,,
ta117,PFSP,XHT,19,timeout,False,,,,,240.45913000009023,,1000,500,20,10000,501+,Taillard,extension,1.0,,,,T-B,../runs/PFSP-ta117-T-B-19.json,,,
ta117,PFSP,XHT,42,timeout,False,,,,,240.37889300007373,,1000,500,20,10000,501+,Taillard,extension,1.0,,,,T-B,../runs/PFSP-ta117-T-B-42.json,,,
ta117,PFSP,XHT,73,timeout,False,,,,,240.50533810001798,,1000,500,20,10000,501+,Taillard,extension,1.0,,,,T-B,../runs/PFSP-ta117-T-B-73.json,,,
ta117,PFSP,XHE,19,timeout,False,,,,,240.43701390002389,,1000,500,20,10000,501+,Taillard,extension,1.0,,,,T-G,../runs/PFSP-ta117-T-G-19.json,,,
ta117,PFSP,XHE,42,timeout,False,,,,,240.3500283000758,,1000,500,20,10000,501+,Taillard,extension,1.0,,,,T-G,../runs/PFSP-ta117-T-G-42.json,,,
ta117,PFSP,XHE,73,timeout,False,,,,,240.48647939995863,,1000,500,20,10000,501+,Taillard,extension,1.0,,,,T-G,../runs/PFSP-ta117-T-G-73.json,,,
ta117,PFSP,XTE,19,timeout,False,,,,,240.4005477000028,,1000,500,20,10000,501+,Taillard,extension,1.0,,,,B-G,../runs/PFSP-ta117-B-G-19.json,,,
ta117,PFSP,XTE,42,timeout,False,,,,,240.35624059999827,,1000,500,20,10000,501+,Taillard,extension,1.0,,,,B-G,../runs/PFSP-ta117-B-G-42.json,,,
ta117,PFSP,XTE,73,timeout,False,,,,,240.4441387000261,,1000,500,20,10000,501+,Taillard,extension,1.0,,,,B-G,../runs/PFSP-ta117-B-G-73.json,,,
ta117,PFSP,XHTE,19,timeout,False,,,,,240.4801657999633,,1000,500,20,10000,501+,Taillard,extension,1.0,,,,T-B-G,../runs/PFSP-ta117-T-B-G-19.json,,,
ta117,PFSP,XHTE,42,timeout,False,,,,,242.45641069998965,,1000,500,20,10000,501+,Taillard,extension,1.0,,,,T-B-G,../runs/PFSP-ta117-T-B-G-42.json,,,
ta117,PFSP,XHTE,73,timeout,False,,,,,240.36679080000613,,1000,500,20,10000,501+,Taillard,extension,1.0,,,,T-B-G,../runs/PFSP-ta117-T-B-G-73.json,,,
ta117,PFSP,NSGA-II,19,completed,True,29072,7872097,1.1126575699901806,15.741236999980174,16.73197840002831,1000,1000,500,20,10000,501+,Taillard,extension,1.0,6,0.02024149999488145,0,NSGA-II,../runs/PFSP-ta117-NSGA-II-19.json,0.18116815869377856,2.2042538231675124,2.075020065948574
ta117,PFSP,NSGA-II,42,completed,True,29263,7859322,1.1123005056048418,15.218428599997424,16.117635200032964,1000,1000,500,20,10000,501+,Taillard,extension,1.0,5,0.022376199951395392,0,NSGA-II,../runs/PFSP-ta117-NSGA-II-42.json,0.21320114961385084,2.8757250834944736,1.90937063589931
ta117,PFSP,NSGA-II,73,completed,True,29149,7821756,1.1127028621128563,16.51290039997548,17.337665099999867,1000,1000,500,20,10000,501+,Taillard,extension,1.0,4,0.018173899967223406,0,NSGA-II,../runs/PFSP-ta117-NSGA-II-73.json,0.17710490787965494,2.4749516611003664,1.4222640613998472
ta117,PFSP,SPEA2,19,completed,True,29040,7862266,1.1127675805175825,14.769083800027147,15.622397500090301,1000,1000,500,20,10000,501+,Taillard,extension,1.0,5,0.01791719999164343,0,SPEA2,../runs/PFSP-ta117-SPEA2-19.json,0.17129888477547262,2.091756020390223,1.9475445632625155
ta117,PFSP,SPEA2,42,completed,True,29174,7862112,1.112480150761396,15.264109799987637,16.10654060007073,1000,1000,500,20,10000,501+,Taillard,extension,1.0,3,0.022578699979931116,0,SPEA2,../runs/PFSP-ta117-SPEA2-42.json,0.1970848078418408,2.5628405695201195,1.945547693420835
ta117,PFSP,SPEA2,73,completed,True,29116,7827500,1.1127497746549653,16.046480800025165,16.968198399990797,1000,1000,500,20,10000,501+,Taillard,extension,1.0,7,0.018381200032308698,0,SPEA2,../runs/PFSP-ta117-SPEA2-73.json,0.17289628585763772,2.3589383019862797,1.4967447131574163
ta117,PFSP,MOEA/D,19,completed,True,28445,7712070,1.1146770098042258,21.224222799995914,22.177000100025907,1000,1000,500,20,10000,501+,Taillard,extension,1.0,4,0.019036500016227365,0,MOEA-D,../runs/PFSP-ta117-MOEA-D-19.json,0.0,0.0,0.0
ta117,PFSP,MOEA/D,42,completed,True,28621,7740383,1.114179663599698,21.672766899922863,22.544226699974388,1000,1000,500,20,10000,501+,Taillard,extension,1.0,3,0.019373200018890202,0,MOEA-D,../runs/PFSP-ta117-MOEA-D-42.json,0.044617965576887464,0.6187379152750916,0.367125817063374
ta117,PFSP,MOEA/D,73,completed,True,28719,7842608,1.1135401321400178,19.248089500004426,20.239386999979615,1000,1000,500,20,10000,501+,Taillard,extension,1.0,6,0.01927399996202439,0,MOEA-D,../runs/PFSP-ta117-MOEA-D-73.json,0.10199166702179463,0.963262436280532,1.6926454246395606
ta117,PFSP,SMS-EMOA,19,completed,True,29097,7844354,1.1127200927421712,16.211759800091386,17.024298100033775,1000,1000,500,20,10000,501+,Taillard,extension,1.0,4,0.01926660002209246,0,SMS-EMOA,../runs/PFSP-ta117-SMS-EMOA-19.json,0.17555911217710385,2.2921427315872656,1.7152852606368896
ta117,PFSP,SMS-EMOA,42,completed,True,29275,7919771,1.1120214961199628,16.535807400010526,17.475321300094947,1000,1000,500,20,10000,501+,Taillard,extension,1.0,3,0.021220499998889863,0,SMS-EMOA,../runs/PFSP-ta117-SMS-EMOA-42.json,0.2382316725747624,2.9179117595359516,2.69319391551166
ta117,PFSP,SMS-EMOA,73,completed,True,29092,7914477,1.1124370010833928,17.77030279999599,18.622598999994807,1000,1000,500,20,10000,501+,Taillard,extension,1.0,3,0.01908589992672205,0,SMS-EMOA,../runs/PFSP-ta117-SMS-EMOA-73.json,0.20095585547479367,2.274564949903324,2.624548273031757
ta118,PFSP,XG,19,completed,True,30846.0,8208969.0,1.1085280059502647,18.209536,19.260555500048213,1,1000,500,20,10000,501+,Taillard,extension,1.0,1,18.2048792,0,F,../runs/PFSP-ta118-F-19.json,0.4974047753653288,6.633940609119504,4.647159651961785
ta118,PFSP,XG,42,completed,True,30846.0,8208969.0,1.1085280059502647,15.2091911,16.229767599957995,1,1000,500,20,10000,501+,Taillard,extension,1.0,1,15.2071842,0,F,../runs/PFSP-ta118-F-42.json,0.4974047753653288,6.633940609119504,4.647159651961785
ta118,PFSP,XG,73,completed,True,30846.0,8208969.0,1.1085280059502647,16.5697056,17.606267599971034,1,1000,500,20,10000,501+,Taillard,extension,1.0,1,16.5675298,0,F,../runs/PFSP-ta118-F-73.json,0.4974047753653288,6.633940609119504,4.647159651961785
ta118,PFSP,XH,19,timeout,False,,,,,240.4824310000986,,1000,500,20,10000,501+,Taillard,extension,1.0,,,,T,../runs/PFSP-ta118-T-19.json,,,
ta118,PFSP,XH,42,timeout,False,,,,,240.4559442999307,,1000,500,20,10000,501+,Taillard,extension,1.0,,,,T,../runs/PFSP-ta118-T-42.json,,,
ta118,PFSP,XH,73,timeout,False,,,,,240.4471050000284,,1000,500,20,10000,501+,Taillard,extension,1.0,,,,T,../runs/PFSP-ta118-T-73.json,,,
ta118,PFSP,XT,19,timeout,False,,,,,240.49934400001075,,1000,500,20,10000,501+,Taillard,extension,1.0,,,,B,../runs/PFSP-ta118-B-19.json,,,
ta118,PFSP,XT,42,timeout,False,,,,,240.34468620002735,,1000,500,20,10000,501+,Taillard,extension,1.0,,,,B,../runs/PFSP-ta118-B-42.json,,,
ta118,PFSP,XT,73,timeout,False,,,,,240.4134888999397,,1000,500,20,10000,501+,Taillard,extension,1.0,,,,B,../runs/PFSP-ta118-B-73.json,,,
ta118,PFSP,XE,19,timeout,False,,,,,240.23905990005005,,1000,500,20,10000,501+,Taillard,extension,1.0,,,,G,../runs/PFSP-ta118-G-19.json,,,
ta118,PFSP,XE,42,timeout,False,,,,,240.4940342999762,,1000,500,20,10000,501+,Taillard,extension,1.0,,,,G,../runs/PFSP-ta118-G-42.json,,,
ta118,PFSP,XE,73,timeout,False,,,,,240.42836580006406,,1000,500,20,10000,501+,Taillard,extension,1.0,,,,G,../runs/PFSP-ta118-G-73.json,,,
ta118,PFSP,XHT,19,timeout,False,,,,,240.43036829994526,,1000,500,20,10000,501+,Taillard,extension,1.0,,,,T-B,../runs/PFSP-ta118-T-B-19.json,,,
ta118,PFSP,XHT,42,timeout,False,,,,,240.3676404999569,,1000,500,20,10000,501+,Taillard,extension,1.0,,,,T-B,../runs/PFSP-ta118-T-B-42.json,,,
ta118,PFSP,XHT,73,timeout,False,,,,,240.45776279992424,,1000,500,20,10000,501+,Taillard,extension,1.0,,,,T-B,../runs/PFSP-ta118-T-B-73.json,,,
ta118,PFSP,XHE,19,timeout,False,,,,,240.46050789998844,,1000,500,20,10000,501+,Taillard,extension,1.0,,,,T-G,../runs/PFSP-ta118-T-G-19.json,,,
ta118,PFSP,XHE,42,timeout,False,,,,,240.31028929993045,,1000,500,20,10000,501+,Taillard,extension,1.0,,,,T-G,../runs/PFSP-ta118-T-G-42.json,,,
ta118,PFSP,XHE,73,timeout,False,,,,,240.42452289990615,,1000,500,20,10000,501+,Taillard,extension,1.0,,,,T-G,../runs/PFSP-ta118-T-G-73.json,,,
ta118,PFSP,XTE,19,timeout,False,,,,,240.4501824999461,,1000,500,20,10000,501+,Taillard,extension,1.0,,,,B-G,../runs/PFSP-ta118-B-G-19.json,,,
ta118,PFSP,XTE,42,timeout,False,,,,,240.39280489995144,,1000,500,20,10000,501+,Taillard,extension,1.0,,,,B-G,../runs/PFSP-ta118-B-G-42.json,,,
ta118,PFSP,XTE,73,timeout,False,,,,,240.56941570003983,,1000,500,20,10000,501+,Taillard,extension,1.0,,,,B-G,../runs/PFSP-ta118-B-G-73.json,,,
ta118,PFSP,XHTE,19,timeout,False,,,,,240.4978003000142,,1000,500,20,10000,501+,Taillard,extension,1.0,,,,T-B-G,../runs/PFSP-ta118-T-B-G-19.json,,,
ta118,PFSP,XHTE,42,timeout,False,,,,,240.4383464999264,,1000,500,20,10000,501+,Taillard,extension,1.0,,,,T-B-G,../runs/PFSP-ta118-T-B-G-42.json,,,
ta118,PFSP,XHTE,73,timeout,False,,,,,240.4259311000351,,1000,500,20,10000,501+,Taillard,extension,1.0,,,,T-B-G,../runs/PFSP-ta118-T-B-G-73.json,,,
ta118,PFSP,NSGA-II,19,completed,True,29330,7901870,1.1130216696775213,16.229569800081663,17.39556099998299,1000,1000,500,20,10000,501+,Taillard,extension,1.0,3,0.020164300105534494,0,NSGA-II,../runs/PFSP-ta118-NSGA-II-19.json,0.09404897332084827,1.3931620976942005,0.7322906736579649
ta118,PFSP,NSGA-II,42,completed,True,29495,7909201,1.1126404100939955,17.317359499982558,18.226034000050277,1000,1000,500,20,10000,501+,Taillard,extension,1.0,5,0.01926519989501685,0,NSGA-II,../runs/PFSP-ta118-NSGA-II-42.json,0.12827121922843743,1.963563452829531,0.8257455676170533
ta118,PFSP,NSGA-II,73,completed,True,29450,7936743,1.1126219049689619,15.09480890003033,15.976585399941541,1000,1000,500,20,10000,501+,Taillard,extension,1.0,4,0.02038080000784248,0,NSGA-II,../runs/PFSP-ta118-NSGA-II-73.json,0.12993225797163221,1.8079994468835237,1.1768483761590787
ta118,PFSP,SPEA2,19,completed,True,29250,7893446,1.1132268189841095,17.76116960006766,18.652657800004818,1000,1000,500,20,10000,501+,Taillard,extension,1.0,4,0.01797050004824996,0,SPEA2,../runs/PFSP-ta118-SPEA2-19.json,0.075634564028082,1.116603864901311,0.6249023191754244
ta118,PFSP,SPEA2,42,completed,True,29490,7955030,1.112461112897732,17.096182700013742,18.048411899944767,1000,1000,500,20,10000,501+,Taillard,extension,1.0,4,0.019185799988918006,0,SPEA2,../runs/PFSP-ta118-SPEA2-42.json,0.14436511694591037,1.9462785632799795,1.4099693208910358
ta118,PFSP,SPEA2,73,completed,True,29484,7956284,1.1124686251374265,15.274583099992014,16.208943099947646,1000,1000,500,20,10000,501+,Taillard,extension,1.0,6,0.01907579996623099,0,SPEA2,../runs/PFSP-ta118-SPEA2-73.json,0.14369081071138323,1.9255366958205178,1.4259551941722792
ta118,PFSP,MOEA/D,19,completed,True,28963,7844426,1.1140406854152252,21.17941689991858,22.087822000030428,1000,1000,500,20,10000,501+,Taillard,extension,1.0,5,0.018686499912291765,0,MOEA-D,../runs/PFSP-ta118-MOEA-D-19.json,0.0025810898465206122,0.1244512047567925,0.0
ta118,PFSP,MOEA/D,42,completed,True,28933,7852875,1.1140694405484384,21.670609999913722,22.575262700091116,1000,1000,500,20,10000,501+,Taillard,extension,1.0,6,0.0176723999902606,0,MOEA-D,../runs/PFSP-ta118-MOEA-D-42.json,0.0,0.020741867459461716,0.10770705211573528
ta118,PFSP,MOEA/D,73,completed,True,28927,7869396,1.1140136673087502,21.40369990002364,22.23970549996011,1000,1000,500,20,10000,501+,Taillard,extension,1.0,3,0.019471999956294894,0,MOEA-D,../runs/PFSP-ta118-MOEA-D-73.json,0.005006262415807594,0.0,0.3183151960385544
ta118,PFSP,SMS-EMOA,19,completed,True,29360,7946298,1.112773750718345,14.687938499962911,15.667238000081852,1000,1000,500,20,10000,501+,Taillard,extension,1.0,7,0.0192723999498412,0,SMS-EMOA,../runs/PFSP-ta118-SMS-EMOA-19.json,0.11630242989659756,1.4968714349915313,1.2986546115675068
ta118,PFSP,SMS-EMOA,42,completed,True,29537,7935911,1.112440450871613,17.530604499974288,18.372763099963777,1000,1000,500,20,10000,501+,Taillard,extension,1.0,4,0.01865670003462583,0,SMS-EMOA,../runs/PFSP-ta118-SMS-EMOA-42.json,0.1462197613124938,2.1087565250458074,1.1662421189262195
ta118,PFSP,SMS-EMOA,73,completed,True,29552,7964879,1.112288502024542,15.35704880009871,16.29811710002832,1000,1000,500,20,10000,501+,Taillard,extension,1.0,5,0.020888000028207898,0,SMS-EMOA,../runs/PFSP-ta118-SMS-EMOA-73.json,0.15985884354027258,2.1606111936944616,1.5355234404658802
